
uart.elf：     文件格式 elf32-littlearm


Disassembly of section .text:

87800000 <_start>:
87800000:	e59ff120 	ldr	pc, [pc, #288]	; 87800128 <FIQ_Handler+0x8>
87800004:	e59ff120 	ldr	pc, [pc, #288]	; 8780012c <FIQ_Handler+0xc>
87800008:	e59ff120 	ldr	pc, [pc, #288]	; 87800130 <FIQ_Handler+0x10>
8780000c:	e59ff120 	ldr	pc, [pc, #288]	; 87800134 <FIQ_Handler+0x14>
87800010:	e59ff120 	ldr	pc, [pc, #288]	; 87800138 <FIQ_Handler+0x18>
87800014:	e59ff120 	ldr	pc, [pc, #288]	; 8780013c <FIQ_Handler+0x1c>
87800018:	e59ff120 	ldr	pc, [pc, #288]	; 87800140 <FIQ_Handler+0x20>
8780001c:	e59ff120 	ldr	pc, [pc, #288]	; 87800144 <FIQ_Handler+0x24>

87800020 <Reset_Handler>:
87800020:	f10c0080 	cpsid	i
87800024:	ee110f10 	mrc	15, 0, r0, cr1, cr0, {0}
87800028:	e3c00a01 	bic	r0, r0, #4096	; 0x1000
8780002c:	e3c00b02 	bic	r0, r0, #2048	; 0x800
87800030:	e3c00004 	bic	r0, r0, #4
87800034:	e3c00002 	bic	r0, r0, #2
87800038:	e3c00001 	bic	r0, r0, #1
8780003c:	ee010f10 	mcr	15, 0, r0, cr1, cr0, {0}

87800040 <_bss_start>:
87800040:	87800040 	strhi	r0, [r0, r0, asr #32]

87800044 <_bss_end>:
87800044:	87800044 	strhi	r0, [r0, r4, asr #32]
87800048:	e51f0010 	ldr	r0, [pc, #-16]	; 87800040 <_bss_start>
8780004c:	e51f1010 	ldr	r1, [pc, #-16]	; 87800044 <_bss_end>
87800050:	e3a02000 	mov	r2, #0

87800054 <bss_loop>:
87800054:	e8a00004 	stmia	r0!, {r2}
87800058:	e1500001 	cmp	r0, r1
8780005c:	dafffffc 	ble	87800054 <bss_loop>
87800060:	e10f0000 	mrs	r0, CPSR
87800064:	e3c0001f 	bic	r0, r0, #31
87800068:	e3800012 	orr	r0, r0, #18
8780006c:	e129f000 	msr	CPSR_fc, r0
87800070:	e59fd0d0 	ldr	sp, [pc, #208]	; 87800148 <FIQ_Handler+0x28>
87800074:	e10f0000 	mrs	r0, CPSR
87800078:	e3c0001f 	bic	r0, r0, #31
8780007c:	e380001f 	orr	r0, r0, #31
87800080:	e129f000 	msr	CPSR_fc, r0
87800084:	e59fd0c0 	ldr	sp, [pc, #192]	; 8780014c <FIQ_Handler+0x2c>
87800088:	e10f0000 	mrs	r0, CPSR
8780008c:	e3c0001f 	bic	r0, r0, #31
87800090:	e3800013 	orr	r0, r0, #19
87800094:	e129f000 	msr	CPSR_fc, r0
87800098:	e59fd0b0 	ldr	sp, [pc, #176]	; 87800150 <FIQ_Handler+0x30>
8780009c:	f1080080 	cpsie	i
878000a0:	ea000408 	b	878010c8 <__main_from_arm>

878000a4 <Undefined_Handler>:
878000a4:	e59f0080 	ldr	r0, [pc, #128]	; 8780012c <FIQ_Handler+0xc>
878000a8:	e12fff10 	bx	r0

878000ac <SVC_Handler>:
878000ac:	e59f007c 	ldr	r0, [pc, #124]	; 87800130 <FIQ_Handler+0x10>
878000b0:	e12fff10 	bx	r0

878000b4 <PreAbort_Handler>:
878000b4:	e59f0078 	ldr	r0, [pc, #120]	; 87800134 <FIQ_Handler+0x14>
878000b8:	e12fff10 	bx	r0

878000bc <DataAbort_Handler>:
878000bc:	e59f0074 	ldr	r0, [pc, #116]	; 87800138 <FIQ_Handler+0x18>
878000c0:	e12fff10 	bx	r0

878000c4 <NotUsed_Handler>:
878000c4:	e59f0070 	ldr	r0, [pc, #112]	; 8780013c <FIQ_Handler+0x1c>
878000c8:	e12fff10 	bx	r0

878000cc <IRQ_Handler>:
878000cc:	e52de004 	push	{lr}		; (str lr, [sp, #-4]!)
878000d0:	e92d100f 	push	{r0, r1, r2, r3, ip}
878000d4:	e14f0000 	mrs	r0, SPSR
878000d8:	e52d0004 	push	{r0}		; (str r0, [sp, #-4]!)
878000dc:	ee9f1f10 	mrc	15, 4, r1, cr15, cr0, {0}
878000e0:	e2811a02 	add	r1, r1, #8192	; 0x2000
878000e4:	e591000c 	ldr	r0, [r1, #12]
878000e8:	e92d0003 	push	{r0, r1}
878000ec:	f1020013 	cps	#19
878000f0:	e52de004 	push	{lr}		; (str lr, [sp, #-4]!)
878000f4:	e59f2058 	ldr	r2, [pc, #88]	; 87800154 <FIQ_Handler+0x34>
878000f8:	e12fff32 	blx	r2
878000fc:	e49de004 	pop	{lr}		; (ldr lr, [sp], #4)
87800100:	f1020012 	cps	#18
87800104:	e8bd0003 	pop	{r0, r1}
87800108:	e5810010 	str	r0, [r1, #16]
8780010c:	e49d0004 	pop	{r0}		; (ldr r0, [sp], #4)
87800110:	e16ff000 	msr	SPSR_fsxc, r0
87800114:	e8bd100f 	pop	{r0, r1, r2, r3, ip}
87800118:	e49de004 	pop	{lr}		; (ldr lr, [sp], #4)
8780011c:	e25ef004 	subs	pc, lr, #4

87800120 <FIQ_Handler>:
87800120:	e59f001c 	ldr	r0, [pc, #28]	; 87800144 <FIQ_Handler+0x24>
87800124:	e12fff10 	bx	r0
87800128:	87800020 	strhi	r0, [r0, r0, lsr #32]
8780012c:	878000a4 	strhi	r0, [r0, r4, lsr #1]
87800130:	878000ac 	strhi	r0, [r0, ip, lsr #1]
87800134:	878000b4 			; <UNDEFINED> instruction: 0x878000b4
87800138:	878000bc 			; <UNDEFINED> instruction: 0x878000bc
8780013c:	878000c4 	strhi	r0, [r0, r4, asr #1]
87800140:	878000cc 	strhi	r0, [r0, ip, asr #1]
87800144:	87800120 	strhi	r0, [r0, r0, lsr #2]
87800148:	80600000 	rsbhi	r0, r0, r0
8780014c:	80400000 	subhi	r0, r0, r0
87800150:	80200000 	eorhi	r0, r0, r0
87800154:	878006b5 			; <UNDEFINED> instruction: 0x878006b5
87800158:	00001e41 	andeq	r1, r0, r1, asr #28
8780015c:	61656100 	cmnvs	r5, r0, lsl #2
87800160:	01006962 	tsteq	r0, r2, ror #18
87800164:	00000014 	andeq	r0, r0, r4, lsl r0
87800168:	412d3705 	teqmi	sp, r5, lsl #14
8780016c:	070a0600 	streq	r0, [sl, -r0, lsl #12]
87800170:	09010841 	stmdbeq	r1, {r0, r6, fp}
87800174:	00040a02 	andeq	r0, r4, r2, lsl #20

87800178 <clk_enable>:
87800178:	f44f 4380 	mov.w	r3, #16384	; 0x4000
8780017c:	f04f 32ff 	mov.w	r2, #4294967295	; 0xffffffff
87800180:	f2c0 230c 	movt	r3, #524	; 0x20c
87800184:	669a      	str	r2, [r3, #104]	; 0x68
87800186:	66da      	str	r2, [r3, #108]	; 0x6c
87800188:	671a      	str	r2, [r3, #112]	; 0x70
8780018a:	675a      	str	r2, [r3, #116]	; 0x74
8780018c:	679a      	str	r2, [r3, #120]	; 0x78
8780018e:	67da      	str	r2, [r3, #124]	; 0x7c
87800190:	f8c3 2080 	str.w	r2, [r3, #128]	; 0x80
87800194:	4770      	bx	lr
87800196:	bf00      	nop

87800198 <imx6u_clkInit>:
87800198:	f44f 4380 	mov.w	r3, #16384	; 0x4000
8780019c:	b430      	push	{r4, r5}
8780019e:	f2c0 230c 	movt	r3, #524	; 0x20c
878001a2:	68da      	ldr	r2, [r3, #12]
878001a4:	0751      	lsls	r1, r2, #29
878001a6:	d407      	bmi.n	878001b8 <imx6u_clkInit+0x20>
878001a8:	68da      	ldr	r2, [r3, #12]
878001aa:	f422 7280 	bic.w	r2, r2, #256	; 0x100
878001ae:	60da      	str	r2, [r3, #12]
878001b0:	68da      	ldr	r2, [r3, #12]
878001b2:	f042 0204 	orr.w	r2, r2, #4
878001b6:	60da      	str	r2, [r3, #12]
878001b8:	f44f 4200 	mov.w	r2, #32768	; 0x8000
878001bc:	f44f 4380 	mov.w	r3, #16384	; 0x4000
878001c0:	f2c0 230c 	movt	r3, #524	; 0x20c
878001c4:	f2c0 220c 	movt	r2, #524	; 0x20c
878001c8:	f242 0058 	movw	r0, #8280	; 0x2058
878001cc:	2101      	movs	r1, #1
878001ce:	6010      	str	r0, [r2, #0]
878001d0:	f241 041b 	movw	r4, #4123	; 0x101b
878001d4:	6119      	str	r1, [r3, #16]
878001d6:	f2c2 0418 	movt	r4, #8216	; 0x2018
878001da:	68dd      	ldr	r5, [r3, #12]
878001dc:	f241 000c 	movw	r0, #4108	; 0x100c
878001e0:	f2c1 3011 	movt	r0, #4881	; 0x1311
878001e4:	4619      	mov	r1, r3
878001e6:	f025 0504 	bic.w	r5, r5, #4
878001ea:	60dd      	str	r5, [r3, #12]
878001ec:	f8d2 5100 	ldr.w	r5, [r2, #256]	; 0x100
878001f0:	f005 35c0 	and.w	r5, r5, #3233857728	; 0xc0c0c0c0
878001f4:	432c      	orrs	r4, r5
878001f6:	f8c2 4100 	str.w	r4, [r2, #256]	; 0x100
878001fa:	f8d2 40f0 	ldr.w	r4, [r2, #240]	; 0xf0
878001fe:	f004 34c0 	and.w	r4, r4, #3233857728	; 0xc0c0c0c0
87800202:	4320      	orrs	r0, r4
87800204:	f8c2 00f0 	str.w	r0, [r2, #240]	; 0xf0
87800208:	699a      	ldr	r2, [r3, #24]
8780020a:	f422 2240 	bic.w	r2, r2, #786432	; 0xc0000
8780020e:	619a      	str	r2, [r3, #24]
87800210:	699a      	ldr	r2, [r3, #24]
87800212:	f442 2280 	orr.w	r2, r2, #262144	; 0x40000
87800216:	619a      	str	r2, [r3, #24]
87800218:	6c8a      	ldr	r2, [r1, #72]	; 0x48
8780021a:	f44f 4380 	mov.w	r3, #16384	; 0x4000
8780021e:	f2c0 230c 	movt	r3, #524	; 0x20c
87800222:	0692      	lsls	r2, r2, #26
87800224:	d4f8      	bmi.n	87800218 <imx6u_clkInit+0x80>
87800226:	695a      	ldr	r2, [r3, #20]
87800228:	bc30      	pop	{r4, r5}
8780022a:	f022 7200 	bic.w	r2, r2, #33554432	; 0x2000000
8780022e:	615a      	str	r2, [r3, #20]
87800230:	695a      	ldr	r2, [r3, #20]
87800232:	f422 7240 	bic.w	r2, r2, #768	; 0x300
87800236:	615a      	str	r2, [r3, #20]
87800238:	695a      	ldr	r2, [r3, #20]
8780023a:	f442 7280 	orr.w	r2, r2, #256	; 0x100
8780023e:	615a      	str	r2, [r3, #20]
87800240:	69da      	ldr	r2, [r3, #28]
87800242:	f022 0240 	bic.w	r2, r2, #64	; 0x40
87800246:	61da      	str	r2, [r3, #28]
87800248:	69da      	ldr	r2, [r3, #28]
8780024a:	f022 023f 	bic.w	r2, r2, #63	; 0x3f
8780024e:	61da      	str	r2, [r3, #28]
87800250:	6a5a      	ldr	r2, [r3, #36]	; 0x24
87800252:	f022 0240 	bic.w	r2, r2, #64	; 0x40
87800256:	625a      	str	r2, [r3, #36]	; 0x24
87800258:	6a5a      	ldr	r2, [r3, #36]	; 0x24
8780025a:	f022 023f 	bic.w	r2, r2, #63	; 0x3f
8780025e:	625a      	str	r2, [r3, #36]	; 0x24
87800260:	4770      	bx	lr
87800262:	bf00      	nop

87800264 <led_init>:
87800264:	2168      	movs	r1, #104	; 0x68
87800266:	f44f 723d 	mov.w	r2, #756	; 0x2f4
8780026a:	f44f 4340 	mov.w	r3, #49152	; 0xc000
8780026e:	b430      	push	{r4, r5}
87800270:	f2c0 2309 	movt	r3, #521	; 0x209
87800274:	2505      	movs	r5, #5
87800276:	f2c0 220e 	movt	r2, #526	; 0x20e
8780027a:	f241 04b0 	movw	r4, #4272	; 0x10b0
8780027e:	2008      	movs	r0, #8
87800280:	f2c0 210e 	movt	r1, #526	; 0x20e
87800284:	600d      	str	r5, [r1, #0]
87800286:	6014      	str	r4, [r2, #0]
87800288:	6058      	str	r0, [r3, #4]
8780028a:	681a      	ldr	r2, [r3, #0]
8780028c:	bc30      	pop	{r4, r5}
8780028e:	4302      	orrs	r2, r0
87800290:	601a      	str	r2, [r3, #0]
87800292:	4770      	bx	lr

87800294 <led_on>:
87800294:	f44f 4340 	mov.w	r3, #49152	; 0xc000
87800298:	f2c0 2309 	movt	r3, #521	; 0x209
8780029c:	681a      	ldr	r2, [r3, #0]
8780029e:	f022 0208 	bic.w	r2, r2, #8
878002a2:	601a      	str	r2, [r3, #0]
878002a4:	4770      	bx	lr
878002a6:	bf00      	nop

878002a8 <led_off>:
878002a8:	f44f 4340 	mov.w	r3, #49152	; 0xc000
878002ac:	f2c0 2309 	movt	r3, #521	; 0x209
878002b0:	681a      	ldr	r2, [r3, #0]
878002b2:	f042 0208 	orr.w	r2, r2, #8
878002b6:	601a      	str	r2, [r3, #0]
878002b8:	4770      	bx	lr
878002ba:	bf00      	nop

878002bc <led_switch>:
878002bc:	b950      	cbnz	r0, 878002d4 <led_switch+0x18>
878002be:	2901      	cmp	r1, #1
878002c0:	d009      	beq.n	878002d6 <led_switch+0x1a>
878002c2:	b939      	cbnz	r1, 878002d4 <led_switch+0x18>
878002c4:	f44f 4340 	mov.w	r3, #49152	; 0xc000
878002c8:	f2c0 2309 	movt	r3, #521	; 0x209
878002cc:	681a      	ldr	r2, [r3, #0]
878002ce:	f042 0208 	orr.w	r2, r2, #8
878002d2:	601a      	str	r2, [r3, #0]
878002d4:	4770      	bx	lr
878002d6:	f44f 4340 	mov.w	r3, #49152	; 0xc000
878002da:	f2c0 2309 	movt	r3, #521	; 0x209
878002de:	681a      	ldr	r2, [r3, #0]
878002e0:	f022 0208 	bic.w	r2, r2, #8
878002e4:	601a      	str	r2, [r3, #0]
878002e6:	4770      	bx	lr

878002e8 <delay_init>:
878002e8:	f44f 4300 	mov.w	r3, #32768	; 0x8000
878002ec:	2200      	movs	r2, #0
878002ee:	f2c0 2309 	movt	r3, #521	; 0x209
878002f2:	601a      	str	r2, [r3, #0]
878002f4:	4619      	mov	r1, r3
878002f6:	689a      	ldr	r2, [r3, #8]
878002f8:	f442 4200 	orr.w	r2, r2, #32768	; 0x8000
878002fc:	609a      	str	r2, [r3, #8]
878002fe:	688a      	ldr	r2, [r1, #8]
87800300:	f44f 4300 	mov.w	r3, #32768	; 0x8000
87800304:	f2c0 2309 	movt	r3, #521	; 0x209
87800308:	0412      	lsls	r2, r2, #16
8780030a:	d4f8      	bmi.n	878002fe <delay_init+0x16>
8780030c:	681a      	ldr	r2, [r3, #0]
8780030e:	2141      	movs	r1, #65	; 0x41
87800310:	f042 0242 	orr.w	r2, r2, #66	; 0x42
87800314:	601a      	str	r2, [r3, #0]
87800316:	6059      	str	r1, [r3, #4]
87800318:	681a      	ldr	r2, [r3, #0]
8780031a:	f042 0201 	orr.w	r2, r2, #1
8780031e:	601a      	str	r2, [r3, #0]
87800320:	4770      	bx	lr
87800322:	bf00      	nop

87800324 <delay_us>:
87800324:	f44f 4100 	mov.w	r1, #32768	; 0x8000
87800328:	b430      	push	{r4, r5}
8780032a:	f2c0 2109 	movt	r1, #521	; 0x209
8780032e:	2400      	movs	r4, #0
87800330:	6a4a      	ldr	r2, [r1, #36]	; 0x24
87800332:	6a4b      	ldr	r3, [r1, #36]	; 0x24
87800334:	4293      	cmp	r3, r2
87800336:	d0fc      	beq.n	87800332 <delay_us+0xe>
87800338:	1e65      	subs	r5, r4, #1
8780033a:	429a      	cmp	r2, r3
8780033c:	eba4 0402 	sub.w	r4, r4, r2
87800340:	eba5 0502 	sub.w	r5, r5, r2
87800344:	bf34      	ite	cc
87800346:	18e4      	addcc	r4, r4, r3
87800348:	18ec      	addcs	r4, r5, r3
8780034a:	4284      	cmp	r4, r0
8780034c:	461a      	mov	r2, r3
8780034e:	d3f0      	bcc.n	87800332 <delay_us+0xe>
87800350:	bc30      	pop	{r4, r5}
87800352:	4770      	bx	lr

87800354 <delay_ms>:
87800354:	b1d8      	cbz	r0, 8780038e <delay_ms+0x3a>
87800356:	f44f 4100 	mov.w	r1, #32768	; 0x8000
8780035a:	b470      	push	{r4, r5, r6}
8780035c:	f2c0 2109 	movt	r1, #521	; 0x209
87800360:	2600      	movs	r6, #0
87800362:	2400      	movs	r4, #0
87800364:	6a4a      	ldr	r2, [r1, #36]	; 0x24
87800366:	6a4b      	ldr	r3, [r1, #36]	; 0x24
87800368:	4293      	cmp	r3, r2
8780036a:	d0fc      	beq.n	87800366 <delay_ms+0x12>
8780036c:	1e65      	subs	r5, r4, #1
8780036e:	429a      	cmp	r2, r3
87800370:	eba4 0402 	sub.w	r4, r4, r2
87800374:	eba5 0502 	sub.w	r5, r5, r2
87800378:	bf34      	ite	cc
8780037a:	18e4      	addcc	r4, r4, r3
8780037c:	18ec      	addcs	r4, r5, r3
8780037e:	f5b4 7f7a 	cmp.w	r4, #1000	; 0x3e8
87800382:	461a      	mov	r2, r3
87800384:	d3ef      	bcc.n	87800366 <delay_ms+0x12>
87800386:	3601      	adds	r6, #1
87800388:	4286      	cmp	r6, r0
8780038a:	d1ea      	bne.n	87800362 <delay_ms+0xe>
8780038c:	bc70      	pop	{r4, r5, r6}
8780038e:	4770      	bx	lr

87800390 <delay_short>:
87800390:	b082      	sub	sp, #8
87800392:	9001      	str	r0, [sp, #4]
87800394:	9b01      	ldr	r3, [sp, #4]
87800396:	1e5a      	subs	r2, r3, #1
87800398:	9201      	str	r2, [sp, #4]
8780039a:	2b00      	cmp	r3, #0
8780039c:	d1fa      	bne.n	87800394 <delay_short+0x4>
8780039e:	b002      	add	sp, #8
878003a0:	4770      	bx	lr
878003a2:	bf00      	nop

878003a4 <delay>:
878003a4:	b082      	sub	sp, #8
878003a6:	9001      	str	r0, [sp, #4]
878003a8:	9b01      	ldr	r3, [sp, #4]
878003aa:	1e5a      	subs	r2, r3, #1
878003ac:	9201      	str	r2, [sp, #4]
878003ae:	b153      	cbz	r3, 878003c6 <delay+0x22>
878003b0:	f240 73ff 	movw	r3, #2047	; 0x7ff
878003b4:	461a      	mov	r2, r3
878003b6:	3b01      	subs	r3, #1
878003b8:	2a00      	cmp	r2, #0
878003ba:	d1fb      	bne.n	878003b4 <delay+0x10>
878003bc:	9b01      	ldr	r3, [sp, #4]
878003be:	1e5a      	subs	r2, r3, #1
878003c0:	9201      	str	r2, [sp, #4]
878003c2:	2b00      	cmp	r3, #0
878003c4:	d1f4      	bne.n	878003b0 <delay+0xc>
878003c6:	b002      	add	sp, #8
878003c8:	4770      	bx	lr
878003ca:	bf00      	nop

878003cc <beep_init>:
878003cc:	210c      	movs	r1, #12
878003ce:	2250      	movs	r2, #80	; 0x50
878003d0:	b530      	push	{r4, r5, lr}
878003d2:	2301      	movs	r3, #1
878003d4:	b085      	sub	sp, #20
878003d6:	f2c0 2129 	movt	r1, #553	; 0x229
878003da:	2505      	movs	r5, #5
878003dc:	f2c0 2229 	movt	r2, #553	; 0x229
878003e0:	f241 04b0 	movw	r4, #4272	; 0x10b0
878003e4:	f44f 4040 	mov.w	r0, #49152	; 0xc000
878003e8:	600d      	str	r5, [r1, #0]
878003ea:	f2c0 200a 	movt	r0, #522	; 0x20a
878003ee:	6014      	str	r4, [r2, #0]
878003f0:	4619      	mov	r1, r3
878003f2:	aa01      	add	r2, sp, #4
878003f4:	9301      	str	r3, [sp, #4]
878003f6:	f88d 3008 	strb.w	r3, [sp, #8]
878003fa:	f000 f8db 	bl	878005b4 <gpio_init>
878003fe:	b005      	add	sp, #20
87800400:	bd30      	pop	{r4, r5, pc}
87800402:	bf00      	nop

87800404 <beep_switch>:
87800404:	4602      	mov	r2, r0
87800406:	b110      	cbz	r0, 8780040e <beep_switch+0xa>
87800408:	2801      	cmp	r0, #1
8780040a:	d007      	beq.n	8780041c <beep_switch+0x18>
8780040c:	4770      	bx	lr
8780040e:	f44f 4040 	mov.w	r0, #49152	; 0xc000
87800412:	2101      	movs	r1, #1
87800414:	f2c0 200a 	movt	r0, #522	; 0x20a
87800418:	f000 b856 	b.w	878004c8 <gpio_PinWrite>
8780041c:	f44f 4040 	mov.w	r0, #49152	; 0xc000
87800420:	4611      	mov	r1, r2
87800422:	f2c0 200a 	movt	r0, #522	; 0x20a
87800426:	f000 b84f 	b.w	878004c8 <gpio_PinWrite>
8780042a:	bf00      	nop

8780042c <key_init>:
8780042c:	b570      	push	{r4, r5, r6, lr}
8780042e:	218c      	movs	r1, #140	; 0x8c
87800430:	b084      	sub	sp, #16
87800432:	f44f 7346 	mov.w	r3, #792	; 0x318
87800436:	f2c0 230e 	movt	r3, #526	; 0x20e
8780043a:	aa04      	add	r2, sp, #16
8780043c:	f2c0 210e 	movt	r1, #526	; 0x20e
87800440:	2605      	movs	r6, #5
87800442:	f24f 0580 	movw	r5, #61568	; 0xf080
87800446:	2400      	movs	r4, #0
87800448:	f44f 4040 	mov.w	r0, #49152	; 0xc000
8780044c:	600e      	str	r6, [r1, #0]
8780044e:	f2c0 2009 	movt	r0, #521	; 0x209
87800452:	601d      	str	r5, [r3, #0]
87800454:	2112      	movs	r1, #18
87800456:	f842 4d0c 	str.w	r4, [r2, #-12]!
8780045a:	f000 f8ab 	bl	878005b4 <gpio_init>
8780045e:	b004      	add	sp, #16
87800460:	bd70      	pop	{r4, r5, r6, pc}
87800462:	bf00      	nop

87800464 <read_key>:
87800464:	f44f 4040 	mov.w	r0, #49152	; 0xc000
87800468:	2112      	movs	r1, #18
8780046a:	f2c0 2009 	movt	r0, #521	; 0x209
8780046e:	f000 b83b 	b.w	878004e8 <gpio_PinRead>
87800472:	bf00      	nop

87800474 <key_getValue>:
87800474:	b538      	push	{r3, r4, r5, lr}
87800476:	f241 1438 	movw	r4, #4408	; 0x1138
8780047a:	f2c8 7480 	movt	r4, #34688	; 0x8780
8780047e:	7823      	ldrb	r3, [r4, #0]
87800480:	2b01      	cmp	r3, #1
87800482:	d008      	beq.n	87800496 <key_getValue+0x22>
87800484:	f44f 4040 	mov.w	r0, #49152	; 0xc000
87800488:	2112      	movs	r1, #18
8780048a:	f2c0 2009 	movt	r0, #521	; 0x209
8780048e:	f000 f82b 	bl	878004e8 <gpio_PinRead>
87800492:	2000      	movs	r0, #0
87800494:	bd38      	pop	{r3, r4, r5, pc}
87800496:	f44f 4040 	mov.w	r0, #49152	; 0xc000
8780049a:	2112      	movs	r1, #18
8780049c:	f2c0 2009 	movt	r0, #521	; 0x209
878004a0:	f000 f822 	bl	878004e8 <gpio_PinRead>
878004a4:	4605      	mov	r5, r0
878004a6:	2800      	cmp	r0, #0
878004a8:	d1ec      	bne.n	87800484 <key_getValue+0x10>
878004aa:	200a      	movs	r0, #10
878004ac:	f7ff ff7a 	bl	878003a4 <delay>
878004b0:	f44f 4040 	mov.w	r0, #49152	; 0xc000
878004b4:	2112      	movs	r1, #18
878004b6:	f2c0 2009 	movt	r0, #521	; 0x209
878004ba:	7025      	strb	r5, [r4, #0]
878004bc:	f000 f814 	bl	878004e8 <gpio_PinRead>
878004c0:	fab0 f080 	clz	r0, r0
878004c4:	0940      	lsrs	r0, r0, #5
878004c6:	bd38      	pop	{r3, r4, r5, pc}

878004c8 <gpio_PinWrite>:
878004c8:	b132      	cbz	r2, 878004d8 <gpio_PinWrite+0x10>
878004ca:	2a01      	cmp	r2, #1
878004cc:	bf01      	itttt	eq
878004ce:	6803      	ldreq	r3, [r0, #0]
878004d0:	408a      	lsleq	r2, r1
878004d2:	431a      	orreq	r2, r3
878004d4:	6002      	streq	r2, [r0, #0]
878004d6:	4770      	bx	lr
878004d8:	6802      	ldr	r2, [r0, #0]
878004da:	2301      	movs	r3, #1
878004dc:	408b      	lsls	r3, r1
878004de:	ea22 0303 	bic.w	r3, r2, r3
878004e2:	6003      	str	r3, [r0, #0]
878004e4:	4770      	bx	lr
878004e6:	bf00      	nop

878004e8 <gpio_PinRead>:
878004e8:	6800      	ldr	r0, [r0, #0]
878004ea:	40c8      	lsrs	r0, r1
878004ec:	f000 0001 	and.w	r0, r0, #1
878004f0:	4770      	bx	lr
878004f2:	bf00      	nop

878004f4 <gpio_enable_int>:
878004f4:	6943      	ldr	r3, [r0, #20]
878004f6:	2201      	movs	r2, #1
878004f8:	408a      	lsls	r2, r1
878004fa:	4313      	orrs	r3, r2
878004fc:	6143      	str	r3, [r0, #20]
878004fe:	4770      	bx	lr

87800500 <gpio_disable_int>:
87800500:	6943      	ldr	r3, [r0, #20]
87800502:	2201      	movs	r2, #1
87800504:	408a      	lsls	r2, r1
87800506:	ea23 0302 	bic.w	r3, r3, r2
8780050a:	6143      	str	r3, [r0, #20]
8780050c:	4770      	bx	lr
8780050e:	bf00      	nop

87800510 <gpio_clearintflags>:
87800510:	6983      	ldr	r3, [r0, #24]
87800512:	2201      	movs	r2, #1
87800514:	408a      	lsls	r2, r1
87800516:	4313      	orrs	r3, r2
87800518:	6183      	str	r3, [r0, #24]
8780051a:	4770      	bx	lr

8780051c <gpio_intconfig>:
8780051c:	b430      	push	{r4, r5}
8780051e:	2301      	movs	r3, #1
87800520:	69c4      	ldr	r4, [r0, #28]
87800522:	408b      	lsls	r3, r1
87800524:	290f      	cmp	r1, #15
87800526:	f102 32ff 	add.w	r2, r2, #4294967295	; 0xffffffff
8780052a:	bf88      	it	hi
8780052c:	3910      	subhi	r1, #16
8780052e:	ea24 0403 	bic.w	r4, r4, r3
87800532:	61c4      	str	r4, [r0, #28]
87800534:	bf94      	ite	ls
87800536:	f100 040c 	addls.w	r4, r0, #12
8780053a:	f100 0410 	addhi.w	r4, r0, #16
8780053e:	2a04      	cmp	r2, #4
87800540:	d810      	bhi.n	87800564 <gpio_intconfig+0x48>
87800542:	e8df f002 	tbb	[pc, r2]
87800546:	2b26031d 	blcs	881811c2 <__bss_end+0x97fb7b>
8780054a:	68200011 	stmdavs	r0!, {r0, r4}
8780054e:	0049      	lsls	r1, r1, #1
87800550:	2203      	movs	r2, #3
87800552:	2301      	movs	r3, #1
87800554:	408a      	lsls	r2, r1
87800556:	408b      	lsls	r3, r1
87800558:	ea20 0202 	bic.w	r2, r0, r2
8780055c:	6022      	str	r2, [r4, #0]
8780055e:	6822      	ldr	r2, [r4, #0]
87800560:	4313      	orrs	r3, r2
87800562:	6023      	str	r3, [r4, #0]
87800564:	bc30      	pop	{r4, r5}
87800566:	4770      	bx	lr
87800568:	0049      	lsls	r1, r1, #1
8780056a:	6825      	ldr	r5, [r4, #0]
8780056c:	2203      	movs	r2, #3
8780056e:	408a      	lsls	r2, r1
87800570:	ea25 0202 	bic.w	r2, r5, r2
87800574:	6022      	str	r2, [r4, #0]
87800576:	69c2      	ldr	r2, [r0, #28]
87800578:	bc30      	pop	{r4, r5}
8780057a:	4313      	orrs	r3, r2
8780057c:	61c3      	str	r3, [r0, #28]
8780057e:	4770      	bx	lr
87800580:	0049      	lsls	r1, r1, #1
87800582:	6822      	ldr	r2, [r4, #0]
87800584:	2303      	movs	r3, #3
87800586:	408b      	lsls	r3, r1
87800588:	ea22 0303 	bic.w	r3, r2, r3
8780058c:	6023      	str	r3, [r4, #0]
8780058e:	bc30      	pop	{r4, r5}
87800590:	4770      	bx	lr
87800592:	0049      	lsls	r1, r1, #1
87800594:	2203      	movs	r2, #3
87800596:	6820      	ldr	r0, [r4, #0]
87800598:	2302      	movs	r3, #2
8780059a:	e7db      	b.n	87800554 <gpio_intconfig+0x38>
8780059c:	0049      	lsls	r1, r1, #1
8780059e:	6822      	ldr	r2, [r4, #0]
878005a0:	2303      	movs	r3, #3
878005a2:	408b      	lsls	r3, r1
878005a4:	ea22 0203 	bic.w	r2, r2, r3
878005a8:	6022      	str	r2, [r4, #0]
878005aa:	6822      	ldr	r2, [r4, #0]
878005ac:	4313      	orrs	r3, r2
878005ae:	6023      	str	r3, [r4, #0]
878005b0:	bc30      	pop	{r4, r5}
878005b2:	4770      	bx	lr

878005b4 <gpio_init>:
878005b4:	6813      	ldr	r3, [r2, #0]
878005b6:	b570      	push	{r4, r5, r6, lr}
878005b8:	4615      	mov	r5, r2
878005ba:	4604      	mov	r4, r0
878005bc:	460e      	mov	r6, r1
878005be:	b963      	cbnz	r3, 878005da <gpio_init+0x26>
878005c0:	6842      	ldr	r2, [r0, #4]
878005c2:	2301      	movs	r3, #1
878005c4:	408b      	lsls	r3, r1
878005c6:	4631      	mov	r1, r6
878005c8:	ea22 0303 	bic.w	r3, r2, r3
878005cc:	68aa      	ldr	r2, [r5, #8]
878005ce:	6043      	str	r3, [r0, #4]
878005d0:	4620      	mov	r0, r4
878005d2:	e8bd 4070 	ldmia.w	sp!, {r4, r5, r6, lr}
878005d6:	f7ff bfa1 	b.w	8780051c <gpio_intconfig>
878005da:	6842      	ldr	r2, [r0, #4]
878005dc:	2301      	movs	r3, #1
878005de:	408b      	lsls	r3, r1
878005e0:	4313      	orrs	r3, r2
878005e2:	6043      	str	r3, [r0, #4]
878005e4:	792a      	ldrb	r2, [r5, #4]
878005e6:	f7ff ff6f 	bl	878004c8 <gpio_PinWrite>
878005ea:	68aa      	ldr	r2, [r5, #8]
878005ec:	4631      	mov	r1, r6
878005ee:	4620      	mov	r0, r4
878005f0:	e8bd 4070 	ldmia.w	sp!, {r4, r5, r6, lr}
878005f4:	f7ff bf92 	b.w	8780051c <gpio_intconfig>

878005f8 <default_irqhandler>:
878005f8:	e7fe      	b.n	878005f8 <default_irqhandler>
878005fa:	bf00      	nop

878005fc <system_irqTable_init>:
878005fc:	f241 1340 	movw	r3, #4416	; 0x1140
87800600:	f240 52f9 	movw	r2, #1529	; 0x5f9
87800604:	f2c8 7380 	movt	r3, #34688	; 0x8780
87800608:	f2c8 7280 	movt	r2, #34688	; 0x8780
8780060c:	f503 60a0 	add.w	r0, r3, #1280	; 0x500
87800610:	2100      	movs	r1, #0
87800612:	601a      	str	r2, [r3, #0]
87800614:	3308      	adds	r3, #8
87800616:	f843 1c04 	str.w	r1, [r3, #-4]
8780061a:	4283      	cmp	r3, r0
8780061c:	d1f9      	bne.n	87800612 <system_irqTable_init+0x16>
8780061e:	4770      	bx	lr

87800620 <system_register_irqhandler>:
87800620:	f241 1340 	movw	r3, #4416	; 0x1140
87800624:	b410      	push	{r4}
87800626:	f2c8 7380 	movt	r3, #34688	; 0x8780
8780062a:	eb03 04c0 	add.w	r4, r3, r0, lsl #3
8780062e:	f843 1030 	str.w	r1, [r3, r0, lsl #3]
87800632:	6062      	str	r2, [r4, #4]
87800634:	f85d 4b04 	ldr.w	r4, [sp], #4
87800638:	4770      	bx	lr
8780063a:	bf00      	nop

8780063c <int_init>:
8780063c:	b4f0      	push	{r4, r5, r6, r7}
8780063e:	ee9f 4f10 	mrc	15, 4, r4, cr15, cr0, {0}
87800642:	0c24      	lsrs	r4, r4, #16
87800644:	f241 0204 	movw	r2, #4100	; 0x1004
87800648:	2300      	movs	r3, #0
8780064a:	0424      	lsls	r4, r4, #16
8780064c:	f04f 30ff 	mov.w	r0, #4294967295	; 0xffffffff
87800650:	58a1      	ldr	r1, [r4, r2]
87800652:	f001 011f 	and.w	r1, r1, #31
87800656:	3101      	adds	r1, #1
87800658:	f503 628c 	add.w	r2, r3, #1120	; 0x460
8780065c:	3301      	adds	r3, #1
8780065e:	4299      	cmp	r1, r3
87800660:	f844 0022 	str.w	r0, [r4, r2, lsl #2]
87800664:	d1f8      	bne.n	87800658 <int_init+0x1c>
87800666:	f241 1340 	movw	r3, #4416	; 0x1140
8780066a:	f242 0604 	movw	r6, #8196	; 0x2004
8780066e:	27f8      	movs	r7, #248	; 0xf8
87800670:	f240 52f9 	movw	r2, #1529	; 0x5f9
87800674:	f2c8 7380 	movt	r3, #34688	; 0x8780
87800678:	51a7      	str	r7, [r4, r6]
8780067a:	f242 0508 	movw	r5, #8200	; 0x2008
8780067e:	2702      	movs	r7, #2
87800680:	f2c8 7280 	movt	r2, #34688	; 0x8780
87800684:	f503 60a0 	add.w	r0, r3, #1280	; 0x500
87800688:	2100      	movs	r1, #0
8780068a:	5167      	str	r7, [r4, r5]
8780068c:	f504 5680 	add.w	r6, r4, #4096	; 0x1000
87800690:	2501      	movs	r5, #1
87800692:	f504 5400 	add.w	r4, r4, #8192	; 0x2000
87800696:	6035      	str	r5, [r6, #0]
87800698:	6025      	str	r5, [r4, #0]
8780069a:	601a      	str	r2, [r3, #0]
8780069c:	3308      	adds	r3, #8
8780069e:	f843 1c04 	str.w	r1, [r3, #-4]
878006a2:	4283      	cmp	r3, r0
878006a4:	d1f9      	bne.n	8780069a <int_init+0x5e>
878006a6:	2300      	movs	r3, #0
878006a8:	f2c8 7380 	movt	r3, #34688	; 0x8780
878006ac:	ee0c 3f10 	mcr	15, 0, r3, cr12, cr0, {0}
878006b0:	bcf0      	pop	{r4, r5, r6, r7}
878006b2:	4770      	bx	lr

878006b4 <system_irqhandler>:
878006b4:	289f      	cmp	r0, #159	; 0x9f
878006b6:	d900      	bls.n	878006ba <system_irqhandler+0x6>
878006b8:	4770      	bx	lr
878006ba:	b510      	push	{r4, lr}
878006bc:	f241 1440 	movw	r4, #4416	; 0x1140
878006c0:	f2c8 7480 	movt	r4, #34688	; 0x8780
878006c4:	eb04 01c0 	add.w	r1, r4, r0, lsl #3
878006c8:	f8d4 2500 	ldr.w	r2, [r4, #1280]	; 0x500
878006cc:	f854 3030 	ldr.w	r3, [r4, r0, lsl #3]
878006d0:	6849      	ldr	r1, [r1, #4]
878006d2:	3201      	adds	r2, #1
878006d4:	f8c4 2500 	str.w	r2, [r4, #1280]	; 0x500
878006d8:	4798      	blx	r3
878006da:	f8d4 3500 	ldr.w	r3, [r4, #1280]	; 0x500
878006de:	3b01      	subs	r3, #1
878006e0:	f8c4 3500 	str.w	r3, [r4, #1280]	; 0x500
878006e4:	bd10      	pop	{r4, pc}
878006e6:	bf00      	nop

878006e8 <gpio1_io18_irqhandler>:
878006e8:	b508      	push	{r3, lr}
878006ea:	200a      	movs	r0, #10
878006ec:	f7ff fe5a 	bl	878003a4 <delay>
878006f0:	f44f 4040 	mov.w	r0, #49152	; 0xc000
878006f4:	2112      	movs	r1, #18
878006f6:	f2c0 2009 	movt	r0, #521	; 0x209
878006fa:	f7ff fef5 	bl	878004e8 <gpio_PinRead>
878006fe:	b958      	cbnz	r0, 87800718 <gpio1_io18_irqhandler+0x30>
87800700:	f241 6244 	movw	r2, #5700	; 0x1644
87800704:	f2c8 7280 	movt	r2, #34688	; 0x8780
87800708:	7813      	ldrb	r3, [r2, #0]
8780070a:	fab3 f383 	clz	r3, r3
8780070e:	095b      	lsrs	r3, r3, #5
87800710:	4618      	mov	r0, r3
87800712:	7013      	strb	r3, [r2, #0]
87800714:	f7ff fe76 	bl	87800404 <beep_switch>
87800718:	f44f 4040 	mov.w	r0, #49152	; 0xc000
8780071c:	2112      	movs	r1, #18
8780071e:	f2c0 2009 	movt	r0, #521	; 0x209
87800722:	e8bd 4008 	ldmia.w	sp!, {r3, lr}
87800726:	f7ff bef3 	b.w	87800510 <gpio_clearintflags>
8780072a:	bf00      	nop

8780072c <exit_init>:
8780072c:	228c      	movs	r2, #140	; 0x8c
8780072e:	f44f 7346 	mov.w	r3, #792	; 0x318
87800732:	b570      	push	{r4, r5, r6, lr}
87800734:	f2c0 220e 	movt	r2, #526	; 0x20e
87800738:	2005      	movs	r0, #5
8780073a:	f2c0 230e 	movt	r3, #526	; 0x20e
8780073e:	f24f 0180 	movw	r1, #61568	; 0xf080
87800742:	f44f 4440 	mov.w	r4, #49152	; 0xc000
87800746:	6010      	str	r0, [r2, #0]
87800748:	b084      	sub	sp, #16
8780074a:	6019      	str	r1, [r3, #0]
8780074c:	f2c0 2409 	movt	r4, #521	; 0x209
87800750:	2304      	movs	r3, #4
87800752:	4620      	mov	r0, r4
87800754:	2500      	movs	r5, #0
87800756:	eb0d 0203 	add.w	r2, sp, r3
8780075a:	2112      	movs	r1, #18
8780075c:	9501      	str	r5, [sp, #4]
8780075e:	9303      	str	r3, [sp, #12]
87800760:	f7ff ff28 	bl	878005b4 <gpio_init>
87800764:	ee9f 3f10 	mrc	15, 4, r3, cr15, cr0, {0}
87800768:	0c1b      	lsrs	r3, r3, #16
8780076a:	f241 100c 	movw	r0, #4364	; 0x110c
8780076e:	2608      	movs	r6, #8
87800770:	041b      	lsls	r3, r3, #16
87800772:	f240 61e9 	movw	r1, #1769	; 0x6e9
87800776:	462a      	mov	r2, r5
87800778:	501e      	str	r6, [r3, r0]
8780077a:	f2c8 7180 	movt	r1, #34688	; 0x8780
8780077e:	2063      	movs	r0, #99	; 0x63
87800780:	f7ff ff4e 	bl	87800620 <system_register_irqhandler>
87800784:	4620      	mov	r0, r4
87800786:	2112      	movs	r1, #18
87800788:	f7ff feb4 	bl	878004f4 <gpio_enable_int>
8780078c:	b004      	add	sp, #16
8780078e:	bd70      	pop	{r4, r5, r6, pc}

87800790 <epit1_irqhandler>:
87800790:	b508      	push	{r3, lr}
87800792:	f241 6345 	movw	r3, #5701	; 0x1645
87800796:	f2c8 7380 	movt	r3, #34688	; 0x8780
8780079a:	2200      	movs	r2, #0
8780079c:	f2c0 220d 	movt	r2, #525	; 0x20d
878007a0:	7819      	ldrb	r1, [r3, #0]
878007a2:	fab1 f181 	clz	r1, r1
878007a6:	0949      	lsrs	r1, r1, #5
878007a8:	7019      	strb	r1, [r3, #0]
878007aa:	6853      	ldr	r3, [r2, #4]
878007ac:	07db      	lsls	r3, r3, #31
878007ae:	d502      	bpl.n	878007b6 <epit1_irqhandler+0x26>
878007b0:	2000      	movs	r0, #0
878007b2:	f7ff fd83 	bl	878002bc <led_switch>
878007b6:	2300      	movs	r3, #0
878007b8:	f2c0 230d 	movt	r3, #525	; 0x20d
878007bc:	685a      	ldr	r2, [r3, #4]
878007be:	f042 0201 	orr.w	r2, r2, #1
878007c2:	605a      	str	r2, [r3, #4]
878007c4:	bd08      	pop	{r3, pc}
878007c6:	bf00      	nop

878007c8 <epit1_init>:
878007c8:	b538      	push	{r3, r4, r5, lr}
878007ca:	f640 73ff 	movw	r3, #4095	; 0xfff
878007ce:	4298      	cmp	r0, r3
878007d0:	f04f 0400 	mov.w	r4, #0
878007d4:	bf28      	it	cs
878007d6:	4618      	movcs	r0, r3
878007d8:	f2c0 240d 	movt	r4, #525	; 0x20d
878007dc:	0100      	lsls	r0, r0, #4
878007de:	2200      	movs	r2, #0
878007e0:	6022      	str	r2, [r4, #0]
878007e2:	f040 7080 	orr.w	r0, r0, #16777216	; 0x1000000
878007e6:	f040 000e 	orr.w	r0, r0, #14
878007ea:	6020      	str	r0, [r4, #0]
878007ec:	60a1      	str	r1, [r4, #8]
878007ee:	60e2      	str	r2, [r4, #12]
878007f0:	ee9f 3f10 	mrc	15, 4, r3, cr15, cr0, {0}
878007f4:	0c1b      	lsrs	r3, r3, #16
878007f6:	f241 1008 	movw	r0, #4360	; 0x1108
878007fa:	f04f 7580 	mov.w	r5, #16777216	; 0x1000000
878007fe:	041b      	lsls	r3, r3, #16
87800800:	f240 7191 	movw	r1, #1937	; 0x791
87800804:	f2c8 7180 	movt	r1, #34688	; 0x8780
87800808:	501d      	str	r5, [r3, r0]
8780080a:	2058      	movs	r0, #88	; 0x58
8780080c:	f7ff ff08 	bl	87800620 <system_register_irqhandler>
87800810:	6823      	ldr	r3, [r4, #0]
87800812:	f043 0301 	orr.w	r3, r3, #1
87800816:	6023      	str	r3, [r4, #0]
87800818:	bd38      	pop	{r3, r4, r5, pc}
8780081a:	bf00      	nop

8780081c <filtertimer_irqhandler>:
8780081c:	b508      	push	{r3, lr}
8780081e:	2300      	movs	r3, #0
87800820:	f2c0 230d 	movt	r3, #525	; 0x20d
87800824:	685a      	ldr	r2, [r3, #4]
87800826:	07d2      	lsls	r2, r2, #31
87800828:	d407      	bmi.n	8780083a <filtertimer_irqhandler+0x1e>
8780082a:	2300      	movs	r3, #0
8780082c:	f2c0 230d 	movt	r3, #525	; 0x20d
87800830:	685a      	ldr	r2, [r3, #4]
87800832:	f042 0201 	orr.w	r2, r2, #1
87800836:	605a      	str	r2, [r3, #4]
87800838:	bd08      	pop	{r3, pc}
8780083a:	681a      	ldr	r2, [r3, #0]
8780083c:	f44f 4040 	mov.w	r0, #49152	; 0xc000
87800840:	f2c0 2009 	movt	r0, #521	; 0x209
87800844:	2112      	movs	r1, #18
87800846:	f022 0201 	bic.w	r2, r2, #1
8780084a:	601a      	str	r2, [r3, #0]
8780084c:	f7ff fe4c 	bl	878004e8 <gpio_PinRead>
87800850:	2800      	cmp	r0, #0
87800852:	d1ea      	bne.n	8780082a <filtertimer_irqhandler+0xe>
87800854:	f241 6246 	movw	r2, #5702	; 0x1646
87800858:	f2c8 7280 	movt	r2, #34688	; 0x8780
8780085c:	7813      	ldrb	r3, [r2, #0]
8780085e:	fab3 f383 	clz	r3, r3
87800862:	095b      	lsrs	r3, r3, #5
87800864:	4618      	mov	r0, r3
87800866:	7013      	strb	r3, [r2, #0]
87800868:	f7ff fdcc 	bl	87800404 <beep_switch>
8780086c:	e7dd      	b.n	8780082a <filtertimer_irqhandler+0xe>
8780086e:	bf00      	nop

87800870 <gpio1_io_16_31_irqhandler>:
87800870:	2300      	movs	r3, #0
87800872:	b410      	push	{r4}
87800874:	f2c0 230d 	movt	r3, #525	; 0x20d
87800878:	f44f 5491 	mov.w	r4, #4640	; 0x1220
8780087c:	f2c0 040a 	movt	r4, #10
87800880:	f44f 4040 	mov.w	r0, #49152	; 0xc000
87800884:	681a      	ldr	r2, [r3, #0]
87800886:	f2c0 2009 	movt	r0, #521	; 0x209
8780088a:	2112      	movs	r1, #18
8780088c:	f022 0201 	bic.w	r2, r2, #1
87800890:	601a      	str	r2, [r3, #0]
87800892:	609c      	str	r4, [r3, #8]
87800894:	681a      	ldr	r2, [r3, #0]
87800896:	f85d 4b04 	ldr.w	r4, [sp], #4
8780089a:	f042 0201 	orr.w	r2, r2, #1
8780089e:	601a      	str	r2, [r3, #0]
878008a0:	f7ff be36 	b.w	87800510 <gpio_clearintflags>

878008a4 <filtertimer_init>:
878008a4:	2300      	movs	r3, #0
878008a6:	210e      	movs	r1, #14
878008a8:	f2c0 230d 	movt	r3, #525	; 0x20d
878008ac:	2200      	movs	r2, #0
878008ae:	f2c0 1100 	movt	r1, #256	; 0x100
878008b2:	b410      	push	{r4}
878008b4:	601a      	str	r2, [r3, #0]
878008b6:	6019      	str	r1, [r3, #0]
878008b8:	6098      	str	r0, [r3, #8]
878008ba:	60da      	str	r2, [r3, #12]
878008bc:	ee9f 3f10 	mrc	15, 4, r3, cr15, cr0, {0}
878008c0:	0c1b      	lsrs	r3, r3, #16
878008c2:	f241 1008 	movw	r0, #4360	; 0x1108
878008c6:	f04f 7480 	mov.w	r4, #16777216	; 0x1000000
878008ca:	041b      	lsls	r3, r3, #16
878008cc:	f640 011d 	movw	r1, #2077	; 0x81d
878008d0:	f2c8 7180 	movt	r1, #34688	; 0x8780
878008d4:	501c      	str	r4, [r3, r0]
878008d6:	2058      	movs	r0, #88	; 0x58
878008d8:	f85d 4b04 	ldr.w	r4, [sp], #4
878008dc:	f7ff bea0 	b.w	87800620 <system_register_irqhandler>

878008e0 <key_filter_init>:
878008e0:	228c      	movs	r2, #140	; 0x8c
878008e2:	f44f 7346 	mov.w	r3, #792	; 0x318
878008e6:	b570      	push	{r4, r5, r6, lr}
878008e8:	f2c0 220e 	movt	r2, #526	; 0x20e
878008ec:	2005      	movs	r0, #5
878008ee:	f2c0 230e 	movt	r3, #526	; 0x20e
878008f2:	f24f 0180 	movw	r1, #61568	; 0xf080
878008f6:	f44f 4440 	mov.w	r4, #49152	; 0xc000
878008fa:	6010      	str	r0, [r2, #0]
878008fc:	b084      	sub	sp, #16
878008fe:	6019      	str	r1, [r3, #0]
87800900:	f2c0 2409 	movt	r4, #521	; 0x209
87800904:	2304      	movs	r3, #4
87800906:	4620      	mov	r0, r4
87800908:	2500      	movs	r5, #0
8780090a:	eb0d 0203 	add.w	r2, sp, r3
8780090e:	2112      	movs	r1, #18
87800910:	9501      	str	r5, [sp, #4]
87800912:	9303      	str	r3, [sp, #12]
87800914:	f7ff fe4e 	bl	878005b4 <gpio_init>
87800918:	ee9f 3f10 	mrc	15, 4, r3, cr15, cr0, {0}
8780091c:	0c1b      	lsrs	r3, r3, #16
8780091e:	f241 100c 	movw	r0, #4364	; 0x110c
87800922:	2608      	movs	r6, #8
87800924:	041b      	lsls	r3, r3, #16
87800926:	f640 0171 	movw	r1, #2161	; 0x871
8780092a:	462a      	mov	r2, r5
8780092c:	501e      	str	r6, [r3, r0]
8780092e:	f2c8 7180 	movt	r1, #34688	; 0x8780
87800932:	2063      	movs	r0, #99	; 0x63
87800934:	f7ff fe74 	bl	87800620 <system_register_irqhandler>
87800938:	4620      	mov	r0, r4
8780093a:	2112      	movs	r1, #18
8780093c:	f7ff fdda 	bl	878004f4 <gpio_enable_int>
87800940:	f44f 5091 	mov.w	r0, #4640	; 0x1220
87800944:	f2c0 000a 	movt	r0, #10
87800948:	f7ff ffac 	bl	878008a4 <filtertimer_init>
8780094c:	b004      	add	sp, #16
8780094e:	bd70      	pop	{r4, r5, r6, pc}

87800950 <filtertimer_stop>:
87800950:	2300      	movs	r3, #0
87800952:	f2c0 230d 	movt	r3, #525	; 0x20d
87800956:	681a      	ldr	r2, [r3, #0]
87800958:	f022 0201 	bic.w	r2, r2, #1
8780095c:	601a      	str	r2, [r3, #0]
8780095e:	4770      	bx	lr

87800960 <filtertimer_restart>:
87800960:	2300      	movs	r3, #0
87800962:	f2c0 230d 	movt	r3, #525	; 0x20d
87800966:	681a      	ldr	r2, [r3, #0]
87800968:	f022 0201 	bic.w	r2, r2, #1
8780096c:	601a      	str	r2, [r3, #0]
8780096e:	6098      	str	r0, [r3, #8]
87800970:	681a      	ldr	r2, [r3, #0]
87800972:	f042 0201 	orr.w	r2, r2, #1
87800976:	601a      	str	r2, [r3, #0]
87800978:	4770      	bx	lr
8780097a:	bf00      	nop

8780097c <uart_io_init>:
8780097c:	b4f0      	push	{r4, r5, r6, r7}
8780097e:	f240 6024 	movw	r0, #1572	; 0x624
87800982:	2684      	movs	r6, #132	; 0x84
87800984:	2488      	movs	r4, #136	; 0x88
87800986:	f44f 7144 	mov.w	r1, #784	; 0x310
8780098a:	f44f 7345 	mov.w	r3, #788	; 0x314
8780098e:	2500      	movs	r5, #0
87800990:	f2c0 260e 	movt	r6, #526	; 0x20e
87800994:	f2c0 240e 	movt	r4, #526	; 0x20e
87800998:	2703      	movs	r7, #3
8780099a:	f241 02b0 	movw	r2, #4272	; 0x10b0
8780099e:	f2c0 200e 	movt	r0, #526	; 0x20e
878009a2:	f2c0 210e 	movt	r1, #526	; 0x20e
878009a6:	f2c0 230e 	movt	r3, #526	; 0x20e
878009aa:	6035      	str	r5, [r6, #0]
878009ac:	6025      	str	r5, [r4, #0]
878009ae:	6007      	str	r7, [r0, #0]
878009b0:	600a      	str	r2, [r1, #0]
878009b2:	bcf0      	pop	{r4, r5, r6, r7}
878009b4:	601a      	str	r2, [r3, #0]
878009b6:	4770      	bx	lr

878009b8 <uart_disable>:
878009b8:	f8d0 3080 	ldr.w	r3, [r0, #128]	; 0x80
878009bc:	f023 0301 	bic.w	r3, r3, #1
878009c0:	f8c0 3080 	str.w	r3, [r0, #128]	; 0x80
878009c4:	4770      	bx	lr
878009c6:	bf00      	nop

878009c8 <uart_enable>:
878009c8:	f8d0 3080 	ldr.w	r3, [r0, #128]	; 0x80
878009cc:	f043 0301 	orr.w	r3, r3, #1
878009d0:	f8c0 3080 	str.w	r3, [r0, #128]	; 0x80
878009d4:	4770      	bx	lr
878009d6:	bf00      	nop

878009d8 <uart_softreset>:
878009d8:	f8d0 3084 	ldr.w	r3, [r0, #132]	; 0x84
878009dc:	f023 0301 	bic.w	r3, r3, #1
878009e0:	f8c0 3084 	str.w	r3, [r0, #132]	; 0x84
878009e4:	f8d0 3084 	ldr.w	r3, [r0, #132]	; 0x84
878009e8:	07db      	lsls	r3, r3, #31
878009ea:	d5fb      	bpl.n	878009e4 <uart_softreset+0xc>
878009ec:	4770      	bx	lr
878009ee:	bf00      	nop

878009f0 <putc>:
878009f0:	2100      	movs	r1, #0
878009f2:	f2c0 2102 	movt	r1, #514	; 0x202
878009f6:	f8d1 2098 	ldr.w	r2, [r1, #152]	; 0x98
878009fa:	2300      	movs	r3, #0
878009fc:	f2c0 2302 	movt	r3, #514	; 0x202
87800a00:	0712      	lsls	r2, r2, #28
87800a02:	d5f8      	bpl.n	878009f6 <putc+0x6>
87800a04:	6418      	str	r0, [r3, #64]	; 0x40
87800a06:	4770      	bx	lr

87800a08 <getc>:
87800a08:	2100      	movs	r1, #0
87800a0a:	f2c0 2102 	movt	r1, #514	; 0x202
87800a0e:	f8d1 2098 	ldr.w	r2, [r1, #152]	; 0x98
87800a12:	2300      	movs	r3, #0
87800a14:	f2c0 2302 	movt	r3, #514	; 0x202
87800a18:	07d2      	lsls	r2, r2, #31
87800a1a:	d5f8      	bpl.n	87800a0e <getc+0x6>
87800a1c:	6818      	ldr	r0, [r3, #0]
87800a1e:	b2c0      	uxtb	r0, r0
87800a20:	4770      	bx	lr
87800a22:	bf00      	nop

87800a24 <puts>:
87800a24:	7801      	ldrb	r1, [r0, #0]
87800a26:	b179      	cbz	r1, 87800a48 <puts+0x24>
87800a28:	2200      	movs	r2, #0
87800a2a:	b410      	push	{r4}
87800a2c:	f2c0 2202 	movt	r2, #514	; 0x202
87800a30:	4614      	mov	r4, r2
87800a32:	f8d2 3098 	ldr.w	r3, [r2, #152]	; 0x98
87800a36:	071b      	lsls	r3, r3, #28
87800a38:	d5fb      	bpl.n	87800a32 <puts+0xe>
87800a3a:	6421      	str	r1, [r4, #64]	; 0x40
87800a3c:	f810 1f01 	ldrb.w	r1, [r0, #1]!
87800a40:	2900      	cmp	r1, #0
87800a42:	d1f6      	bne.n	87800a32 <puts+0xe>
87800a44:	f85d 4b04 	ldr.w	r4, [sp], #4
87800a48:	4770      	bx	lr
87800a4a:	bf00      	nop

87800a4c <uart_setbaudrate>:
87800a4c:	e92d 4ff0 	stmdb	sp!, {r4, r5, r6, r7, r8, r9, sl, fp, lr}
87800a50:	010d      	lsls	r5, r1, #4
87800a52:	b085      	sub	sp, #20
87800a54:	460f      	mov	r7, r1
87800a56:	4682      	mov	sl, r0
87800a58:	4691      	mov	r9, r2
87800a5a:	f000 80f1 	beq.w	87800c40 <uart_setbaudrate+0x1f4>
87800a5e:	462c      	mov	r4, r5
87800a60:	4610      	mov	r0, r2
87800a62:	e000      	b.n	87800a66 <uart_setbaudrate+0x1a>
87800a64:	460c      	mov	r4, r1
87800a66:	4621      	mov	r1, r4
87800a68:	f000 fa74 	bl	87800f54 <__aeabi_uidivmod>
87800a6c:	4620      	mov	r0, r4
87800a6e:	2900      	cmp	r1, #0
87800a70:	d1f8      	bne.n	87800a64 <uart_setbaudrate+0x18>
87800a72:	4621      	mov	r1, r4
87800a74:	4648      	mov	r0, r9
87800a76:	f000 f93f 	bl	87800cf8 <__aeabi_uidiv>
87800a7a:	4621      	mov	r1, r4
87800a7c:	4606      	mov	r6, r0
87800a7e:	4628      	mov	r0, r5
87800a80:	f000 f93a 	bl	87800cf8 <__aeabi_uidiv>
87800a84:	f64f 73f9 	movw	r3, #65529	; 0xfff9
87800a88:	4605      	mov	r5, r0
87800a8a:	f2c0 0306 	movt	r3, #6
87800a8e:	429e      	cmp	r6, r3
87800a90:	bf98      	it	ls
87800a92:	f5b0 3f80 	cmpls.w	r0, #65536	; 0x10000
87800a96:	bf2c      	ite	cs
87800a98:	2301      	movcs	r3, #1
87800a9a:	2300      	movcc	r3, #0
87800a9c:	d277      	bcs.n	87800b8e <uart_setbaudrate+0x142>
87800a9e:	f248 0101 	movw	r1, #32769	; 0x8001
87800aa2:	1e72      	subs	r2, r6, #1
87800aa4:	f2c8 0100 	movt	r1, #32768	; 0x8000
87800aa8:	9301      	str	r3, [sp, #4]
87800aaa:	fba2 2301 	umull	r2, r3, r2, r1
87800aae:	ea4f 1b06 	mov.w	fp, r6, lsl #4
87800ab2:	4680      	mov	r8, r0
87800ab4:	0bda      	lsrs	r2, r3, #15
87800ab6:	1e53      	subs	r3, r2, #1
87800ab8:	3201      	adds	r2, #1
87800aba:	9203      	str	r2, [sp, #12]
87800abc:	2b05      	cmp	r3, #5
87800abe:	4648      	mov	r0, r9
87800ac0:	bf96      	itet	ls
87800ac2:	f241 1218 	movwls	r2, #4376	; 0x1118
87800ac6:	2305      	movhi	r3, #5
87800ac8:	f2c8 7280 	movtls	r2, #34688	; 0x8780
87800acc:	f04f 0100 	mov.w	r1, #0
87800ad0:	bf98      	it	ls
87800ad2:	f852 3023 	ldrls.w	r3, [r2, r3, lsl #2]
87800ad6:	9302      	str	r3, [sp, #8]
87800ad8:	f1bb 0f00 	cmp.w	fp, #0
87800adc:	f000 80ae 	beq.w	87800c3c <uart_setbaudrate+0x1f0>
87800ae0:	465c      	mov	r4, fp
87800ae2:	e000      	b.n	87800ae6 <uart_setbaudrate+0x9a>
87800ae4:	4614      	mov	r4, r2
87800ae6:	4622      	mov	r2, r4
87800ae8:	2300      	movs	r3, #0
87800aea:	f000 fa41 	bl	87800f70 <__aeabi_uldivmod>
87800aee:	4620      	mov	r0, r4
87800af0:	2100      	movs	r1, #0
87800af2:	2a00      	cmp	r2, #0
87800af4:	d1f6      	bne.n	87800ae4 <uart_setbaudrate+0x98>
87800af6:	4648      	mov	r0, r9
87800af8:	4621      	mov	r1, r4
87800afa:	f000 f8fd 	bl	87800cf8 <__aeabi_uidiv>
87800afe:	4603      	mov	r3, r0
87800b00:	9a01      	ldr	r2, [sp, #4]
87800b02:	fba3 8908 	umull	r8, r9, r3, r8
87800b06:	4621      	mov	r1, r4
87800b08:	4658      	mov	r0, fp
87800b0a:	fb03 9902 	mla	r9, r3, r2, r9
87800b0e:	f000 f8f3 	bl	87800cf8 <__aeabi_uidiv>
87800b12:	2300      	movs	r3, #0
87800b14:	4602      	mov	r2, r0
87800b16:	4649      	mov	r1, r9
87800b18:	4640      	mov	r0, r8
87800b1a:	f000 fa29 	bl	87800f70 <__aeabi_uldivmod>
87800b1e:	2300      	movs	r3, #0
87800b20:	4299      	cmp	r1, r3
87800b22:	bf08      	it	eq
87800b24:	42b8      	cmpeq	r0, r7
87800b26:	d32e      	bcc.n	87800b86 <uart_setbaudrate+0x13a>
87800b28:	1bc0      	subs	r0, r0, r7
87800b2a:	eb61 0103 	sbc.w	r1, r1, r3
87800b2e:	f248 521f 	movw	r2, #34079	; 0x851f
87800b32:	f2c5 12eb 	movt	r2, #20971	; 0x51eb
87800b36:	fba7 2302 	umull	r2, r3, r7, r2
87800b3a:	095a      	lsrs	r2, r3, #5
87800b3c:	2300      	movs	r3, #0
87800b3e:	4299      	cmp	r1, r3
87800b40:	eb02 0242 	add.w	r2, r2, r2, lsl #1
87800b44:	bf08      	it	eq
87800b46:	4290      	cmpeq	r0, r2
87800b48:	d21a      	bcs.n	87800b80 <uart_setbaudrate+0x134>
87800b4a:	9b02      	ldr	r3, [sp, #8]
87800b4c:	3d01      	subs	r5, #1
87800b4e:	f8da 1090 	ldr.w	r1, [sl, #144]	; 0x90
87800b52:	b2ad      	uxth	r5, r5
87800b54:	4630      	mov	r0, r6
87800b56:	01db      	lsls	r3, r3, #7
87800b58:	f403 7260 	and.w	r2, r3, #896	; 0x380
87800b5c:	f421 7360 	bic.w	r3, r1, #896	; 0x380
87800b60:	f8ca 3090 	str.w	r3, [sl, #144]	; 0x90
87800b64:	f8da 3090 	ldr.w	r3, [sl, #144]	; 0x90
87800b68:	9903      	ldr	r1, [sp, #12]
87800b6a:	4313      	orrs	r3, r2
87800b6c:	f8ca 3090 	str.w	r3, [sl, #144]	; 0x90
87800b70:	f8ca 50a4 	str.w	r5, [sl, #164]	; 0xa4
87800b74:	f000 f8c0 	bl	87800cf8 <__aeabi_uidiv>
87800b78:	3801      	subs	r0, #1
87800b7a:	b280      	uxth	r0, r0
87800b7c:	f8ca 00a8 	str.w	r0, [sl, #168]	; 0xa8
87800b80:	b005      	add	sp, #20
87800b82:	e8bd 8ff0 	ldmia.w	sp!, {r4, r5, r6, r7, r8, r9, sl, fp, pc}
87800b86:	1a38      	subs	r0, r7, r0
87800b88:	eb63 0101 	sbc.w	r1, r3, r1
87800b8c:	e7cf      	b.n	87800b2e <uart_setbaudrate+0xe2>
87800b8e:	f646 52b9 	movw	r2, #28089	; 0x6db9
87800b92:	1e71      	subs	r1, r6, #1
87800b94:	f2c2 4293 	movt	r2, #9363	; 0x2493
87800b98:	f248 0401 	movw	r4, #32769	; 0x8001
87800b9c:	fba1 2302 	umull	r2, r3, r1, r2
87800ba0:	f100 3bff 	add.w	fp, r0, #4294967295	; 0xffffffff
87800ba4:	f2c8 0400 	movt	r4, #32768	; 0x8000
87800ba8:	4630      	mov	r0, r6
87800baa:	fbab bc04 	umull	fp, ip, fp, r4
87800bae:	1ac9      	subs	r1, r1, r3
87800bb0:	eb03 0351 	add.w	r3, r3, r1, lsr #1
87800bb4:	ea4f 38dc 	mov.w	r8, ip, lsr #15
87800bb8:	0c9b      	lsrs	r3, r3, #18
87800bba:	f108 0801 	add.w	r8, r8, #1
87800bbe:	3301      	adds	r3, #1
87800bc0:	4598      	cmp	r8, r3
87800bc2:	bf38      	it	cc
87800bc4:	4698      	movcc	r8, r3
87800bc6:	4641      	mov	r1, r8
87800bc8:	f000 f896 	bl	87800cf8 <__aeabi_uidiv>
87800bcc:	4606      	mov	r6, r0
87800bce:	4641      	mov	r1, r8
87800bd0:	4628      	mov	r0, r5
87800bd2:	f000 f891 	bl	87800cf8 <__aeabi_uidiv>
87800bd6:	4605      	mov	r5, r0
87800bd8:	b976      	cbnz	r6, 87800bf8 <uart_setbaudrate+0x1ac>
87800bda:	bb40      	cbnz	r0, 87800c2e <uart_setbaudrate+0x1e2>
87800bdc:	f04f 0801 	mov.w	r8, #1
87800be0:	2305      	movs	r3, #5
87800be2:	4601      	mov	r1, r0
87800be4:	9001      	str	r0, [sp, #4]
87800be6:	4646      	mov	r6, r8
87800be8:	f8cd 800c 	str.w	r8, [sp, #12]
87800bec:	4645      	mov	r5, r8
87800bee:	4648      	mov	r0, r9
87800bf0:	f04f 0b10 	mov.w	fp, #16
87800bf4:	9302      	str	r3, [sp, #8]
87800bf6:	e773      	b.n	87800ae0 <uart_setbaudrate+0x94>
87800bf8:	1e72      	subs	r2, r6, #1
87800bfa:	b158      	cbz	r0, 87800c14 <uart_setbaudrate+0x1c8>
87800bfc:	fba2 2304 	umull	r2, r3, r2, r4
87800c00:	ea4f 1b06 	mov.w	fp, r6, lsl #4
87800c04:	0bda      	lsrs	r2, r3, #15
87800c06:	1e53      	subs	r3, r2, #1
87800c08:	3201      	adds	r2, #1
87800c0a:	9203      	str	r2, [sp, #12]
87800c0c:	2200      	movs	r2, #0
87800c0e:	46a8      	mov	r8, r5
87800c10:	9201      	str	r2, [sp, #4]
87800c12:	e753      	b.n	87800abc <uart_setbaudrate+0x70>
87800c14:	fba2 2304 	umull	r2, r3, r2, r4
87800c18:	f04f 0801 	mov.w	r8, #1
87800c1c:	9001      	str	r0, [sp, #4]
87800c1e:	ea4f 1b06 	mov.w	fp, r6, lsl #4
87800c22:	4645      	mov	r5, r8
87800c24:	0bda      	lsrs	r2, r3, #15
87800c26:	1e53      	subs	r3, r2, #1
87800c28:	4442      	add	r2, r8
87800c2a:	9203      	str	r2, [sp, #12]
87800c2c:	e746      	b.n	87800abc <uart_setbaudrate+0x70>
87800c2e:	2201      	movs	r2, #1
87800c30:	f04f 0b10 	mov.w	fp, #16
87800c34:	4616      	mov	r6, r2
87800c36:	f04f 33ff 	mov.w	r3, #4294967295	; 0xffffffff
87800c3a:	e7e6      	b.n	87800c0a <uart_setbaudrate+0x1be>
87800c3c:	2401      	movs	r4, #1
87800c3e:	e75a      	b.n	87800af6 <uart_setbaudrate+0xaa>
87800c40:	2401      	movs	r4, #1
87800c42:	e716      	b.n	87800a72 <uart_setbaudrate+0x26>

87800c44 <uart_init>:
87800c44:	b5f8      	push	{r3, r4, r5, r6, r7, lr}
87800c46:	2084      	movs	r0, #132	; 0x84
87800c48:	2300      	movs	r3, #0
87800c4a:	f2c0 200e 	movt	r0, #526	; 0x20e
87800c4e:	461e      	mov	r6, r3
87800c50:	2288      	movs	r2, #136	; 0x88
87800c52:	f240 6524 	movw	r5, #1572	; 0x624
87800c56:	f44f 7444 	mov.w	r4, #784	; 0x310
87800c5a:	f44f 7145 	mov.w	r1, #788	; 0x314
87800c5e:	6006      	str	r6, [r0, #0]
87800c60:	f2c0 2302 	movt	r3, #514	; 0x202
87800c64:	f2c0 220e 	movt	r2, #526	; 0x20e
87800c68:	f2c0 210e 	movt	r1, #526	; 0x20e
87800c6c:	f241 00b0 	movw	r0, #4272	; 0x10b0
87800c70:	f2c0 250e 	movt	r5, #526	; 0x20e
87800c74:	f2c0 240e 	movt	r4, #526	; 0x20e
87800c78:	2703      	movs	r7, #3
87800c7a:	6016      	str	r6, [r2, #0]
87800c7c:	602f      	str	r7, [r5, #0]
87800c7e:	461a      	mov	r2, r3
87800c80:	6020      	str	r0, [r4, #0]
87800c82:	6008      	str	r0, [r1, #0]
87800c84:	f8d3 1080 	ldr.w	r1, [r3, #128]	; 0x80
87800c88:	f021 0101 	bic.w	r1, r1, #1
87800c8c:	f8c3 1080 	str.w	r1, [r3, #128]	; 0x80
87800c90:	f8d3 1084 	ldr.w	r1, [r3, #132]	; 0x84
87800c94:	f021 0101 	bic.w	r1, r1, #1
87800c98:	f8c3 1084 	str.w	r1, [r3, #132]	; 0x84
87800c9c:	f8d2 3084 	ldr.w	r3, [r2, #132]	; 0x84
87800ca0:	2400      	movs	r4, #0
87800ca2:	f2c0 2402 	movt	r4, #514	; 0x202
87800ca6:	07db      	lsls	r3, r3, #31
87800ca8:	d5f8      	bpl.n	87800c9c <uart_init+0x58>
87800caa:	2500      	movs	r5, #0
87800cac:	f44f 4234 	mov.w	r2, #46080	; 0xb400
87800cb0:	f8c4 5080 	str.w	r5, [r4, #128]	; 0x80
87800cb4:	f2c0 42c4 	movt	r2, #1220	; 0x4c4
87800cb8:	f8c4 5084 	str.w	r5, [r4, #132]	; 0x84
87800cbc:	f44f 31e1 	mov.w	r1, #115200	; 0x1c200
87800cc0:	f8d4 3084 	ldr.w	r3, [r4, #132]	; 0x84
87800cc4:	4620      	mov	r0, r4
87800cc6:	f443 4380 	orr.w	r3, r3, #16384	; 0x4000
87800cca:	f043 0325 	orr.w	r3, r3, #37	; 0x25
87800cce:	f8c4 3084 	str.w	r3, [r4, #132]	; 0x84
87800cd2:	f8c4 5088 	str.w	r5, [r4, #136]	; 0x88
87800cd6:	f8d4 3088 	ldr.w	r3, [r4, #136]	; 0x88
87800cda:	f043 0304 	orr.w	r3, r3, #4
87800cde:	f8c4 3088 	str.w	r3, [r4, #136]	; 0x88
87800ce2:	f7ff feb3 	bl	87800a4c <uart_setbaudrate>
87800ce6:	f8d4 3080 	ldr.w	r3, [r4, #128]	; 0x80
87800cea:	f043 0301 	orr.w	r3, r3, #1
87800cee:	f8c4 3080 	str.w	r3, [r4, #128]	; 0x80
87800cf2:	bdf8      	pop	{r3, r4, r5, r6, r7, pc}

87800cf4 <raise>:
87800cf4:	4770      	bx	lr
87800cf6:	bf00      	nop

87800cf8 <__aeabi_uidiv>:
87800cf8:	1e4a      	subs	r2, r1, #1
87800cfa:	bf08      	it	eq
87800cfc:	4770      	bxeq	lr
87800cfe:	f0c0 8124 	bcc.w	87800f4a <__aeabi_uidiv+0x252>
87800d02:	4288      	cmp	r0, r1
87800d04:	f240 8116 	bls.w	87800f34 <__aeabi_uidiv+0x23c>
87800d08:	4211      	tst	r1, r2
87800d0a:	f000 8117 	beq.w	87800f3c <__aeabi_uidiv+0x244>
87800d0e:	fab0 f380 	clz	r3, r0
87800d12:	fab1 f281 	clz	r2, r1
87800d16:	eba2 0303 	sub.w	r3, r2, r3
87800d1a:	f1c3 031f 	rsb	r3, r3, #31
87800d1e:	a204      	add	r2, pc, #16	; (adr r2, 87800d30 <__aeabi_uidiv+0x38>)
87800d20:	eb02 1303 	add.w	r3, r2, r3, lsl #4
87800d24:	f04f 0200 	mov.w	r2, #0
87800d28:	469f      	mov	pc, r3
87800d2a:	bf00      	nop
87800d2c:	f3af 8000 	nop.w
87800d30:	ebb0 7fc1 	cmp.w	r0, r1, lsl #31
87800d34:	bf00      	nop
87800d36:	eb42 0202 	adc.w	r2, r2, r2
87800d3a:	bf28      	it	cs
87800d3c:	eba0 70c1 	subcs.w	r0, r0, r1, lsl #31
87800d40:	ebb0 7f81 	cmp.w	r0, r1, lsl #30
87800d44:	bf00      	nop
87800d46:	eb42 0202 	adc.w	r2, r2, r2
87800d4a:	bf28      	it	cs
87800d4c:	eba0 7081 	subcs.w	r0, r0, r1, lsl #30
87800d50:	ebb0 7f41 	cmp.w	r0, r1, lsl #29
87800d54:	bf00      	nop
87800d56:	eb42 0202 	adc.w	r2, r2, r2
87800d5a:	bf28      	it	cs
87800d5c:	eba0 7041 	subcs.w	r0, r0, r1, lsl #29
87800d60:	ebb0 7f01 	cmp.w	r0, r1, lsl #28
87800d64:	bf00      	nop
87800d66:	eb42 0202 	adc.w	r2, r2, r2
87800d6a:	bf28      	it	cs
87800d6c:	eba0 7001 	subcs.w	r0, r0, r1, lsl #28
87800d70:	ebb0 6fc1 	cmp.w	r0, r1, lsl #27
87800d74:	bf00      	nop
87800d76:	eb42 0202 	adc.w	r2, r2, r2
87800d7a:	bf28      	it	cs
87800d7c:	eba0 60c1 	subcs.w	r0, r0, r1, lsl #27
87800d80:	ebb0 6f81 	cmp.w	r0, r1, lsl #26
87800d84:	bf00      	nop
87800d86:	eb42 0202 	adc.w	r2, r2, r2
87800d8a:	bf28      	it	cs
87800d8c:	eba0 6081 	subcs.w	r0, r0, r1, lsl #26
87800d90:	ebb0 6f41 	cmp.w	r0, r1, lsl #25
87800d94:	bf00      	nop
87800d96:	eb42 0202 	adc.w	r2, r2, r2
87800d9a:	bf28      	it	cs
87800d9c:	eba0 6041 	subcs.w	r0, r0, r1, lsl #25
87800da0:	ebb0 6f01 	cmp.w	r0, r1, lsl #24
87800da4:	bf00      	nop
87800da6:	eb42 0202 	adc.w	r2, r2, r2
87800daa:	bf28      	it	cs
87800dac:	eba0 6001 	subcs.w	r0, r0, r1, lsl #24
87800db0:	ebb0 5fc1 	cmp.w	r0, r1, lsl #23
87800db4:	bf00      	nop
87800db6:	eb42 0202 	adc.w	r2, r2, r2
87800dba:	bf28      	it	cs
87800dbc:	eba0 50c1 	subcs.w	r0, r0, r1, lsl #23
87800dc0:	ebb0 5f81 	cmp.w	r0, r1, lsl #22
87800dc4:	bf00      	nop
87800dc6:	eb42 0202 	adc.w	r2, r2, r2
87800dca:	bf28      	it	cs
87800dcc:	eba0 5081 	subcs.w	r0, r0, r1, lsl #22
87800dd0:	ebb0 5f41 	cmp.w	r0, r1, lsl #21
87800dd4:	bf00      	nop
87800dd6:	eb42 0202 	adc.w	r2, r2, r2
87800dda:	bf28      	it	cs
87800ddc:	eba0 5041 	subcs.w	r0, r0, r1, lsl #21
87800de0:	ebb0 5f01 	cmp.w	r0, r1, lsl #20
87800de4:	bf00      	nop
87800de6:	eb42 0202 	adc.w	r2, r2, r2
87800dea:	bf28      	it	cs
87800dec:	eba0 5001 	subcs.w	r0, r0, r1, lsl #20
87800df0:	ebb0 4fc1 	cmp.w	r0, r1, lsl #19
87800df4:	bf00      	nop
87800df6:	eb42 0202 	adc.w	r2, r2, r2
87800dfa:	bf28      	it	cs
87800dfc:	eba0 40c1 	subcs.w	r0, r0, r1, lsl #19
87800e00:	ebb0 4f81 	cmp.w	r0, r1, lsl #18
87800e04:	bf00      	nop
87800e06:	eb42 0202 	adc.w	r2, r2, r2
87800e0a:	bf28      	it	cs
87800e0c:	eba0 4081 	subcs.w	r0, r0, r1, lsl #18
87800e10:	ebb0 4f41 	cmp.w	r0, r1, lsl #17
87800e14:	bf00      	nop
87800e16:	eb42 0202 	adc.w	r2, r2, r2
87800e1a:	bf28      	it	cs
87800e1c:	eba0 4041 	subcs.w	r0, r0, r1, lsl #17
87800e20:	ebb0 4f01 	cmp.w	r0, r1, lsl #16
87800e24:	bf00      	nop
87800e26:	eb42 0202 	adc.w	r2, r2, r2
87800e2a:	bf28      	it	cs
87800e2c:	eba0 4001 	subcs.w	r0, r0, r1, lsl #16
87800e30:	ebb0 3fc1 	cmp.w	r0, r1, lsl #15
87800e34:	bf00      	nop
87800e36:	eb42 0202 	adc.w	r2, r2, r2
87800e3a:	bf28      	it	cs
87800e3c:	eba0 30c1 	subcs.w	r0, r0, r1, lsl #15
87800e40:	ebb0 3f81 	cmp.w	r0, r1, lsl #14
87800e44:	bf00      	nop
87800e46:	eb42 0202 	adc.w	r2, r2, r2
87800e4a:	bf28      	it	cs
87800e4c:	eba0 3081 	subcs.w	r0, r0, r1, lsl #14
87800e50:	ebb0 3f41 	cmp.w	r0, r1, lsl #13
87800e54:	bf00      	nop
87800e56:	eb42 0202 	adc.w	r2, r2, r2
87800e5a:	bf28      	it	cs
87800e5c:	eba0 3041 	subcs.w	r0, r0, r1, lsl #13
87800e60:	ebb0 3f01 	cmp.w	r0, r1, lsl #12
87800e64:	bf00      	nop
87800e66:	eb42 0202 	adc.w	r2, r2, r2
87800e6a:	bf28      	it	cs
87800e6c:	eba0 3001 	subcs.w	r0, r0, r1, lsl #12
87800e70:	ebb0 2fc1 	cmp.w	r0, r1, lsl #11
87800e74:	bf00      	nop
87800e76:	eb42 0202 	adc.w	r2, r2, r2
87800e7a:	bf28      	it	cs
87800e7c:	eba0 20c1 	subcs.w	r0, r0, r1, lsl #11
87800e80:	ebb0 2f81 	cmp.w	r0, r1, lsl #10
87800e84:	bf00      	nop
87800e86:	eb42 0202 	adc.w	r2, r2, r2
87800e8a:	bf28      	it	cs
87800e8c:	eba0 2081 	subcs.w	r0, r0, r1, lsl #10
87800e90:	ebb0 2f41 	cmp.w	r0, r1, lsl #9
87800e94:	bf00      	nop
87800e96:	eb42 0202 	adc.w	r2, r2, r2
87800e9a:	bf28      	it	cs
87800e9c:	eba0 2041 	subcs.w	r0, r0, r1, lsl #9
87800ea0:	ebb0 2f01 	cmp.w	r0, r1, lsl #8
87800ea4:	bf00      	nop
87800ea6:	eb42 0202 	adc.w	r2, r2, r2
87800eaa:	bf28      	it	cs
87800eac:	eba0 2001 	subcs.w	r0, r0, r1, lsl #8
87800eb0:	ebb0 1fc1 	cmp.w	r0, r1, lsl #7
87800eb4:	bf00      	nop
87800eb6:	eb42 0202 	adc.w	r2, r2, r2
87800eba:	bf28      	it	cs
87800ebc:	eba0 10c1 	subcs.w	r0, r0, r1, lsl #7
87800ec0:	ebb0 1f81 	cmp.w	r0, r1, lsl #6
87800ec4:	bf00      	nop
87800ec6:	eb42 0202 	adc.w	r2, r2, r2
87800eca:	bf28      	it	cs
87800ecc:	eba0 1081 	subcs.w	r0, r0, r1, lsl #6
87800ed0:	ebb0 1f41 	cmp.w	r0, r1, lsl #5
87800ed4:	bf00      	nop
87800ed6:	eb42 0202 	adc.w	r2, r2, r2
87800eda:	bf28      	it	cs
87800edc:	eba0 1041 	subcs.w	r0, r0, r1, lsl #5
87800ee0:	ebb0 1f01 	cmp.w	r0, r1, lsl #4
87800ee4:	bf00      	nop
87800ee6:	eb42 0202 	adc.w	r2, r2, r2
87800eea:	bf28      	it	cs
87800eec:	eba0 1001 	subcs.w	r0, r0, r1, lsl #4
87800ef0:	ebb0 0fc1 	cmp.w	r0, r1, lsl #3
87800ef4:	bf00      	nop
87800ef6:	eb42 0202 	adc.w	r2, r2, r2
87800efa:	bf28      	it	cs
87800efc:	eba0 00c1 	subcs.w	r0, r0, r1, lsl #3
87800f00:	ebb0 0f81 	cmp.w	r0, r1, lsl #2
87800f04:	bf00      	nop
87800f06:	eb42 0202 	adc.w	r2, r2, r2
87800f0a:	bf28      	it	cs
87800f0c:	eba0 0081 	subcs.w	r0, r0, r1, lsl #2
87800f10:	ebb0 0f41 	cmp.w	r0, r1, lsl #1
87800f14:	bf00      	nop
87800f16:	eb42 0202 	adc.w	r2, r2, r2
87800f1a:	bf28      	it	cs
87800f1c:	eba0 0041 	subcs.w	r0, r0, r1, lsl #1
87800f20:	ebb0 0f01 	cmp.w	r0, r1
87800f24:	bf00      	nop
87800f26:	eb42 0202 	adc.w	r2, r2, r2
87800f2a:	bf28      	it	cs
87800f2c:	eba0 0001 	subcs.w	r0, r0, r1
87800f30:	4610      	mov	r0, r2
87800f32:	4770      	bx	lr
87800f34:	bf0c      	ite	eq
87800f36:	2001      	moveq	r0, #1
87800f38:	2000      	movne	r0, #0
87800f3a:	4770      	bx	lr
87800f3c:	fab1 f281 	clz	r2, r1
87800f40:	f1c2 021f 	rsb	r2, r2, #31
87800f44:	fa20 f002 	lsr.w	r0, r0, r2
87800f48:	4770      	bx	lr
87800f4a:	b108      	cbz	r0, 87800f50 <__aeabi_uidiv+0x258>
87800f4c:	f04f 30ff 	mov.w	r0, #4294967295	; 0xffffffff
87800f50:	f000 b826 	b.w	87800fa0 <__aeabi_idiv0>

87800f54 <__aeabi_uidivmod>:
87800f54:	2900      	cmp	r1, #0
87800f56:	d0f8      	beq.n	87800f4a <__aeabi_uidiv+0x252>
87800f58:	e92d 4003 	stmdb	sp!, {r0, r1, lr}
87800f5c:	f7ff fecc 	bl	87800cf8 <__aeabi_uidiv>
87800f60:	e8bd 4006 	ldmia.w	sp!, {r1, r2, lr}
87800f64:	fb02 f300 	mul.w	r3, r2, r0
87800f68:	eba1 0103 	sub.w	r1, r1, r3
87800f6c:	4770      	bx	lr
87800f6e:	bf00      	nop

87800f70 <__aeabi_uldivmod>:
87800f70:	b953      	cbnz	r3, 87800f88 <__aeabi_uldivmod+0x18>
87800f72:	b94a      	cbnz	r2, 87800f88 <__aeabi_uldivmod+0x18>
87800f74:	2900      	cmp	r1, #0
87800f76:	bf08      	it	eq
87800f78:	2800      	cmpeq	r0, #0
87800f7a:	bf1c      	itt	ne
87800f7c:	f04f 31ff 	movne.w	r1, #4294967295	; 0xffffffff
87800f80:	f04f 30ff 	movne.w	r0, #4294967295	; 0xffffffff
87800f84:	f000 b80c 	b.w	87800fa0 <__aeabi_idiv0>
87800f88:	f1ad 0c08 	sub.w	ip, sp, #8
87800f8c:	e96d ce04 	strd	ip, lr, [sp, #-16]!
87800f90:	f000 f80c 	bl	87800fac <__udivmoddi4>
87800f94:	f8dd e004 	ldr.w	lr, [sp, #4]
87800f98:	e9dd 2302 	ldrd	r2, r3, [sp, #8]
87800f9c:	b004      	add	sp, #16
87800f9e:	4770      	bx	lr

87800fa0 <__aeabi_idiv0>:
87800fa0:	b502      	push	{r1, lr}
87800fa2:	f04f 0008 	mov.w	r0, #8
87800fa6:	f7ff fea5 	bl	87800cf4 <raise>
87800faa:	bd02      	pop	{r1, pc}

87800fac <__udivmoddi4>:
87800fac:	e92d 43f0 	stmdb	sp!, {r4, r5, r6, r7, r8, r9, lr}
87800fb0:	460d      	mov	r5, r1
87800fb2:	429d      	cmp	r5, r3
87800fb4:	4604      	mov	r4, r0
87800fb6:	4610      	mov	r0, r2
87800fb8:	4619      	mov	r1, r3
87800fba:	bf08      	it	eq
87800fbc:	4284      	cmpeq	r4, r0
87800fbe:	9a07      	ldr	r2, [sp, #28]
87800fc0:	bf3c      	itt	cc
87800fc2:	2000      	movcc	r0, #0
87800fc4:	2100      	movcc	r1, #0
87800fc6:	d36a      	bcc.n	8780109e <__udivmoddi4+0xf2>
87800fc8:	fab1 f681 	clz	r6, r1
87800fcc:	2900      	cmp	r1, #0
87800fce:	d06f      	beq.n	878010b0 <__udivmoddi4+0x104>
87800fd0:	fab5 f385 	clz	r3, r5
87800fd4:	2d00      	cmp	r5, #0
87800fd6:	d067      	beq.n	878010a8 <__udivmoddi4+0xfc>
87800fd8:	1af3      	subs	r3, r6, r3
87800fda:	f1a3 0c20 	sub.w	ip, r3, #32
87800fde:	fa01 f703 	lsl.w	r7, r1, r3
87800fe2:	fa00 fe0c 	lsl.w	lr, r0, ip
87800fe6:	f1c3 0820 	rsb	r8, r3, #32
87800fea:	fa20 f108 	lsr.w	r1, r0, r8
87800fee:	fa00 f603 	lsl.w	r6, r0, r3
87800ff2:	ea47 070e 	orr.w	r7, r7, lr
87800ff6:	469e      	mov	lr, r3
87800ff8:	430f      	orrs	r7, r1
87800ffa:	42bd      	cmp	r5, r7
87800ffc:	bf08      	it	eq
87800ffe:	42b4      	cmpeq	r4, r6
87801000:	bf3c      	itt	cc
87801002:	2000      	movcc	r0, #0
87801004:	2100      	movcc	r1, #0
87801006:	d30c      	bcc.n	87801022 <__udivmoddi4+0x76>
87801008:	f04f 0901 	mov.w	r9, #1
8780100c:	1ba4      	subs	r4, r4, r6
8780100e:	fa29 f808 	lsr.w	r8, r9, r8
87801012:	fa09 f10c 	lsl.w	r1, r9, ip
87801016:	fa09 f003 	lsl.w	r0, r9, r3
8780101a:	ea41 0108 	orr.w	r1, r1, r8
8780101e:	eb65 0507 	sbc.w	r5, r5, r7
87801022:	2b00      	cmp	r3, #0
87801024:	d03b      	beq.n	8780109e <__udivmoddi4+0xf2>
87801026:	087f      	lsrs	r7, r7, #1
87801028:	ea4f 0636 	mov.w	r6, r6, rrx
8780102c:	e009      	b.n	87801042 <__udivmoddi4+0x96>
8780102e:	1ba4      	subs	r4, r4, r6
87801030:	eb65 0507 	sbc.w	r5, r5, r7
87801034:	1924      	adds	r4, r4, r4
87801036:	416d      	adcs	r5, r5
87801038:	3401      	adds	r4, #1
8780103a:	f145 0500 	adc.w	r5, r5, #0
8780103e:	3b01      	subs	r3, #1
87801040:	d007      	beq.n	87801052 <__udivmoddi4+0xa6>
87801042:	42bd      	cmp	r5, r7
87801044:	bf08      	it	eq
87801046:	42b4      	cmpeq	r4, r6
87801048:	d2f1      	bcs.n	8780102e <__udivmoddi4+0x82>
8780104a:	1924      	adds	r4, r4, r4
8780104c:	416d      	adcs	r5, r5
8780104e:	3b01      	subs	r3, #1
87801050:	d1f7      	bne.n	87801042 <__udivmoddi4+0x96>
87801052:	f1ce 0720 	rsb	r7, lr, #32
87801056:	fa24 f60e 	lsr.w	r6, r4, lr
8780105a:	fa05 f707 	lsl.w	r7, r5, r7
8780105e:	f1ae 0320 	sub.w	r3, lr, #32
87801062:	fa25 f303 	lsr.w	r3, r5, r3
87801066:	fa25 fc0e 	lsr.w	ip, r5, lr
8780106a:	1900      	adds	r0, r0, r4
8780106c:	ea46 0607 	orr.w	r6, r6, r7
87801070:	ea46 0403 	orr.w	r4, r6, r3
87801074:	4169      	adcs	r1, r5
87801076:	4665      	mov	r5, ip
87801078:	f1ae 0c20 	sub.w	ip, lr, #32
8780107c:	fa05 f70e 	lsl.w	r7, r5, lr
87801080:	fa04 fc0c 	lsl.w	ip, r4, ip
87801084:	fa04 f60e 	lsl.w	r6, r4, lr
87801088:	f1ce 0320 	rsb	r3, lr, #32
8780108c:	fa24 f303 	lsr.w	r3, r4, r3
87801090:	ea47 070c 	orr.w	r7, r7, ip
87801094:	1b80      	subs	r0, r0, r6
87801096:	ea47 0703 	orr.w	r7, r7, r3
8780109a:	eb61 0107 	sbc.w	r1, r1, r7
8780109e:	b10a      	cbz	r2, 878010a4 <__udivmoddi4+0xf8>
878010a0:	e9c2 4500 	strd	r4, r5, [r2]
878010a4:	e8bd 83f0 	ldmia.w	sp!, {r4, r5, r6, r7, r8, r9, pc}
878010a8:	fab4 f384 	clz	r3, r4
878010ac:	3320      	adds	r3, #32
878010ae:	e793      	b.n	87800fd8 <__udivmoddi4+0x2c>
878010b0:	fab0 f380 	clz	r3, r0
878010b4:	f103 0620 	add.w	r6, r3, #32
878010b8:	fab5 f385 	clz	r3, r5
878010bc:	2d00      	cmp	r5, #0
878010be:	d18b      	bne.n	87800fd8 <__udivmoddi4+0x2c>
878010c0:	e7f2      	b.n	878010a8 <__udivmoddi4+0xfc>
878010c2:	bf00      	nop
878010c4:	0000      	movs	r0, r0
	...

878010c8 <__main_from_arm>:
878010c8:	e51ff004 	ldr	pc, [pc, #-4]	; 878010cc <__main_from_arm+0x4>
878010cc:	878010d1 			; <UNDEFINED> instruction: 0x878010d1

Disassembly of section .text.startup:

878010d0 <main>:
878010d0:	b508      	push	{r3, lr}
878010d2:	f241 143c 	movw	r4, #4412	; 0x113c
878010d6:	f2c8 7480 	movt	r4, #34688	; 0x8780
878010da:	f7ff faaf 	bl	8780063c <int_init>
878010de:	f7ff f85b 	bl	87800198 <imx6u_clkInit>
878010e2:	f7ff f901 	bl	878002e8 <delay_init>
878010e6:	f7ff fdad 	bl	87800c44 <uart_init>
878010ea:	f7ff f845 	bl	87800178 <clk_enable>
878010ee:	f7ff f8b9 	bl	87800264 <led_init>
878010f2:	f7ff f96b 	bl	878003cc <beep_init>
878010f6:	f7ff f999 	bl	8780042c <key_init>
878010fa:	7823      	ldrb	r3, [r4, #0]
878010fc:	2000      	movs	r0, #0
878010fe:	fab3 f383 	clz	r3, r3
87801102:	095b      	lsrs	r3, r3, #5
87801104:	4619      	mov	r1, r3
87801106:	7023      	strb	r3, [r4, #0]
87801108:	f7ff f8d8 	bl	878002bc <led_switch>
8780110c:	f44f 70fa 	mov.w	r0, #500	; 0x1f4
87801110:	f7ff f920 	bl	87800354 <delay_ms>
87801114:	e7f1      	b.n	878010fa <main+0x2a>
87801116:	bf00      	nop

Disassembly of section .rodata:

87801118 <CSWTCH.15>:
87801118:	00000004 	andeq	r0, r0, r4
8780111c:	00000003 	andeq	r0, r0, r3
87801120:	00000002 	andeq	r0, r0, r2
87801124:	00000001 	andeq	r0, r0, r1
87801128:	00000000 	andeq	r0, r0, r0
8780112c:	00000006 	andeq	r0, r0, r6

Disassembly of section .ARM.exidx:

87801130 <.ARM.exidx>:
87801130:	7ffffe7c 	svcvc	0x00fffe7c
87801134:	00000001 	andeq	r0, r0, r1

Disassembly of section .data:

87801138 <release.7751>:
87801138:	地址 0x0000000087801138 越界。


Disassembly of section .bss:

8780113c <__bss_start>:
8780113c:	00000000 	andeq	r0, r0, r0

87801140 <irqTable>:
	...

87801640 <irqNesting>:
87801640:	00000000 	andeq	r0, r0, r0

87801644 <state.7761>:
	...

87801645 <state.7714>:
	...

87801646 <state.7765>:
	...

Disassembly of section .comment:

00000000 <.comment>:
   0:	3a434347 	bcc	10d0d24 <shift+0x10d0d24>
   4:	694c2820 	stmdbvs	ip, {r5, fp, sp}^
   8:	6f72616e 	svcvs	0x0072616e
   c:	43434720 	movtmi	r4, #14112	; 0x3720
  10:	392e3420 	stmdbcc	lr!, {r5, sl, ip, sp}
  14:	3130322d 	teqcc	r0, sp, lsr #4
  18:	31302e37 	teqcc	r0, r7, lsr lr
  1c:	2e342029 	cdpcs	0, 3, cr2, cr4, cr9, {1}
  20:	00342e39 	eorseq	r2, r4, r9, lsr lr

Disassembly of section .ARM.attributes:

00000000 <.ARM.attributes>:
   0:	00003041 	andeq	r3, r0, r1, asr #32
   4:	61656100 	cmnvs	r5, r0, lsl #2
   8:	01006962 	tsteq	r0, r2, ror #18
   c:	00000026 	andeq	r0, r0, r6, lsr #32
  10:	412d3705 	teqmi	sp, r5, lsl #14
  14:	070a0600 	streq	r0, [sl, -r0, lsl #12]
  18:	09010841 	stmdbeq	r1, {r0, r6, fp}
  1c:	12040a02 	andne	r0, r4, #8192	; 0x2000
  20:	15011404 	strne	r1, [r1, #-1028]	; 0x404
  24:	18031701 	stmdane	r3, {r0, r8, r9, sl, ip}
  28:	1b021a01 	blne	86834 <shift+0x86834>
  2c:	22011c03 	andcs	r1, r1, #768	; 0x300
  30:	地址 0x0000000000000030 越界。


Disassembly of section .debug_frame:

00000000 <.debug_frame>:
   0:	0000000c 	andeq	r0, r0, ip
   4:	ffffffff 			; <UNDEFINED> instruction: 0xffffffff
   8:	7c010001 	stcvc	0, cr0, [r1], {1}
   c:	000d0c0e 	andeq	r0, sp, lr, lsl #24
  10:	0000000c 	andeq	r0, r0, ip
  14:	00000000 	andeq	r0, r0, r0
  18:	87800cf9 			; <UNDEFINED> instruction: 0x87800cf9
  1c:	0000025c 	andeq	r0, r0, ip, asr r2
  20:	0000000c 	andeq	r0, r0, ip
  24:	ffffffff 			; <UNDEFINED> instruction: 0xffffffff
  28:	7c020001 	stcvc	0, cr0, [r2], {1}
  2c:	000d0c0e 	andeq	r0, sp, lr, lsl #24
  30:	00000018 	andeq	r0, r0, r8, lsl r0
  34:	00000020 	andeq	r0, r0, r0, lsr #32
  38:	87800f70 			; <UNDEFINED> instruction: 0x87800f70
  3c:	00000030 	andeq	r0, r0, r0, lsr r0
  40:	8e100e50 	mrchi	14, 0, r0, cr0, cr0, {2}
  44:	0ece4703 	cdpeq	7, 12, cr4, cr14, cr3, {0}
  48:	00000010 	andeq	r0, r0, r0, lsl r0
  4c:	0000000c 	andeq	r0, r0, ip
  50:	ffffffff 			; <UNDEFINED> instruction: 0xffffffff
  54:	7c020001 	stcvc	0, cr0, [r2], {1}
  58:	000d0c0e 	andeq	r0, sp, lr, lsl #24
  5c:	00000020 	andeq	r0, r0, r0, lsr #32
  60:	0000004c 	andeq	r0, r0, ip, asr #32
  64:	87800fac 	strhi	r0, [r0, ip, lsr #31]
  68:	00000116 	andeq	r0, r0, r6, lsl r1
  6c:	841c0e42 	ldrhi	r0, [ip], #-3650	; 0xe42
  70:	86068507 	strhi	r8, [r6], -r7, lsl #10
  74:	88048705 	stmdahi	r4, {r0, r2, r8, r9, sl, pc}
  78:	8e028903 	cdphi	9, 0, cr8, cr2, cr3, {0}
  7c:	00000001 	andeq	r0, r0, r1

Disassembly of section .debug_line:

00000000 <.debug_line>:
   0:	00000100 	andeq	r0, r0, r0, lsl #2
   4:	00c70002 	sbceq	r0, r7, r2
   8:	01020000 	mrseq	r0, (UNDEF: 2)
   c:	000d0efb 	strdeq	r0, [sp], -fp
  10:	01010101 	tsteq	r1, r1, lsl #2
  14:	01000000 	mrseq	r0, (UNDEF: 0)
  18:	2f010000 	svccs	0x00010000
  1c:	656d6f68 	strbvs	r6, [sp, #-3944]!	; 0xf68
  20:	7763742f 	strbvc	r7, [r3, -pc, lsr #8]!
  24:	75622d67 	strbvc	r2, [r2, #-3431]!	; 0xd67
  28:	73646c69 	cmnvc	r4, #26880	; 0x6900
  2c:	6576616c 	ldrbvs	r6, [r6, #-364]!	; 0x16c
  30:	726f772f 	rsbvc	r7, pc, #12320768	; 0xbc0000
  34:	6170736b 	cmnvs	r0, fp, ror #6
  38:	742f6563 	strtvc	r6, [pc], #-1379	; 40 <shift+0x40>
  3c:	2d677763 	stclcs	7, cr7, [r7, #-396]!	; 0xfffffe74
  40:	656b616d 	strbvs	r6, [fp, #-365]!	; 0x16d
  44:	6c65722d 	sfmvs	f7, 2, [r5], #-180	; 0xffffff4c
  48:	65736165 	ldrbvs	r6, [r3, #-357]!	; 0x165
  4c:	62616c2f 	rsbvs	r6, r1, #12032	; 0x2f00
  50:	642f6c65 	strtvs	r6, [pc], #-3173	; 58 <shift+0x58>
  54:	656b636f 	strbvs	r6, [fp, #-879]!	; 0x36f
  58:	72742d72 	rsbsvc	r2, r4, #7296	; 0x1c80
  5c:	79747375 	ldmdbvc	r4!, {r0, r2, r4, r5, r6, r8, r9, ip, sp, lr}^
  60:	646d612d 	strbtvs	r6, [sp], #-301	; 0x12d
  64:	742d3436 	strtvc	r3, [sp], #-1078	; 0x436
  68:	2d677763 	stclcs	7, cr7, [r7, #-396]!	; 0xfffffe74
  6c:	6c697562 	cfstr64vs	mvdx7, [r9], #-392	; 0xfffffe78
  70:	61742f64 	cmnvs	r4, r4, ror #30
  74:	74656772 	strbtvc	r6, [r5], #-1906	; 0x772
  78:	6d72612f 	ldfvse	f6, [r2, #-188]!	; 0xffffff44
  7c:	6e696c2d 	cdpvs	12, 6, cr6, cr9, cr13, {1}
  80:	672d7875 			; <UNDEFINED> instruction: 0x672d7875
  84:	6165756e 	cmnvs	r5, lr, ror #10
  88:	66686962 	strbtvs	r6, [r8], -r2, ror #18
  8c:	616e732f 	cmnvs	lr, pc, lsr #6
  90:	6f687370 	svcvs	0x00687370
  94:	672f7374 			; <UNDEFINED> instruction: 0x672f7374
  98:	6c2d6363 	stcvs	3, cr6, [sp], #-396	; 0xfffffe74
  9c:	72616e69 	rsbvc	r6, r1, #1680	; 0x690
  a0:	2e342d6f 	cdpcs	13, 3, cr2, cr4, cr15, {3}
  a4:	30322d39 	eorscc	r2, r2, r9, lsr sp
  a8:	302e3731 	eorcc	r3, lr, r1, lsr r7
  ac:	696c2f31 	stmdbvs	ip!, {r0, r4, r5, r8, r9, sl, fp, sp}^
  b0:	63636762 	cmnvs	r3, #25690112	; 0x1880000
  b4:	6e6f632f 	cdpvs	3, 6, cr6, cr15, cr15, {1}
  b8:	2f676966 	svccs	0x00676966
  bc:	006d7261 	rsbeq	r7, sp, r1, ror #4
  c0:	62696c00 	rsbvs	r6, r9, #0, 24
  c4:	6e756631 	mrcvs	6, 3, r6, cr5, cr1, {1}
  c8:	532e7363 	teqpl	lr, #-1946157055	; 0x8c000001
  cc:	00000100 	andeq	r0, r0, r0, lsl #2
  d0:	02050000 	andeq	r0, r5, #0
  d4:	87800cf8 			; <UNDEFINED> instruction: 0x87800cf8
  d8:	0107cf03 	tsteq	r7, r3, lsl #30
  dc:	2f212121 	svccs	0x00212121
  e0:	30212f21 	eorcc	r2, r1, r1, lsr #30
  e4:	14029102 	strne	r9, [r2], #-258	; 0x102
  e8:	21212221 	teqcs	r1, r1, lsr #4
  ec:	2f4c2221 	svccs	0x004c2221
  f0:	207aeb03 	rsbscs	lr, sl, r3, lsl #22
  f4:	5805af03 	stmdapl	r5, {r0, r1, r8, r9, sl, fp, sp, pc}
  f8:	2f2f2121 	svccs	0x002f2121
  fc:	022f2f2f 	eoreq	r2, pc, #47, 30	; 0xbc
 100:	01010001 	tsteq	r1, r1
 104:	000000dd 	ldrdeq	r0, [r0], -sp
 108:	00c30002 	sbceq	r0, r3, r2
 10c:	01020000 	mrseq	r0, (UNDEF: 2)
 110:	000d0efb 	strdeq	r0, [sp], -fp
 114:	01010101 	tsteq	r1, r1, lsl #2
 118:	01000000 	mrseq	r0, (UNDEF: 0)
 11c:	2f010000 	svccs	0x00010000
 120:	656d6f68 	strbvs	r6, [sp, #-3944]!	; 0xf68
 124:	7763742f 	strbvc	r7, [r3, -pc, lsr #8]!
 128:	75622d67 	strbvc	r2, [r2, #-3431]!	; 0xd67
 12c:	73646c69 	cmnvc	r4, #26880	; 0x6900
 130:	6576616c 	ldrbvs	r6, [r6, #-364]!	; 0x16c
 134:	726f772f 	rsbvc	r7, pc, #12320768	; 0xbc0000
 138:	6170736b 	cmnvs	r0, fp, ror #6
 13c:	742f6563 	strtvc	r6, [pc], #-1379	; 144 <shift+0x144>
 140:	2d677763 	stclcs	7, cr7, [r7, #-396]!	; 0xfffffe74
 144:	656b616d 	strbvs	r6, [fp, #-365]!	; 0x16d
 148:	6c65722d 	sfmvs	f7, 2, [r5], #-180	; 0xffffff4c
 14c:	65736165 	ldrbvs	r6, [r3, #-357]!	; 0x165
 150:	62616c2f 	rsbvs	r6, r1, #12032	; 0x2f00
 154:	642f6c65 	strtvs	r6, [pc], #-3173	; 15c <shift+0x15c>
 158:	656b636f 	strbvs	r6, [fp, #-879]!	; 0x36f
 15c:	72742d72 	rsbsvc	r2, r4, #7296	; 0x1c80
 160:	79747375 	ldmdbvc	r4!, {r0, r2, r4, r5, r6, r8, r9, ip, sp, lr}^
 164:	646d612d 	strbtvs	r6, [sp], #-301	; 0x12d
 168:	742d3436 	strtvc	r3, [sp], #-1078	; 0x436
 16c:	2d677763 	stclcs	7, cr7, [r7, #-396]!	; 0xfffffe74
 170:	6c697562 	cfstr64vs	mvdx7, [r9], #-392	; 0xfffffe78
 174:	61742f64 	cmnvs	r4, r4, ror #30
 178:	74656772 	strbtvc	r6, [r5], #-1906	; 0x772
 17c:	6d72612f 	ldfvse	f6, [r2, #-188]!	; 0xffffff44
 180:	6e696c2d 	cdpvs	12, 6, cr6, cr9, cr13, {1}
 184:	672d7875 			; <UNDEFINED> instruction: 0x672d7875
 188:	6165756e 	cmnvs	r5, lr, ror #10
 18c:	66686962 	strbtvs	r6, [r8], -r2, ror #18
 190:	616e732f 	cmnvs	lr, pc, lsr #6
 194:	6f687370 	svcvs	0x00687370
 198:	672f7374 			; <UNDEFINED> instruction: 0x672f7374
 19c:	6c2d6363 	stcvs	3, cr6, [sp], #-396	; 0xfffffe74
 1a0:	72616e69 	rsbvc	r6, r1, #1680	; 0x690
 1a4:	2e342d6f 	cdpcs	13, 3, cr2, cr4, cr15, {3}
 1a8:	30322d39 	eorscc	r2, r2, r9, lsr sp
 1ac:	302e3731 	eorcc	r3, lr, r1, lsr r7
 1b0:	696c2f31 	stmdbvs	ip!, {r0, r4, r5, r8, r9, sl, fp, sp}^
 1b4:	63636762 	cmnvs	r3, #25690112	; 0x1880000
 1b8:	6e6f632f 	cdpvs	3, 6, cr6, cr15, cr15, {1}
 1bc:	2f676966 	svccs	0x00676966
 1c0:	006d7261 	rsbeq	r7, sp, r1, ror #4
 1c4:	61706200 	cmnvs	r0, r0, lsl #4
 1c8:	532e6962 	teqpl	lr, #1605632	; 0x188000
 1cc:	00000100 	andeq	r0, r0, r0, lsl #2
 1d0:	02050000 	andeq	r0, r5, #0
 1d4:	87800f70 			; <UNDEFINED> instruction: 0x87800f70
 1d8:	0101fd03 	tsteq	r1, r3, lsl #26
 1dc:	592f4cbc 	stmdbpl	pc!, {r2, r3, r4, r5, r7, sl, fp, lr}	; <UNPREDICTABLE>
 1e0:	01000102 	tsteq	r0, r2, lsl #2
 1e4:	0000e301 	andeq	lr, r0, r1, lsl #6
 1e8:	c7000200 	strgt	r0, [r0, -r0, lsl #4]
 1ec:	02000000 	andeq	r0, r0, #0
 1f0:	0d0efb01 	vstreq	d15, [lr, #-4]
 1f4:	01010100 	mrseq	r0, (UNDEF: 17)
 1f8:	00000001 	andeq	r0, r0, r1
 1fc:	01000001 	tsteq	r0, r1
 200:	6d6f682f 	stclvs	8, cr6, [pc, #-188]!	; 14c <shift+0x14c>
 204:	63742f65 	cmnvs	r4, #404	; 0x194
 208:	622d6777 	eorvs	r6, sp, #31195136	; 0x1dc0000
 20c:	646c6975 	strbtvs	r6, [ip], #-2421	; 0x975
 210:	76616c73 			; <UNDEFINED> instruction: 0x76616c73
 214:	6f772f65 	svcvs	0x00772f65
 218:	70736b72 	rsbsvc	r6, r3, r2, ror fp
 21c:	2f656361 	svccs	0x00656361
 220:	67776374 			; <UNDEFINED> instruction: 0x67776374
 224:	6b616d2d 	blvs	185b6e0 <shift+0x185b6e0>
 228:	65722d65 	ldrbvs	r2, [r2, #-3429]!	; 0xd65
 22c:	7361656c 	cmnvc	r1, #108, 10	; 0x1b000000
 230:	616c2f65 	cmnvs	ip, r5, ror #30
 234:	2f6c6562 	svccs	0x006c6562
 238:	6b636f64 	blvs	18dbfd0 <shift+0x18dbfd0>
 23c:	742d7265 	strtvc	r7, [sp], #-613	; 0x265
 240:	74737572 	ldrbtvc	r7, [r3], #-1394	; 0x572
 244:	6d612d79 	stclvs	13, cr2, [r1, #-484]!	; 0xfffffe1c
 248:	2d343664 	ldccs	6, cr3, [r4, #-400]!	; 0xfffffe70
 24c:	67776374 			; <UNDEFINED> instruction: 0x67776374
 250:	6975622d 	ldmdbvs	r5!, {r0, r2, r3, r5, r9, sp, lr}^
 254:	742f646c 	strtvc	r6, [pc], #-1132	; 25c <shift+0x25c>
 258:	65677261 	strbvs	r7, [r7, #-609]!	; 0x261
 25c:	72612f74 	rsbvc	r2, r1, #116, 30	; 0x1d0
 260:	696c2d6d 	stmdbvs	ip!, {r0, r2, r3, r5, r6, r8, sl, fp, sp}^
 264:	2d78756e 	cfldr64cs	mvdx7, [r8, #-440]!	; 0xfffffe48
 268:	65756e67 	ldrbvs	r6, [r5, #-3687]!	; 0xe67
 26c:	68696261 	stmdavs	r9!, {r0, r5, r6, r9, sp, lr}^
 270:	6e732f66 	cdpvs	15, 7, cr2, cr3, cr6, {3}
 274:	68737061 	ldmdavs	r3!, {r0, r5, r6, ip, sp, lr}^
 278:	2f73746f 	svccs	0x0073746f
 27c:	2d636367 	stclcs	3, cr6, [r3, #-412]!	; 0xfffffe64
 280:	616e696c 	cmnvs	lr, ip, ror #18
 284:	342d6f72 	strtcc	r6, [sp], #-3954	; 0xf72
 288:	322d392e 	eorcc	r3, sp, #753664	; 0xb8000
 28c:	2e373130 	mrccs	1, 1, r3, cr7, cr0, {1}
 290:	6c2f3130 	stfvss	f3, [pc], #-192	; 1d8 <shift+0x1d8>
 294:	63676269 	cmnvs	r7, #-1879048186	; 0x90000006
 298:	6f632f63 	svcvs	0x00632f63
 29c:	6769666e 	strbvs	r6, [r9, -lr, ror #12]!
 2a0:	6d72612f 	ldfvse	f6, [r2, #-188]!	; 0xffffff44
 2a4:	696c0000 	stmdbvs	ip!, {}^	; <UNPREDICTABLE>
 2a8:	75663162 	strbvc	r3, [r6, #-354]!	; 0x162
 2ac:	2e73636e 	cdpcs	3, 7, cr6, cr3, cr14, {3}
 2b0:	00010053 	andeq	r0, r1, r3, asr r0
 2b4:	05000000 	streq	r0, [r0, #-0]
 2b8:	800fa002 	andhi	sl, pc, r2
 2bc:	0ab00387 	beq	fec010e0 <__bss_end+0x773ffa99>
 2c0:	032f2101 	teqeq	pc, #1073741824	; 0x40000000
 2c4:	022e77bb 	eoreq	r7, lr, #49020928	; 0x2ec0000
 2c8:	01010001 	tsteq	r1, r1
 2cc:	00000113 	andeq	r0, r0, r3, lsl r1
 2d0:	00c70002 	sbceq	r0, r7, r2
 2d4:	01020000 	mrseq	r0, (UNDEF: 2)
 2d8:	000d0efb 	strdeq	r0, [sp], -fp
 2dc:	01010101 	tsteq	r1, r1, lsl #2
 2e0:	01000000 	mrseq	r0, (UNDEF: 0)
 2e4:	2f010000 	svccs	0x00010000
 2e8:	656d6f68 	strbvs	r6, [sp, #-3944]!	; 0xf68
 2ec:	7763742f 	strbvc	r7, [r3, -pc, lsr #8]!
 2f0:	75622d67 	strbvc	r2, [r2, #-3431]!	; 0xd67
 2f4:	73646c69 	cmnvc	r4, #26880	; 0x6900
 2f8:	6576616c 	ldrbvs	r6, [r6, #-364]!	; 0x16c
 2fc:	726f772f 	rsbvc	r7, pc, #12320768	; 0xbc0000
 300:	6170736b 	cmnvs	r0, fp, ror #6
 304:	742f6563 	strtvc	r6, [pc], #-1379	; 30c <shift+0x30c>
 308:	2d677763 	stclcs	7, cr7, [r7, #-396]!	; 0xfffffe74
 30c:	656b616d 	strbvs	r6, [fp, #-365]!	; 0x16d
 310:	6c65722d 	sfmvs	f7, 2, [r5], #-180	; 0xffffff4c
 314:	65736165 	ldrbvs	r6, [r3, #-357]!	; 0x165
 318:	62616c2f 	rsbvs	r6, r1, #12032	; 0x2f00
 31c:	642f6c65 	strtvs	r6, [pc], #-3173	; 324 <shift+0x324>
 320:	656b636f 	strbvs	r6, [fp, #-879]!	; 0x36f
 324:	72742d72 	rsbsvc	r2, r4, #7296	; 0x1c80
 328:	79747375 	ldmdbvc	r4!, {r0, r2, r4, r5, r6, r8, r9, ip, sp, lr}^
 32c:	646d612d 	strbtvs	r6, [sp], #-301	; 0x12d
 330:	742d3436 	strtvc	r3, [sp], #-1078	; 0x436
 334:	2d677763 	stclcs	7, cr7, [r7, #-396]!	; 0xfffffe74
 338:	6c697562 	cfstr64vs	mvdx7, [r9], #-392	; 0xfffffe78
 33c:	61742f64 	cmnvs	r4, r4, ror #30
 340:	74656772 	strbtvc	r6, [r5], #-1906	; 0x772
 344:	6d72612f 	ldfvse	f6, [r2, #-188]!	; 0xffffff44
 348:	6e696c2d 	cdpvs	12, 6, cr6, cr9, cr13, {1}
 34c:	672d7875 			; <UNDEFINED> instruction: 0x672d7875
 350:	6165756e 	cmnvs	r5, lr, ror #10
 354:	66686962 	strbtvs	r6, [r8], -r2, ror #18
 358:	616e732f 	cmnvs	lr, pc, lsr #6
 35c:	6f687370 	svcvs	0x00687370
 360:	672f7374 			; <UNDEFINED> instruction: 0x672f7374
 364:	6c2d6363 	stcvs	3, cr6, [sp], #-396	; 0xfffffe74
 368:	72616e69 	rsbvc	r6, r1, #1680	; 0x690
 36c:	2e342d6f 	cdpcs	13, 3, cr2, cr4, cr15, {3}
 370:	30322d39 	eorscc	r2, r2, r9, lsr sp
 374:	302e3731 	eorcc	r3, lr, r1, lsr r7
 378:	696c2f31 	stmdbvs	ip!, {r0, r4, r5, r8, r9, sl, fp, sp}^
 37c:	63636762 	cmnvs	r3, #25690112	; 0x1880000
 380:	696c0000 	stmdbvs	ip!, {}^	; <UNPREDICTABLE>
 384:	63636762 	cmnvs	r3, #25690112	; 0x1880000
 388:	00632e32 	rsbeq	r2, r3, r2, lsr lr
 38c:	6c000001 	stcvs	0, cr0, [r0], {1}
 390:	63676269 	cmnvs	r7, #-1879048186	; 0x90000006
 394:	682e3263 	stmdavs	lr!, {r0, r1, r5, r6, r9, ip, sp}
 398:	00000100 	andeq	r0, r0, r0, lsl #2
 39c:	02050000 	andeq	r0, r5, #0
 3a0:	87800fac 	strhi	r0, [r0, ip, lsr #31]
 3a4:	0107b003 	tsteq	r7, r3
 3a8:	200c032e 	andcs	r0, ip, lr, lsr #6
 3ac:	03207403 	teqeq	r0, #50331648	; 0x3000000
 3b0:	74033c0c 	strvc	r3, [r3], #-3084	; 0xc0c
 3b4:	0b03212e 	bleq	c8874 <shift+0xc8874>
 3b8:	4c4b223c 	sfmmi	f2, 2, [fp], {60}	; 0x3c
 3bc:	6803f921 	stmdavs	r3, {r0, r5, r8, fp, ip, sp, lr, pc}
 3c0:	3c18033c 	ldccc	3, cr0, [r8], {60}	; 0x3c
 3c4:	81212d23 	teqhi	r1, r3, lsr #26
 3c8:	86523032 			; <UNDEFINED> instruction: 0x86523032
 3cc:	33304d29 	teqcc	r0, #2624	; 0xa40
 3d0:	214921b9 	strhcs	r2, [r9, #-25]	; 0xffffffe7
 3d4:	21320821 	teqcs	r2, r1, lsr #16
 3d8:	2e550330 	mrccs	3, 2, r0, cr5, cr0, {1}
 3dc:	05024b49 	streq	r4, [r2, #-2889]	; 0xb49
 3e0:	地址 0x00000000000003e0 越界。


Disassembly of section .debug_info:

00000000 <.debug_info>:
   0:	000001bb 			; <UNDEFINED> instruction: 0x000001bb
   4:	00000002 	andeq	r0, r0, r2
   8:	01040000 	mrseq	r0, (UNDEF: 4)
   c:	00000000 	andeq	r0, r0, r0
  10:	87800cf8 			; <UNDEFINED> instruction: 0x87800cf8
  14:	87800f6e 	strhi	r0, [r0, lr, ror #30]
  18:	6d6f682f 	stclvs	8, cr6, [pc, #-188]!	; ffffff64 <__bss_end+0x787fe91d>
  1c:	63742f65 	cmnvs	r4, #404	; 0x194
  20:	622d6777 	eorvs	r6, sp, #31195136	; 0x1dc0000
  24:	646c6975 	strbtvs	r6, [ip], #-2421	; 0x975
  28:	76616c73 			; <UNDEFINED> instruction: 0x76616c73
  2c:	6f772f65 	svcvs	0x00772f65
  30:	70736b72 	rsbsvc	r6, r3, r2, ror fp
  34:	2f656361 	svccs	0x00656361
  38:	67776374 			; <UNDEFINED> instruction: 0x67776374
  3c:	6b616d2d 	blvs	185b4f8 <shift+0x185b4f8>
  40:	65722d65 	ldrbvs	r2, [r2, #-3429]!	; 0xd65
  44:	7361656c 	cmnvc	r1, #108, 10	; 0x1b000000
  48:	616c2f65 	cmnvs	ip, r5, ror #30
  4c:	2f6c6562 	svccs	0x006c6562
  50:	6b636f64 	blvs	18dbde8 <shift+0x18dbde8>
  54:	742d7265 	strtvc	r7, [sp], #-613	; 0x265
  58:	74737572 	ldrbtvc	r7, [r3], #-1394	; 0x572
  5c:	6d612d79 	stclvs	13, cr2, [r1, #-484]!	; 0xfffffe1c
  60:	2d343664 	ldccs	6, cr3, [r4, #-400]!	; 0xfffffe70
  64:	67776374 			; <UNDEFINED> instruction: 0x67776374
  68:	6975622d 	ldmdbvs	r5!, {r0, r2, r3, r5, r9, sp, lr}^
  6c:	742f646c 	strtvc	r6, [pc], #-1132	; 74 <shift+0x74>
  70:	65677261 	strbvs	r7, [r7, #-609]!	; 0x261
  74:	72612f74 	rsbvc	r2, r1, #116, 30	; 0x1d0
  78:	696c2d6d 	stmdbvs	ip!, {r0, r2, r3, r5, r6, r8, sl, fp, sp}^
  7c:	2d78756e 	cfldr64cs	mvdx7, [r8, #-440]!	; 0xfffffe48
  80:	65756e67 	ldrbvs	r6, [r5, #-3687]!	; 0xe67
  84:	68696261 	stmdavs	r9!, {r0, r5, r6, r9, sp, lr}^
  88:	6e732f66 	cdpvs	15, 7, cr2, cr3, cr6, {3}
  8c:	68737061 	ldmdavs	r3!, {r0, r5, r6, ip, sp, lr}^
  90:	2f73746f 	svccs	0x0073746f
  94:	2d636367 	stclcs	3, cr6, [r3, #-412]!	; 0xfffffe64
  98:	616e696c 	cmnvs	lr, ip, ror #18
  9c:	342d6f72 	strtcc	r6, [sp], #-3954	; 0xf72
  a0:	322d392e 	eorcc	r3, sp, #753664	; 0xb8000
  a4:	2e373130 	mrccs	1, 1, r3, cr7, cr0, {1}
  a8:	6c2f3130 	stfvss	f3, [pc], #-192	; fffffff0 <__bss_end+0x787fe9a9>
  ac:	63676269 	cmnvs	r7, #-1879048186	; 0x90000006
  b0:	6f632f63 	svcvs	0x00632f63
  b4:	6769666e 	strbvs	r6, [r9, -lr, ror #12]!
  b8:	6d72612f 	ldfvse	f6, [r2, #-188]!	; 0xffffff44
  bc:	62696c2f 	rsbvs	r6, r9, #12032	; 0x2f00
  c0:	6e756631 	mrcvs	6, 3, r6, cr5, cr1, {1}
  c4:	532e7363 	teqpl	lr, #-1946157055	; 0x8c000001
  c8:	6f682f00 	svcvs	0x00682f00
  cc:	742f656d 	strtvc	r6, [pc], #-1389	; d4 <shift+0xd4>
  d0:	2d677763 	stclcs	7, cr7, [r7, #-396]!	; 0xfffffe74
  d4:	6c697562 	cfstr64vs	mvdx7, [r9], #-392	; 0xfffffe78
  d8:	616c7364 	cmnvs	ip, r4, ror #6
  dc:	772f6576 			; <UNDEFINED> instruction: 0x772f6576
  e0:	736b726f 	cmnvc	fp, #-268435450	; 0xf0000006
  e4:	65636170 	strbvs	r6, [r3, #-368]!	; 0x170
  e8:	7763742f 	strbvc	r7, [r3, -pc, lsr #8]!
  ec:	616d2d67 	cmnvs	sp, r7, ror #26
  f0:	722d656b 	eorvc	r6, sp, #448790528	; 0x1ac00000
  f4:	61656c65 	cmnvs	r5, r5, ror #24
  f8:	6c2f6573 	cfstr32vs	mvfx6, [pc], #-460	; ffffff34 <__bss_end+0x787fe8ed>
  fc:	6c656261 	sfmvs	f6, 2, [r5], #-388	; 0xfffffe7c
 100:	636f642f 	cmnvs	pc, #788529152	; 0x2f000000
 104:	2d72656b 	cfldr64cs	mvdx6, [r2, #-428]!	; 0xfffffe54
 108:	73757274 	cmnvc	r5, #116, 4	; 0x40000007
 10c:	612d7974 	teqvs	sp, r4, ror r9
 110:	3436646d 	ldrtcc	r6, [r6], #-1133	; 0x46d
 114:	7763742d 	strbvc	r7, [r3, -sp, lsr #8]!
 118:	75622d67 	strbvc	r2, [r2, #-3431]!	; 0xd67
 11c:	2f646c69 	svccs	0x00646c69
 120:	67726174 			; <UNDEFINED> instruction: 0x67726174
 124:	612f7465 	teqvs	pc, r5, ror #8
 128:	6c2d6d72 	stcvs	13, cr6, [sp], #-456	; 0xfffffe38
 12c:	78756e69 	ldmdavc	r5!, {r0, r3, r5, r6, r9, sl, fp, sp, lr}^
 130:	756e672d 	strbvc	r6, [lr, #-1837]!	; 0x72d
 134:	69626165 	stmdbvs	r2!, {r0, r2, r5, r6, r8, sp, lr}^
 138:	5f2f6668 	svcpl	0x002f6668
 13c:	6c697562 	cfstr64vs	mvdx7, [r9], #-392	; 0xfffffe78
 140:	75622f64 	strbvc	r2, [r2, #-3940]!	; 0xf64
 144:	73646c69 	cmnvc	r4, #26880	; 0x6900
 148:	3638782f 	ldrtcc	r7, [r8], -pc, lsr #16
 14c:	2d34365f 	ldccs	6, cr3, [r4, #-380]!	; 0xfffffe84
 150:	6e6b6e75 	mcrvs	14, 3, r6, cr11, cr5, {3}
 154:	2d6e776f 	stclcs	7, cr7, [lr, #-444]!	; 0xfffffe44
 158:	756e696c 	strbvc	r6, [lr, #-2412]!	; 0x96c
 15c:	6e672d78 	mcrvs	13, 3, r2, cr7, cr8, {3}
 160:	72612f75 	rsbvc	r2, r1, #468	; 0x1d4
 164:	696c2d6d 	stmdbvs	ip!, {r0, r2, r3, r5, r6, r8, sl, fp, sp}^
 168:	2d78756e 	cfldr64cs	mvdx7, [r8, #-440]!	; 0xfffffe48
 16c:	65756e67 	ldrbvs	r6, [r5, #-3687]!	; 0xe67
 170:	68696261 	stmdavs	r9!, {r0, r5, r6, r9, sp, lr}^
 174:	63672f66 	cmnvs	r7, #408	; 0x198
 178:	696c2d63 	stmdbvs	ip!, {r0, r1, r5, r6, r8, sl, fp, sp}^
 17c:	6f72616e 	svcvs	0x0072616e
 180:	392e342d 	stmdbcc	lr!, {r0, r2, r3, r5, sl, ip, sp}
 184:	3130322d 	teqcc	r0, sp, lsr #4
 188:	31302e37 	teqcc	r0, r7, lsr lr
 18c:	6174732d 	cmnvs	r4, sp, lsr #6
 190:	2f326567 	svccs	0x00326567
 194:	2d6d7261 	sfmcs	f7, 2, [sp, #-388]!	; 0xfffffe7c
 198:	756e696c 	strbvc	r6, [lr, #-2412]!	; 0x96c
 19c:	6e672d78 	mcrvs	13, 3, r2, cr7, cr8, {3}
 1a0:	62616575 	rsbvs	r6, r1, #490733568	; 0x1d400000
 1a4:	2f666869 	svccs	0x00666869
 1a8:	6762696c 	strbvs	r6, [r2, -ip, ror #18]!
 1ac:	47006363 	strmi	r6, [r0, -r3, ror #6]
 1b0:	4120554e 	teqmi	r0, lr, asr #10
 1b4:	2e322053 	mrccs	0, 1, r2, cr2, cr3, {2}
 1b8:	302e3432 	eorcc	r3, lr, r2, lsr r4
 1bc:	b7800100 	strlt	r0, [r0, r0, lsl #2]
 1c0:	02000001 	andeq	r0, r0, #1
 1c4:	00001400 	andeq	r1, r0, r0, lsl #8
 1c8:	04010400 	streq	r0, [r1], #-1024	; 0x400
 1cc:	70000001 	andvc	r0, r0, r1
 1d0:	a087800f 	addge	r8, r7, pc
 1d4:	2f87800f 	svccs	0x0087800f
 1d8:	656d6f68 	strbvs	r6, [sp, #-3944]!	; 0xf68
 1dc:	7763742f 	strbvc	r7, [r3, -pc, lsr #8]!
 1e0:	75622d67 	strbvc	r2, [r2, #-3431]!	; 0xd67
 1e4:	73646c69 	cmnvc	r4, #26880	; 0x6900
 1e8:	6576616c 	ldrbvs	r6, [r6, #-364]!	; 0x16c
 1ec:	726f772f 	rsbvc	r7, pc, #12320768	; 0xbc0000
 1f0:	6170736b 	cmnvs	r0, fp, ror #6
 1f4:	742f6563 	strtvc	r6, [pc], #-1379	; 1fc <shift+0x1fc>
 1f8:	2d677763 	stclcs	7, cr7, [r7, #-396]!	; 0xfffffe74
 1fc:	656b616d 	strbvs	r6, [fp, #-365]!	; 0x16d
 200:	6c65722d 	sfmvs	f7, 2, [r5], #-180	; 0xffffff4c
 204:	65736165 	ldrbvs	r6, [r3, #-357]!	; 0x165
 208:	62616c2f 	rsbvs	r6, r1, #12032	; 0x2f00
 20c:	642f6c65 	strtvs	r6, [pc], #-3173	; 214 <shift+0x214>
 210:	656b636f 	strbvs	r6, [fp, #-879]!	; 0x36f
 214:	72742d72 	rsbsvc	r2, r4, #7296	; 0x1c80
 218:	79747375 	ldmdbvc	r4!, {r0, r2, r4, r5, r6, r8, r9, ip, sp, lr}^
 21c:	646d612d 	strbtvs	r6, [sp], #-301	; 0x12d
 220:	742d3436 	strtvc	r3, [sp], #-1078	; 0x436
 224:	2d677763 	stclcs	7, cr7, [r7, #-396]!	; 0xfffffe74
 228:	6c697562 	cfstr64vs	mvdx7, [r9], #-392	; 0xfffffe78
 22c:	61742f64 	cmnvs	r4, r4, ror #30
 230:	74656772 	strbtvc	r6, [r5], #-1906	; 0x772
 234:	6d72612f 	ldfvse	f6, [r2, #-188]!	; 0xffffff44
 238:	6e696c2d 	cdpvs	12, 6, cr6, cr9, cr13, {1}
 23c:	672d7875 			; <UNDEFINED> instruction: 0x672d7875
 240:	6165756e 	cmnvs	r5, lr, ror #10
 244:	66686962 	strbtvs	r6, [r8], -r2, ror #18
 248:	616e732f 	cmnvs	lr, pc, lsr #6
 24c:	6f687370 	svcvs	0x00687370
 250:	672f7374 			; <UNDEFINED> instruction: 0x672f7374
 254:	6c2d6363 	stcvs	3, cr6, [sp], #-396	; 0xfffffe74
 258:	72616e69 	rsbvc	r6, r1, #1680	; 0x690
 25c:	2e342d6f 	cdpcs	13, 3, cr2, cr4, cr15, {3}
 260:	30322d39 	eorscc	r2, r2, r9, lsr sp
 264:	302e3731 	eorcc	r3, lr, r1, lsr r7
 268:	696c2f31 	stmdbvs	ip!, {r0, r4, r5, r8, r9, sl, fp, sp}^
 26c:	63636762 	cmnvs	r3, #25690112	; 0x1880000
 270:	6e6f632f 	cdpvs	3, 6, cr6, cr15, cr15, {1}
 274:	2f676966 	svccs	0x00676966
 278:	2f6d7261 	svccs	0x006d7261
 27c:	62617062 	rsbvs	r7, r1, #98	; 0x62
 280:	00532e69 	subseq	r2, r3, r9, ror #28
 284:	6d6f682f 	stclvs	8, cr6, [pc, #-188]!	; 1d0 <shift+0x1d0>
 288:	63742f65 	cmnvs	r4, #404	; 0x194
 28c:	622d6777 	eorvs	r6, sp, #31195136	; 0x1dc0000
 290:	646c6975 	strbtvs	r6, [ip], #-2421	; 0x975
 294:	76616c73 			; <UNDEFINED> instruction: 0x76616c73
 298:	6f772f65 	svcvs	0x00772f65
 29c:	70736b72 	rsbsvc	r6, r3, r2, ror fp
 2a0:	2f656361 	svccs	0x00656361
 2a4:	67776374 			; <UNDEFINED> instruction: 0x67776374
 2a8:	6b616d2d 	blvs	185b764 <shift+0x185b764>
 2ac:	65722d65 	ldrbvs	r2, [r2, #-3429]!	; 0xd65
 2b0:	7361656c 	cmnvc	r1, #108, 10	; 0x1b000000
 2b4:	616c2f65 	cmnvs	ip, r5, ror #30
 2b8:	2f6c6562 	svccs	0x006c6562
 2bc:	6b636f64 	blvs	18dc054 <shift+0x18dc054>
 2c0:	742d7265 	strtvc	r7, [sp], #-613	; 0x265
 2c4:	74737572 	ldrbtvc	r7, [r3], #-1394	; 0x572
 2c8:	6d612d79 	stclvs	13, cr2, [r1, #-484]!	; 0xfffffe1c
 2cc:	2d343664 	ldccs	6, cr3, [r4, #-400]!	; 0xfffffe70
 2d0:	67776374 			; <UNDEFINED> instruction: 0x67776374
 2d4:	6975622d 	ldmdbvs	r5!, {r0, r2, r3, r5, r9, sp, lr}^
 2d8:	742f646c 	strtvc	r6, [pc], #-1132	; 2e0 <shift+0x2e0>
 2dc:	65677261 	strbvs	r7, [r7, #-609]!	; 0x261
 2e0:	72612f74 	rsbvc	r2, r1, #116, 30	; 0x1d0
 2e4:	696c2d6d 	stmdbvs	ip!, {r0, r2, r3, r5, r6, r8, sl, fp, sp}^
 2e8:	2d78756e 	cfldr64cs	mvdx7, [r8, #-440]!	; 0xfffffe48
 2ec:	65756e67 	ldrbvs	r6, [r5, #-3687]!	; 0xe67
 2f0:	68696261 	stmdavs	r9!, {r0, r5, r6, r9, sp, lr}^
 2f4:	625f2f66 	subsvs	r2, pc, #408	; 0x198
 2f8:	646c6975 	strbtvs	r6, [ip], #-2421	; 0x975
 2fc:	6975622f 	ldmdbvs	r5!, {r0, r1, r2, r3, r5, r9, sp, lr}^
 300:	2f73646c 	svccs	0x0073646c
 304:	5f363878 	svcpl	0x00363878
 308:	752d3436 	strvc	r3, [sp, #-1078]!	; 0x436
 30c:	6f6e6b6e 	svcvs	0x006e6b6e
 310:	6c2d6e77 	stcvs	14, cr6, [sp], #-476	; 0xfffffe24
 314:	78756e69 	ldmdavc	r5!, {r0, r3, r5, r6, r9, sl, fp, sp, lr}^
 318:	756e672d 	strbvc	r6, [lr, #-1837]!	; 0x72d
 31c:	6d72612f 	ldfvse	f6, [r2, #-188]!	; 0xffffff44
 320:	6e696c2d 	cdpvs	12, 6, cr6, cr9, cr13, {1}
 324:	672d7875 			; <UNDEFINED> instruction: 0x672d7875
 328:	6165756e 	cmnvs	r5, lr, ror #10
 32c:	66686962 	strbtvs	r6, [r8], -r2, ror #18
 330:	6363672f 	cmnvs	r3, #12320768	; 0xbc0000
 334:	6e696c2d 	cdpvs	12, 6, cr6, cr9, cr13, {1}
 338:	2d6f7261 	sfmcs	f7, 2, [pc, #-388]!	; 1bc <shift+0x1bc>
 33c:	2d392e34 	ldccs	14, cr2, [r9, #-208]!	; 0xffffff30
 340:	37313032 			; <UNDEFINED> instruction: 0x37313032
 344:	2d31302e 	ldccs	0, cr3, [r1, #-184]!	; 0xffffff48
 348:	67617473 			; <UNDEFINED> instruction: 0x67617473
 34c:	612f3265 	teqvs	pc, r5, ror #4
 350:	6c2d6d72 	stcvs	13, cr6, [sp], #-456	; 0xfffffe38
 354:	78756e69 	ldmdavc	r5!, {r0, r3, r5, r6, r9, sl, fp, sp, lr}^
 358:	756e672d 	strbvc	r6, [lr, #-1837]!	; 0x72d
 35c:	69626165 	stmdbvs	r2!, {r0, r2, r5, r6, r8, sp, lr}^
 360:	6c2f6668 	stcvs	6, cr6, [pc], #-416	; 1c8 <shift+0x1c8>
 364:	63676269 	cmnvs	r7, #-1879048186	; 0x90000006
 368:	4e470063 	cdpmi	0, 4, cr0, cr7, cr3, {3}
 36c:	53412055 	movtpl	r2, #4181	; 0x1055
 370:	322e3220 	eorcc	r3, lr, #32, 4
 374:	00302e34 	eorseq	r2, r0, r4, lsr lr
 378:	01bb8001 			; <UNDEFINED> instruction: 0x01bb8001
 37c:	00020000 	andeq	r0, r2, r0
 380:	00000028 	andeq	r0, r0, r8, lsr #32
 384:	01e50104 	mvneq	r0, r4, lsl #2
 388:	0fa00000 	svceq	0x00a00000
 38c:	0fac8780 	svceq	0x00ac8780
 390:	682f8780 	stmdavs	pc!, {r7, r8, r9, sl, pc}	; <UNPREDICTABLE>
 394:	2f656d6f 	svccs	0x00656d6f
 398:	67776374 			; <UNDEFINED> instruction: 0x67776374
 39c:	6975622d 	ldmdbvs	r5!, {r0, r2, r3, r5, r9, sp, lr}^
 3a0:	6c73646c 	cfldrdvs	mvd6, [r3], #-432	; 0xfffffe50
 3a4:	2f657661 	svccs	0x00657661
 3a8:	6b726f77 	blvs	1c9c18c <shift+0x1c9c18c>
 3ac:	63617073 	cmnvs	r1, #115	; 0x73
 3b0:	63742f65 	cmnvs	r4, #404	; 0x194
 3b4:	6d2d6777 	stcvs	7, cr6, [sp, #-476]!	; 0xfffffe24
 3b8:	2d656b61 	fstmdbxcs	r5!, {d22-d69}	;@ Deprecated
 3bc:	656c6572 	strbvs	r6, [ip, #-1394]!	; 0x572
 3c0:	2f657361 	svccs	0x00657361
 3c4:	6562616c 	strbvs	r6, [r2, #-364]!	; 0x16c
 3c8:	6f642f6c 	svcvs	0x00642f6c
 3cc:	72656b63 	rsbvc	r6, r5, #101376	; 0x18c00
 3d0:	7572742d 	ldrbvc	r7, [r2, #-1069]!	; 0x42d
 3d4:	2d797473 	cfldrdcs	mvd7, [r9, #-460]!	; 0xfffffe34
 3d8:	36646d61 	strbtcc	r6, [r4], -r1, ror #26
 3dc:	63742d34 	cmnvs	r4, #52, 26	; 0xd00
 3e0:	622d6777 	eorvs	r6, sp, #31195136	; 0x1dc0000
 3e4:	646c6975 	strbtvs	r6, [ip], #-2421	; 0x975
 3e8:	7261742f 	rsbvc	r7, r1, #788529152	; 0x2f000000
 3ec:	2f746567 	svccs	0x00746567
 3f0:	2d6d7261 	sfmcs	f7, 2, [sp, #-388]!	; 0xfffffe7c
 3f4:	756e696c 	strbvc	r6, [lr, #-2412]!	; 0x96c
 3f8:	6e672d78 	mcrvs	13, 3, r2, cr7, cr8, {3}
 3fc:	62616575 	rsbvs	r6, r1, #490733568	; 0x1d400000
 400:	2f666869 	svccs	0x00666869
 404:	70616e73 	rsbvc	r6, r1, r3, ror lr
 408:	746f6873 	strbtvc	r6, [pc], #-2163	; 410 <shift+0x410>
 40c:	63672f73 	cmnvs	r7, #460	; 0x1cc
 410:	696c2d63 	stmdbvs	ip!, {r0, r1, r5, r6, r8, sl, fp, sp}^
 414:	6f72616e 	svcvs	0x0072616e
 418:	392e342d 	stmdbcc	lr!, {r0, r2, r3, r5, sl, ip, sp}
 41c:	3130322d 	teqcc	r0, sp, lsr #4
 420:	31302e37 	teqcc	r0, r7, lsr lr
 424:	62696c2f 	rsbvs	r6, r9, #12032	; 0x2f00
 428:	2f636367 	svccs	0x00636367
 42c:	666e6f63 	strbtvs	r6, [lr], -r3, ror #30
 430:	612f6769 	teqvs	pc, r9, ror #14
 434:	6c2f6d72 	stcvs	13, cr6, [pc], #-456	; 274 <shift+0x274>
 438:	66316269 	ldrtvs	r6, [r1], -r9, ror #4
 43c:	73636e75 	cmnvc	r3, #1872	; 0x750
 440:	2f00532e 	svccs	0x0000532e
 444:	656d6f68 	strbvs	r6, [sp, #-3944]!	; 0xf68
 448:	7763742f 	strbvc	r7, [r3, -pc, lsr #8]!
 44c:	75622d67 	strbvc	r2, [r2, #-3431]!	; 0xd67
 450:	73646c69 	cmnvc	r4, #26880	; 0x6900
 454:	6576616c 	ldrbvs	r6, [r6, #-364]!	; 0x16c
 458:	726f772f 	rsbvc	r7, pc, #12320768	; 0xbc0000
 45c:	6170736b 	cmnvs	r0, fp, ror #6
 460:	742f6563 	strtvc	r6, [pc], #-1379	; 468 <shift+0x468>
 464:	2d677763 	stclcs	7, cr7, [r7, #-396]!	; 0xfffffe74
 468:	656b616d 	strbvs	r6, [fp, #-365]!	; 0x16d
 46c:	6c65722d 	sfmvs	f7, 2, [r5], #-180	; 0xffffff4c
 470:	65736165 	ldrbvs	r6, [r3, #-357]!	; 0x165
 474:	62616c2f 	rsbvs	r6, r1, #12032	; 0x2f00
 478:	642f6c65 	strtvs	r6, [pc], #-3173	; 480 <shift+0x480>
 47c:	656b636f 	strbvs	r6, [fp, #-879]!	; 0x36f
 480:	72742d72 	rsbsvc	r2, r4, #7296	; 0x1c80
 484:	79747375 	ldmdbvc	r4!, {r0, r2, r4, r5, r6, r8, r9, ip, sp, lr}^
 488:	646d612d 	strbtvs	r6, [sp], #-301	; 0x12d
 48c:	742d3436 	strtvc	r3, [sp], #-1078	; 0x436
 490:	2d677763 	stclcs	7, cr7, [r7, #-396]!	; 0xfffffe74
 494:	6c697562 	cfstr64vs	mvdx7, [r9], #-392	; 0xfffffe78
 498:	61742f64 	cmnvs	r4, r4, ror #30
 49c:	74656772 	strbtvc	r6, [r5], #-1906	; 0x772
 4a0:	6d72612f 	ldfvse	f6, [r2, #-188]!	; 0xffffff44
 4a4:	6e696c2d 	cdpvs	12, 6, cr6, cr9, cr13, {1}
 4a8:	672d7875 			; <UNDEFINED> instruction: 0x672d7875
 4ac:	6165756e 	cmnvs	r5, lr, ror #10
 4b0:	66686962 	strbtvs	r6, [r8], -r2, ror #18
 4b4:	75625f2f 	strbvc	r5, [r2, #-3887]!	; 0xf2f
 4b8:	2f646c69 	svccs	0x00646c69
 4bc:	6c697562 	cfstr64vs	mvdx7, [r9], #-392	; 0xfffffe78
 4c0:	782f7364 	stmdavc	pc!, {r2, r5, r6, r8, r9, ip, sp, lr}	; <UNPREDICTABLE>
 4c4:	365f3638 			; <UNDEFINED> instruction: 0x365f3638
 4c8:	6e752d34 	mrcvs	13, 3, r2, cr5, cr4, {1}
 4cc:	776f6e6b 	strbvc	r6, [pc, -fp, ror #28]!
 4d0:	696c2d6e 	stmdbvs	ip!, {r1, r2, r3, r5, r6, r8, sl, fp, sp}^
 4d4:	2d78756e 	cfldr64cs	mvdx7, [r8, #-440]!	; 0xfffffe48
 4d8:	2f756e67 	svccs	0x00756e67
 4dc:	2d6d7261 	sfmcs	f7, 2, [sp, #-388]!	; 0xfffffe7c
 4e0:	756e696c 	strbvc	r6, [lr, #-2412]!	; 0x96c
 4e4:	6e672d78 	mcrvs	13, 3, r2, cr7, cr8, {3}
 4e8:	62616575 	rsbvs	r6, r1, #490733568	; 0x1d400000
 4ec:	2f666869 	svccs	0x00666869
 4f0:	2d636367 	stclcs	3, cr6, [r3, #-412]!	; 0xfffffe64
 4f4:	616e696c 	cmnvs	lr, ip, ror #18
 4f8:	342d6f72 	strtcc	r6, [sp], #-3954	; 0xf72
 4fc:	322d392e 	eorcc	r3, sp, #753664	; 0xb8000
 500:	2e373130 	mrccs	1, 1, r3, cr7, cr0, {1}
 504:	732d3130 	teqvc	sp, #48, 2
 508:	65676174 	strbvs	r6, [r7, #-372]!	; 0x174
 50c:	72612f32 	rsbvc	r2, r1, #50, 30	; 0xc8
 510:	696c2d6d 	stmdbvs	ip!, {r0, r2, r3, r5, r6, r8, sl, fp, sp}^
 514:	2d78756e 	cfldr64cs	mvdx7, [r8, #-440]!	; 0xfffffe48
 518:	65756e67 	ldrbvs	r6, [r5, #-3687]!	; 0xe67
 51c:	68696261 	stmdavs	r9!, {r0, r5, r6, r9, sp, lr}^
 520:	696c2f66 	stmdbvs	ip!, {r1, r2, r5, r6, r8, r9, sl, fp, sp}^
 524:	63636762 	cmnvs	r3, #25690112	; 0x1880000
 528:	554e4700 	strbpl	r4, [lr, #-1792]	; 0x700
 52c:	20534120 	subscs	r4, r3, r0, lsr #2
 530:	34322e32 	ldrtcc	r2, [r2], #-3634	; 0xe32
 534:	0100302e 	tsteq	r0, lr, lsr #32
 538:	00015a80 	andeq	r5, r1, r0, lsl #21
 53c:	3c000400 	cfstrscc	mvf0, [r0], {-0}
 540:	04000000 	streq	r0, [r0], #-0
 544:	00012b01 	andeq	r2, r1, r1, lsl #22
 548:	024f0100 	subeq	r0, pc, #0, 2
 54c:	000d0000 	andeq	r0, sp, r0
 550:	0fac0000 	svceq	0x00ac0000
 554:	01168780 	tsteq	r6, r0, lsl #15
 558:	02cc0000 	sbceq	r0, ip, #0
 55c:	08020000 	stmdaeq	r2, {}	; <UNPREDICTABLE>
 560:	0000f307 	andeq	pc, r0, r7, lsl #6
 564:	05040300 	streq	r0, [r4, #-768]	; 0x300
 568:	00746e69 	rsbseq	r6, r4, r9, ror #28
 56c:	fd070402 	stc2	4, cr0, [r7, #-8]
 570:	02000000 	andeq	r0, r0, #0
 574:	010a0801 	tsteq	sl, r1, lsl #16
 578:	02020000 	andeq	r0, r2, #0
 57c:	00011807 	andeq	r1, r1, r7, lsl #16
 580:	07040200 	streq	r0, [r4, -r0, lsl #4]
 584:	000000f8 	strdeq	r0, [r0], -r8
 588:	0c060102 	stfeqs	f0, [r6], {2}
 58c:	02000001 	andeq	r0, r0, #1
 590:	02360502 	eorseq	r0, r6, #8388608	; 0x800000
 594:	08020000 	stmdaeq	r2, {}	; <UNPREDICTABLE>
 598:	00022005 	andeq	r2, r2, r5
 59c:	05040200 	streq	r0, [r4, #-512]	; 0x200
 5a0:	00000225 	andeq	r0, r0, r5, lsr #4
 5a4:	17070402 	strne	r0, [r7, -r2, lsl #8]
 5a8:	02000002 	andeq	r0, r0, #2
 5ac:	01130801 	tsteq	r3, r1, lsl #16
 5b0:	2e040000 	cdpcs	0, 0, cr0, cr4, cr0, {0}
 5b4:	02000002 	andeq	r0, r0, #2
 5b8:	00003382 	andeq	r3, r0, r2, lsl #7
 5bc:	02010400 	andeq	r0, r1, #0, 8
 5c0:	86020000 	strhi	r0, [r2], -r0
 5c4:	00000025 	andeq	r0, r0, r5, lsr #32
 5c8:	11040402 	tstne	r4, r2, lsl #8
 5cc:	02000002 	andeq	r0, r0, #2
 5d0:	02090308 	andeq	r0, r9, #8, 6	; 0x20000000
 5d4:	08020000 	stmdaeq	r2, {}	; <UNPREDICTABLE>
 5d8:	00024804 	andeq	r4, r2, r4, lsl #16
 5dc:	03100200 	tsteq	r0, #0, 4
 5e0:	00000240 	andeq	r0, r0, r0, asr #4
 5e4:	00000005 	andeq	r0, r0, r5
 5e8:	03b00100 	movseq	r0, #0, 2
 5ec:	00000084 	andeq	r0, r0, r4, lsl #1
 5f0:	87800fac 	strhi	r0, [r0, ip, lsr #31]
 5f4:	00000116 	andeq	r0, r0, r6, lsl r1
 5f8:	01579c01 	cmpeq	r7, r1, lsl #24
 5fc:	6e060000 	cdpvs	0, 0, cr0, cr6, cr0, {0}
 600:	03b00100 	movseq	r0, #0, 2
 604:	00000084 	andeq	r0, r0, r4, lsl #1
 608:	00000000 	andeq	r0, r0, r0
 60c:	01006406 	tsteq	r0, r6, lsl #8
 610:	008403b0 			; <UNDEFINED> instruction: 0x008403b0
 614:	00280000 	eoreq	r0, r8, r0
 618:	72060000 	andvc	r0, r6, #0
 61c:	b0010070 	andlt	r0, r1, r0, ror r0
 620:	00015703 	andeq	r5, r1, r3, lsl #14
 624:	00005000 	andeq	r5, r0, r0
 628:	00710700 	rsbseq	r0, r1, r0, lsl #14
 62c:	8403b201 	strhi	fp, [r3], #-513	; 0x201
 630:	70000000 	andvc	r0, r0, r0
 634:	07000000 	streq	r0, [r0, -r0]
 638:	b2010072 	andlt	r0, r1, #114	; 0x72
 63c:	00008403 	andeq	r8, r0, r3, lsl #8
 640:	0000d000 	andeq	sp, r0, r0
 644:	00790700 	rsbseq	r0, r9, r0, lsl #14
 648:	8403b201 	strhi	fp, [r3], #-513	; 0x201
 64c:	28000000 	stmdacs	r0, {}	; <UNPREDICTABLE>
 650:	07000001 	streq	r0, [r0, -r1]
 654:	00317a6c 	eorseq	r7, r1, ip, ror #20
 658:	7903b301 	stmdbvc	r3, {r0, r8, r9, ip, sp, pc}
 65c:	50000000 	andpl	r0, r0, r0
 660:	07000001 	streq	r0, [r0, -r1]
 664:	00327a6c 	eorseq	r7, r2, ip, ror #20
 668:	7903b301 	stmdbvc	r3, {r0, r8, r9, ip, sp, pc}
 66c:	63000000 	movwvs	r0, #0
 670:	07000001 	streq	r0, [r0, -r1]
 674:	b3010069 	movwlt	r0, #4201	; 0x1069
 678:	00007903 	andeq	r7, r0, r3, lsl #18
 67c:	00017600 	andeq	r7, r1, r0, lsl #12
 680:	006b0700 	rsbeq	r0, fp, r0, lsl #14
 684:	7903b301 	stmdbvc	r3, {r0, r8, r9, ip, sp, pc}
 688:	b9000000 	stmdblt	r0, {}	; <UNPREDICTABLE>
 68c:	00000001 	andeq	r0, r0, r1
 690:	00840408 	addeq	r0, r4, r8, lsl #8
 694:	地址 0x0000000000000694 越界。


Disassembly of section .debug_abbrev:

00000000 <.debug_abbrev>:
   0:	10001101 	andne	r1, r0, r1, lsl #2
   4:	12011106 	andne	r1, r1, #-2147483647	; 0x80000001
   8:	1b080301 	blne	200c14 <shift+0x200c14>
   c:	13082508 	movwne	r2, #34056	; 0x8508
  10:	00000005 	andeq	r0, r0, r5
  14:	10001101 	andne	r1, r0, r1, lsl #2
  18:	12011106 	andne	r1, r1, #-2147483647	; 0x80000001
  1c:	1b080301 	blne	200c28 <shift+0x200c28>
  20:	13082508 	movwne	r2, #34056	; 0x8508
  24:	00000005 	andeq	r0, r0, r5
  28:	10001101 	andne	r1, r0, r1, lsl #2
  2c:	12011106 	andne	r1, r1, #-2147483647	; 0x80000001
  30:	1b080301 	blne	200c3c <shift+0x200c3c>
  34:	13082508 	movwne	r2, #34056	; 0x8508
  38:	00000005 	andeq	r0, r0, r5
  3c:	25011101 	strcs	r1, [r1, #-257]	; 0x101
  40:	030b130e 	movweq	r1, #45838	; 0xb30e
  44:	110e1b0e 	tstne	lr, lr, lsl #22
  48:	10061201 	andne	r1, r6, r1, lsl #4
  4c:	02000017 	andeq	r0, r0, #23
  50:	0b0b0024 	bleq	2c00e8 <shift+0x2c00e8>
  54:	0e030b3e 	vmoveq.16	d3[0], r0
  58:	24030000 	strcs	r0, [r3], #-0
  5c:	3e0b0b00 	vmlacc.f64	d0, d11, d0
  60:	0008030b 	andeq	r0, r8, fp, lsl #6
  64:	00160400 	andseq	r0, r6, r0, lsl #8
  68:	0b3a0e03 	bleq	e8387c <shift+0xe8387c>
  6c:	13490b3b 	movtne	r0, #39739	; 0x9b3b
  70:	2e050000 	cdpcs	0, 0, cr0, cr5, cr0, {0}
  74:	03193f01 	tsteq	r9, #1, 30
  78:	3b0b3a0e 	blcc	2ce8b8 <shift+0x2ce8b8>
  7c:	49192705 	ldmdbmi	r9, {r0, r2, r8, r9, sl, sp}
  80:	12011113 	andne	r1, r1, #-1073741820	; 0xc0000004
  84:	97184006 	ldrls	r4, [r8, -r6]
  88:	13011942 	movwne	r1, #6466	; 0x1942
  8c:	05060000 	streq	r0, [r6, #-0]
  90:	3a080300 	bcc	200c98 <shift+0x200c98>
  94:	49053b0b 	stmdbmi	r5, {r0, r1, r3, r8, r9, fp, ip, sp}
  98:	00170213 	andseq	r0, r7, r3, lsl r2
  9c:	00340700 	eorseq	r0, r4, r0, lsl #14
  a0:	0b3a0803 	bleq	e820b4 <shift+0xe820b4>
  a4:	1349053b 	movtne	r0, #38203	; 0x953b
  a8:	00001702 	andeq	r1, r0, r2, lsl #14
  ac:	0b000f08 	bleq	3cd4 <shift+0x3cd4>
  b0:	0013490b 	andseq	r4, r3, fp, lsl #18
	...

Disassembly of section .debug_aranges:

00000000 <.debug_aranges>:
   0:	0000001c 	andeq	r0, r0, ip, lsl r0
   4:	00000002 	andeq	r0, r0, r2
   8:	00040000 	andeq	r0, r4, r0
   c:	00000000 	andeq	r0, r0, r0
  10:	87800cf8 			; <UNDEFINED> instruction: 0x87800cf8
  14:	00000276 	andeq	r0, r0, r6, ror r2
	...
  20:	0000001c 	andeq	r0, r0, ip, lsl r0
  24:	01bf0002 			; <UNDEFINED> instruction: 0x01bf0002
  28:	00040000 	andeq	r0, r4, r0
  2c:	00000000 	andeq	r0, r0, r0
  30:	87800f70 			; <UNDEFINED> instruction: 0x87800f70
  34:	00000030 	andeq	r0, r0, r0, lsr r0
	...
  40:	0000001c 	andeq	r0, r0, ip, lsl r0
  44:	037a0002 	cmneq	sl, #2
  48:	00040000 	andeq	r0, r4, r0
  4c:	00000000 	andeq	r0, r0, r0
  50:	87800fa0 	strhi	r0, [r0, r0, lsr #31]
  54:	0000000c 	andeq	r0, r0, ip
	...
  60:	0000001c 	andeq	r0, r0, ip, lsl r0
  64:	05390002 	ldreq	r0, [r9, #-2]!
  68:	00040000 	andeq	r0, r4, r0
  6c:	00000000 	andeq	r0, r0, r0
  70:	87800fac 	strhi	r0, [r0, ip, lsr #31]
  74:	00000116 	andeq	r0, r0, r6, lsl r1
	...

Disassembly of section .debug_loc:

00000000 <.debug_loc>:
   0:	00000000 	andeq	r0, r0, r0
   4:	0000000c 	andeq	r0, r0, ip
   8:	93500006 	cmpls	r0, #6
   c:	04935104 	ldreq	r5, [r3], #260	; 0x104
  10:	0000000c 	andeq	r0, r0, ip
  14:	00000116 	andeq	r0, r0, r6, lsl r1
  18:	03f30006 	mvnseq	r0, #6
  1c:	9f2500f5 	svcls	0x002500f5
	...
  2c:	00000014 	andeq	r0, r0, r4, lsl r0
  30:	93520006 	cmpls	r2, #6
  34:	04935304 	ldreq	r5, [r3], #772	; 0x304
  38:	00000014 	andeq	r0, r0, r4, lsl r0
  3c:	00000116 	andeq	r0, r0, r6, lsl r1
  40:	03f30006 	mvnseq	r0, #6
  44:	9f2502f5 	svcls	0x002502f5
	...
  54:	000000fc 	strdeq	r0, [r0], -ip
  58:	00910002 	addseq	r0, r1, r2
  5c:	000000fc 	strdeq	r0, [r0], -ip
  60:	00000116 	andeq	r0, r0, r6, lsl r1
  64:	00910002 	addseq	r0, r1, r2
	...
  74:	00000076 	andeq	r0, r0, r6, ror r0
  78:	089e000a 	ldmeq	lr, {r1, r3}
	...
  84:	00000076 	andeq	r0, r0, r6, ror r0
  88:	000000c0 	andeq	r0, r0, r0, asr #1
  8c:	93500006 	cmpls	r0, #6
  90:	04935104 	ldreq	r5, [r3], #260	; 0x104
  94:	000000ca 	andeq	r0, r0, sl, asr #1
  98:	000000ea 	andeq	r0, r0, sl, ror #1
  9c:	93500006 	cmpls	r0, #6
  a0:	04935104 	ldreq	r5, [r3], #260	; 0x104
  a4:	000000f2 	strdeq	r0, [r0], -r2
  a8:	000000fc 	strdeq	r0, [r0], -ip
  ac:	93500006 	cmpls	r0, #6
  b0:	04935104 	ldreq	r5, [r3], #260	; 0x104
  b4:	000000fc 	strdeq	r0, [r0], -ip
  b8:	00000116 	andeq	r0, r0, r6, lsl r1
  bc:	089e000a 	ldmeq	lr, {r1, r3}
	...
  d0:	0000000a 	andeq	r0, r0, sl
  d4:	00000062 	andeq	r0, r0, r2, rrx
  d8:	93540006 	cmpls	r4, #6
  dc:	04935504 	ldreq	r5, [r3], #1284	; 0x504
  e0:	00000076 	andeq	r0, r0, r6, ror r0
  e4:	00000084 	andeq	r0, r0, r4, lsl #1
  e8:	93540006 	cmpls	r4, #6
  ec:	04935504 	ldreq	r5, [r3], #1284	; 0x504
  f0:	00000092 	muleq	r0, r2, r0
  f4:	000000a0 	andeq	r0, r0, r0, lsr #1
  f8:	93540006 	cmpls	r4, #6
  fc:	04935504 	ldreq	r5, [r3], #1284	; 0x504
 100:	000000a2 	andeq	r0, r0, r2, lsr #1
 104:	000000c8 	andeq	r0, r0, r8, asr #1
 108:	93540006 	cmpls	r4, #6
 10c:	04935504 	ldreq	r5, [r3], #1284	; 0x504
 110:	000000cc 	andeq	r0, r0, ip, asr #1
 114:	00000116 	andeq	r0, r0, r6, lsl r1
 118:	93540006 	cmpls	r4, #6
 11c:	04935504 	ldreq	r5, [r3], #1284	; 0x504
	...
 128:	0000000e 	andeq	r0, r0, lr
 12c:	00000018 	andeq	r0, r0, r8, lsl r0
 130:	93500006 	cmpls	r0, #6
 134:	04935104 	ldreq	r5, [r3], #260	; 0x104
 138:	0000004e 	andeq	r0, r0, lr, asr #32
 13c:	000000ae 	andeq	r0, r0, lr, lsr #1
 140:	93560006 	cmpls	r6, #6
 144:	04935704 	ldreq	r5, [r3], #1796	; 0x704
	...
 150:	0000010c 	andeq	r0, r0, ip, lsl #2
 154:	00000116 	andeq	r0, r0, r6, lsl r1
 158:	00560001 	subseq	r0, r6, r1
 15c:	00000000 	andeq	r0, r0, r0
 160:	2c000000 	stccs	0, cr0, [r0], {-0}
 164:	2e000000 	cdpcs	0, 0, cr0, cr0, cr0, {0}
 168:	01000000 	mrseq	r0, (UNDEF: 0)
 16c:	00005300 	andeq	r5, r0, r0, lsl #6
 170:	00000000 	andeq	r0, r0, r0
 174:	00800000 	addeq	r0, r0, r0
 178:	00920000 	addseq	r0, r2, r0
 17c:	00010000 	andeq	r0, r1, r0
 180:	00009253 	andeq	r9, r0, r3, asr r2
 184:	00009400 	andeq	r9, r0, r0, lsl #8
 188:	73000300 	movwvc	r0, #768	; 0x300
 18c:	00949f7f 	addseq	r9, r4, pc, ror pc
 190:	00a20000 	adceq	r0, r2, r0
 194:	00010000 	andeq	r0, r1, r0
 198:	0000a253 	andeq	sl, r0, r3, asr r2
 19c:	0000a400 	andeq	sl, r0, r0, lsl #8
 1a0:	73000300 	movwvc	r0, #768	; 0x300
 1a4:	00a49f7f 	adceq	r9, r4, pc, ror pc
 1a8:	00b60000 	adcseq	r0, r6, r0
 1ac:	00010000 	andeq	r0, r1, r0
 1b0:	00000053 	andeq	r0, r0, r3, asr r0
 1b4:	00000000 	andeq	r0, r0, r0
 1b8:	00002e00 	andeq	r2, r0, r0, lsl #28
 1bc:	00008200 	andeq	r8, r0, r0, lsl #4
 1c0:	53000100 	movwpl	r0, #256	; 0x100
 1c4:	00000082 	andeq	r0, r0, r2, lsl #1
 1c8:	000000f2 	strdeq	r0, [r0], -r2
 1cc:	005e0001 	subseq	r0, lr, r1
 1d0:	00000000 	andeq	r0, r0, r0
 1d4:	地址 0x00000000000001d4 越界。


Disassembly of section .debug_str:

00000000 <.debug_str>:
   0:	64755f5f 	ldrbtvs	r5, [r5], #-3935	; 0xf5f
   4:	6f6d7669 	svcvs	0x006d7669
   8:	34696464 	strbtcc	r6, [r9], #-1124	; 0x464
   c:	6f682f00 	svcvs	0x00682f00
  10:	742f656d 	strtvc	r6, [pc], #-1389	; 18 <shift+0x18>
  14:	2d677763 	stclcs	7, cr7, [r7, #-396]!	; 0xfffffe74
  18:	6c697562 	cfstr64vs	mvdx7, [r9], #-392	; 0xfffffe78
  1c:	616c7364 	cmnvs	ip, r4, ror #6
  20:	772f6576 			; <UNDEFINED> instruction: 0x772f6576
  24:	736b726f 	cmnvc	fp, #-268435450	; 0xf0000006
  28:	65636170 	strbvs	r6, [r3, #-368]!	; 0x170
  2c:	7763742f 	strbvc	r7, [r3, -pc, lsr #8]!
  30:	616d2d67 	cmnvs	sp, r7, ror #26
  34:	722d656b 	eorvc	r6, sp, #448790528	; 0x1ac00000
  38:	61656c65 	cmnvs	r5, r5, ror #24
  3c:	6c2f6573 	cfstr32vs	mvfx6, [pc], #-460	; fffffe78 <__bss_end+0x787fe831>
  40:	6c656261 	sfmvs	f6, 2, [r5], #-388	; 0xfffffe7c
  44:	636f642f 	cmnvs	pc, #788529152	; 0x2f000000
  48:	2d72656b 	cfldr64cs	mvdx6, [r2, #-428]!	; 0xfffffe54
  4c:	73757274 	cmnvc	r5, #116, 4	; 0x40000007
  50:	612d7974 	teqvs	sp, r4, ror r9
  54:	3436646d 	ldrtcc	r6, [r6], #-1133	; 0x46d
  58:	7763742d 	strbvc	r7, [r3, -sp, lsr #8]!
  5c:	75622d67 	strbvc	r2, [r2, #-3431]!	; 0xd67
  60:	2f646c69 	svccs	0x00646c69
  64:	67726174 			; <UNDEFINED> instruction: 0x67726174
  68:	612f7465 	teqvs	pc, r5, ror #8
  6c:	6c2d6d72 	stcvs	13, cr6, [sp], #-456	; 0xfffffe38
  70:	78756e69 	ldmdavc	r5!, {r0, r3, r5, r6, r9, sl, fp, sp, lr}^
  74:	756e672d 	strbvc	r6, [lr, #-1837]!	; 0x72d
  78:	69626165 	stmdbvs	r2!, {r0, r2, r5, r6, r8, sp, lr}^
  7c:	5f2f6668 	svcpl	0x002f6668
  80:	6c697562 	cfstr64vs	mvdx7, [r9], #-392	; 0xfffffe78
  84:	75622f64 	strbvc	r2, [r2, #-3940]!	; 0xf64
  88:	73646c69 	cmnvc	r4, #26880	; 0x6900
  8c:	3638782f 	ldrtcc	r7, [r8], -pc, lsr #16
  90:	2d34365f 	ldccs	6, cr3, [r4, #-380]!	; 0xfffffe84
  94:	6e6b6e75 	mcrvs	14, 3, r6, cr11, cr5, {3}
  98:	2d6e776f 	stclcs	7, cr7, [lr, #-444]!	; 0xfffffe44
  9c:	756e696c 	strbvc	r6, [lr, #-2412]!	; 0x96c
  a0:	6e672d78 	mcrvs	13, 3, r2, cr7, cr8, {3}
  a4:	72612f75 	rsbvc	r2, r1, #468	; 0x1d4
  a8:	696c2d6d 	stmdbvs	ip!, {r0, r2, r3, r5, r6, r8, sl, fp, sp}^
  ac:	2d78756e 	cfldr64cs	mvdx7, [r8, #-440]!	; 0xfffffe48
  b0:	65756e67 	ldrbvs	r6, [r5, #-3687]!	; 0xe67
  b4:	68696261 	stmdavs	r9!, {r0, r5, r6, r9, sp, lr}^
  b8:	63672f66 	cmnvs	r7, #408	; 0x198
  bc:	696c2d63 	stmdbvs	ip!, {r0, r1, r5, r6, r8, sl, fp, sp}^
  c0:	6f72616e 	svcvs	0x0072616e
  c4:	392e342d 	stmdbcc	lr!, {r0, r2, r3, r5, sl, ip, sp}
  c8:	3130322d 	teqcc	r0, sp, lsr #4
  cc:	31302e37 	teqcc	r0, r7, lsr lr
  d0:	6174732d 	cmnvs	r4, sp, lsr #6
  d4:	2f326567 	svccs	0x00326567
  d8:	2d6d7261 	sfmcs	f7, 2, [sp, #-388]!	; 0xfffffe7c
  dc:	756e696c 	strbvc	r6, [lr, #-2412]!	; 0x96c
  e0:	6e672d78 	mcrvs	13, 3, r2, cr7, cr8, {3}
  e4:	62616575 	rsbvs	r6, r1, #490733568	; 0x1d400000
  e8:	2f666869 	svccs	0x00666869
  ec:	6762696c 	strbvs	r6, [r2, -ip, ror #18]!
  f0:	6c006363 	stcvs	3, cr6, [r0], {99}	; 0x63
  f4:	20676e6f 	rsbcs	r6, r7, pc, ror #28
  f8:	676e6f6c 	strbvs	r6, [lr, -ip, ror #30]!
  fc:	736e7520 	cmnvc	lr, #32, 10	; 0x8000000
 100:	656e6769 	strbvs	r6, [lr, #-1897]!	; 0x769
 104:	6e692064 	cdpvs	0, 6, cr2, cr9, cr4, {3}
 108:	6e750074 	mrcvs	0, 3, r0, cr5, cr4, {3}
 10c:	6e676973 	mcrvs	9, 3, r6, cr7, cr3, {3}
 110:	63206465 	teqvs	r0, #1694498816	; 0x65000000
 114:	00726168 	rsbseq	r6, r2, r8, ror #2
 118:	726f6873 	rsbvc	r6, pc, #7536640	; 0x730000
 11c:	6e752074 	mrcvs	0, 3, r2, cr5, cr4, {3}
 120:	6e676973 	mcrvs	9, 3, r6, cr7, cr3, {3}
 124:	69206465 	stmdbvs	r0!, {r0, r2, r5, r6, sl, sp, lr}
 128:	4700746e 	strmi	r7, [r0, -lr, ror #8]
 12c:	4320554e 	teqmi	r0, #327155712	; 0x13800000
 130:	392e3420 	stmdbcc	lr!, {r5, sl, ip, sp}
 134:	2d20342e 	cfstrscs	mvf3, [r0, #-184]!	; 0xffffff48
 138:	6372616d 	cmnvs	r2, #1073741851	; 0x4000001b
 13c:	72613d68 	rsbvc	r3, r1, #104, 26	; 0x1a00
 140:	2d37766d 	ldccs	6, cr7, [r7, #-436]!	; 0xfffffe4c
 144:	6d2d2061 	stcvs	0, cr2, [sp, #-388]!	; 0xfffffe7c
 148:	656e7574 	strbvs	r7, [lr, #-1396]!	; 0x574
 14c:	726f633d 	rsbvc	r6, pc, #-201326592	; 0xf4000000
 150:	2d786574 	cfldr64cs	mvdx6, [r8, #-464]!	; 0xfffffe30
 154:	2d203961 	stccs	9, cr3, [r0, #-388]!	; 0xfffffe7c
 158:	6f6c666d 	svcvs	0x006c666d
 15c:	612d7461 	teqvs	sp, r1, ror #8
 160:	683d6962 	ldmdavs	sp!, {r1, r5, r6, r8, fp, sp, lr}
 164:	20647261 	rsbcs	r7, r4, r1, ror #4
 168:	70666d2d 	rsbvc	r6, r6, sp, lsr #26
 16c:	66763d75 			; <UNDEFINED> instruction: 0x66763d75
 170:	2d337670 	ldccs	6, cr7, [r3, #-448]!	; 0xfffffe40
 174:	20363164 	eorscs	r3, r6, r4, ror #2
 178:	68746d2d 	ldmdavs	r4!, {r0, r2, r3, r5, r8, sl, fp, sp, lr}^
 17c:	20626d75 	rsbcs	r6, r2, r5, ror sp
 180:	6c746d2d 	ldclvs	13, cr6, [r4], #-180	; 0xffffff4c
 184:	69642d73 	stmdbvs	r4!, {r0, r1, r4, r5, r6, r8, sl, fp, sp}^
 188:	63656c61 	cmnvs	r5, #24832	; 0x6100
 18c:	6e673d74 	mcrvs	13, 3, r3, cr7, cr4, {3}
 190:	672d2075 			; <UNDEFINED> instruction: 0x672d2075
 194:	20672d20 	rsbcs	r2, r7, r0, lsr #26
 198:	2d20672d 	stccs	7, cr6, [r0, #-180]!	; 0xffffff4c
 19c:	2d20324f 	sfmcs	f3, 4, [r0, #-316]!	; 0xfffffec4
 1a0:	2d20324f 	sfmcs	f3, 4, [r0, #-316]!	; 0xfffffec4
 1a4:	2d20324f 	sfmcs	f3, 4, [r0, #-316]!	; 0xfffffec4
 1a8:	69756266 	ldmdbvs	r5!, {r1, r2, r5, r6, r9, sp, lr}^
 1ac:	6e69646c 	cdpvs	4, 6, cr6, cr9, cr12, {3}
 1b0:	696c2d67 	stmdbvs	ip!, {r0, r1, r2, r5, r6, r8, sl, fp, sp}^
 1b4:	63636762 	cmnvs	r3, #25690112	; 0x1880000
 1b8:	6e662d20 	cdpvs	13, 6, cr2, cr6, cr0, {1}
 1bc:	74732d6f 	ldrbtvc	r2, [r3], #-3439	; 0xd6f
 1c0:	2d6b6361 	stclcs	3, cr6, [fp, #-388]!	; 0xfffffe7c
 1c4:	746f7270 	strbtvc	r7, [pc], #-624	; 1cc <shift+0x1cc>
 1c8:	6f746365 	svcvs	0x00746365
 1cc:	662d2072 			; <UNDEFINED> instruction: 0x662d2072
 1d0:	20434950 	subcs	r4, r3, r0, asr r9
 1d4:	6f6e662d 	svcvs	0x006e662d
 1d8:	6c6e692d 	stclvs	9, cr6, [lr], #-180	; 0xffffff4c
 1dc:	20656e69 	rsbcs	r6, r5, r9, ror #28
 1e0:	7865662d 	stmdavc	r5!, {r0, r2, r3, r5, r9, sl, sp, lr}^
 1e4:	74706563 	ldrbtvc	r6, [r0], #-1379	; 0x563
 1e8:	736e6f69 	cmnvc	lr, #420	; 0x1a4
 1ec:	76662d20 	strbtvc	r2, [r6], -r0, lsr #26
 1f0:	62697369 	rsbvs	r7, r9, #-1543503871	; 0xa4000001
 1f4:	74696c69 	strbtvc	r6, [r9], #-3177	; 0xc69
 1f8:	69683d79 	stmdbvs	r8!, {r0, r3, r4, r5, r6, r8, sl, fp, ip, sp}^
 1fc:	6e656464 	cdpvs	4, 6, cr6, cr5, cr4, {3}
 200:	49445500 	stmdbmi	r4, {r8, sl, ip, lr}^
 204:	65707974 	ldrbvs	r7, [r0, #-2420]!	; 0x974
 208:	6d6f6300 	stclvs	3, cr6, [pc, #-0]	; 210 <shift+0x210>
 20c:	78656c70 	stmdavc	r5!, {r4, r5, r6, sl, fp, sp, lr}^
 210:	6f6c6620 	svcvs	0x006c6620
 214:	73007461 	movwvc	r7, #1121	; 0x461
 218:	74657a69 	strbtvc	r7, [r5], #-2665	; 0xa69
 21c:	00657079 	rsbeq	r7, r5, r9, ror r0
 220:	676e6f6c 	strbvs	r6, [lr, -ip, ror #30]!
 224:	6e6f6c20 	cdpvs	12, 6, cr6, cr15, cr0, {1}
 228:	6e692067 	cdpvs	0, 6, cr2, cr9, cr7, {3}
 22c:	53550074 	cmppl	r5, #116	; 0x74
 230:	70797449 	rsbsvc	r7, r9, r9, asr #8
 234:	68730065 	ldmdavs	r3!, {r0, r2, r5, r6}^
 238:	2074726f 	rsbscs	r7, r4, pc, ror #4
 23c:	00746e69 	rsbseq	r6, r4, r9, ror #28
 240:	706d6f63 	rsbvc	r6, sp, r3, ror #30
 244:	2078656c 	rsbscs	r6, r8, ip, ror #10
 248:	62756f64 	rsbsvs	r6, r5, #100, 30	; 0x190
 24c:	2f00656c 	svccs	0x0000656c
 250:	656d6f68 	strbvs	r6, [sp, #-3944]!	; 0xf68
 254:	7763742f 	strbvc	r7, [r3, -pc, lsr #8]!
 258:	75622d67 	strbvc	r2, [r2, #-3431]!	; 0xd67
 25c:	73646c69 	cmnvc	r4, #26880	; 0x6900
 260:	6576616c 	ldrbvs	r6, [r6, #-364]!	; 0x16c
 264:	726f772f 	rsbvc	r7, pc, #12320768	; 0xbc0000
 268:	6170736b 	cmnvs	r0, fp, ror #6
 26c:	742f6563 	strtvc	r6, [pc], #-1379	; 274 <shift+0x274>
 270:	2d677763 	stclcs	7, cr7, [r7, #-396]!	; 0xfffffe74
 274:	656b616d 	strbvs	r6, [fp, #-365]!	; 0x16d
 278:	6c65722d 	sfmvs	f7, 2, [r5], #-180	; 0xffffff4c
 27c:	65736165 	ldrbvs	r6, [r3, #-357]!	; 0x165
 280:	62616c2f 	rsbvs	r6, r1, #12032	; 0x2f00
 284:	642f6c65 	strtvs	r6, [pc], #-3173	; 28c <shift+0x28c>
 288:	656b636f 	strbvs	r6, [fp, #-879]!	; 0x36f
 28c:	72742d72 	rsbsvc	r2, r4, #7296	; 0x1c80
 290:	79747375 	ldmdbvc	r4!, {r0, r2, r4, r5, r6, r8, r9, ip, sp, lr}^
 294:	646d612d 	strbtvs	r6, [sp], #-301	; 0x12d
 298:	742d3436 	strtvc	r3, [sp], #-1078	; 0x436
 29c:	2d677763 	stclcs	7, cr7, [r7, #-396]!	; 0xfffffe74
 2a0:	6c697562 	cfstr64vs	mvdx7, [r9], #-392	; 0xfffffe78
 2a4:	61742f64 	cmnvs	r4, r4, ror #30
 2a8:	74656772 	strbtvc	r6, [r5], #-1906	; 0x772
 2ac:	6d72612f 	ldfvse	f6, [r2, #-188]!	; 0xffffff44
 2b0:	6e696c2d 	cdpvs	12, 6, cr6, cr9, cr13, {1}
 2b4:	672d7875 			; <UNDEFINED> instruction: 0x672d7875
 2b8:	6165756e 	cmnvs	r5, lr, ror #10
 2bc:	66686962 	strbtvs	r6, [r8], -r2, ror #18
 2c0:	616e732f 	cmnvs	lr, pc, lsr #6
 2c4:	6f687370 	svcvs	0x00687370
 2c8:	672f7374 			; <UNDEFINED> instruction: 0x672f7374
 2cc:	6c2d6363 	stcvs	3, cr6, [sp], #-396	; 0xfffffe74
 2d0:	72616e69 	rsbvc	r6, r1, #1680	; 0x690
 2d4:	2e342d6f 	cdpcs	13, 3, cr2, cr4, cr15, {3}
 2d8:	30322d39 	eorscc	r2, r2, r9, lsr sp
 2dc:	302e3731 	eorcc	r3, lr, r1, lsr r7
 2e0:	696c2f31 	stmdbvs	ip!, {r0, r4, r5, r8, r9, sl, fp, sp}^
 2e4:	63636762 	cmnvs	r3, #25690112	; 0x1880000
 2e8:	62696c2f 	rsbvs	r6, r9, #12032	; 0x2f00
 2ec:	32636367 	rsbcc	r6, r3, #-1677721599	; 0x9c000001
 2f0:	地址 0x00000000000002f0 越界。

