
touch_screen.elf：     文件格式 elf32-littlearm


Disassembly of section .text:

87800000 <_start>:
87800000:	e59ff120 	ldr	pc, [pc, #288]	; 87800128 <FIQ_Handler+0x8>
87800004:	e59ff120 	ldr	pc, [pc, #288]	; 8780012c <FIQ_Handler+0xc>
87800008:	e59ff120 	ldr	pc, [pc, #288]	; 87800130 <FIQ_Handler+0x10>
8780000c:	e59ff120 	ldr	pc, [pc, #288]	; 87800134 <FIQ_Handler+0x14>
87800010:	e59ff120 	ldr	pc, [pc, #288]	; 87800138 <FIQ_Handler+0x18>
87800014:	e59ff120 	ldr	pc, [pc, #288]	; 8780013c <FIQ_Handler+0x1c>
87800018:	e59ff120 	ldr	pc, [pc, #288]	; 87800140 <FIQ_Handler+0x20>
8780001c:	e59ff120 	ldr	pc, [pc, #288]	; 87800144 <FIQ_Handler+0x24>

87800020 <Reset_Handler>:
87800020:	f10c0080 	cpsid	i
87800024:	ee110f10 	mrc	15, 0, r0, cr1, cr0, {0}
87800028:	e3c00a01 	bic	r0, r0, #4096	; 0x1000
8780002c:	e3c00b02 	bic	r0, r0, #2048	; 0x800
87800030:	e3c00004 	bic	r0, r0, #4
87800034:	e3c00002 	bic	r0, r0, #2
87800038:	e3c00001 	bic	r0, r0, #1
8780003c:	ee010f10 	mcr	15, 0, r0, cr1, cr0, {0}

87800040 <_bss_start>:
87800040:	87800040 	strhi	r0, [r0, r0, asr #32]

87800044 <_bss_end>:
87800044:	87800044 	strhi	r0, [r0, r4, asr #32]
87800048:	e51f0010 	ldr	r0, [pc, #-16]	; 87800040 <_bss_start>
8780004c:	e51f1010 	ldr	r1, [pc, #-16]	; 87800044 <_bss_end>
87800050:	e3a02000 	mov	r2, #0

87800054 <bss_loop>:
87800054:	e8a00004 	stmia	r0!, {r2}
87800058:	e1500001 	cmp	r0, r1
8780005c:	dafffffc 	ble	87800054 <bss_loop>
87800060:	e10f0000 	mrs	r0, CPSR
87800064:	e3c0001f 	bic	r0, r0, #31
87800068:	e3800012 	orr	r0, r0, #18
8780006c:	e129f000 	msr	CPSR_fc, r0
87800070:	e59fd0d0 	ldr	sp, [pc, #208]	; 87800148 <FIQ_Handler+0x28>
87800074:	e10f0000 	mrs	r0, CPSR
87800078:	e3c0001f 	bic	r0, r0, #31
8780007c:	e380001f 	orr	r0, r0, #31
87800080:	e129f000 	msr	CPSR_fc, r0
87800084:	e59fd0c0 	ldr	sp, [pc, #192]	; 8780014c <FIQ_Handler+0x2c>
87800088:	e10f0000 	mrs	r0, CPSR
8780008c:	e3c0001f 	bic	r0, r0, #31
87800090:	e3800013 	orr	r0, r0, #19
87800094:	e129f000 	msr	CPSR_fc, r0
87800098:	e59fd0b0 	ldr	sp, [pc, #176]	; 87800150 <FIQ_Handler+0x30>
8780009c:	f1080080 	cpsie	i
878000a0:	ea00122a 	b	87804950 <__main_from_arm>

878000a4 <Undefined_Handler>:
878000a4:	e59f0080 	ldr	r0, [pc, #128]	; 8780012c <FIQ_Handler+0xc>
878000a8:	e12fff10 	bx	r0

878000ac <SVC_Handler>:
878000ac:	e59f007c 	ldr	r0, [pc, #124]	; 87800130 <FIQ_Handler+0x10>
878000b0:	e12fff10 	bx	r0

878000b4 <PreAbort_Handler>:
878000b4:	e59f0078 	ldr	r0, [pc, #120]	; 87800134 <FIQ_Handler+0x14>
878000b8:	e12fff10 	bx	r0

878000bc <DataAbort_Handler>:
878000bc:	e59f0074 	ldr	r0, [pc, #116]	; 87800138 <FIQ_Handler+0x18>
878000c0:	e12fff10 	bx	r0

878000c4 <NotUsed_Handler>:
878000c4:	e59f0070 	ldr	r0, [pc, #112]	; 8780013c <FIQ_Handler+0x1c>
878000c8:	e12fff10 	bx	r0

878000cc <IRQ_Handler>:
878000cc:	e52de004 	push	{lr}		; (str lr, [sp, #-4]!)
878000d0:	e92d100f 	push	{r0, r1, r2, r3, ip}
878000d4:	e14f0000 	mrs	r0, SPSR
878000d8:	e52d0004 	push	{r0}		; (str r0, [sp, #-4]!)
878000dc:	ee9f1f10 	mrc	15, 4, r1, cr15, cr0, {0}
878000e0:	e2811a02 	add	r1, r1, #8192	; 0x2000
878000e4:	e591000c 	ldr	r0, [r1, #12]
878000e8:	e92d0003 	push	{r0, r1}
878000ec:	f1020013 	cps	#19
878000f0:	e52de004 	push	{lr}		; (str lr, [sp, #-4]!)
878000f4:	e59f2058 	ldr	r2, [pc, #88]	; 87800154 <FIQ_Handler+0x34>
878000f8:	e12fff32 	blx	r2
878000fc:	e49de004 	pop	{lr}		; (ldr lr, [sp], #4)
87800100:	f1020012 	cps	#18
87800104:	e8bd0003 	pop	{r0, r1}
87800108:	e5810010 	str	r0, [r1, #16]
8780010c:	e49d0004 	pop	{r0}		; (ldr r0, [sp], #4)
87800110:	e16ff000 	msr	SPSR_fsxc, r0
87800114:	e8bd100f 	pop	{r0, r1, r2, r3, ip}
87800118:	e49de004 	pop	{lr}		; (ldr lr, [sp], #4)
8780011c:	e25ef004 	subs	pc, lr, #4

87800120 <FIQ_Handler>:
87800120:	e59f001c 	ldr	r0, [pc, #28]	; 87800144 <FIQ_Handler+0x24>
87800124:	e12fff10 	bx	r0
87800128:	87800020 	strhi	r0, [r0, r0, lsr #32]
8780012c:	878000a4 	strhi	r0, [r0, r4, lsr #1]
87800130:	878000ac 	strhi	r0, [r0, ip, lsr #1]
87800134:	878000b4 			; <UNDEFINED> instruction: 0x878000b4
87800138:	878000bc 			; <UNDEFINED> instruction: 0x878000bc
8780013c:	878000c4 	strhi	r0, [r0, r4, asr #1]
87800140:	878000cc 	strhi	r0, [r0, ip, asr #1]
87800144:	87800120 	strhi	r0, [r0, r0, lsr #2]
87800148:	80600000 	rsbhi	r0, r0, r0
8780014c:	80400000 	subhi	r0, r0, r0
87800150:	80200000 	eorhi	r0, r0, r0
87800154:	878009cd 	strhi	r0, [r0, sp, asr #19]
87800158:	00001e41 	andeq	r1, r0, r1, asr #28
8780015c:	61656100 	cmnvs	r5, r0, lsl #2
87800160:	01006962 	tsteq	r0, r2, ror #18
87800164:	00000014 	andeq	r0, r0, r4, lsl r0
87800168:	412d3705 	teqmi	sp, r5, lsl #14
8780016c:	070a0600 	streq	r0, [sl, -r0, lsl #12]
87800170:	09010841 	stmdbeq	r1, {r0, r6, fp}
87800174:	00040a02 	andeq	r0, r4, r2, lsl #20
	...

87800180 <__umodsi3>:
87800180:	e2512001 	subs	r2, r1, #1
87800184:	3a000062 	bcc	87800314 <Ldiv0>
87800188:	11500001 	cmpne	r0, r1
8780018c:	03a00000 	moveq	r0, #0
87800190:	81110002 	tsthi	r1, r2
87800194:	00000002 	andeq	r0, r0, r2
87800198:	91a0f00e 	movls	pc, lr
8780019c:	e3a02000 	mov	r2, #0
878001a0:	e3510201 	cmp	r1, #268435456	; 0x10000000
878001a4:	31510000 	cmpcc	r1, r0
878001a8:	31a01201 	lslcc	r1, r1, #4
878001ac:	32822004 	addcc	r2, r2, #4
878001b0:	3afffffa 	bcc	878001a0 <__umodsi3+0x20>
878001b4:	e3510102 	cmp	r1, #-2147483648	; 0x80000000
878001b8:	31510000 	cmpcc	r1, r0
878001bc:	31a01081 	lslcc	r1, r1, #1
878001c0:	32822001 	addcc	r2, r2, #1
878001c4:	3afffffa 	bcc	878001b4 <__umodsi3+0x34>
878001c8:	e2522003 	subs	r2, r2, #3
878001cc:	ba00000e 	blt	8780020c <__umodsi3+0x8c>
878001d0:	e1500001 	cmp	r0, r1
878001d4:	20400001 	subcs	r0, r0, r1
878001d8:	e15000a1 	cmp	r0, r1, lsr #1
878001dc:	204000a1 	subcs	r0, r0, r1, lsr #1
878001e0:	e1500121 	cmp	r0, r1, lsr #2
878001e4:	20400121 	subcs	r0, r0, r1, lsr #2
878001e8:	e15001a1 	cmp	r0, r1, lsr #3
878001ec:	204001a1 	subcs	r0, r0, r1, lsr #3
878001f0:	e3500001 	cmp	r0, #1
878001f4:	e1a01221 	lsr	r1, r1, #4
878001f8:	a2522004 	subsge	r2, r2, #4
878001fc:	aafffff3 	bge	878001d0 <__umodsi3+0x50>
87800200:	e3120003 	tst	r2, #3
87800204:	13300000 	teqne	r0, #0
87800208:	0a00000a 	beq	87800238 <__umodsi3+0xb8>
8780020c:	e3720002 	cmn	r2, #2
87800210:	ba000006 	blt	87800230 <__umodsi3+0xb0>
87800214:	0a000002 	beq	87800224 <__umodsi3+0xa4>
87800218:	e1500001 	cmp	r0, r1
8780021c:	20400001 	subcs	r0, r0, r1
87800220:	e1a010a1 	lsr	r1, r1, #1
87800224:	e1500001 	cmp	r0, r1
87800228:	20400001 	subcs	r0, r0, r1
8780022c:	e1a010a1 	lsr	r1, r1, #1
87800230:	e1500001 	cmp	r0, r1
87800234:	20400001 	subcs	r0, r0, r1
87800238:	e1a0f00e 	mov	pc, lr
8780023c:	90909090 	umullsls	r9, r0, r0, r0

87800240 <__modsi3>:
87800240:	e3510000 	cmp	r1, #0
87800244:	0a000032 	beq	87800314 <Ldiv0>
87800248:	42611000 	rsbmi	r1, r1, #0
8780024c:	e1b0c000 	movs	ip, r0
87800250:	42600000 	rsbmi	r0, r0, #0
87800254:	e2512001 	subs	r2, r1, #1
87800258:	11500001 	cmpne	r0, r1
8780025c:	03a00000 	moveq	r0, #0
87800260:	81110002 	tsthi	r1, r2
87800264:	00000002 	andeq	r0, r0, r2
87800268:	9a000026 	bls	87800308 <__modsi3+0xc8>
8780026c:	e3a02000 	mov	r2, #0
87800270:	e3510201 	cmp	r1, #268435456	; 0x10000000
87800274:	31510000 	cmpcc	r1, r0
87800278:	31a01201 	lslcc	r1, r1, #4
8780027c:	32822004 	addcc	r2, r2, #4
87800280:	3afffffa 	bcc	87800270 <__modsi3+0x30>
87800284:	e3510102 	cmp	r1, #-2147483648	; 0x80000000
87800288:	31510000 	cmpcc	r1, r0
8780028c:	31a01081 	lslcc	r1, r1, #1
87800290:	32822001 	addcc	r2, r2, #1
87800294:	3afffffa 	bcc	87800284 <__modsi3+0x44>
87800298:	e2522003 	subs	r2, r2, #3
8780029c:	ba00000e 	blt	878002dc <__modsi3+0x9c>
878002a0:	e1500001 	cmp	r0, r1
878002a4:	20400001 	subcs	r0, r0, r1
878002a8:	e15000a1 	cmp	r0, r1, lsr #1
878002ac:	204000a1 	subcs	r0, r0, r1, lsr #1
878002b0:	e1500121 	cmp	r0, r1, lsr #2
878002b4:	20400121 	subcs	r0, r0, r1, lsr #2
878002b8:	e15001a1 	cmp	r0, r1, lsr #3
878002bc:	204001a1 	subcs	r0, r0, r1, lsr #3
878002c0:	e3500001 	cmp	r0, #1
878002c4:	e1a01221 	lsr	r1, r1, #4
878002c8:	a2522004 	subsge	r2, r2, #4
878002cc:	aafffff3 	bge	878002a0 <__modsi3+0x60>
878002d0:	e3120003 	tst	r2, #3
878002d4:	13300000 	teqne	r0, #0
878002d8:	0a00000a 	beq	87800308 <__modsi3+0xc8>
878002dc:	e3720002 	cmn	r2, #2
878002e0:	ba000006 	blt	87800300 <__modsi3+0xc0>
878002e4:	0a000002 	beq	878002f4 <__modsi3+0xb4>
878002e8:	e1500001 	cmp	r0, r1
878002ec:	20400001 	subcs	r0, r0, r1
878002f0:	e1a010a1 	lsr	r1, r1, #1
878002f4:	e1500001 	cmp	r0, r1
878002f8:	20400001 	subcs	r0, r0, r1
878002fc:	e1a010a1 	lsr	r1, r1, #1
87800300:	e1500001 	cmp	r0, r1
87800304:	20400001 	subcs	r0, r0, r1
87800308:	e35c0000 	cmp	ip, #0
8780030c:	42600000 	rsbmi	r0, r0, #0
87800310:	e1a0f00e 	mov	pc, lr

87800314 <Ldiv0>:
87800314:	e52de004 	push	{lr}		; (str lr, [sp, #-4]!)
87800318:	e3a00000 	mov	r0, #0
8780031c:	e49df004 	pop	{pc}		; (ldr pc, [sp], #4)

87800320 <integer_display>:
87800320:	e92d 43f0 	stmdb	sp!, {r4, r5, r6, r7, r8, r9, lr}
87800324:	f24a 04cc 	movw	r4, #41164	; 0xa0cc
87800328:	f2c8 7480 	movt	r4, #34688	; 0x8780
8780032c:	fa1f f882 	uxth.w	r8, r2
87800330:	b0b5      	sub	sp, #212	; 0xd4
87800332:	69e4      	ldr	r4, [r4, #28]
87800334:	eb08 0e01 	add.w	lr, r8, r1
87800338:	4617      	mov	r7, r2
8780033a:	f100 0232 	add.w	r2, r0, #50	; 0x32
8780033e:	4699      	mov	r9, r3
87800340:	b292      	uxth	r2, r2
87800342:	fa1f f38e 	uxth.w	r3, lr
87800346:	9400      	str	r4, [sp, #0]
87800348:	ac02      	add	r4, sp, #8
8780034a:	460e      	mov	r6, r1
8780034c:	4605      	mov	r5, r0
8780034e:	f001 fc5b 	bl	87801c08 <lcd_fill>
87800352:	2100      	movs	r1, #0
87800354:	22c8      	movs	r2, #200	; 0xc8
87800356:	4620      	mov	r0, r4
87800358:	f002 fed0 	bl	878030fc <memset>
8780035c:	f1b9 0f00 	cmp.w	r9, #0
87800360:	4620      	mov	r0, r4
87800362:	bfb7      	itett	lt
87800364:	f644 2140 	movwlt	r1, #19008	; 0x4a40
87800368:	f644 2148 	movwge	r1, #19016	; 0x4a48
8780036c:	f1c9 0200 	rsblt	r2, r9, #0
87800370:	f2c8 7180 	movtlt	r1, #34688	; 0x8780
87800374:	bfa4      	itt	ge
87800376:	464a      	movge	r2, r9
87800378:	f2c8 7180 	movtge	r1, #34688	; 0x8780
8780037c:	f003 fe1c 	bl	87803fb8 <sprintf>
87800380:	9401      	str	r4, [sp, #4]
87800382:	4643      	mov	r3, r8
87800384:	9700      	str	r7, [sp, #0]
87800386:	4631      	mov	r1, r6
87800388:	4628      	mov	r0, r5
8780038a:	2232      	movs	r2, #50	; 0x32
8780038c:	f001 f884 	bl	87801498 <lcd_show_string>
87800390:	b035      	add	sp, #212	; 0xd4
87800392:	e8bd 83f0 	ldmia.w	sp!, {r4, r5, r6, r7, r8, r9, pc}
87800396:	bf00      	nop

87800398 <decimals_display>:
87800398:	e92d 43f0 	stmdb	sp!, {r4, r5, r6, r7, r8, r9, lr}
8780039c:	1e1d      	subs	r5, r3, #0
8780039e:	b0b5      	sub	sp, #212	; 0xd4
878003a0:	4607      	mov	r7, r0
878003a2:	ae02      	add	r6, sp, #8
878003a4:	4688      	mov	r8, r1
878003a6:	4691      	mov	r9, r2
878003a8:	4630      	mov	r0, r6
878003aa:	f04f 02c8 	mov.w	r2, #200	; 0xc8
878003ae:	f04f 0100 	mov.w	r1, #0
878003b2:	db36      	blt.n	87800422 <decimals_display+0x8a>
878003b4:	f002 fea2 	bl	878030fc <memset>
878003b8:	f248 521f 	movw	r2, #34079	; 0x851f
878003bc:	17ec      	asrs	r4, r5, #31
878003be:	f2c5 12eb 	movt	r2, #20971	; 0x51eb
878003c2:	fb85 2302 	smull	r2, r3, r5, r2
878003c6:	f644 214c 	movw	r1, #19020	; 0x4a4c
878003ca:	f2c8 7180 	movt	r1, #34688	; 0x8780
878003ce:	4630      	mov	r0, r6
878003d0:	ebc4 1363 	rsb	r3, r4, r3, asr #5
878003d4:	011c      	lsls	r4, r3, #4
878003d6:	461a      	mov	r2, r3
878003d8:	eb04 0483 	add.w	r4, r4, r3, lsl #2
878003dc:	eb04 0384 	add.w	r3, r4, r4, lsl #2
878003e0:	1aeb      	subs	r3, r5, r3
878003e2:	f003 fde9 	bl	87803fb8 <sprintf>
878003e6:	f24a 03cc 	movw	r3, #41164	; 0xa0cc
878003ea:	fa1f f489 	uxth.w	r4, r9
878003ee:	f2c8 7380 	movt	r3, #34688	; 0x8780
878003f2:	69d8      	ldr	r0, [r3, #28]
878003f4:	f107 023c 	add.w	r2, r7, #60	; 0x3c
878003f8:	eb04 0308 	add.w	r3, r4, r8
878003fc:	4641      	mov	r1, r8
878003fe:	b29b      	uxth	r3, r3
87800400:	b292      	uxth	r2, r2
87800402:	9000      	str	r0, [sp, #0]
87800404:	4638      	mov	r0, r7
87800406:	f001 fbff 	bl	87801c08 <lcd_fill>
8780040a:	4623      	mov	r3, r4
8780040c:	9601      	str	r6, [sp, #4]
8780040e:	f8cd 9000 	str.w	r9, [sp]
87800412:	4641      	mov	r1, r8
87800414:	4638      	mov	r0, r7
87800416:	223c      	movs	r2, #60	; 0x3c
87800418:	f001 f83e 	bl	87801498 <lcd_show_string>
8780041c:	b035      	add	sp, #212	; 0xd4
8780041e:	e8bd 83f0 	ldmia.w	sp!, {r4, r5, r6, r7, r8, r9, pc}
87800422:	f002 fe6b 	bl	878030fc <memset>
87800426:	f248 521f 	movw	r2, #34079	; 0x851f
8780042a:	426d      	negs	r5, r5
8780042c:	f2c5 12eb 	movt	r2, #20971	; 0x51eb
87800430:	17ec      	asrs	r4, r5, #31
87800432:	fb85 2302 	smull	r2, r3, r5, r2
87800436:	f644 2144 	movw	r1, #19012	; 0x4a44
8780043a:	f2c8 7180 	movt	r1, #34688	; 0x8780
8780043e:	4630      	mov	r0, r6
87800440:	ebc4 1e63 	rsb	lr, r4, r3, asr #5
87800444:	ea4f 140e 	mov.w	r4, lr, lsl #4
87800448:	4672      	mov	r2, lr
8780044a:	eb04 048e 	add.w	r4, r4, lr, lsl #2
8780044e:	eb04 0384 	add.w	r3, r4, r4, lsl #2
87800452:	1aeb      	subs	r3, r5, r3
87800454:	f003 fdb0 	bl	87803fb8 <sprintf>
87800458:	e7c5      	b.n	878003e6 <decimals_display+0x4e>
8780045a:	bf00      	nop

8780045c <imx6ul_hardfpu_enable>:
8780045c:	ee11 3f50 	mrc	15, 0, r3, cr1, cr0, {2}
87800460:	f023 4340 	bic.w	r3, r3, #3221225472	; 0xc0000000
87800464:	f423 0370 	bic.w	r3, r3, #15728640	; 0xf00000
87800468:	f443 0370 	orr.w	r3, r3, #15728640	; 0xf00000
8780046c:	ee01 3f50 	mcr	15, 0, r3, cr1, cr0, {2}
87800470:	eef8 3a10 	vmrs	r3, fpexc
87800474:	f043 4380 	orr.w	r3, r3, #1073741824	; 0x40000000
87800478:	eee8 3a10 	vmsr	fpexc, r3
8780047c:	4770      	bx	lr
8780047e:	bf00      	nop

87800480 <clk_enable>:
87800480:	f44f 4380 	mov.w	r3, #16384	; 0x4000
87800484:	f04f 32ff 	mov.w	r2, #4294967295	; 0xffffffff
87800488:	f2c0 230c 	movt	r3, #524	; 0x20c
8780048c:	669a      	str	r2, [r3, #104]	; 0x68
8780048e:	66da      	str	r2, [r3, #108]	; 0x6c
87800490:	671a      	str	r2, [r3, #112]	; 0x70
87800492:	675a      	str	r2, [r3, #116]	; 0x74
87800494:	679a      	str	r2, [r3, #120]	; 0x78
87800496:	67da      	str	r2, [r3, #124]	; 0x7c
87800498:	f8c3 2080 	str.w	r2, [r3, #128]	; 0x80
8780049c:	4770      	bx	lr
8780049e:	bf00      	nop

878004a0 <imx6u_clkinit>:
878004a0:	f44f 4380 	mov.w	r3, #16384	; 0x4000
878004a4:	b430      	push	{r4, r5}
878004a6:	f2c0 230c 	movt	r3, #524	; 0x20c
878004aa:	68da      	ldr	r2, [r3, #12]
878004ac:	0751      	lsls	r1, r2, #29
878004ae:	d407      	bmi.n	878004c0 <imx6u_clkinit+0x20>
878004b0:	68da      	ldr	r2, [r3, #12]
878004b2:	f422 7280 	bic.w	r2, r2, #256	; 0x100
878004b6:	60da      	str	r2, [r3, #12]
878004b8:	68da      	ldr	r2, [r3, #12]
878004ba:	f042 0204 	orr.w	r2, r2, #4
878004be:	60da      	str	r2, [r3, #12]
878004c0:	f44f 4200 	mov.w	r2, #32768	; 0x8000
878004c4:	f44f 4380 	mov.w	r3, #16384	; 0x4000
878004c8:	f2c0 230c 	movt	r3, #524	; 0x20c
878004cc:	f2c0 220c 	movt	r2, #524	; 0x20c
878004d0:	f242 0058 	movw	r0, #8280	; 0x2058
878004d4:	2101      	movs	r1, #1
878004d6:	6010      	str	r0, [r2, #0]
878004d8:	f241 041b 	movw	r4, #4123	; 0x101b
878004dc:	6119      	str	r1, [r3, #16]
878004de:	f2c2 0418 	movt	r4, #8216	; 0x2018
878004e2:	68dd      	ldr	r5, [r3, #12]
878004e4:	f241 000c 	movw	r0, #4108	; 0x100c
878004e8:	f2c1 3011 	movt	r0, #4881	; 0x1311
878004ec:	4619      	mov	r1, r3
878004ee:	f025 0504 	bic.w	r5, r5, #4
878004f2:	60dd      	str	r5, [r3, #12]
878004f4:	f8d2 5100 	ldr.w	r5, [r2, #256]	; 0x100
878004f8:	f005 35c0 	and.w	r5, r5, #3233857728	; 0xc0c0c0c0
878004fc:	432c      	orrs	r4, r5
878004fe:	f8c2 4100 	str.w	r4, [r2, #256]	; 0x100
87800502:	f8d2 40f0 	ldr.w	r4, [r2, #240]	; 0xf0
87800506:	f004 34c0 	and.w	r4, r4, #3233857728	; 0xc0c0c0c0
8780050a:	4320      	orrs	r0, r4
8780050c:	f8c2 00f0 	str.w	r0, [r2, #240]	; 0xf0
87800510:	699a      	ldr	r2, [r3, #24]
87800512:	f422 2240 	bic.w	r2, r2, #786432	; 0xc0000
87800516:	619a      	str	r2, [r3, #24]
87800518:	699a      	ldr	r2, [r3, #24]
8780051a:	f442 2280 	orr.w	r2, r2, #262144	; 0x40000
8780051e:	619a      	str	r2, [r3, #24]
87800520:	6c8a      	ldr	r2, [r1, #72]	; 0x48
87800522:	f44f 4380 	mov.w	r3, #16384	; 0x4000
87800526:	f2c0 230c 	movt	r3, #524	; 0x20c
8780052a:	0692      	lsls	r2, r2, #26
8780052c:	d4f8      	bmi.n	87800520 <imx6u_clkinit+0x80>
8780052e:	695a      	ldr	r2, [r3, #20]
87800530:	bc30      	pop	{r4, r5}
87800532:	f022 7200 	bic.w	r2, r2, #33554432	; 0x2000000
87800536:	615a      	str	r2, [r3, #20]
87800538:	695a      	ldr	r2, [r3, #20]
8780053a:	f422 7240 	bic.w	r2, r2, #768	; 0x300
8780053e:	615a      	str	r2, [r3, #20]
87800540:	695a      	ldr	r2, [r3, #20]
87800542:	f442 7280 	orr.w	r2, r2, #256	; 0x100
87800546:	615a      	str	r2, [r3, #20]
87800548:	69da      	ldr	r2, [r3, #28]
8780054a:	f022 0240 	bic.w	r2, r2, #64	; 0x40
8780054e:	61da      	str	r2, [r3, #28]
87800550:	69da      	ldr	r2, [r3, #28]
87800552:	f022 023f 	bic.w	r2, r2, #63	; 0x3f
87800556:	61da      	str	r2, [r3, #28]
87800558:	6a5a      	ldr	r2, [r3, #36]	; 0x24
8780055a:	f022 0240 	bic.w	r2, r2, #64	; 0x40
8780055e:	625a      	str	r2, [r3, #36]	; 0x24
87800560:	6a5a      	ldr	r2, [r3, #36]	; 0x24
87800562:	f022 023f 	bic.w	r2, r2, #63	; 0x3f
87800566:	625a      	str	r2, [r3, #36]	; 0x24
87800568:	6b9a      	ldr	r2, [r3, #56]	; 0x38
8780056a:	f422 2280 	bic.w	r2, r2, #262144	; 0x40000
8780056e:	639a      	str	r2, [r3, #56]	; 0x38
87800570:	6b9a      	ldr	r2, [r3, #56]	; 0x38
87800572:	f022 72fc 	bic.w	r2, r2, #33030144	; 0x1f80000
87800576:	639a      	str	r2, [r3, #56]	; 0x38
87800578:	4770      	bx	lr
8780057a:	bf00      	nop

8780057c <led_init>:
8780057c:	2168      	movs	r1, #104	; 0x68
8780057e:	f44f 723d 	mov.w	r2, #756	; 0x2f4
87800582:	f44f 4340 	mov.w	r3, #49152	; 0xc000
87800586:	b430      	push	{r4, r5}
87800588:	f2c0 2309 	movt	r3, #521	; 0x209
8780058c:	2505      	movs	r5, #5
8780058e:	f2c0 220e 	movt	r2, #526	; 0x20e
87800592:	f241 04b0 	movw	r4, #4272	; 0x10b0
87800596:	2008      	movs	r0, #8
87800598:	f2c0 210e 	movt	r1, #526	; 0x20e
8780059c:	600d      	str	r5, [r1, #0]
8780059e:	6014      	str	r4, [r2, #0]
878005a0:	6058      	str	r0, [r3, #4]
878005a2:	681a      	ldr	r2, [r3, #0]
878005a4:	bc30      	pop	{r4, r5}
878005a6:	4302      	orrs	r2, r0
878005a8:	601a      	str	r2, [r3, #0]
878005aa:	4770      	bx	lr

878005ac <led_on>:
878005ac:	f44f 4340 	mov.w	r3, #49152	; 0xc000
878005b0:	f2c0 2309 	movt	r3, #521	; 0x209
878005b4:	681a      	ldr	r2, [r3, #0]
878005b6:	f022 0208 	bic.w	r2, r2, #8
878005ba:	601a      	str	r2, [r3, #0]
878005bc:	4770      	bx	lr
878005be:	bf00      	nop

878005c0 <led_off>:
878005c0:	f44f 4340 	mov.w	r3, #49152	; 0xc000
878005c4:	f2c0 2309 	movt	r3, #521	; 0x209
878005c8:	681a      	ldr	r2, [r3, #0]
878005ca:	f042 0208 	orr.w	r2, r2, #8
878005ce:	601a      	str	r2, [r3, #0]
878005d0:	4770      	bx	lr
878005d2:	bf00      	nop

878005d4 <led_switch>:
878005d4:	b950      	cbnz	r0, 878005ec <led_switch+0x18>
878005d6:	2901      	cmp	r1, #1
878005d8:	d009      	beq.n	878005ee <led_switch+0x1a>
878005da:	b939      	cbnz	r1, 878005ec <led_switch+0x18>
878005dc:	f44f 4340 	mov.w	r3, #49152	; 0xc000
878005e0:	f2c0 2309 	movt	r3, #521	; 0x209
878005e4:	681a      	ldr	r2, [r3, #0]
878005e6:	f042 0208 	orr.w	r2, r2, #8
878005ea:	601a      	str	r2, [r3, #0]
878005ec:	4770      	bx	lr
878005ee:	f44f 4340 	mov.w	r3, #49152	; 0xc000
878005f2:	f2c0 2309 	movt	r3, #521	; 0x209
878005f6:	681a      	ldr	r2, [r3, #0]
878005f8:	f022 0208 	bic.w	r2, r2, #8
878005fc:	601a      	str	r2, [r3, #0]
878005fe:	4770      	bx	lr

87800600 <delay_init>:
87800600:	f44f 4300 	mov.w	r3, #32768	; 0x8000
87800604:	2200      	movs	r2, #0
87800606:	f2c0 2309 	movt	r3, #521	; 0x209
8780060a:	601a      	str	r2, [r3, #0]
8780060c:	4619      	mov	r1, r3
8780060e:	689a      	ldr	r2, [r3, #8]
87800610:	f442 4200 	orr.w	r2, r2, #32768	; 0x8000
87800614:	609a      	str	r2, [r3, #8]
87800616:	688a      	ldr	r2, [r1, #8]
87800618:	f44f 4300 	mov.w	r3, #32768	; 0x8000
8780061c:	f2c0 2309 	movt	r3, #521	; 0x209
87800620:	0412      	lsls	r2, r2, #16
87800622:	d4f8      	bmi.n	87800616 <delay_init+0x16>
87800624:	681a      	ldr	r2, [r3, #0]
87800626:	2141      	movs	r1, #65	; 0x41
87800628:	f042 0242 	orr.w	r2, r2, #66	; 0x42
8780062c:	601a      	str	r2, [r3, #0]
8780062e:	6059      	str	r1, [r3, #4]
87800630:	681a      	ldr	r2, [r3, #0]
87800632:	f042 0201 	orr.w	r2, r2, #1
87800636:	601a      	str	r2, [r3, #0]
87800638:	4770      	bx	lr
8780063a:	bf00      	nop

8780063c <delay_us>:
8780063c:	f44f 4100 	mov.w	r1, #32768	; 0x8000
87800640:	b430      	push	{r4, r5}
87800642:	f2c0 2109 	movt	r1, #521	; 0x209
87800646:	2400      	movs	r4, #0
87800648:	6a4a      	ldr	r2, [r1, #36]	; 0x24
8780064a:	6a4b      	ldr	r3, [r1, #36]	; 0x24
8780064c:	4293      	cmp	r3, r2
8780064e:	d0fc      	beq.n	8780064a <delay_us+0xe>
87800650:	1e65      	subs	r5, r4, #1
87800652:	429a      	cmp	r2, r3
87800654:	eba4 0402 	sub.w	r4, r4, r2
87800658:	eba5 0502 	sub.w	r5, r5, r2
8780065c:	bf34      	ite	cc
8780065e:	18e4      	addcc	r4, r4, r3
87800660:	18ec      	addcs	r4, r5, r3
87800662:	4284      	cmp	r4, r0
87800664:	461a      	mov	r2, r3
87800666:	d3f0      	bcc.n	8780064a <delay_us+0xe>
87800668:	bc30      	pop	{r4, r5}
8780066a:	4770      	bx	lr

8780066c <delay_ms>:
8780066c:	b1d8      	cbz	r0, 878006a6 <delay_ms+0x3a>
8780066e:	f44f 4100 	mov.w	r1, #32768	; 0x8000
87800672:	b470      	push	{r4, r5, r6}
87800674:	f2c0 2109 	movt	r1, #521	; 0x209
87800678:	2600      	movs	r6, #0
8780067a:	2400      	movs	r4, #0
8780067c:	6a4a      	ldr	r2, [r1, #36]	; 0x24
8780067e:	6a4b      	ldr	r3, [r1, #36]	; 0x24
87800680:	4293      	cmp	r3, r2
87800682:	d0fc      	beq.n	8780067e <delay_ms+0x12>
87800684:	1e65      	subs	r5, r4, #1
87800686:	429a      	cmp	r2, r3
87800688:	eba4 0402 	sub.w	r4, r4, r2
8780068c:	eba5 0502 	sub.w	r5, r5, r2
87800690:	bf34      	ite	cc
87800692:	18e4      	addcc	r4, r4, r3
87800694:	18ec      	addcs	r4, r5, r3
87800696:	f5b4 7f7a 	cmp.w	r4, #1000	; 0x3e8
8780069a:	461a      	mov	r2, r3
8780069c:	d3ef      	bcc.n	8780067e <delay_ms+0x12>
8780069e:	3601      	adds	r6, #1
878006a0:	4286      	cmp	r6, r0
878006a2:	d1ea      	bne.n	8780067a <delay_ms+0xe>
878006a4:	bc70      	pop	{r4, r5, r6}
878006a6:	4770      	bx	lr

878006a8 <delay_short>:
878006a8:	b082      	sub	sp, #8
878006aa:	9001      	str	r0, [sp, #4]
878006ac:	9b01      	ldr	r3, [sp, #4]
878006ae:	1e5a      	subs	r2, r3, #1
878006b0:	9201      	str	r2, [sp, #4]
878006b2:	2b00      	cmp	r3, #0
878006b4:	d1fa      	bne.n	878006ac <delay_short+0x4>
878006b6:	b002      	add	sp, #8
878006b8:	4770      	bx	lr
878006ba:	bf00      	nop

878006bc <delay>:
878006bc:	b082      	sub	sp, #8
878006be:	9001      	str	r0, [sp, #4]
878006c0:	9b01      	ldr	r3, [sp, #4]
878006c2:	1e5a      	subs	r2, r3, #1
878006c4:	9201      	str	r2, [sp, #4]
878006c6:	b153      	cbz	r3, 878006de <delay+0x22>
878006c8:	f240 73ff 	movw	r3, #2047	; 0x7ff
878006cc:	461a      	mov	r2, r3
878006ce:	3b01      	subs	r3, #1
878006d0:	2a00      	cmp	r2, #0
878006d2:	d1fb      	bne.n	878006cc <delay+0x10>
878006d4:	9b01      	ldr	r3, [sp, #4]
878006d6:	1e5a      	subs	r2, r3, #1
878006d8:	9201      	str	r2, [sp, #4]
878006da:	2b00      	cmp	r3, #0
878006dc:	d1f4      	bne.n	878006c8 <delay+0xc>
878006de:	b002      	add	sp, #8
878006e0:	4770      	bx	lr
878006e2:	bf00      	nop

878006e4 <beep_init>:
878006e4:	210c      	movs	r1, #12
878006e6:	2250      	movs	r2, #80	; 0x50
878006e8:	b530      	push	{r4, r5, lr}
878006ea:	2301      	movs	r3, #1
878006ec:	b085      	sub	sp, #20
878006ee:	f2c0 2129 	movt	r1, #553	; 0x229
878006f2:	2505      	movs	r5, #5
878006f4:	f2c0 2229 	movt	r2, #553	; 0x229
878006f8:	f241 04b0 	movw	r4, #4272	; 0x10b0
878006fc:	f44f 4040 	mov.w	r0, #49152	; 0xc000
87800700:	600d      	str	r5, [r1, #0]
87800702:	f2c0 200a 	movt	r0, #522	; 0x20a
87800706:	6014      	str	r4, [r2, #0]
87800708:	4619      	mov	r1, r3
8780070a:	aa01      	add	r2, sp, #4
8780070c:	9301      	str	r3, [sp, #4]
8780070e:	f88d 3008 	strb.w	r3, [sp, #8]
87800712:	f000 f8db 	bl	878008cc <gpio_init>
87800716:	b005      	add	sp, #20
87800718:	bd30      	pop	{r4, r5, pc}
8780071a:	bf00      	nop

8780071c <beep_switch>:
8780071c:	4602      	mov	r2, r0
8780071e:	b110      	cbz	r0, 87800726 <beep_switch+0xa>
87800720:	2801      	cmp	r0, #1
87800722:	d007      	beq.n	87800734 <beep_switch+0x18>
87800724:	4770      	bx	lr
87800726:	f44f 4040 	mov.w	r0, #49152	; 0xc000
8780072a:	2101      	movs	r1, #1
8780072c:	f2c0 200a 	movt	r0, #522	; 0x20a
87800730:	f000 b856 	b.w	878007e0 <gpio_PinWrite>
87800734:	f44f 4040 	mov.w	r0, #49152	; 0xc000
87800738:	4611      	mov	r1, r2
8780073a:	f2c0 200a 	movt	r0, #522	; 0x20a
8780073e:	f000 b84f 	b.w	878007e0 <gpio_PinWrite>
87800742:	bf00      	nop

87800744 <key_init>:
87800744:	b570      	push	{r4, r5, r6, lr}
87800746:	218c      	movs	r1, #140	; 0x8c
87800748:	b084      	sub	sp, #16
8780074a:	f44f 7346 	mov.w	r3, #792	; 0x318
8780074e:	f2c0 230e 	movt	r3, #526	; 0x20e
87800752:	aa04      	add	r2, sp, #16
87800754:	f2c0 210e 	movt	r1, #526	; 0x20e
87800758:	2605      	movs	r6, #5
8780075a:	f24f 0580 	movw	r5, #61568	; 0xf080
8780075e:	2400      	movs	r4, #0
87800760:	f44f 4040 	mov.w	r0, #49152	; 0xc000
87800764:	600e      	str	r6, [r1, #0]
87800766:	f2c0 2009 	movt	r0, #521	; 0x209
8780076a:	601d      	str	r5, [r3, #0]
8780076c:	2112      	movs	r1, #18
8780076e:	f842 4d0c 	str.w	r4, [r2, #-12]!
87800772:	f000 f8ab 	bl	878008cc <gpio_init>
87800776:	b004      	add	sp, #16
87800778:	bd70      	pop	{r4, r5, r6, pc}
8780077a:	bf00      	nop

8780077c <read_key>:
8780077c:	f44f 4040 	mov.w	r0, #49152	; 0xc000
87800780:	2112      	movs	r1, #18
87800782:	f2c0 2009 	movt	r0, #521	; 0x209
87800786:	f000 b83b 	b.w	87800800 <gpio_PinRead>
8780078a:	bf00      	nop

8780078c <key_getValue>:
8780078c:	b538      	push	{r3, r4, r5, lr}
8780078e:	f249 24c0 	movw	r4, #37568	; 0x92c0
87800792:	f2c8 7480 	movt	r4, #34688	; 0x8780
87800796:	7823      	ldrb	r3, [r4, #0]
87800798:	2b01      	cmp	r3, #1
8780079a:	d008      	beq.n	878007ae <key_getValue+0x22>
8780079c:	f44f 4040 	mov.w	r0, #49152	; 0xc000
878007a0:	2112      	movs	r1, #18
878007a2:	f2c0 2009 	movt	r0, #521	; 0x209
878007a6:	f000 f82b 	bl	87800800 <gpio_PinRead>
878007aa:	2000      	movs	r0, #0
878007ac:	bd38      	pop	{r3, r4, r5, pc}
878007ae:	f44f 4040 	mov.w	r0, #49152	; 0xc000
878007b2:	2112      	movs	r1, #18
878007b4:	f2c0 2009 	movt	r0, #521	; 0x209
878007b8:	f000 f822 	bl	87800800 <gpio_PinRead>
878007bc:	4605      	mov	r5, r0
878007be:	2800      	cmp	r0, #0
878007c0:	d1ec      	bne.n	8780079c <key_getValue+0x10>
878007c2:	200a      	movs	r0, #10
878007c4:	f7ff ff7a 	bl	878006bc <delay>
878007c8:	f44f 4040 	mov.w	r0, #49152	; 0xc000
878007cc:	2112      	movs	r1, #18
878007ce:	f2c0 2009 	movt	r0, #521	; 0x209
878007d2:	7025      	strb	r5, [r4, #0]
878007d4:	f000 f814 	bl	87800800 <gpio_PinRead>
878007d8:	fab0 f080 	clz	r0, r0
878007dc:	0940      	lsrs	r0, r0, #5
878007de:	bd38      	pop	{r3, r4, r5, pc}

878007e0 <gpio_PinWrite>:
878007e0:	b132      	cbz	r2, 878007f0 <gpio_PinWrite+0x10>
878007e2:	2a01      	cmp	r2, #1
878007e4:	bf01      	itttt	eq
878007e6:	6803      	ldreq	r3, [r0, #0]
878007e8:	408a      	lsleq	r2, r1
878007ea:	431a      	orreq	r2, r3
878007ec:	6002      	streq	r2, [r0, #0]
878007ee:	4770      	bx	lr
878007f0:	6802      	ldr	r2, [r0, #0]
878007f2:	2301      	movs	r3, #1
878007f4:	408b      	lsls	r3, r1
878007f6:	ea22 0303 	bic.w	r3, r2, r3
878007fa:	6003      	str	r3, [r0, #0]
878007fc:	4770      	bx	lr
878007fe:	bf00      	nop

87800800 <gpio_PinRead>:
87800800:	6800      	ldr	r0, [r0, #0]
87800802:	40c8      	lsrs	r0, r1
87800804:	f000 0001 	and.w	r0, r0, #1
87800808:	4770      	bx	lr
8780080a:	bf00      	nop

8780080c <gpio_enable_int>:
8780080c:	6943      	ldr	r3, [r0, #20]
8780080e:	2201      	movs	r2, #1
87800810:	408a      	lsls	r2, r1
87800812:	4313      	orrs	r3, r2
87800814:	6143      	str	r3, [r0, #20]
87800816:	4770      	bx	lr

87800818 <gpio_disable_int>:
87800818:	6943      	ldr	r3, [r0, #20]
8780081a:	2201      	movs	r2, #1
8780081c:	408a      	lsls	r2, r1
8780081e:	ea23 0302 	bic.w	r3, r3, r2
87800822:	6143      	str	r3, [r0, #20]
87800824:	4770      	bx	lr
87800826:	bf00      	nop

87800828 <gpio_clearintflags>:
87800828:	6983      	ldr	r3, [r0, #24]
8780082a:	2201      	movs	r2, #1
8780082c:	408a      	lsls	r2, r1
8780082e:	4313      	orrs	r3, r2
87800830:	6183      	str	r3, [r0, #24]
87800832:	4770      	bx	lr

87800834 <gpio_intconfig>:
87800834:	b430      	push	{r4, r5}
87800836:	2301      	movs	r3, #1
87800838:	69c4      	ldr	r4, [r0, #28]
8780083a:	408b      	lsls	r3, r1
8780083c:	290f      	cmp	r1, #15
8780083e:	f102 32ff 	add.w	r2, r2, #4294967295	; 0xffffffff
87800842:	bf88      	it	hi
87800844:	3910      	subhi	r1, #16
87800846:	ea24 0403 	bic.w	r4, r4, r3
8780084a:	61c4      	str	r4, [r0, #28]
8780084c:	bf94      	ite	ls
8780084e:	f100 040c 	addls.w	r4, r0, #12
87800852:	f100 0410 	addhi.w	r4, r0, #16
87800856:	2a04      	cmp	r2, #4
87800858:	d810      	bhi.n	8780087c <gpio_intconfig+0x48>
8780085a:	e8df f002 	tbb	[pc, r2]
8780085e:	2b26031d 	blcs	881814da <__bss_end+0x97739a>
87800862:	68200011 	stmdavs	r0!, {r0, r4}
87800866:	0049      	lsls	r1, r1, #1
87800868:	2203      	movs	r2, #3
8780086a:	2301      	movs	r3, #1
8780086c:	408a      	lsls	r2, r1
8780086e:	408b      	lsls	r3, r1
87800870:	ea20 0202 	bic.w	r2, r0, r2
87800874:	6022      	str	r2, [r4, #0]
87800876:	6822      	ldr	r2, [r4, #0]
87800878:	4313      	orrs	r3, r2
8780087a:	6023      	str	r3, [r4, #0]
8780087c:	bc30      	pop	{r4, r5}
8780087e:	4770      	bx	lr
87800880:	0049      	lsls	r1, r1, #1
87800882:	6825      	ldr	r5, [r4, #0]
87800884:	2203      	movs	r2, #3
87800886:	408a      	lsls	r2, r1
87800888:	ea25 0202 	bic.w	r2, r5, r2
8780088c:	6022      	str	r2, [r4, #0]
8780088e:	69c2      	ldr	r2, [r0, #28]
87800890:	bc30      	pop	{r4, r5}
87800892:	4313      	orrs	r3, r2
87800894:	61c3      	str	r3, [r0, #28]
87800896:	4770      	bx	lr
87800898:	0049      	lsls	r1, r1, #1
8780089a:	6822      	ldr	r2, [r4, #0]
8780089c:	2303      	movs	r3, #3
8780089e:	408b      	lsls	r3, r1
878008a0:	ea22 0303 	bic.w	r3, r2, r3
878008a4:	6023      	str	r3, [r4, #0]
878008a6:	bc30      	pop	{r4, r5}
878008a8:	4770      	bx	lr
878008aa:	0049      	lsls	r1, r1, #1
878008ac:	2203      	movs	r2, #3
878008ae:	6820      	ldr	r0, [r4, #0]
878008b0:	2302      	movs	r3, #2
878008b2:	e7db      	b.n	8780086c <gpio_intconfig+0x38>
878008b4:	0049      	lsls	r1, r1, #1
878008b6:	6822      	ldr	r2, [r4, #0]
878008b8:	2303      	movs	r3, #3
878008ba:	408b      	lsls	r3, r1
878008bc:	ea22 0203 	bic.w	r2, r2, r3
878008c0:	6022      	str	r2, [r4, #0]
878008c2:	6822      	ldr	r2, [r4, #0]
878008c4:	4313      	orrs	r3, r2
878008c6:	6023      	str	r3, [r4, #0]
878008c8:	bc30      	pop	{r4, r5}
878008ca:	4770      	bx	lr

878008cc <gpio_init>:
878008cc:	6813      	ldr	r3, [r2, #0]
878008ce:	b570      	push	{r4, r5, r6, lr}
878008d0:	4615      	mov	r5, r2
878008d2:	4604      	mov	r4, r0
878008d4:	460e      	mov	r6, r1
878008d6:	b963      	cbnz	r3, 878008f2 <gpio_init+0x26>
878008d8:	6842      	ldr	r2, [r0, #4]
878008da:	2301      	movs	r3, #1
878008dc:	408b      	lsls	r3, r1
878008de:	4631      	mov	r1, r6
878008e0:	ea22 0303 	bic.w	r3, r2, r3
878008e4:	68aa      	ldr	r2, [r5, #8]
878008e6:	6043      	str	r3, [r0, #4]
878008e8:	4620      	mov	r0, r4
878008ea:	e8bd 4070 	ldmia.w	sp!, {r4, r5, r6, lr}
878008ee:	f7ff bfa1 	b.w	87800834 <gpio_intconfig>
878008f2:	6842      	ldr	r2, [r0, #4]
878008f4:	2301      	movs	r3, #1
878008f6:	408b      	lsls	r3, r1
878008f8:	4313      	orrs	r3, r2
878008fa:	6043      	str	r3, [r0, #4]
878008fc:	792a      	ldrb	r2, [r5, #4]
878008fe:	f7ff ff6f 	bl	878007e0 <gpio_PinWrite>
87800902:	68aa      	ldr	r2, [r5, #8]
87800904:	4631      	mov	r1, r6
87800906:	4620      	mov	r0, r4
87800908:	e8bd 4070 	ldmia.w	sp!, {r4, r5, r6, lr}
8780090c:	f7ff bf92 	b.w	87800834 <gpio_intconfig>

87800910 <default_irqhandler>:
87800910:	e7fe      	b.n	87800910 <default_irqhandler>
87800912:	bf00      	nop

87800914 <system_irqTable_init>:
87800914:	f249 33c4 	movw	r3, #37828	; 0x93c4
87800918:	f640 1211 	movw	r2, #2321	; 0x911
8780091c:	f2c8 7380 	movt	r3, #34688	; 0x8780
87800920:	f2c8 7280 	movt	r2, #34688	; 0x8780
87800924:	f503 60a0 	add.w	r0, r3, #1280	; 0x500
87800928:	2100      	movs	r1, #0
8780092a:	601a      	str	r2, [r3, #0]
8780092c:	3308      	adds	r3, #8
8780092e:	f843 1c04 	str.w	r1, [r3, #-4]
87800932:	4283      	cmp	r3, r0
87800934:	d1f9      	bne.n	8780092a <system_irqTable_init+0x16>
87800936:	4770      	bx	lr

87800938 <system_register_irqhandler>:
87800938:	f249 33c4 	movw	r3, #37828	; 0x93c4
8780093c:	b410      	push	{r4}
8780093e:	f2c8 7380 	movt	r3, #34688	; 0x8780
87800942:	eb03 04c0 	add.w	r4, r3, r0, lsl #3
87800946:	f843 1030 	str.w	r1, [r3, r0, lsl #3]
8780094a:	6062      	str	r2, [r4, #4]
8780094c:	f85d 4b04 	ldr.w	r4, [sp], #4
87800950:	4770      	bx	lr
87800952:	bf00      	nop

87800954 <int_init>:
87800954:	b4f0      	push	{r4, r5, r6, r7}
87800956:	ee9f 4f10 	mrc	15, 4, r4, cr15, cr0, {0}
8780095a:	0c24      	lsrs	r4, r4, #16
8780095c:	f241 0204 	movw	r2, #4100	; 0x1004
87800960:	2300      	movs	r3, #0
87800962:	0424      	lsls	r4, r4, #16
87800964:	f04f 30ff 	mov.w	r0, #4294967295	; 0xffffffff
87800968:	58a1      	ldr	r1, [r4, r2]
8780096a:	f001 011f 	and.w	r1, r1, #31
8780096e:	3101      	adds	r1, #1
87800970:	f503 628c 	add.w	r2, r3, #1120	; 0x460
87800974:	3301      	adds	r3, #1
87800976:	4299      	cmp	r1, r3
87800978:	f844 0022 	str.w	r0, [r4, r2, lsl #2]
8780097c:	d1f8      	bne.n	87800970 <int_init+0x1c>
8780097e:	f249 33c4 	movw	r3, #37828	; 0x93c4
87800982:	f242 0604 	movw	r6, #8196	; 0x2004
87800986:	27f8      	movs	r7, #248	; 0xf8
87800988:	f640 1211 	movw	r2, #2321	; 0x911
8780098c:	f2c8 7380 	movt	r3, #34688	; 0x8780
87800990:	51a7      	str	r7, [r4, r6]
87800992:	f242 0508 	movw	r5, #8200	; 0x2008
87800996:	2702      	movs	r7, #2
87800998:	f2c8 7280 	movt	r2, #34688	; 0x8780
8780099c:	f503 60a0 	add.w	r0, r3, #1280	; 0x500
878009a0:	2100      	movs	r1, #0
878009a2:	5167      	str	r7, [r4, r5]
878009a4:	f504 5680 	add.w	r6, r4, #4096	; 0x1000
878009a8:	2501      	movs	r5, #1
878009aa:	f504 5400 	add.w	r4, r4, #8192	; 0x2000
878009ae:	6035      	str	r5, [r6, #0]
878009b0:	6025      	str	r5, [r4, #0]
878009b2:	601a      	str	r2, [r3, #0]
878009b4:	3308      	adds	r3, #8
878009b6:	f843 1c04 	str.w	r1, [r3, #-4]
878009ba:	4283      	cmp	r3, r0
878009bc:	d1f9      	bne.n	878009b2 <int_init+0x5e>
878009be:	2300      	movs	r3, #0
878009c0:	f2c8 7380 	movt	r3, #34688	; 0x8780
878009c4:	ee0c 3f10 	mcr	15, 0, r3, cr12, cr0, {0}
878009c8:	bcf0      	pop	{r4, r5, r6, r7}
878009ca:	4770      	bx	lr

878009cc <system_irqhandler>:
878009cc:	289f      	cmp	r0, #159	; 0x9f
878009ce:	d900      	bls.n	878009d2 <system_irqhandler+0x6>
878009d0:	4770      	bx	lr
878009d2:	b510      	push	{r4, lr}
878009d4:	f249 34c4 	movw	r4, #37828	; 0x93c4
878009d8:	f2c8 7480 	movt	r4, #34688	; 0x8780
878009dc:	eb04 01c0 	add.w	r1, r4, r0, lsl #3
878009e0:	f8d4 2500 	ldr.w	r2, [r4, #1280]	; 0x500
878009e4:	f854 3030 	ldr.w	r3, [r4, r0, lsl #3]
878009e8:	6849      	ldr	r1, [r1, #4]
878009ea:	3201      	adds	r2, #1
878009ec:	f8c4 2500 	str.w	r2, [r4, #1280]	; 0x500
878009f0:	4798      	blx	r3
878009f2:	f8d4 3500 	ldr.w	r3, [r4, #1280]	; 0x500
878009f6:	3b01      	subs	r3, #1
878009f8:	f8c4 3500 	str.w	r3, [r4, #1280]	; 0x500
878009fc:	bd10      	pop	{r4, pc}
878009fe:	bf00      	nop

87800a00 <gpio1_io18_irqhandler>:
87800a00:	b508      	push	{r3, lr}
87800a02:	200a      	movs	r0, #10
87800a04:	f7ff fe5a 	bl	878006bc <delay>
87800a08:	f44f 4040 	mov.w	r0, #49152	; 0xc000
87800a0c:	2112      	movs	r1, #18
87800a0e:	f2c0 2009 	movt	r0, #521	; 0x209
87800a12:	f7ff fef5 	bl	87800800 <gpio_PinRead>
87800a16:	b958      	cbnz	r0, 87800a30 <gpio1_io18_irqhandler+0x30>
87800a18:	f649 02c8 	movw	r2, #39112	; 0x98c8
87800a1c:	f2c8 7280 	movt	r2, #34688	; 0x8780
87800a20:	7813      	ldrb	r3, [r2, #0]
87800a22:	fab3 f383 	clz	r3, r3
87800a26:	095b      	lsrs	r3, r3, #5
87800a28:	4618      	mov	r0, r3
87800a2a:	7013      	strb	r3, [r2, #0]
87800a2c:	f7ff fe76 	bl	8780071c <beep_switch>
87800a30:	f44f 4040 	mov.w	r0, #49152	; 0xc000
87800a34:	2112      	movs	r1, #18
87800a36:	f2c0 2009 	movt	r0, #521	; 0x209
87800a3a:	e8bd 4008 	ldmia.w	sp!, {r3, lr}
87800a3e:	f7ff bef3 	b.w	87800828 <gpio_clearintflags>
87800a42:	bf00      	nop

87800a44 <exit_init>:
87800a44:	228c      	movs	r2, #140	; 0x8c
87800a46:	f44f 7346 	mov.w	r3, #792	; 0x318
87800a4a:	b570      	push	{r4, r5, r6, lr}
87800a4c:	f2c0 220e 	movt	r2, #526	; 0x20e
87800a50:	2005      	movs	r0, #5
87800a52:	f2c0 230e 	movt	r3, #526	; 0x20e
87800a56:	f24f 0180 	movw	r1, #61568	; 0xf080
87800a5a:	f44f 4440 	mov.w	r4, #49152	; 0xc000
87800a5e:	6010      	str	r0, [r2, #0]
87800a60:	b084      	sub	sp, #16
87800a62:	6019      	str	r1, [r3, #0]
87800a64:	f2c0 2409 	movt	r4, #521	; 0x209
87800a68:	2304      	movs	r3, #4
87800a6a:	4620      	mov	r0, r4
87800a6c:	2500      	movs	r5, #0
87800a6e:	eb0d 0203 	add.w	r2, sp, r3
87800a72:	2112      	movs	r1, #18
87800a74:	9501      	str	r5, [sp, #4]
87800a76:	9303      	str	r3, [sp, #12]
87800a78:	f7ff ff28 	bl	878008cc <gpio_init>
87800a7c:	ee9f 3f10 	mrc	15, 4, r3, cr15, cr0, {0}
87800a80:	0c1b      	lsrs	r3, r3, #16
87800a82:	f241 100c 	movw	r0, #4364	; 0x110c
87800a86:	2608      	movs	r6, #8
87800a88:	041b      	lsls	r3, r3, #16
87800a8a:	f640 2101 	movw	r1, #2561	; 0xa01
87800a8e:	462a      	mov	r2, r5
87800a90:	501e      	str	r6, [r3, r0]
87800a92:	f2c8 7180 	movt	r1, #34688	; 0x8780
87800a96:	2063      	movs	r0, #99	; 0x63
87800a98:	f7ff ff4e 	bl	87800938 <system_register_irqhandler>
87800a9c:	4620      	mov	r0, r4
87800a9e:	2112      	movs	r1, #18
87800aa0:	f7ff feb4 	bl	8780080c <gpio_enable_int>
87800aa4:	b004      	add	sp, #16
87800aa6:	bd70      	pop	{r4, r5, r6, pc}

87800aa8 <epit1_irqhandler>:
87800aa8:	b508      	push	{r3, lr}
87800aaa:	f649 03c9 	movw	r3, #39113	; 0x98c9
87800aae:	f2c8 7380 	movt	r3, #34688	; 0x8780
87800ab2:	2200      	movs	r2, #0
87800ab4:	f2c0 220d 	movt	r2, #525	; 0x20d
87800ab8:	7819      	ldrb	r1, [r3, #0]
87800aba:	fab1 f181 	clz	r1, r1
87800abe:	0949      	lsrs	r1, r1, #5
87800ac0:	7019      	strb	r1, [r3, #0]
87800ac2:	6853      	ldr	r3, [r2, #4]
87800ac4:	07db      	lsls	r3, r3, #31
87800ac6:	d502      	bpl.n	87800ace <epit1_irqhandler+0x26>
87800ac8:	2000      	movs	r0, #0
87800aca:	f7ff fd83 	bl	878005d4 <led_switch>
87800ace:	2300      	movs	r3, #0
87800ad0:	f2c0 230d 	movt	r3, #525	; 0x20d
87800ad4:	685a      	ldr	r2, [r3, #4]
87800ad6:	f042 0201 	orr.w	r2, r2, #1
87800ada:	605a      	str	r2, [r3, #4]
87800adc:	bd08      	pop	{r3, pc}
87800ade:	bf00      	nop

87800ae0 <epit1_init>:
87800ae0:	b538      	push	{r3, r4, r5, lr}
87800ae2:	f640 73ff 	movw	r3, #4095	; 0xfff
87800ae6:	4298      	cmp	r0, r3
87800ae8:	f04f 0400 	mov.w	r4, #0
87800aec:	bf28      	it	cs
87800aee:	4618      	movcs	r0, r3
87800af0:	f2c0 240d 	movt	r4, #525	; 0x20d
87800af4:	0100      	lsls	r0, r0, #4
87800af6:	2200      	movs	r2, #0
87800af8:	6022      	str	r2, [r4, #0]
87800afa:	f040 7080 	orr.w	r0, r0, #16777216	; 0x1000000
87800afe:	f040 000e 	orr.w	r0, r0, #14
87800b02:	6020      	str	r0, [r4, #0]
87800b04:	60a1      	str	r1, [r4, #8]
87800b06:	60e2      	str	r2, [r4, #12]
87800b08:	ee9f 3f10 	mrc	15, 4, r3, cr15, cr0, {0}
87800b0c:	0c1b      	lsrs	r3, r3, #16
87800b0e:	f241 1008 	movw	r0, #4360	; 0x1108
87800b12:	f04f 7580 	mov.w	r5, #16777216	; 0x1000000
87800b16:	041b      	lsls	r3, r3, #16
87800b18:	f640 21a9 	movw	r1, #2729	; 0xaa9
87800b1c:	f2c8 7180 	movt	r1, #34688	; 0x8780
87800b20:	501d      	str	r5, [r3, r0]
87800b22:	2058      	movs	r0, #88	; 0x58
87800b24:	f7ff ff08 	bl	87800938 <system_register_irqhandler>
87800b28:	6823      	ldr	r3, [r4, #0]
87800b2a:	f043 0301 	orr.w	r3, r3, #1
87800b2e:	6023      	str	r3, [r4, #0]
87800b30:	bd38      	pop	{r3, r4, r5, pc}
87800b32:	bf00      	nop

87800b34 <filtertimer_irqhandler>:
87800b34:	b508      	push	{r3, lr}
87800b36:	2300      	movs	r3, #0
87800b38:	f2c0 230d 	movt	r3, #525	; 0x20d
87800b3c:	685a      	ldr	r2, [r3, #4]
87800b3e:	07d2      	lsls	r2, r2, #31
87800b40:	d407      	bmi.n	87800b52 <filtertimer_irqhandler+0x1e>
87800b42:	2300      	movs	r3, #0
87800b44:	f2c0 230d 	movt	r3, #525	; 0x20d
87800b48:	685a      	ldr	r2, [r3, #4]
87800b4a:	f042 0201 	orr.w	r2, r2, #1
87800b4e:	605a      	str	r2, [r3, #4]
87800b50:	bd08      	pop	{r3, pc}
87800b52:	681a      	ldr	r2, [r3, #0]
87800b54:	f44f 4040 	mov.w	r0, #49152	; 0xc000
87800b58:	f2c0 2009 	movt	r0, #521	; 0x209
87800b5c:	2112      	movs	r1, #18
87800b5e:	f022 0201 	bic.w	r2, r2, #1
87800b62:	601a      	str	r2, [r3, #0]
87800b64:	f7ff fe4c 	bl	87800800 <gpio_PinRead>
87800b68:	2800      	cmp	r0, #0
87800b6a:	d1ea      	bne.n	87800b42 <filtertimer_irqhandler+0xe>
87800b6c:	f649 02ca 	movw	r2, #39114	; 0x98ca
87800b70:	f2c8 7280 	movt	r2, #34688	; 0x8780
87800b74:	7813      	ldrb	r3, [r2, #0]
87800b76:	fab3 f383 	clz	r3, r3
87800b7a:	095b      	lsrs	r3, r3, #5
87800b7c:	4618      	mov	r0, r3
87800b7e:	7013      	strb	r3, [r2, #0]
87800b80:	f7ff fdcc 	bl	8780071c <beep_switch>
87800b84:	e7dd      	b.n	87800b42 <filtertimer_irqhandler+0xe>
87800b86:	bf00      	nop

87800b88 <gpio1_io_16_31_irqhandler>:
87800b88:	2300      	movs	r3, #0
87800b8a:	b410      	push	{r4}
87800b8c:	f2c0 230d 	movt	r3, #525	; 0x20d
87800b90:	f44f 5491 	mov.w	r4, #4640	; 0x1220
87800b94:	f2c0 040a 	movt	r4, #10
87800b98:	f44f 4040 	mov.w	r0, #49152	; 0xc000
87800b9c:	681a      	ldr	r2, [r3, #0]
87800b9e:	f2c0 2009 	movt	r0, #521	; 0x209
87800ba2:	2112      	movs	r1, #18
87800ba4:	f022 0201 	bic.w	r2, r2, #1
87800ba8:	601a      	str	r2, [r3, #0]
87800baa:	609c      	str	r4, [r3, #8]
87800bac:	681a      	ldr	r2, [r3, #0]
87800bae:	f85d 4b04 	ldr.w	r4, [sp], #4
87800bb2:	f042 0201 	orr.w	r2, r2, #1
87800bb6:	601a      	str	r2, [r3, #0]
87800bb8:	f7ff be36 	b.w	87800828 <gpio_clearintflags>

87800bbc <filtertimer_init>:
87800bbc:	2300      	movs	r3, #0
87800bbe:	210e      	movs	r1, #14
87800bc0:	f2c0 230d 	movt	r3, #525	; 0x20d
87800bc4:	2200      	movs	r2, #0
87800bc6:	f2c0 1100 	movt	r1, #256	; 0x100
87800bca:	b410      	push	{r4}
87800bcc:	601a      	str	r2, [r3, #0]
87800bce:	6019      	str	r1, [r3, #0]
87800bd0:	6098      	str	r0, [r3, #8]
87800bd2:	60da      	str	r2, [r3, #12]
87800bd4:	ee9f 3f10 	mrc	15, 4, r3, cr15, cr0, {0}
87800bd8:	0c1b      	lsrs	r3, r3, #16
87800bda:	f241 1008 	movw	r0, #4360	; 0x1108
87800bde:	f04f 7480 	mov.w	r4, #16777216	; 0x1000000
87800be2:	041b      	lsls	r3, r3, #16
87800be4:	f640 3135 	movw	r1, #2869	; 0xb35
87800be8:	f2c8 7180 	movt	r1, #34688	; 0x8780
87800bec:	501c      	str	r4, [r3, r0]
87800bee:	2058      	movs	r0, #88	; 0x58
87800bf0:	f85d 4b04 	ldr.w	r4, [sp], #4
87800bf4:	f7ff bea0 	b.w	87800938 <system_register_irqhandler>

87800bf8 <key_filter_init>:
87800bf8:	228c      	movs	r2, #140	; 0x8c
87800bfa:	f44f 7346 	mov.w	r3, #792	; 0x318
87800bfe:	b570      	push	{r4, r5, r6, lr}
87800c00:	f2c0 220e 	movt	r2, #526	; 0x20e
87800c04:	2005      	movs	r0, #5
87800c06:	f2c0 230e 	movt	r3, #526	; 0x20e
87800c0a:	f24f 0180 	movw	r1, #61568	; 0xf080
87800c0e:	f44f 4440 	mov.w	r4, #49152	; 0xc000
87800c12:	6010      	str	r0, [r2, #0]
87800c14:	b084      	sub	sp, #16
87800c16:	6019      	str	r1, [r3, #0]
87800c18:	f2c0 2409 	movt	r4, #521	; 0x209
87800c1c:	2304      	movs	r3, #4
87800c1e:	4620      	mov	r0, r4
87800c20:	2500      	movs	r5, #0
87800c22:	eb0d 0203 	add.w	r2, sp, r3
87800c26:	2112      	movs	r1, #18
87800c28:	9501      	str	r5, [sp, #4]
87800c2a:	9303      	str	r3, [sp, #12]
87800c2c:	f7ff fe4e 	bl	878008cc <gpio_init>
87800c30:	ee9f 3f10 	mrc	15, 4, r3, cr15, cr0, {0}
87800c34:	0c1b      	lsrs	r3, r3, #16
87800c36:	f241 100c 	movw	r0, #4364	; 0x110c
87800c3a:	2608      	movs	r6, #8
87800c3c:	041b      	lsls	r3, r3, #16
87800c3e:	f640 3189 	movw	r1, #2953	; 0xb89
87800c42:	462a      	mov	r2, r5
87800c44:	501e      	str	r6, [r3, r0]
87800c46:	f2c8 7180 	movt	r1, #34688	; 0x8780
87800c4a:	2063      	movs	r0, #99	; 0x63
87800c4c:	f7ff fe74 	bl	87800938 <system_register_irqhandler>
87800c50:	4620      	mov	r0, r4
87800c52:	2112      	movs	r1, #18
87800c54:	f7ff fdda 	bl	8780080c <gpio_enable_int>
87800c58:	f44f 5091 	mov.w	r0, #4640	; 0x1220
87800c5c:	f2c0 000a 	movt	r0, #10
87800c60:	f7ff ffac 	bl	87800bbc <filtertimer_init>
87800c64:	b004      	add	sp, #16
87800c66:	bd70      	pop	{r4, r5, r6, pc}

87800c68 <filtertimer_stop>:
87800c68:	2300      	movs	r3, #0
87800c6a:	f2c0 230d 	movt	r3, #525	; 0x20d
87800c6e:	681a      	ldr	r2, [r3, #0]
87800c70:	f022 0201 	bic.w	r2, r2, #1
87800c74:	601a      	str	r2, [r3, #0]
87800c76:	4770      	bx	lr

87800c78 <filtertimer_restart>:
87800c78:	2300      	movs	r3, #0
87800c7a:	f2c0 230d 	movt	r3, #525	; 0x20d
87800c7e:	681a      	ldr	r2, [r3, #0]
87800c80:	f022 0201 	bic.w	r2, r2, #1
87800c84:	601a      	str	r2, [r3, #0]
87800c86:	6098      	str	r0, [r3, #8]
87800c88:	681a      	ldr	r2, [r3, #0]
87800c8a:	f042 0201 	orr.w	r2, r2, #1
87800c8e:	601a      	str	r2, [r3, #0]
87800c90:	4770      	bx	lr
87800c92:	bf00      	nop

87800c94 <uart_io_init>:
87800c94:	b4f0      	push	{r4, r5, r6, r7}
87800c96:	f240 6024 	movw	r0, #1572	; 0x624
87800c9a:	2684      	movs	r6, #132	; 0x84
87800c9c:	2488      	movs	r4, #136	; 0x88
87800c9e:	f44f 7144 	mov.w	r1, #784	; 0x310
87800ca2:	f44f 7345 	mov.w	r3, #788	; 0x314
87800ca6:	2500      	movs	r5, #0
87800ca8:	f2c0 260e 	movt	r6, #526	; 0x20e
87800cac:	f2c0 240e 	movt	r4, #526	; 0x20e
87800cb0:	2703      	movs	r7, #3
87800cb2:	f241 02b0 	movw	r2, #4272	; 0x10b0
87800cb6:	f2c0 200e 	movt	r0, #526	; 0x20e
87800cba:	f2c0 210e 	movt	r1, #526	; 0x20e
87800cbe:	f2c0 230e 	movt	r3, #526	; 0x20e
87800cc2:	6035      	str	r5, [r6, #0]
87800cc4:	6025      	str	r5, [r4, #0]
87800cc6:	6007      	str	r7, [r0, #0]
87800cc8:	600a      	str	r2, [r1, #0]
87800cca:	bcf0      	pop	{r4, r5, r6, r7}
87800ccc:	601a      	str	r2, [r3, #0]
87800cce:	4770      	bx	lr

87800cd0 <uart_disable>:
87800cd0:	f8d0 3080 	ldr.w	r3, [r0, #128]	; 0x80
87800cd4:	f023 0301 	bic.w	r3, r3, #1
87800cd8:	f8c0 3080 	str.w	r3, [r0, #128]	; 0x80
87800cdc:	4770      	bx	lr
87800cde:	bf00      	nop

87800ce0 <uart_enable>:
87800ce0:	f8d0 3080 	ldr.w	r3, [r0, #128]	; 0x80
87800ce4:	f043 0301 	orr.w	r3, r3, #1
87800ce8:	f8c0 3080 	str.w	r3, [r0, #128]	; 0x80
87800cec:	4770      	bx	lr
87800cee:	bf00      	nop

87800cf0 <uart_softreset>:
87800cf0:	f8d0 3084 	ldr.w	r3, [r0, #132]	; 0x84
87800cf4:	f023 0301 	bic.w	r3, r3, #1
87800cf8:	f8c0 3084 	str.w	r3, [r0, #132]	; 0x84
87800cfc:	f8d0 3084 	ldr.w	r3, [r0, #132]	; 0x84
87800d00:	07db      	lsls	r3, r3, #31
87800d02:	d5fb      	bpl.n	87800cfc <uart_softreset+0xc>
87800d04:	4770      	bx	lr
87800d06:	bf00      	nop

87800d08 <putc>:
87800d08:	2100      	movs	r1, #0
87800d0a:	f2c0 2102 	movt	r1, #514	; 0x202
87800d0e:	f8d1 2098 	ldr.w	r2, [r1, #152]	; 0x98
87800d12:	2300      	movs	r3, #0
87800d14:	f2c0 2302 	movt	r3, #514	; 0x202
87800d18:	0712      	lsls	r2, r2, #28
87800d1a:	d5f8      	bpl.n	87800d0e <putc+0x6>
87800d1c:	6418      	str	r0, [r3, #64]	; 0x40
87800d1e:	4770      	bx	lr

87800d20 <getc>:
87800d20:	2100      	movs	r1, #0
87800d22:	f2c0 2102 	movt	r1, #514	; 0x202
87800d26:	f8d1 2098 	ldr.w	r2, [r1, #152]	; 0x98
87800d2a:	2300      	movs	r3, #0
87800d2c:	f2c0 2302 	movt	r3, #514	; 0x202
87800d30:	07d2      	lsls	r2, r2, #31
87800d32:	d5f8      	bpl.n	87800d26 <getc+0x6>
87800d34:	6818      	ldr	r0, [r3, #0]
87800d36:	b2c0      	uxtb	r0, r0
87800d38:	4770      	bx	lr
87800d3a:	bf00      	nop

87800d3c <puts>:
87800d3c:	7801      	ldrb	r1, [r0, #0]
87800d3e:	b179      	cbz	r1, 87800d60 <puts+0x24>
87800d40:	2200      	movs	r2, #0
87800d42:	b410      	push	{r4}
87800d44:	f2c0 2202 	movt	r2, #514	; 0x202
87800d48:	4614      	mov	r4, r2
87800d4a:	f8d2 3098 	ldr.w	r3, [r2, #152]	; 0x98
87800d4e:	071b      	lsls	r3, r3, #28
87800d50:	d5fb      	bpl.n	87800d4a <puts+0xe>
87800d52:	6421      	str	r1, [r4, #64]	; 0x40
87800d54:	f810 1f01 	ldrb.w	r1, [r0, #1]!
87800d58:	2900      	cmp	r1, #0
87800d5a:	d1f6      	bne.n	87800d4a <puts+0xe>
87800d5c:	f85d 4b04 	ldr.w	r4, [sp], #4
87800d60:	4770      	bx	lr
87800d62:	bf00      	nop

87800d64 <uart_setbaudrate>:
87800d64:	e92d 4ff0 	stmdb	sp!, {r4, r5, r6, r7, r8, r9, sl, fp, lr}
87800d68:	010d      	lsls	r5, r1, #4
87800d6a:	b085      	sub	sp, #20
87800d6c:	460f      	mov	r7, r1
87800d6e:	4682      	mov	sl, r0
87800d70:	4691      	mov	r9, r2
87800d72:	f000 80f2 	beq.w	87800f5a <uart_setbaudrate+0x1f6>
87800d76:	462c      	mov	r4, r5
87800d78:	4610      	mov	r0, r2
87800d7a:	e000      	b.n	87800d7e <uart_setbaudrate+0x1a>
87800d7c:	460c      	mov	r4, r1
87800d7e:	4621      	mov	r1, r4
87800d80:	f003 fd2c 	bl	878047dc <__aeabi_uidivmod>
87800d84:	4620      	mov	r0, r4
87800d86:	2900      	cmp	r1, #0
87800d88:	d1f8      	bne.n	87800d7c <uart_setbaudrate+0x18>
87800d8a:	4621      	mov	r1, r4
87800d8c:	4648      	mov	r0, r9
87800d8e:	f003 fbf7 	bl	87804580 <__aeabi_uidiv>
87800d92:	4621      	mov	r1, r4
87800d94:	4606      	mov	r6, r0
87800d96:	4628      	mov	r0, r5
87800d98:	f003 fbf2 	bl	87804580 <__aeabi_uidiv>
87800d9c:	f64f 73f9 	movw	r3, #65529	; 0xfff9
87800da0:	4605      	mov	r5, r0
87800da2:	f2c0 0306 	movt	r3, #6
87800da6:	429e      	cmp	r6, r3
87800da8:	bf98      	it	ls
87800daa:	f5b0 3f80 	cmpls.w	r0, #65536	; 0x10000
87800dae:	bf2c      	ite	cs
87800db0:	2301      	movcs	r3, #1
87800db2:	2300      	movcc	r3, #0
87800db4:	d278      	bcs.n	87800ea8 <uart_setbaudrate+0x144>
87800db6:	f248 0101 	movw	r1, #32769	; 0x8001
87800dba:	1e72      	subs	r2, r6, #1
87800dbc:	f2c8 0100 	movt	r1, #32768	; 0x8000
87800dc0:	9301      	str	r3, [sp, #4]
87800dc2:	fba2 2301 	umull	r2, r3, r2, r1
87800dc6:	ea4f 1b06 	mov.w	fp, r6, lsl #4
87800dca:	4680      	mov	r8, r0
87800dcc:	0bda      	lsrs	r2, r3, #15
87800dce:	1e53      	subs	r3, r2, #1
87800dd0:	3201      	adds	r2, #1
87800dd2:	9203      	str	r2, [sp, #12]
87800dd4:	2b05      	cmp	r3, #5
87800dd6:	4648      	mov	r0, r9
87800dd8:	bf96      	itet	ls
87800dda:	f644 2294 	movwls	r2, #19092	; 0x4a94
87800dde:	2305      	movhi	r3, #5
87800de0:	f2c8 7280 	movtls	r2, #34688	; 0x8780
87800de4:	f04f 0100 	mov.w	r1, #0
87800de8:	bf98      	it	ls
87800dea:	f852 3023 	ldrls.w	r3, [r2, r3, lsl #2]
87800dee:	9302      	str	r3, [sp, #8]
87800df0:	f1bb 0f00 	cmp.w	fp, #0
87800df4:	f000 80af 	beq.w	87800f56 <uart_setbaudrate+0x1f2>
87800df8:	465c      	mov	r4, fp
87800dfa:	e000      	b.n	87800dfe <uart_setbaudrate+0x9a>
87800dfc:	4614      	mov	r4, r2
87800dfe:	4622      	mov	r2, r4
87800e00:	2300      	movs	r3, #0
87800e02:	f003 fcf9 	bl	878047f8 <__aeabi_uldivmod>
87800e06:	4620      	mov	r0, r4
87800e08:	2100      	movs	r1, #0
87800e0a:	2a00      	cmp	r2, #0
87800e0c:	d1f6      	bne.n	87800dfc <uart_setbaudrate+0x98>
87800e0e:	4648      	mov	r0, r9
87800e10:	4621      	mov	r1, r4
87800e12:	f003 fbb5 	bl	87804580 <__aeabi_uidiv>
87800e16:	4603      	mov	r3, r0
87800e18:	9a01      	ldr	r2, [sp, #4]
87800e1a:	fba3 8908 	umull	r8, r9, r3, r8
87800e1e:	4621      	mov	r1, r4
87800e20:	4658      	mov	r0, fp
87800e22:	fb03 9902 	mla	r9, r3, r2, r9
87800e26:	f003 fbab 	bl	87804580 <__aeabi_uidiv>
87800e2a:	2300      	movs	r3, #0
87800e2c:	4602      	mov	r2, r0
87800e2e:	4649      	mov	r1, r9
87800e30:	4640      	mov	r0, r8
87800e32:	f003 fce1 	bl	878047f8 <__aeabi_uldivmod>
87800e36:	2300      	movs	r3, #0
87800e38:	463a      	mov	r2, r7
87800e3a:	4299      	cmp	r1, r3
87800e3c:	bf08      	it	eq
87800e3e:	42b8      	cmpeq	r0, r7
87800e40:	d32e      	bcc.n	87800ea0 <uart_setbaudrate+0x13c>
87800e42:	1a80      	subs	r0, r0, r2
87800e44:	eb61 0103 	sbc.w	r1, r1, r3
87800e48:	f248 521f 	movw	r2, #34079	; 0x851f
87800e4c:	f2c5 12eb 	movt	r2, #20971	; 0x51eb
87800e50:	fba7 2302 	umull	r2, r3, r7, r2
87800e54:	095a      	lsrs	r2, r3, #5
87800e56:	2300      	movs	r3, #0
87800e58:	4299      	cmp	r1, r3
87800e5a:	eb02 0242 	add.w	r2, r2, r2, lsl #1
87800e5e:	bf08      	it	eq
87800e60:	4290      	cmpeq	r0, r2
87800e62:	d21a      	bcs.n	87800e9a <uart_setbaudrate+0x136>
87800e64:	9b02      	ldr	r3, [sp, #8]
87800e66:	3d01      	subs	r5, #1
87800e68:	f8da 1090 	ldr.w	r1, [sl, #144]	; 0x90
87800e6c:	b2ad      	uxth	r5, r5
87800e6e:	4630      	mov	r0, r6
87800e70:	01db      	lsls	r3, r3, #7
87800e72:	f403 7260 	and.w	r2, r3, #896	; 0x380
87800e76:	f421 7360 	bic.w	r3, r1, #896	; 0x380
87800e7a:	f8ca 3090 	str.w	r3, [sl, #144]	; 0x90
87800e7e:	f8da 3090 	ldr.w	r3, [sl, #144]	; 0x90
87800e82:	9903      	ldr	r1, [sp, #12]
87800e84:	4313      	orrs	r3, r2
87800e86:	f8ca 3090 	str.w	r3, [sl, #144]	; 0x90
87800e8a:	f8ca 50a4 	str.w	r5, [sl, #164]	; 0xa4
87800e8e:	f003 fb77 	bl	87804580 <__aeabi_uidiv>
87800e92:	3801      	subs	r0, #1
87800e94:	b280      	uxth	r0, r0
87800e96:	f8ca 00a8 	str.w	r0, [sl, #168]	; 0xa8
87800e9a:	b005      	add	sp, #20
87800e9c:	e8bd 8ff0 	ldmia.w	sp!, {r4, r5, r6, r7, r8, r9, sl, fp, pc}
87800ea0:	1a10      	subs	r0, r2, r0
87800ea2:	eb63 0101 	sbc.w	r1, r3, r1
87800ea6:	e7cf      	b.n	87800e48 <uart_setbaudrate+0xe4>
87800ea8:	f646 52b9 	movw	r2, #28089	; 0x6db9
87800eac:	1e71      	subs	r1, r6, #1
87800eae:	f2c2 4293 	movt	r2, #9363	; 0x2493
87800eb2:	f248 0401 	movw	r4, #32769	; 0x8001
87800eb6:	fba1 2302 	umull	r2, r3, r1, r2
87800eba:	f100 3bff 	add.w	fp, r0, #4294967295	; 0xffffffff
87800ebe:	f2c8 0400 	movt	r4, #32768	; 0x8000
87800ec2:	4630      	mov	r0, r6
87800ec4:	fbab bc04 	umull	fp, ip, fp, r4
87800ec8:	1ac9      	subs	r1, r1, r3
87800eca:	eb03 0351 	add.w	r3, r3, r1, lsr #1
87800ece:	ea4f 38dc 	mov.w	r8, ip, lsr #15
87800ed2:	0c9b      	lsrs	r3, r3, #18
87800ed4:	f108 0801 	add.w	r8, r8, #1
87800ed8:	3301      	adds	r3, #1
87800eda:	4598      	cmp	r8, r3
87800edc:	bf38      	it	cc
87800ede:	4698      	movcc	r8, r3
87800ee0:	4641      	mov	r1, r8
87800ee2:	f003 fb4d 	bl	87804580 <__aeabi_uidiv>
87800ee6:	4606      	mov	r6, r0
87800ee8:	4641      	mov	r1, r8
87800eea:	4628      	mov	r0, r5
87800eec:	f003 fb48 	bl	87804580 <__aeabi_uidiv>
87800ef0:	4605      	mov	r5, r0
87800ef2:	b976      	cbnz	r6, 87800f12 <uart_setbaudrate+0x1ae>
87800ef4:	bb40      	cbnz	r0, 87800f48 <uart_setbaudrate+0x1e4>
87800ef6:	f04f 0801 	mov.w	r8, #1
87800efa:	2305      	movs	r3, #5
87800efc:	4601      	mov	r1, r0
87800efe:	9001      	str	r0, [sp, #4]
87800f00:	4646      	mov	r6, r8
87800f02:	f8cd 800c 	str.w	r8, [sp, #12]
87800f06:	4645      	mov	r5, r8
87800f08:	4648      	mov	r0, r9
87800f0a:	f04f 0b10 	mov.w	fp, #16
87800f0e:	9302      	str	r3, [sp, #8]
87800f10:	e772      	b.n	87800df8 <uart_setbaudrate+0x94>
87800f12:	1e72      	subs	r2, r6, #1
87800f14:	b158      	cbz	r0, 87800f2e <uart_setbaudrate+0x1ca>
87800f16:	fba2 2304 	umull	r2, r3, r2, r4
87800f1a:	ea4f 1b06 	mov.w	fp, r6, lsl #4
87800f1e:	0bda      	lsrs	r2, r3, #15
87800f20:	1e53      	subs	r3, r2, #1
87800f22:	3201      	adds	r2, #1
87800f24:	9203      	str	r2, [sp, #12]
87800f26:	2200      	movs	r2, #0
87800f28:	46a8      	mov	r8, r5
87800f2a:	9201      	str	r2, [sp, #4]
87800f2c:	e752      	b.n	87800dd4 <uart_setbaudrate+0x70>
87800f2e:	fba2 2304 	umull	r2, r3, r2, r4
87800f32:	f04f 0801 	mov.w	r8, #1
87800f36:	9001      	str	r0, [sp, #4]
87800f38:	ea4f 1b06 	mov.w	fp, r6, lsl #4
87800f3c:	4645      	mov	r5, r8
87800f3e:	0bda      	lsrs	r2, r3, #15
87800f40:	1e53      	subs	r3, r2, #1
87800f42:	4442      	add	r2, r8
87800f44:	9203      	str	r2, [sp, #12]
87800f46:	e745      	b.n	87800dd4 <uart_setbaudrate+0x70>
87800f48:	2201      	movs	r2, #1
87800f4a:	f04f 0b10 	mov.w	fp, #16
87800f4e:	4616      	mov	r6, r2
87800f50:	f04f 33ff 	mov.w	r3, #4294967295	; 0xffffffff
87800f54:	e7e6      	b.n	87800f24 <uart_setbaudrate+0x1c0>
87800f56:	2401      	movs	r4, #1
87800f58:	e759      	b.n	87800e0e <uart_setbaudrate+0xaa>
87800f5a:	2401      	movs	r4, #1
87800f5c:	e715      	b.n	87800d8a <uart_setbaudrate+0x26>
87800f5e:	bf00      	nop

87800f60 <uart_init>:
87800f60:	b5f8      	push	{r3, r4, r5, r6, r7, lr}
87800f62:	2084      	movs	r0, #132	; 0x84
87800f64:	2300      	movs	r3, #0
87800f66:	f2c0 200e 	movt	r0, #526	; 0x20e
87800f6a:	461e      	mov	r6, r3
87800f6c:	2288      	movs	r2, #136	; 0x88
87800f6e:	f240 6524 	movw	r5, #1572	; 0x624
87800f72:	f44f 7444 	mov.w	r4, #784	; 0x310
87800f76:	f44f 7145 	mov.w	r1, #788	; 0x314
87800f7a:	6006      	str	r6, [r0, #0]
87800f7c:	f2c0 2302 	movt	r3, #514	; 0x202
87800f80:	f2c0 220e 	movt	r2, #526	; 0x20e
87800f84:	f2c0 210e 	movt	r1, #526	; 0x20e
87800f88:	f241 00b0 	movw	r0, #4272	; 0x10b0
87800f8c:	f2c0 250e 	movt	r5, #526	; 0x20e
87800f90:	f2c0 240e 	movt	r4, #526	; 0x20e
87800f94:	2703      	movs	r7, #3
87800f96:	6016      	str	r6, [r2, #0]
87800f98:	602f      	str	r7, [r5, #0]
87800f9a:	461a      	mov	r2, r3
87800f9c:	6020      	str	r0, [r4, #0]
87800f9e:	6008      	str	r0, [r1, #0]
87800fa0:	f8d3 1080 	ldr.w	r1, [r3, #128]	; 0x80
87800fa4:	f021 0101 	bic.w	r1, r1, #1
87800fa8:	f8c3 1080 	str.w	r1, [r3, #128]	; 0x80
87800fac:	f8d3 1084 	ldr.w	r1, [r3, #132]	; 0x84
87800fb0:	f021 0101 	bic.w	r1, r1, #1
87800fb4:	f8c3 1084 	str.w	r1, [r3, #132]	; 0x84
87800fb8:	f8d2 3084 	ldr.w	r3, [r2, #132]	; 0x84
87800fbc:	2400      	movs	r4, #0
87800fbe:	f2c0 2402 	movt	r4, #514	; 0x202
87800fc2:	07db      	lsls	r3, r3, #31
87800fc4:	d5f8      	bpl.n	87800fb8 <uart_init+0x58>
87800fc6:	2500      	movs	r5, #0
87800fc8:	f44f 4234 	mov.w	r2, #46080	; 0xb400
87800fcc:	f8c4 5080 	str.w	r5, [r4, #128]	; 0x80
87800fd0:	f2c0 42c4 	movt	r2, #1220	; 0x4c4
87800fd4:	f8c4 5084 	str.w	r5, [r4, #132]	; 0x84
87800fd8:	f44f 31e1 	mov.w	r1, #115200	; 0x1c200
87800fdc:	f8d4 3084 	ldr.w	r3, [r4, #132]	; 0x84
87800fe0:	4620      	mov	r0, r4
87800fe2:	f443 4380 	orr.w	r3, r3, #16384	; 0x4000
87800fe6:	f043 0325 	orr.w	r3, r3, #37	; 0x25
87800fea:	f8c4 3084 	str.w	r3, [r4, #132]	; 0x84
87800fee:	f8c4 5088 	str.w	r5, [r4, #136]	; 0x88
87800ff2:	f8d4 3088 	ldr.w	r3, [r4, #136]	; 0x88
87800ff6:	f043 0304 	orr.w	r3, r3, #4
87800ffa:	f8c4 3088 	str.w	r3, [r4, #136]	; 0x88
87800ffe:	f003 fcab 	bl	87804958 <__main_from_arm+0x8>
87801002:	f8d4 3080 	ldr.w	r3, [r4, #128]	; 0x80
87801006:	f043 0301 	orr.w	r3, r3, #1
8780100a:	f8c4 3080 	str.w	r3, [r4, #128]	; 0x80
8780100e:	bdf8      	pop	{r3, r4, r5, r6, r7, pc}

87801010 <raise>:
87801010:	4770      	bx	lr
87801012:	bf00      	nop

87801014 <lcd_drawline>:
87801014:	e92d 4ff0 	stmdb	sp!, {r4, r5, r6, r7, r8, r9, sl, fp, lr}
87801018:	ebc0 0902 	rsb	r9, r0, r2
8780101c:	f1b9 0f00 	cmp.w	r9, #0
87801020:	b085      	sub	sp, #20
87801022:	ebc1 0a03 	rsb	sl, r1, r3
87801026:	bfc8      	it	gt
87801028:	2301      	movgt	r3, #1
8780102a:	4607      	mov	r7, r0
8780102c:	4688      	mov	r8, r1
8780102e:	bfc8      	it	gt
87801030:	9302      	strgt	r3, [sp, #8]
87801032:	dd33      	ble.n	8780109c <lcd_drawline+0x88>
87801034:	f1ba 0f00 	cmp.w	sl, #0
87801038:	bfc4      	itt	gt
8780103a:	2301      	movgt	r3, #1
8780103c:	9303      	strgt	r3, [sp, #12]
8780103e:	dd36      	ble.n	878010ae <lcd_drawline+0x9a>
87801040:	2500      	movs	r5, #0
87801042:	45ca      	cmp	sl, r9
87801044:	46d3      	mov	fp, sl
87801046:	f24a 03cc 	movw	r3, #41164	; 0xa0cc
8780104a:	bfb8      	it	lt
8780104c:	46cb      	movlt	fp, r9
8780104e:	462e      	mov	r6, r5
87801050:	462c      	mov	r4, r5
87801052:	f10b 0201 	add.w	r2, fp, #1
87801056:	f2c8 7380 	movt	r3, #34688	; 0x8780
8780105a:	9200      	str	r2, [sp, #0]
8780105c:	9301      	str	r3, [sp, #4]
8780105e:	9b01      	ldr	r3, [sp, #4]
87801060:	444e      	add	r6, r9
87801062:	fa1f f188 	uxth.w	r1, r8
87801066:	b2b8      	uxth	r0, r7
87801068:	699a      	ldr	r2, [r3, #24]
8780106a:	4455      	add	r5, sl
8780106c:	f000 fd9a 	bl	87801ba4 <lcd_drawpoint>
87801070:	455e      	cmp	r6, fp
87801072:	f104 0401 	add.w	r4, r4, #1
87801076:	bfc4      	itt	gt
87801078:	9b02      	ldrgt	r3, [sp, #8]
8780107a:	ebcb 0606 	rsbgt	r6, fp, r6
8780107e:	b2a4      	uxth	r4, r4
87801080:	bfc8      	it	gt
87801082:	18ff      	addgt	r7, r7, r3
87801084:	455d      	cmp	r5, fp
87801086:	bfc2      	ittt	gt
87801088:	9b03      	ldrgt	r3, [sp, #12]
8780108a:	ebcb 0505 	rsbgt	r5, fp, r5
8780108e:	4498      	addgt	r8, r3
87801090:	9b00      	ldr	r3, [sp, #0]
87801092:	429c      	cmp	r4, r3
87801094:	dde3      	ble.n	8780105e <lcd_drawline+0x4a>
87801096:	b005      	add	sp, #20
87801098:	e8bd 8ff0 	ldmia.w	sp!, {r4, r5, r6, r7, r8, r9, sl, fp, pc}
8780109c:	bf1d      	ittte	ne
8780109e:	f04f 33ff 	movne.w	r3, #4294967295	; 0xffffffff
878010a2:	f1c9 0900 	rsbne	r9, r9, #0
878010a6:	9302      	strne	r3, [sp, #8]
878010a8:	f8cd 9008 	streq.w	r9, [sp, #8]
878010ac:	e7c2      	b.n	87801034 <lcd_drawline+0x20>
878010ae:	bf1d      	ittte	ne
878010b0:	f04f 33ff 	movne.w	r3, #4294967295	; 0xffffffff
878010b4:	f1ca 0a00 	rsbne	sl, sl, #0
878010b8:	9303      	strne	r3, [sp, #12]
878010ba:	f8cd a00c 	streq.w	sl, [sp, #12]
878010be:	e7bf      	b.n	87801040 <lcd_drawline+0x2c>

878010c0 <lcd_draw_rectangle>:
878010c0:	e92d 41f0 	stmdb	sp!, {r4, r5, r6, r7, r8, lr}
878010c4:	461c      	mov	r4, r3
878010c6:	4606      	mov	r6, r0
878010c8:	460d      	mov	r5, r1
878010ca:	460b      	mov	r3, r1
878010cc:	4617      	mov	r7, r2
878010ce:	f7ff ffa1 	bl	87801014 <lcd_drawline>
878010d2:	4623      	mov	r3, r4
878010d4:	4632      	mov	r2, r6
878010d6:	4629      	mov	r1, r5
878010d8:	4630      	mov	r0, r6
878010da:	f7ff ff9b 	bl	87801014 <lcd_drawline>
878010de:	4623      	mov	r3, r4
878010e0:	463a      	mov	r2, r7
878010e2:	4621      	mov	r1, r4
878010e4:	4630      	mov	r0, r6
878010e6:	f7ff ff95 	bl	87801014 <lcd_drawline>
878010ea:	4623      	mov	r3, r4
878010ec:	463a      	mov	r2, r7
878010ee:	4629      	mov	r1, r5
878010f0:	4638      	mov	r0, r7
878010f2:	e8bd 41f0 	ldmia.w	sp!, {r4, r5, r6, r7, r8, lr}
878010f6:	f7ff bf8d 	b.w	87801014 <lcd_drawline>
878010fa:	bf00      	nop

878010fc <lcd_draw_Circle>:
878010fc:	4613      	mov	r3, r2
878010fe:	e92d 4ff0 	stmdb	sp!, {r4, r5, r6, r7, r8, r9, sl, fp, lr}
87801102:	f1c2 0201 	rsb	r2, r2, #1
87801106:	b085      	sub	sp, #20
87801108:	9000      	str	r0, [sp, #0]
8780110a:	9201      	str	r2, [sp, #4]
8780110c:	2b00      	cmp	r3, #0
8780110e:	d066      	beq.n	878011de <lcd_draw_Circle+0xe2>
87801110:	f24a 06cc 	movw	r6, #41164	; 0xa0cc
87801114:	2700      	movs	r7, #0
87801116:	f2c8 7680 	movt	r6, #34688	; 0x8780
8780111a:	468b      	mov	fp, r1
8780111c:	b29d      	uxth	r5, r3
8780111e:	9303      	str	r3, [sp, #12]
87801120:	9b00      	ldr	r3, [sp, #0]
87801122:	b2bc      	uxth	r4, r7
87801124:	eb05 0a0b 	add.w	sl, r5, fp
87801128:	69b2      	ldr	r2, [r6, #24]
8780112a:	fa1f fa8a 	uxth.w	sl, sl
8780112e:	eb0b 0904 	add.w	r9, fp, r4
87801132:	18e1      	adds	r1, r4, r3
87801134:	fa1f f989 	uxth.w	r9, r9
87801138:	b289      	uxth	r1, r1
8780113a:	4608      	mov	r0, r1
8780113c:	9102      	str	r1, [sp, #8]
8780113e:	4651      	mov	r1, sl
87801140:	f000 fd30 	bl	87801ba4 <lcd_drawpoint>
87801144:	9a00      	ldr	r2, [sp, #0]
87801146:	4649      	mov	r1, r9
87801148:	eb05 0802 	add.w	r8, r5, r2
8780114c:	69b2      	ldr	r2, [r6, #24]
8780114e:	fa1f f888 	uxth.w	r8, r8
87801152:	4640      	mov	r0, r8
87801154:	f000 fd26 	bl	87801ba4 <lcd_drawpoint>
87801158:	9a00      	ldr	r2, [sp, #0]
8780115a:	4651      	mov	r1, sl
8780115c:	1b12      	subs	r2, r2, r4
8780115e:	ebc4 040b 	rsb	r4, r4, fp
87801162:	fa1f fa82 	uxth.w	sl, r2
87801166:	69b2      	ldr	r2, [r6, #24]
87801168:	b2a4      	uxth	r4, r4
8780116a:	4650      	mov	r0, sl
8780116c:	f000 fd1a 	bl	87801ba4 <lcd_drawpoint>
87801170:	9a00      	ldr	r2, [sp, #0]
87801172:	4649      	mov	r1, r9
87801174:	1b52      	subs	r2, r2, r5
87801176:	ebc5 050b 	rsb	r5, r5, fp
8780117a:	fa1f f982 	uxth.w	r9, r2
8780117e:	b2ad      	uxth	r5, r5
87801180:	69b2      	ldr	r2, [r6, #24]
87801182:	4648      	mov	r0, r9
87801184:	f000 fd0e 	bl	87801ba4 <lcd_drawpoint>
87801188:	4650      	mov	r0, sl
8780118a:	69b2      	ldr	r2, [r6, #24]
8780118c:	4629      	mov	r1, r5
8780118e:	f000 fd09 	bl	87801ba4 <lcd_drawpoint>
87801192:	4648      	mov	r0, r9
87801194:	69b2      	ldr	r2, [r6, #24]
87801196:	4621      	mov	r1, r4
87801198:	f000 fd04 	bl	87801ba4 <lcd_drawpoint>
8780119c:	4629      	mov	r1, r5
8780119e:	9802      	ldr	r0, [sp, #8]
878011a0:	69b2      	ldr	r2, [r6, #24]
878011a2:	f000 fcff 	bl	87801ba4 <lcd_drawpoint>
878011a6:	4621      	mov	r1, r4
878011a8:	69b2      	ldr	r2, [r6, #24]
878011aa:	4640      	mov	r0, r8
878011ac:	f000 fcfa 	bl	87801ba4 <lcd_drawpoint>
878011b0:	9901      	ldr	r1, [sp, #4]
878011b2:	9b03      	ldr	r3, [sp, #12]
878011b4:	2900      	cmp	r1, #0
878011b6:	eba7 0203 	sub.w	r2, r7, r3
878011ba:	bfa8      	it	ge
878011bc:	f103 33ff 	addge.w	r3, r3, #4294967295	; 0xffffffff
878011c0:	eb01 0242 	add.w	r2, r1, r2, lsl #1
878011c4:	bfba      	itte	lt
878011c6:	460a      	movlt	r2, r1
878011c8:	eb02 0247 	addlt.w	r2, r2, r7, lsl #1
878011cc:	3205      	addge	r2, #5
878011ce:	f107 0701 	add.w	r7, r7, #1
878011d2:	bfae      	itee	ge
878011d4:	9201      	strge	r2, [sp, #4]
878011d6:	3203      	addlt	r2, #3
878011d8:	9201      	strlt	r2, [sp, #4]
878011da:	42bb      	cmp	r3, r7
878011dc:	dc9e      	bgt.n	8780111c <lcd_draw_Circle+0x20>
878011de:	b005      	add	sp, #20
878011e0:	e8bd 8ff0 	ldmia.w	sp!, {r4, r5, r6, r7, r8, r9, sl, fp, pc}

878011e4 <lcd_showchar>:
878011e4:	e92d 4ff0 	stmdb	sp!, {r4, r5, r6, r7, r8, r9, sl, fp, lr}
878011e8:	461e      	mov	r6, r3
878011ea:	f013 0307 	ands.w	r3, r3, #7
878011ee:	ea4f 0456 	mov.w	r4, r6, lsr #1
878011f2:	bf18      	it	ne
878011f4:	2301      	movne	r3, #1
878011f6:	eb03 05d6 	add.w	r5, r3, r6, lsr #3
878011fa:	4689      	mov	r9, r1
878011fc:	b087      	sub	sp, #28
878011fe:	fb15 f104 	smulbb	r1, r5, r4
87801202:	3a20      	subs	r2, #32
87801204:	b2d2      	uxtb	r2, r2
87801206:	9001      	str	r0, [sp, #4]
87801208:	f89d b040 	ldrb.w	fp, [sp, #64]	; 0x40
8780120c:	f011 01ff 	ands.w	r1, r1, #255	; 0xff
87801210:	d06c      	beq.n	878012ec <lcd_showchar+0x108>
87801212:	b217      	sxth	r7, r2
87801214:	483d      	ldr	r0, [pc, #244]	; (8780130c <lcd_showchar+0x128>)
87801216:	3901      	subs	r1, #1
87801218:	ea4f 0887 	mov.w	r8, r7, lsl #2
8780121c:	b2c9      	uxtb	r1, r1
8780121e:	013c      	lsls	r4, r7, #4
87801220:	eb08 1e47 	add.w	lr, r8, r7, lsl #5
87801224:	f644 25ac 	movw	r5, #19116	; 0x4aac
87801228:	f500 6cbe 	add.w	ip, r0, #1520	; 0x5f0
8780122c:	eb0c 13c7 	add.w	r3, ip, r7, lsl #7
87801230:	f2c8 7580 	movt	r5, #34688	; 0x8780
87801234:	f10e 0201 	add.w	r2, lr, #1
87801238:	440a      	add	r2, r1
8780123a:	f205 4a74 	addw	sl, r5, #1140	; 0x474
8780123e:	ebc8 0104 	rsb	r1, r8, r4
87801242:	9302      	str	r3, [sp, #8]
87801244:	eb0a 0302 	add.w	r3, sl, r2
87801248:	f24a 07cc 	movw	r7, #41164	; 0xa0cc
8780124c:	9305      	str	r3, [sp, #20]
8780124e:	186b      	adds	r3, r5, r1
87801250:	9303      	str	r3, [sp, #12]
87801252:	1903      	adds	r3, r0, r4
87801254:	44f2      	add	sl, lr
87801256:	9304      	str	r3, [sp, #16]
87801258:	465b      	mov	r3, fp
8780125a:	f2c8 7780 	movt	r7, #34688	; 0x8780
8780125e:	46d3      	mov	fp, sl
87801260:	464c      	mov	r4, r9
87801262:	469a      	mov	sl, r3
87801264:	2e0c      	cmp	r6, #12
87801266:	d04a      	beq.n	878012fe <lcd_showchar+0x11a>
87801268:	2e10      	cmp	r6, #16
8780126a:	d04b      	beq.n	87801304 <lcd_showchar+0x120>
8780126c:	2e18      	cmp	r6, #24
8780126e:	bf08      	it	eq
87801270:	f89b 5000 	ldrbeq.w	r5, [fp]
87801274:	d003      	beq.n	8780127e <lcd_showchar+0x9a>
87801276:	2e20      	cmp	r6, #32
87801278:	d138      	bne.n	878012ec <lcd_showchar+0x108>
8780127a:	9b02      	ldr	r3, [sp, #8]
8780127c:	781d      	ldrb	r5, [r3, #0]
8780127e:	f104 0808 	add.w	r8, r4, #8
87801282:	fa1f f888 	uxth.w	r8, r8
87801286:	e00c      	b.n	878012a2 <lcd_showchar+0xbe>
87801288:	3401      	adds	r4, #1
8780128a:	883b      	ldrh	r3, [r7, #0]
8780128c:	b2a4      	uxth	r4, r4
8780128e:	006d      	lsls	r5, r5, #1
87801290:	42a3      	cmp	r3, r4
87801292:	ebc9 0204 	rsb	r2, r9, r4
87801296:	b2ed      	uxtb	r5, r5
87801298:	d928      	bls.n	878012ec <lcd_showchar+0x108>
8780129a:	42b2      	cmp	r2, r6
8780129c:	d00c      	beq.n	878012b8 <lcd_showchar+0xd4>
8780129e:	4544      	cmp	r4, r8
878012a0:	d016      	beq.n	878012d0 <lcd_showchar+0xec>
878012a2:	062b      	lsls	r3, r5, #24
878012a4:	d425      	bmi.n	878012f2 <lcd_showchar+0x10e>
878012a6:	f1ba 0f00 	cmp.w	sl, #0
878012aa:	d1ed      	bne.n	87801288 <lcd_showchar+0xa4>
878012ac:	69fa      	ldr	r2, [r7, #28]
878012ae:	4621      	mov	r1, r4
878012b0:	9801      	ldr	r0, [sp, #4]
878012b2:	f000 fc77 	bl	87801ba4 <lcd_drawpoint>
878012b6:	e7e7      	b.n	87801288 <lcd_showchar+0xa4>
878012b8:	9b01      	ldr	r3, [sp, #4]
878012ba:	f24a 02cc 	movw	r2, #41164	; 0xa0cc
878012be:	f2c8 7280 	movt	r2, #34688	; 0x8780
878012c2:	8852      	ldrh	r2, [r2, #2]
878012c4:	3301      	adds	r3, #1
878012c6:	b29b      	uxth	r3, r3
878012c8:	429a      	cmp	r2, r3
878012ca:	9301      	str	r3, [sp, #4]
878012cc:	d90e      	bls.n	878012ec <lcd_showchar+0x108>
878012ce:	464c      	mov	r4, r9
878012d0:	9b03      	ldr	r3, [sp, #12]
878012d2:	f10b 0b01 	add.w	fp, fp, #1
878012d6:	3301      	adds	r3, #1
878012d8:	9303      	str	r3, [sp, #12]
878012da:	9b04      	ldr	r3, [sp, #16]
878012dc:	3301      	adds	r3, #1
878012de:	9304      	str	r3, [sp, #16]
878012e0:	9b02      	ldr	r3, [sp, #8]
878012e2:	3301      	adds	r3, #1
878012e4:	9302      	str	r3, [sp, #8]
878012e6:	9b05      	ldr	r3, [sp, #20]
878012e8:	459b      	cmp	fp, r3
878012ea:	d1bb      	bne.n	87801264 <lcd_showchar+0x80>
878012ec:	b007      	add	sp, #28
878012ee:	e8bd 8ff0 	ldmia.w	sp!, {r4, r5, r6, r7, r8, r9, sl, fp, pc}
878012f2:	69ba      	ldr	r2, [r7, #24]
878012f4:	4621      	mov	r1, r4
878012f6:	9801      	ldr	r0, [sp, #4]
878012f8:	f000 fc54 	bl	87801ba4 <lcd_drawpoint>
878012fc:	e7c4      	b.n	87801288 <lcd_showchar+0xa4>
878012fe:	9b03      	ldr	r3, [sp, #12]
87801300:	781d      	ldrb	r5, [r3, #0]
87801302:	e7bc      	b.n	8780127e <lcd_showchar+0x9a>
87801304:	9b04      	ldr	r3, [sp, #16]
87801306:	781d      	ldrb	r5, [r3, #0]
87801308:	e7b9      	b.n	8780127e <lcd_showchar+0x9a>
8780130a:	bf00      	nop
8780130c:	87805c7c 			; <UNDEFINED> instruction: 0x87805c7c

87801310 <lcd_pow>:
87801310:	1e4b      	subs	r3, r1, #1
87801312:	2201      	movs	r2, #1
87801314:	b2db      	uxtb	r3, r3
87801316:	b129      	cbz	r1, 87801324 <lcd_pow+0x14>
87801318:	3b01      	subs	r3, #1
8780131a:	fb00 f202 	mul.w	r2, r0, r2
8780131e:	b2db      	uxtb	r3, r3
87801320:	2bff      	cmp	r3, #255	; 0xff
87801322:	d1f9      	bne.n	87801318 <lcd_pow+0x8>
87801324:	4610      	mov	r0, r2
87801326:	4770      	bx	lr

87801328 <lcd_shownum>:
87801328:	e92d 4ff0 	stmdb	sp!, {r4, r5, r6, r7, r8, r9, sl, fp, lr}
8780132c:	b087      	sub	sp, #28
8780132e:	f89d a040 	ldrb.w	sl, [sp, #64]	; 0x40
87801332:	2b00      	cmp	r3, #0
87801334:	d042      	beq.n	878013bc <lcd_shownum+0x94>
87801336:	4617      	mov	r7, r2
87801338:	1e5a      	subs	r2, r3, #1
8780133a:	2500      	movs	r5, #0
8780133c:	fa5f f982 	uxtb.w	r9, r2
87801340:	f64c 48cd 	movw	r8, #52429	; 0xcccd
87801344:	ea4f 0b5a 	mov.w	fp, sl, lsr #1
87801348:	3b02      	subs	r3, #2
8780134a:	9104      	str	r1, [sp, #16]
8780134c:	4604      	mov	r4, r0
8780134e:	462e      	mov	r6, r5
87801350:	f6cc 48cc 	movt	r8, #52428	; 0xcccc
87801354:	9303      	str	r3, [sp, #12]
87801356:	f109 0301 	add.w	r3, r9, #1
8780135a:	9205      	str	r2, [sp, #20]
8780135c:	9302      	str	r3, [sp, #8]
8780135e:	b2ea      	uxtb	r2, r5
87801360:	9b03      	ldr	r3, [sp, #12]
87801362:	2101      	movs	r1, #1
87801364:	454a      	cmp	r2, r9
87801366:	eba3 0302 	sub.w	r3, r3, r2
8780136a:	b2db      	uxtb	r3, r3
8780136c:	d006      	beq.n	8780137c <lcd_shownum+0x54>
8780136e:	3b01      	subs	r3, #1
87801370:	00ca      	lsls	r2, r1, #3
87801372:	b2db      	uxtb	r3, r3
87801374:	eb02 0141 	add.w	r1, r2, r1, lsl #1
87801378:	2bff      	cmp	r3, #255	; 0xff
8780137a:	d1f8      	bne.n	8780136e <lcd_shownum+0x46>
8780137c:	4638      	mov	r0, r7
8780137e:	f003 f8ff 	bl	87804580 <__aeabi_uidiv>
87801382:	fba0 2308 	umull	r2, r3, r0, r8
87801386:	08db      	lsrs	r3, r3, #3
87801388:	00da      	lsls	r2, r3, #3
8780138a:	eb02 0343 	add.w	r3, r2, r3, lsl #1
8780138e:	1ac3      	subs	r3, r0, r3
87801390:	b2da      	uxtb	r2, r3
87801392:	b91e      	cbnz	r6, 8780139c <lcd_shownum+0x74>
87801394:	9905      	ldr	r1, [sp, #20]
87801396:	42a9      	cmp	r1, r5
87801398:	dd01      	ble.n	8780139e <lcd_shownum+0x76>
8780139a:	b193      	cbz	r3, 878013c2 <lcd_shownum+0x9a>
8780139c:	2601      	movs	r6, #1
8780139e:	2300      	movs	r3, #0
878013a0:	3230      	adds	r2, #48	; 0x30
878013a2:	9300      	str	r3, [sp, #0]
878013a4:	b2d2      	uxtb	r2, r2
878013a6:	4653      	mov	r3, sl
878013a8:	9904      	ldr	r1, [sp, #16]
878013aa:	4620      	mov	r0, r4
878013ac:	f7ff ff1a 	bl	878011e4 <lcd_showchar>
878013b0:	9b02      	ldr	r3, [sp, #8]
878013b2:	3501      	adds	r5, #1
878013b4:	445c      	add	r4, fp
878013b6:	b2a4      	uxth	r4, r4
878013b8:	429d      	cmp	r5, r3
878013ba:	d1d0      	bne.n	8780135e <lcd_shownum+0x36>
878013bc:	b007      	add	sp, #28
878013be:	e8bd 8ff0 	ldmia.w	sp!, {r4, r5, r6, r7, r8, r9, sl, fp, pc}
878013c2:	9600      	str	r6, [sp, #0]
878013c4:	4653      	mov	r3, sl
878013c6:	2220      	movs	r2, #32
878013c8:	9904      	ldr	r1, [sp, #16]
878013ca:	4620      	mov	r0, r4
878013cc:	f7ff ff0a 	bl	878011e4 <lcd_showchar>
878013d0:	e7ee      	b.n	878013b0 <lcd_shownum+0x88>
878013d2:	bf00      	nop

878013d4 <lcd_showxnum>:
878013d4:	e92d 4ff0 	stmdb	sp!, {r4, r5, r6, r7, r8, r9, sl, fp, lr}
878013d8:	b089      	sub	sp, #36	; 0x24
878013da:	f89d a048 	ldrb.w	sl, [sp, #72]	; 0x48
878013de:	f89d e04c 	ldrb.w	lr, [sp, #76]	; 0x4c
878013e2:	2b00      	cmp	r3, #0
878013e4:	d04a      	beq.n	8780147c <lcd_showxnum+0xa8>
878013e6:	4617      	mov	r7, r2
878013e8:	1e5a      	subs	r2, r3, #1
878013ea:	fa5f f982 	uxtb.w	r9, r2
878013ee:	3b02      	subs	r3, #2
878013f0:	2500      	movs	r5, #0
878013f2:	ea4f 0b5a 	mov.w	fp, sl, lsr #1
878013f6:	f64c 48cd 	movw	r8, #52429	; 0xcccd
878013fa:	9206      	str	r2, [sp, #24]
878013fc:	9303      	str	r3, [sp, #12]
878013fe:	fa4f f28e 	sxtb.w	r2, lr
87801402:	f109 0301 	add.w	r3, r9, #1
87801406:	9105      	str	r1, [sp, #20]
87801408:	4604      	mov	r4, r0
8780140a:	462e      	mov	r6, r5
8780140c:	f6cc 48cc 	movt	r8, #52428	; 0xcccc
87801410:	9302      	str	r3, [sp, #8]
87801412:	f00e 0301 	and.w	r3, lr, #1
87801416:	9207      	str	r2, [sp, #28]
87801418:	9304      	str	r3, [sp, #16]
8780141a:	b2ea      	uxtb	r2, r5
8780141c:	9b03      	ldr	r3, [sp, #12]
8780141e:	2101      	movs	r1, #1
87801420:	454a      	cmp	r2, r9
87801422:	eba3 0302 	sub.w	r3, r3, r2
87801426:	b2db      	uxtb	r3, r3
87801428:	d006      	beq.n	87801438 <lcd_showxnum+0x64>
8780142a:	3b01      	subs	r3, #1
8780142c:	00ca      	lsls	r2, r1, #3
8780142e:	b2db      	uxtb	r3, r3
87801430:	eb02 0141 	add.w	r1, r2, r1, lsl #1
87801434:	2bff      	cmp	r3, #255	; 0xff
87801436:	d1f8      	bne.n	8780142a <lcd_showxnum+0x56>
87801438:	4638      	mov	r0, r7
8780143a:	f003 f8a1 	bl	87804580 <__aeabi_uidiv>
8780143e:	fba0 2308 	umull	r2, r3, r0, r8
87801442:	08db      	lsrs	r3, r3, #3
87801444:	00da      	lsls	r2, r3, #3
87801446:	eb02 0343 	add.w	r3, r2, r3, lsl #1
8780144a:	1ac3      	subs	r3, r0, r3
8780144c:	b2da      	uxtb	r2, r3
8780144e:	b9c6      	cbnz	r6, 87801482 <lcd_showxnum+0xae>
87801450:	9906      	ldr	r1, [sp, #24]
87801452:	42a9      	cmp	r1, r5
87801454:	dd16      	ble.n	87801484 <lcd_showxnum+0xb0>
87801456:	b9a3      	cbnz	r3, 87801482 <lcd_showxnum+0xae>
87801458:	9b07      	ldr	r3, [sp, #28]
8780145a:	4620      	mov	r0, r4
8780145c:	9905      	ldr	r1, [sp, #20]
8780145e:	2b00      	cmp	r3, #0
87801460:	9b04      	ldr	r3, [sp, #16]
87801462:	bfb4      	ite	lt
87801464:	2230      	movlt	r2, #48	; 0x30
87801466:	2220      	movge	r2, #32
87801468:	9300      	str	r3, [sp, #0]
8780146a:	4653      	mov	r3, sl
8780146c:	f7ff feba 	bl	878011e4 <lcd_showchar>
87801470:	9b02      	ldr	r3, [sp, #8]
87801472:	3501      	adds	r5, #1
87801474:	445c      	add	r4, fp
87801476:	b2a4      	uxth	r4, r4
87801478:	429d      	cmp	r5, r3
8780147a:	d1ce      	bne.n	8780141a <lcd_showxnum+0x46>
8780147c:	b009      	add	sp, #36	; 0x24
8780147e:	e8bd 8ff0 	ldmia.w	sp!, {r4, r5, r6, r7, r8, r9, sl, fp, pc}
87801482:	2601      	movs	r6, #1
87801484:	9b04      	ldr	r3, [sp, #16]
87801486:	3230      	adds	r2, #48	; 0x30
87801488:	b2d2      	uxtb	r2, r2
8780148a:	9905      	ldr	r1, [sp, #20]
8780148c:	4620      	mov	r0, r4
8780148e:	9300      	str	r3, [sp, #0]
87801490:	4653      	mov	r3, sl
87801492:	f7ff fea7 	bl	878011e4 <lcd_showchar>
87801496:	e7eb      	b.n	87801470 <lcd_showxnum+0x9c>

87801498 <lcd_show_string>:
87801498:	e92d 4ff0 	stmdb	sp!, {r4, r5, r6, r7, r8, r9, sl, fp, lr}
8780149c:	b085      	sub	sp, #20
8780149e:	9f0f      	ldr	r7, [sp, #60]	; 0x3c
878014a0:	4402      	add	r2, r0
878014a2:	fa1f f882 	uxth.w	r8, r2
878014a6:	440b      	add	r3, r1
878014a8:	fa1f f983 	uxth.w	r9, r3
878014ac:	460d      	mov	r5, r1
878014ae:	783a      	ldrb	r2, [r7, #0]
878014b0:	f89d 6038 	ldrb.w	r6, [sp, #56]	; 0x38
878014b4:	f1a2 0320 	sub.w	r3, r2, #32
878014b8:	2b5e      	cmp	r3, #94	; 0x5e
878014ba:	d81e      	bhi.n	878014fa <lcd_show_string+0x62>
878014bc:	b2c3      	uxtb	r3, r0
878014be:	4604      	mov	r4, r0
878014c0:	ea4f 0b56 	mov.w	fp, r6, lsr #1
878014c4:	f04f 0a00 	mov.w	sl, #0
878014c8:	9303      	str	r3, [sp, #12]
878014ca:	e00b      	b.n	878014e4 <lcd_show_string+0x4c>
878014cc:	f8cd a000 	str.w	sl, [sp]
878014d0:	445c      	add	r4, fp
878014d2:	f7ff fe87 	bl	878011e4 <lcd_showchar>
878014d6:	f817 2f01 	ldrb.w	r2, [r7, #1]!
878014da:	b2a4      	uxth	r4, r4
878014dc:	f1a2 0320 	sub.w	r3, r2, #32
878014e0:	2b5e      	cmp	r3, #94	; 0x5e
878014e2:	d80a      	bhi.n	878014fa <lcd_show_string+0x62>
878014e4:	45a0      	cmp	r8, r4
878014e6:	eb05 0106 	add.w	r1, r5, r6
878014ea:	bf9c      	itt	ls
878014ec:	b28d      	uxthls	r5, r1
878014ee:	9c03      	ldrls	r4, [sp, #12]
878014f0:	4633      	mov	r3, r6
878014f2:	454d      	cmp	r5, r9
878014f4:	4629      	mov	r1, r5
878014f6:	4620      	mov	r0, r4
878014f8:	d3e8      	bcc.n	878014cc <lcd_show_string+0x34>
878014fa:	b005      	add	sp, #20
878014fc:	e8bd 8ff0 	ldmia.w	sp!, {r4, r5, r6, r7, r8, r9, sl, fp, pc}

87801500 <lcdclk_init>:
87801500:	b430      	push	{r4, r5}
87801502:	f44f 4400 	mov.w	r4, #32768	; 0x8000
87801506:	f2c0 240c 	movt	r4, #524	; 0x20c
8780150a:	2500      	movs	r5, #0
8780150c:	f440 1081 	orr.w	r0, r0, #1056768	; 0x102000
87801510:	f44f 4380 	mov.w	r3, #16384	; 0x4000
87801514:	f8c4 50b0 	str.w	r5, [r4, #176]	; 0xb0
87801518:	f2c0 230c 	movt	r3, #524	; 0x20c
8780151c:	f8c4 50c0 	str.w	r5, [r4, #192]	; 0xc0
87801520:	3901      	subs	r1, #1
87801522:	f8c4 00a0 	str.w	r0, [r4, #160]	; 0xa0
87801526:	3a01      	subs	r2, #1
87801528:	f8d4 0170 	ldr.w	r0, [r4, #368]	; 0x170
8780152c:	f020 4040 	bic.w	r0, r0, #3221225472	; 0xc0000000
87801530:	f8c4 0170 	str.w	r0, [r4, #368]	; 0x170
87801534:	6b98      	ldr	r0, [r3, #56]	; 0x38
87801536:	bc30      	pop	{r4, r5}
87801538:	f420 3060 	bic.w	r0, r0, #229376	; 0x38000
8780153c:	6398      	str	r0, [r3, #56]	; 0x38
8780153e:	6b98      	ldr	r0, [r3, #56]	; 0x38
87801540:	f440 3080 	orr.w	r0, r0, #65536	; 0x10000
87801544:	6398      	str	r0, [r3, #56]	; 0x38
87801546:	6b98      	ldr	r0, [r3, #56]	; 0x38
87801548:	f420 40e0 	bic.w	r0, r0, #28672	; 0x7000
8780154c:	6398      	str	r0, [r3, #56]	; 0x38
8780154e:	6b98      	ldr	r0, [r3, #56]	; 0x38
87801550:	ea40 3101 	orr.w	r1, r0, r1, lsl #12
87801554:	6399      	str	r1, [r3, #56]	; 0x38
87801556:	6999      	ldr	r1, [r3, #24]
87801558:	f021 7160 	bic.w	r1, r1, #58720256	; 0x3800000
8780155c:	6199      	str	r1, [r3, #24]
8780155e:	6999      	ldr	r1, [r3, #24]
87801560:	ea41 52c2 	orr.w	r2, r1, r2, lsl #23
87801564:	619a      	str	r2, [r3, #24]
87801566:	6b9a      	ldr	r2, [r3, #56]	; 0x38
87801568:	f422 6260 	bic.w	r2, r2, #3584	; 0xe00
8780156c:	639a      	str	r2, [r3, #56]	; 0x38
8780156e:	6b9a      	ldr	r2, [r3, #56]	; 0x38
87801570:	639a      	str	r2, [r3, #56]	; 0x38
87801572:	4770      	bx	lr

87801574 <lcd_reset>:
87801574:	f44f 4300 	mov.w	r3, #32768	; 0x8000
87801578:	f2c0 231c 	movt	r3, #540	; 0x21c
8780157c:	681a      	ldr	r2, [r3, #0]
8780157e:	f042 4200 	orr.w	r2, r2, #2147483648	; 0x80000000
87801582:	601a      	str	r2, [r3, #0]
87801584:	4770      	bx	lr
87801586:	bf00      	nop

87801588 <lcd_noreset>:
87801588:	f44f 4300 	mov.w	r3, #32768	; 0x8000
8780158c:	f2c0 231c 	movt	r3, #540	; 0x21c
87801590:	681a      	ldr	r2, [r3, #0]
87801592:	f022 4200 	bic.w	r2, r2, #2147483648	; 0x80000000
87801596:	601a      	str	r2, [r3, #0]
87801598:	4770      	bx	lr
8780159a:	bf00      	nop

8780159c <lcd_enable>:
8780159c:	f44f 4300 	mov.w	r3, #32768	; 0x8000
878015a0:	f2c0 231c 	movt	r3, #540	; 0x21c
878015a4:	681a      	ldr	r2, [r3, #0]
878015a6:	f042 0201 	orr.w	r2, r2, #1
878015aa:	601a      	str	r2, [r3, #0]
878015ac:	4770      	bx	lr
878015ae:	bf00      	nop

878015b0 <lcd_read_panelid>:
878015b0:	f44f 7288 	mov.w	r2, #272	; 0x110
878015b4:	f44f 7367 	mov.w	r3, #924	; 0x39c
878015b8:	b570      	push	{r4, r5, r6, lr}
878015ba:	f2c0 220e 	movt	r2, #526	; 0x20e
878015be:	b084      	sub	sp, #16
878015c0:	2405      	movs	r4, #5
878015c2:	f2c0 230e 	movt	r3, #526	; 0x20e
878015c6:	f241 01b0 	movw	r1, #4272	; 0x10b0
878015ca:	f44f 4080 	mov.w	r0, #16384	; 0x4000
878015ce:	6014      	str	r4, [r2, #0]
878015d0:	f2c0 200a 	movt	r0, #522	; 0x20a
878015d4:	6019      	str	r1, [r3, #0]
878015d6:	aa01      	add	r2, sp, #4
878015d8:	2301      	movs	r3, #1
878015da:	2103      	movs	r1, #3
878015dc:	9301      	str	r3, [sp, #4]
878015de:	f88d 3008 	strb.w	r3, [sp, #8]
878015e2:	f44f 7670 	mov.w	r6, #960	; 0x3c0
878015e6:	f7ff f971 	bl	878008cc <gpio_init>
878015ea:	f44f 739a 	mov.w	r3, #308	; 0x134
878015ee:	f44f 70aa 	mov.w	r0, #340	; 0x154
878015f2:	f2c0 230e 	movt	r3, #526	; 0x20e
878015f6:	f2c0 200e 	movt	r0, #526	; 0x20e
878015fa:	f44f 72ba 	mov.w	r2, #372	; 0x174
878015fe:	f44f 7578 	mov.w	r5, #992	; 0x3e0
87801602:	f44f 6180 	mov.w	r1, #1024	; 0x400
87801606:	601c      	str	r4, [r3, #0]
87801608:	f2c0 220e 	movt	r2, #526	; 0x20e
8780160c:	f24f 0380 	movw	r3, #61568	; 0xf080
87801610:	6004      	str	r4, [r0, #0]
87801612:	f2c0 250e 	movt	r5, #526	; 0x20e
87801616:	f2c0 210e 	movt	r1, #526	; 0x20e
8780161a:	f2c0 260e 	movt	r6, #526	; 0x20e
8780161e:	f44f 4080 	mov.w	r0, #16384	; 0x4000
87801622:	6014      	str	r4, [r2, #0]
87801624:	f2c0 200a 	movt	r0, #522	; 0x20a
87801628:	6033      	str	r3, [r6, #0]
8780162a:	aa01      	add	r2, sp, #4
8780162c:	602b      	str	r3, [r5, #0]
8780162e:	2400      	movs	r4, #0
87801630:	600b      	str	r3, [r1, #0]
87801632:	210c      	movs	r1, #12
87801634:	9401      	str	r4, [sp, #4]
87801636:	f7ff f949 	bl	878008cc <gpio_init>
8780163a:	f44f 4080 	mov.w	r0, #16384	; 0x4000
8780163e:	aa01      	add	r2, sp, #4
87801640:	2114      	movs	r1, #20
87801642:	f2c0 200a 	movt	r0, #522	; 0x20a
87801646:	f7ff f941 	bl	878008cc <gpio_init>
8780164a:	f44f 4080 	mov.w	r0, #16384	; 0x4000
8780164e:	aa01      	add	r2, sp, #4
87801650:	211c      	movs	r1, #28
87801652:	f2c0 200a 	movt	r0, #522	; 0x20a
87801656:	f7ff f939 	bl	878008cc <gpio_init>
8780165a:	f44f 4080 	mov.w	r0, #16384	; 0x4000
8780165e:	211c      	movs	r1, #28
87801660:	f2c0 200a 	movt	r0, #522	; 0x20a
87801664:	f7ff f8cc 	bl	87800800 <gpio_PinRead>
87801668:	4604      	mov	r4, r0
8780166a:	f44f 4080 	mov.w	r0, #16384	; 0x4000
8780166e:	2114      	movs	r1, #20
87801670:	f2c0 200a 	movt	r0, #522	; 0x20a
87801674:	f7ff f8c4 	bl	87800800 <gpio_PinRead>
87801678:	4605      	mov	r5, r0
8780167a:	f44f 4080 	mov.w	r0, #16384	; 0x4000
8780167e:	f2c0 200a 	movt	r0, #522	; 0x20a
87801682:	210c      	movs	r1, #12
87801684:	f7ff f8bc 	bl	87800800 <gpio_PinRead>
87801688:	b2c0      	uxtb	r0, r0
8780168a:	b2ed      	uxtb	r5, r5
8780168c:	0080      	lsls	r0, r0, #2
8780168e:	ea40 0045 	orr.w	r0, r0, r5, lsl #1
87801692:	4320      	orrs	r0, r4
87801694:	f010 00ff 	ands.w	r0, r0, #255	; 0xff
87801698:	bf08      	it	eq
8780169a:	f244 3042 	movweq	r0, #17218	; 0x4342
8780169e:	d101      	bne.n	878016a4 <lcd_read_panelid+0xf4>
878016a0:	b004      	add	sp, #16
878016a2:	bd70      	pop	{r4, r5, r6, pc}
878016a4:	2801      	cmp	r0, #1
878016a6:	bf08      	it	eq
878016a8:	f247 0084 	movweq	r0, #28804	; 0x7084
878016ac:	d0f8      	beq.n	878016a0 <lcd_read_panelid+0xf0>
878016ae:	2802      	cmp	r0, #2
878016b0:	bf08      	it	eq
878016b2:	f247 0016 	movweq	r0, #28694	; 0x7016
878016b6:	d0f3      	beq.n	878016a0 <lcd_read_panelid+0xf0>
878016b8:	2804      	cmp	r0, #4
878016ba:	bf08      	it	eq
878016bc:	f244 3084 	movweq	r0, #17284	; 0x4384
878016c0:	d0ee      	beq.n	878016a0 <lcd_read_panelid+0xf0>
878016c2:	2805      	cmp	r0, #5
878016c4:	f241 0018 	movw	r0, #4120	; 0x1018
878016c8:	bf18      	it	ne
878016ca:	2000      	movne	r0, #0
878016cc:	e7e8      	b.n	878016a0 <lcd_read_panelid+0xf0>
878016ce:	bf00      	nop

878016d0 <lcdgpio_init>:
878016d0:	b5f0      	push	{r4, r5, r6, r7, lr}
878016d2:	f44f 758c 	mov.w	r5, #280	; 0x118
878016d6:	2300      	movs	r3, #0
878016d8:	f2c0 250e 	movt	r5, #526	; 0x20e
878016dc:	f44f 708e 	mov.w	r0, #284	; 0x11c
878016e0:	f44f 7790 	mov.w	r7, #288	; 0x120
878016e4:	602b      	str	r3, [r5, #0]
878016e6:	f2c0 200e 	movt	r0, #526	; 0x20e
878016ea:	f44f 7492 	mov.w	r4, #292	; 0x124
878016ee:	f44f 7294 	mov.w	r2, #296	; 0x128
878016f2:	f44f 7196 	mov.w	r1, #300	; 0x12c
878016f6:	f44f 7698 	mov.w	r6, #304	; 0x130
878016fa:	f44f 759a 	mov.w	r5, #308	; 0x134
878016fe:	6003      	str	r3, [r0, #0]
87801700:	f2c0 270e 	movt	r7, #526	; 0x20e
87801704:	f2c0 240e 	movt	r4, #526	; 0x20e
87801708:	f2c0 220e 	movt	r2, #526	; 0x20e
8780170c:	f2c0 210e 	movt	r1, #526	; 0x20e
87801710:	f2c0 260e 	movt	r6, #526	; 0x20e
87801714:	f2c0 250e 	movt	r5, #526	; 0x20e
87801718:	f44f 709c 	mov.w	r0, #312	; 0x138
8780171c:	603b      	str	r3, [r7, #0]
8780171e:	f2c0 200e 	movt	r0, #526	; 0x20e
87801722:	6023      	str	r3, [r4, #0]
87801724:	f44f 779e 	mov.w	r7, #316	; 0x13c
87801728:	6013      	str	r3, [r2, #0]
8780172a:	f44f 74a0 	mov.w	r4, #320	; 0x140
8780172e:	600b      	str	r3, [r1, #0]
87801730:	f44f 72a2 	mov.w	r2, #324	; 0x144
87801734:	6033      	str	r3, [r6, #0]
87801736:	f44f 71a4 	mov.w	r1, #328	; 0x148
8780173a:	602b      	str	r3, [r5, #0]
8780173c:	f44f 76a6 	mov.w	r6, #332	; 0x14c
87801740:	f44f 75a8 	mov.w	r5, #336	; 0x150
87801744:	6003      	str	r3, [r0, #0]
87801746:	f2c0 270e 	movt	r7, #526	; 0x20e
8780174a:	f2c0 240e 	movt	r4, #526	; 0x20e
8780174e:	f2c0 220e 	movt	r2, #526	; 0x20e
87801752:	f2c0 210e 	movt	r1, #526	; 0x20e
87801756:	f2c0 260e 	movt	r6, #526	; 0x20e
8780175a:	f2c0 250e 	movt	r5, #526	; 0x20e
8780175e:	f44f 70aa 	mov.w	r0, #340	; 0x154
87801762:	603b      	str	r3, [r7, #0]
87801764:	f2c0 200e 	movt	r0, #526	; 0x20e
87801768:	6023      	str	r3, [r4, #0]
8780176a:	f44f 77ac 	mov.w	r7, #344	; 0x158
8780176e:	6013      	str	r3, [r2, #0]
87801770:	f44f 74ae 	mov.w	r4, #348	; 0x15c
87801774:	600b      	str	r3, [r1, #0]
87801776:	f44f 72b0 	mov.w	r2, #352	; 0x160
8780177a:	6033      	str	r3, [r6, #0]
8780177c:	f44f 71b2 	mov.w	r1, #356	; 0x164
87801780:	602b      	str	r3, [r5, #0]
87801782:	f44f 76b4 	mov.w	r6, #360	; 0x168
87801786:	f44f 75b6 	mov.w	r5, #364	; 0x16c
8780178a:	6003      	str	r3, [r0, #0]
8780178c:	f2c0 270e 	movt	r7, #526	; 0x20e
87801790:	f2c0 240e 	movt	r4, #526	; 0x20e
87801794:	f2c0 220e 	movt	r2, #526	; 0x20e
87801798:	f2c0 210e 	movt	r1, #526	; 0x20e
8780179c:	f2c0 260e 	movt	r6, #526	; 0x20e
878017a0:	f2c0 250e 	movt	r5, #526	; 0x20e
878017a4:	f44f 70b8 	mov.w	r0, #368	; 0x170
878017a8:	603b      	str	r3, [r7, #0]
878017aa:	f2c0 200e 	movt	r0, #526	; 0x20e
878017ae:	6023      	str	r3, [r4, #0]
878017b0:	f44f 77ba 	mov.w	r7, #372	; 0x174
878017b4:	6013      	str	r3, [r2, #0]
878017b6:	f44f 7482 	mov.w	r4, #260	; 0x104
878017ba:	600b      	str	r3, [r1, #0]
878017bc:	f44f 7284 	mov.w	r2, #264	; 0x108
878017c0:	6033      	str	r3, [r6, #0]
878017c2:	f44f 7186 	mov.w	r1, #268	; 0x10c
878017c6:	602b      	str	r3, [r5, #0]
878017c8:	f240 56dc 	movw	r6, #1500	; 0x5dc
878017cc:	f44f 7588 	mov.w	r5, #272	; 0x110
878017d0:	6003      	str	r3, [r0, #0]
878017d2:	f2c0 270e 	movt	r7, #526	; 0x20e
878017d6:	f2c0 240e 	movt	r4, #526	; 0x20e
878017da:	f2c0 220e 	movt	r2, #526	; 0x20e
878017de:	f2c0 210e 	movt	r1, #526	; 0x20e
878017e2:	f2c0 260e 	movt	r6, #526	; 0x20e
878017e6:	f2c0 250e 	movt	r5, #526	; 0x20e
878017ea:	f44f 7069 	mov.w	r0, #932	; 0x3a4
878017ee:	603b      	str	r3, [r7, #0]
878017f0:	f2c0 200e 	movt	r0, #526	; 0x20e
878017f4:	6023      	str	r3, [r4, #0]
878017f6:	f44f 776a 	mov.w	r7, #936	; 0x3a8
878017fa:	6013      	str	r3, [r2, #0]
878017fc:	f44f 746b 	mov.w	r4, #940	; 0x3ac
87801800:	600b      	str	r3, [r1, #0]
87801802:	f44f 726c 	mov.w	r2, #944	; 0x3b0
87801806:	6033      	str	r3, [r6, #0]
87801808:	f44f 716d 	mov.w	r1, #948	; 0x3b4
8780180c:	602b      	str	r3, [r5, #0]
8780180e:	f44f 766e 	mov.w	r6, #952	; 0x3b8
87801812:	23b9      	movs	r3, #185	; 0xb9
87801814:	f44f 756f 	mov.w	r5, #956	; 0x3bc
87801818:	6003      	str	r3, [r0, #0]
8780181a:	f2c0 270e 	movt	r7, #526	; 0x20e
8780181e:	f2c0 240e 	movt	r4, #526	; 0x20e
87801822:	f2c0 220e 	movt	r2, #526	; 0x20e
87801826:	f2c0 210e 	movt	r1, #526	; 0x20e
8780182a:	f2c0 260e 	movt	r6, #526	; 0x20e
8780182e:	f2c0 250e 	movt	r5, #526	; 0x20e
87801832:	f44f 7070 	mov.w	r0, #960	; 0x3c0
87801836:	603b      	str	r3, [r7, #0]
87801838:	f2c0 200e 	movt	r0, #526	; 0x20e
8780183c:	6023      	str	r3, [r4, #0]
8780183e:	f44f 7771 	mov.w	r7, #964	; 0x3c4
87801842:	6013      	str	r3, [r2, #0]
87801844:	f44f 7472 	mov.w	r4, #968	; 0x3c8
87801848:	600b      	str	r3, [r1, #0]
8780184a:	f44f 7273 	mov.w	r2, #972	; 0x3cc
8780184e:	6033      	str	r3, [r6, #0]
87801850:	f44f 7174 	mov.w	r1, #976	; 0x3d0
87801854:	602b      	str	r3, [r5, #0]
87801856:	f44f 7675 	mov.w	r6, #980	; 0x3d4
8780185a:	f44f 7576 	mov.w	r5, #984	; 0x3d8
8780185e:	6003      	str	r3, [r0, #0]
87801860:	f2c0 270e 	movt	r7, #526	; 0x20e
87801864:	f2c0 240e 	movt	r4, #526	; 0x20e
87801868:	f2c0 220e 	movt	r2, #526	; 0x20e
8780186c:	f2c0 210e 	movt	r1, #526	; 0x20e
87801870:	f2c0 260e 	movt	r6, #526	; 0x20e
87801874:	f2c0 250e 	movt	r5, #526	; 0x20e
87801878:	f44f 7077 	mov.w	r0, #988	; 0x3dc
8780187c:	603b      	str	r3, [r7, #0]
8780187e:	f2c0 200e 	movt	r0, #526	; 0x20e
87801882:	6023      	str	r3, [r4, #0]
87801884:	f44f 7778 	mov.w	r7, #992	; 0x3e0
87801888:	6013      	str	r3, [r2, #0]
8780188a:	f44f 7479 	mov.w	r4, #996	; 0x3e4
8780188e:	600b      	str	r3, [r1, #0]
87801890:	f44f 727a 	mov.w	r2, #1000	; 0x3e8
87801894:	6033      	str	r3, [r6, #0]
87801896:	f44f 717b 	mov.w	r1, #1004	; 0x3ec
8780189a:	602b      	str	r3, [r5, #0]
8780189c:	f44f 767c 	mov.w	r6, #1008	; 0x3f0
878018a0:	f44f 757d 	mov.w	r5, #1012	; 0x3f4
878018a4:	6003      	str	r3, [r0, #0]
878018a6:	f2c0 270e 	movt	r7, #526	; 0x20e
878018aa:	f2c0 240e 	movt	r4, #526	; 0x20e
878018ae:	f2c0 220e 	movt	r2, #526	; 0x20e
878018b2:	f2c0 210e 	movt	r1, #526	; 0x20e
878018b6:	f2c0 260e 	movt	r6, #526	; 0x20e
878018ba:	f2c0 250e 	movt	r5, #526	; 0x20e
878018be:	f44f 707e 	mov.w	r0, #1016	; 0x3f8
878018c2:	603b      	str	r3, [r7, #0]
878018c4:	f2c0 200e 	movt	r0, #526	; 0x20e
878018c8:	6023      	str	r3, [r4, #0]
878018ca:	f44f 777f 	mov.w	r7, #1020	; 0x3fc
878018ce:	6013      	str	r3, [r2, #0]
878018d0:	f44f 6480 	mov.w	r4, #1024	; 0x400
878018d4:	600b      	str	r3, [r1, #0]
878018d6:	f44f 7264 	mov.w	r2, #912	; 0x390
878018da:	6033      	str	r3, [r6, #0]
878018dc:	f44f 7165 	mov.w	r1, #916	; 0x394
878018e0:	602b      	str	r3, [r5, #0]
878018e2:	f44f 7666 	mov.w	r6, #920	; 0x398
878018e6:	f44f 7567 	mov.w	r5, #924	; 0x39c
878018ea:	6003      	str	r3, [r0, #0]
878018ec:	b085      	sub	sp, #20
878018ee:	f2c0 270e 	movt	r7, #526	; 0x20e
878018f2:	f2c0 240e 	movt	r4, #526	; 0x20e
878018f6:	f2c0 220e 	movt	r2, #526	; 0x20e
878018fa:	f2c0 210e 	movt	r1, #526	; 0x20e
878018fe:	f2c0 260e 	movt	r6, #526	; 0x20e
87801902:	f2c0 250e 	movt	r5, #526	; 0x20e
87801906:	f44f 4040 	mov.w	r0, #49152	; 0xc000
8780190a:	603b      	str	r3, [r7, #0]
8780190c:	f2c0 2009 	movt	r0, #521	; 0x209
87801910:	6023      	str	r3, [r4, #0]
87801912:	2401      	movs	r4, #1
87801914:	6013      	str	r3, [r2, #0]
87801916:	aa01      	add	r2, sp, #4
87801918:	600b      	str	r3, [r1, #0]
8780191a:	2108      	movs	r1, #8
8780191c:	6033      	str	r3, [r6, #0]
8780191e:	602b      	str	r3, [r5, #0]
87801920:	9401      	str	r4, [sp, #4]
87801922:	f88d 4008 	strb.w	r4, [sp, #8]
87801926:	f7fe ffd1 	bl	878008cc <gpio_init>
8780192a:	b005      	add	sp, #20
8780192c:	bdf0      	pop	{r4, r5, r6, r7, pc}
8780192e:	bf00      	nop

87801930 <lcd_init>:
87801930:	e92d 4ff8 	stmdb	sp!, {r3, r4, r5, r6, r7, r8, r9, sl, fp, lr}
87801934:	f44f 4400 	mov.w	r4, #32768	; 0x8000
87801938:	f7ff fe3a 	bl	878015b0 <lcd_read_panelid>
8780193c:	4601      	mov	r1, r0
8780193e:	4605      	mov	r5, r0
87801940:	f249 10ec 	movw	r0, #37356	; 0x91ec
87801944:	f2c0 241c 	movt	r4, #540	; 0x21c
87801948:	f2c8 7080 	movt	r0, #34688	; 0x8780
8780194c:	f001 fa00 	bl	87802d50 <printf>
87801950:	f7ff febe 	bl	878016d0 <lcdgpio_init>
87801954:	6823      	ldr	r3, [r4, #0]
87801956:	200a      	movs	r0, #10
87801958:	f043 4300 	orr.w	r3, r3, #2147483648	; 0x80000000
8780195c:	6023      	str	r3, [r4, #0]
8780195e:	f7fe fe85 	bl	8780066c <delay_ms>
87801962:	6823      	ldr	r3, [r4, #0]
87801964:	f244 3242 	movw	r2, #17218	; 0x4342
87801968:	4295      	cmp	r5, r2
8780196a:	f023 4300 	bic.w	r3, r3, #2147483648	; 0x80000000
8780196e:	6023      	str	r3, [r4, #0]
87801970:	f000 80d7 	beq.w	87801b22 <lcd_init+0x1f2>
87801974:	f244 3384 	movw	r3, #17284	; 0x4384
87801978:	429d      	cmp	r5, r3
8780197a:	f000 8084 	beq.w	87801a86 <lcd_init+0x156>
8780197e:	f247 0384 	movw	r3, #28804	; 0x7084
87801982:	429d      	cmp	r5, r3
87801984:	f000 80a7 	beq.w	87801ad6 <lcd_init+0x1a6>
87801988:	f247 0316 	movw	r3, #28694	; 0x7016
8780198c:	429d      	cmp	r5, r3
8780198e:	f000 80e3 	beq.w	87801b58 <lcd_init+0x228>
87801992:	f24a 04cc 	movw	r4, #41164	; 0xa0cc
87801996:	f2c8 7480 	movt	r4, #34688	; 0x8780
8780199a:	89a1      	ldrh	r1, [r4, #12]
8780199c:	89e6      	ldrh	r6, [r4, #14]
8780199e:	f8b4 9002 	ldrh.w	r9, [r4, #2]
878019a2:	f8b4 c000 	ldrh.w	ip, [r4]
878019a6:	f8b4 b006 	ldrh.w	fp, [r4, #6]
878019aa:	440e      	add	r6, r1
878019ac:	8923      	ldrh	r3, [r4, #8]
878019ae:	eb06 0709 	add.w	r7, r6, r9
878019b2:	8a22      	ldrh	r2, [r4, #16]
878019b4:	f449 2a80 	orr.w	sl, r9, #262144	; 0x40000
878019b8:	f8b4 800a 	ldrh.w	r8, [r4, #10]
878019bc:	445b      	add	r3, fp
878019be:	443a      	add	r2, r7
878019c0:	ea43 4606 	orr.w	r6, r3, r6, lsl #16
878019c4:	ea42 4781 	orr.w	r7, r2, r1, lsl #18
878019c8:	4463      	add	r3, ip
878019ca:	ea4f 4c0c 	mov.w	ip, ip, lsl #16
878019ce:	4498      	add	r8, r3
878019d0:	f44f 4300 	mov.w	r3, #32768	; 0x8000
878019d4:	f2c0 231c 	movt	r3, #540	; 0x21c
878019d8:	2200      	movs	r2, #0
878019da:	f04f 4e09 	mov.w	lr, #2298478592	; 0x89000000
878019de:	2104      	movs	r1, #4
878019e0:	f06f 457f 	mvn.w	r5, #4278190080	; 0xff000000
878019e4:	f8c4 e014 	str.w	lr, [r4, #20]
878019e8:	7121      	strb	r1, [r4, #4]
878019ea:	2014      	movs	r0, #20
878019ec:	61a5      	str	r5, [r4, #24]
878019ee:	61e2      	str	r2, [r4, #28]
878019f0:	601a      	str	r2, [r3, #0]
878019f2:	6819      	ldr	r1, [r3, #0]
878019f4:	f441 2120 	orr.w	r1, r1, #655360	; 0xa0000
878019f8:	f441 6172 	orr.w	r1, r1, #3872	; 0xf20
878019fc:	6019      	str	r1, [r3, #0]
878019fe:	611a      	str	r2, [r3, #16]
87801a00:	6919      	ldr	r1, [r3, #16]
87801a02:	f441 21e0 	orr.w	r1, r1, #458752	; 0x70000
87801a06:	6119      	str	r1, [r3, #16]
87801a08:	631a      	str	r2, [r3, #48]	; 0x30
87801a0a:	6b19      	ldr	r1, [r3, #48]	; 0x30
87801a0c:	ea4c 0101 	orr.w	r1, ip, r1
87801a10:	6319      	str	r1, [r3, #48]	; 0x30
87801a12:	6b19      	ldr	r1, [r3, #48]	; 0x30
87801a14:	ea49 0101 	orr.w	r1, r9, r1
87801a18:	6319      	str	r1, [r3, #48]	; 0x30
87801a1a:	671a      	str	r2, [r3, #112]	; 0x70
87801a1c:	6f1a      	ldr	r2, [r3, #112]	; 0x70
87801a1e:	ea4b 0202 	orr.w	r2, fp, r2
87801a22:	671a      	str	r2, [r3, #112]	; 0x70
87801a24:	6f1a      	ldr	r2, [r3, #112]	; 0x70
87801a26:	f442 1280 	orr.w	r2, r2, #1048576	; 0x100000
87801a2a:	671a      	str	r2, [r3, #112]	; 0x70
87801a2c:	6f1a      	ldr	r2, [r3, #112]	; 0x70
87801a2e:	f442 1200 	orr.w	r2, r2, #2097152	; 0x200000
87801a32:	671a      	str	r2, [r3, #112]	; 0x70
87801a34:	6f1a      	ldr	r2, [r3, #112]	; 0x70
87801a36:	f042 7280 	orr.w	r2, r2, #16777216	; 0x1000000
87801a3a:	671a      	str	r2, [r3, #112]	; 0x70
87801a3c:	6f1a      	ldr	r2, [r3, #112]	; 0x70
87801a3e:	f042 0201 	orr.w	r2, r2, #1
87801a42:	671a      	str	r2, [r3, #112]	; 0x70
87801a44:	f8c3 8080 	str.w	r8, [r3, #128]	; 0x80
87801a48:	f8c3 7090 	str.w	r7, [r3, #144]	; 0x90
87801a4c:	f8c3 60a0 	str.w	r6, [r3, #160]	; 0xa0
87801a50:	f8c3 a0b0 	str.w	sl, [r3, #176]	; 0xb0
87801a54:	f8c3 e040 	str.w	lr, [r3, #64]	; 0x40
87801a58:	f8c3 e050 	str.w	lr, [r3, #80]	; 0x50
87801a5c:	681a      	ldr	r2, [r3, #0]
87801a5e:	f042 0201 	orr.w	r2, r2, #1
87801a62:	601a      	str	r2, [r3, #0]
87801a64:	f7fe fe02 	bl	8780066c <delay_ms>
87801a68:	8821      	ldrh	r1, [r4, #0]
87801a6a:	8862      	ldrh	r2, [r4, #2]
87801a6c:	6963      	ldr	r3, [r4, #20]
87801a6e:	fb02 f201 	mul.w	r2, r2, r1
87801a72:	b132      	cbz	r2, 87801a82 <lcd_init+0x152>
87801a74:	eb03 0282 	add.w	r2, r3, r2, lsl #2
87801a78:	4629      	mov	r1, r5
87801a7a:	f843 1b04 	str.w	r1, [r3], #4
87801a7e:	4293      	cmp	r3, r2
87801a80:	d1fb      	bne.n	87801a7a <lcd_init+0x14a>
87801a82:	e8bd 8ff8 	ldmia.w	sp!, {r3, r4, r5, r6, r7, r8, r9, sl, fp, pc}
87801a86:	f24a 04cc 	movw	r4, #41164	; 0xa0cc
87801a8a:	f44f 7248 	mov.w	r2, #800	; 0x320
87801a8e:	f2c8 7480 	movt	r4, #34688	; 0x8780
87801a92:	2620      	movs	r6, #32
87801a94:	270d      	movs	r7, #13
87801a96:	2303      	movs	r3, #3
87801a98:	f44f 7ef0 	mov.w	lr, #480	; 0x1e0
87801a9c:	2530      	movs	r5, #48	; 0x30
87801a9e:	2058      	movs	r0, #88	; 0x58
87801aa0:	2128      	movs	r1, #40	; 0x28
87801aa2:	4692      	mov	sl, r2
87801aa4:	8126      	strh	r6, [r4, #8]
87801aa6:	8167      	strh	r7, [r4, #10]
87801aa8:	2623      	movs	r6, #35	; 0x23
87801aaa:	f44f 7774 	mov.w	r7, #976	; 0x3d0
87801aae:	f8a4 e000 	strh.w	lr, [r4]
87801ab2:	81a5      	strh	r5, [r4, #12]
87801ab4:	f2c0 0a04 	movt	sl, #4
87801ab8:	81e0      	strh	r0, [r4, #14]
87801aba:	4691      	mov	r9, r2
87801abc:	8221      	strh	r1, [r4, #16]
87801abe:	469b      	mov	fp, r3
87801ac0:	8062      	strh	r2, [r4, #2]
87801ac2:	f2c0 0688 	movt	r6, #136	; 0x88
87801ac6:	80e3      	strh	r3, [r4, #6]
87801ac8:	f2c0 07c0 	movt	r7, #192	; 0xc0
87801acc:	f44f 7804 	mov.w	r8, #528	; 0x210
87801ad0:	f04f 7cf0 	mov.w	ip, #31457280	; 0x1e00000
87801ad4:	e77c      	b.n	878019d0 <lcd_init+0xa0>
87801ad6:	f24a 04cc 	movw	r4, #41164	; 0xa0cc
87801ada:	f44f 7248 	mov.w	r2, #800	; 0x320
87801ade:	f2c8 7480 	movt	r4, #34688	; 0x8780
87801ae2:	f44f 76f0 	mov.w	r6, #480	; 0x1e0
87801ae6:	2717      	movs	r7, #23
87801ae8:	2301      	movs	r3, #1
87801aea:	2516      	movs	r5, #22
87801aec:	202e      	movs	r0, #46	; 0x2e
87801aee:	21d2      	movs	r1, #210	; 0xd2
87801af0:	4692      	mov	sl, r2
87801af2:	8026      	strh	r6, [r4, #0]
87801af4:	2618      	movs	r6, #24
87801af6:	8127      	strh	r7, [r4, #8]
87801af8:	f240 4721 	movw	r7, #1057	; 0x421
87801afc:	8165      	strh	r5, [r4, #10]
87801afe:	f2c0 0a04 	movt	sl, #4
87801b02:	81e0      	strh	r0, [r4, #14]
87801b04:	4691      	mov	r9, r2
87801b06:	8221      	strh	r1, [r4, #16]
87801b08:	469b      	mov	fp, r3
87801b0a:	8062      	strh	r2, [r4, #2]
87801b0c:	f2c0 062f 	movt	r6, #47	; 0x2f
87801b10:	80e3      	strh	r3, [r4, #6]
87801b12:	f2c0 0704 	movt	r7, #4
87801b16:	81a3      	strh	r3, [r4, #12]
87801b18:	f240 280e 	movw	r8, #526	; 0x20e
87801b1c:	f04f 7cf0 	mov.w	ip, #31457280	; 0x1e00000
87801b20:	e756      	b.n	878019d0 <lcd_init+0xa0>
87801b22:	f24a 04cc 	movw	r4, #41164	; 0xa0cc
87801b26:	2308      	movs	r3, #8
87801b28:	f2c8 7480 	movt	r4, #34688	; 0x8780
87801b2c:	f44f 7088 	mov.w	r0, #272	; 0x110
87801b30:	2501      	movs	r5, #1
87801b32:	f44f 7ef0 	mov.w	lr, #480	; 0x1e0
87801b36:	2728      	movs	r7, #40	; 0x28
87801b38:	2605      	movs	r6, #5
87801b3a:	8020      	strh	r0, [r4, #0]
87801b3c:	461a      	mov	r2, r3
87801b3e:	4619      	mov	r1, r3
87801b40:	201b      	movs	r0, #27
87801b42:	f8a4 e002 	strh.w	lr, [r4, #2]
87801b46:	81e7      	strh	r7, [r4, #14]
87801b48:	8226      	strh	r6, [r4, #16]
87801b4a:	8123      	strh	r3, [r4, #8]
87801b4c:	8163      	strh	r3, [r4, #10]
87801b4e:	80e5      	strh	r5, [r4, #6]
87801b50:	81a5      	strh	r5, [r4, #12]
87801b52:	f7ff fcd5 	bl	87801500 <lcdclk_init>
87801b56:	e720      	b.n	8780199a <lcd_init+0x6a>
87801b58:	f24a 04cc 	movw	r4, #41164	; 0xa0cc
87801b5c:	f44f 6180 	mov.w	r1, #1024	; 0x400
87801b60:	f2c8 7480 	movt	r4, #34688	; 0x8780
87801b64:	2203      	movs	r2, #3
87801b66:	23a0      	movs	r3, #160	; 0xa0
87801b68:	2617      	movs	r6, #23
87801b6a:	468a      	mov	sl, r1
87801b6c:	f44f 67a8 	mov.w	r7, #1344	; 0x540
87801b70:	f363 461f 	bfi	r6, r3, #16, #16
87801b74:	4689      	mov	r9, r1
87801b76:	f44f 7016 	mov.w	r0, #600	; 0x258
87801b7a:	8061      	strh	r1, [r4, #2]
87801b7c:	4693      	mov	fp, r2
87801b7e:	210c      	movs	r1, #12
87801b80:	80e2      	strh	r2, [r4, #6]
87801b82:	228c      	movs	r2, #140	; 0x8c
87801b84:	8223      	strh	r3, [r4, #16]
87801b86:	2314      	movs	r3, #20
87801b88:	f2c0 0a04 	movt	sl, #4
87801b8c:	f2c0 0750 	movt	r7, #80	; 0x50
87801b90:	8020      	strh	r0, [r4, #0]
87801b92:	f240 287b 	movw	r8, #635	; 0x27b
87801b96:	8161      	strh	r1, [r4, #10]
87801b98:	f04f 7c16 	mov.w	ip, #39321600	; 0x2580000
87801b9c:	81e2      	strh	r2, [r4, #14]
87801b9e:	8123      	strh	r3, [r4, #8]
87801ba0:	81a3      	strh	r3, [r4, #12]
87801ba2:	e715      	b.n	878019d0 <lcd_init+0xa0>

87801ba4 <lcd_drawpoint>:
87801ba4:	b430      	push	{r4, r5}
87801ba6:	f24a 04cc 	movw	r4, #41164	; 0xa0cc
87801baa:	f2c8 7480 	movt	r4, #34688	; 0x8780
87801bae:	8863      	ldrh	r3, [r4, #2]
87801bb0:	7925      	ldrb	r5, [r4, #4]
87801bb2:	6964      	ldr	r4, [r4, #20]
87801bb4:	fb01 0103 	mla	r1, r1, r3, r0
87801bb8:	fb01 f105 	mul.w	r1, r1, r5
87801bbc:	510a      	str	r2, [r1, r4]
87801bbe:	bc30      	pop	{r4, r5}
87801bc0:	4770      	bx	lr
87801bc2:	bf00      	nop

87801bc4 <lcd_readpoint>:
87801bc4:	f24a 02cc 	movw	r2, #41164	; 0xa0cc
87801bc8:	b410      	push	{r4}
87801bca:	f2c8 7280 	movt	r2, #34688	; 0x8780
87801bce:	8853      	ldrh	r3, [r2, #2]
87801bd0:	7914      	ldrb	r4, [r2, #4]
87801bd2:	6952      	ldr	r2, [r2, #20]
87801bd4:	fb01 0103 	mla	r1, r1, r3, r0
87801bd8:	fb01 f104 	mul.w	r1, r1, r4
87801bdc:	f85d 4b04 	ldr.w	r4, [sp], #4
87801be0:	5888      	ldr	r0, [r1, r2]
87801be2:	4770      	bx	lr

87801be4 <lcd_clear>:
87801be4:	f24a 03cc 	movw	r3, #41164	; 0xa0cc
87801be8:	f2c8 7380 	movt	r3, #34688	; 0x8780
87801bec:	8819      	ldrh	r1, [r3, #0]
87801bee:	885a      	ldrh	r2, [r3, #2]
87801bf0:	695b      	ldr	r3, [r3, #20]
87801bf2:	fb02 f201 	mul.w	r2, r2, r1
87801bf6:	b12a      	cbz	r2, 87801c04 <lcd_clear+0x20>
87801bf8:	eb03 0282 	add.w	r2, r3, r2, lsl #2
87801bfc:	f843 0b04 	str.w	r0, [r3], #4
87801c00:	4293      	cmp	r3, r2
87801c02:	d1fb      	bne.n	87801bfc <lcd_clear+0x18>
87801c04:	4770      	bx	lr
87801c06:	bf00      	nop

87801c08 <lcd_fill>:
87801c08:	e92d 43f0 	stmdb	sp!, {r4, r5, r6, r7, r8, r9, lr}
87801c0c:	f24a 06cc 	movw	r6, #41164	; 0xa0cc
87801c10:	f2c8 7680 	movt	r6, #34688	; 0x8780
87801c14:	4699      	mov	r9, r3
87801c16:	f8b6 8002 	ldrh.w	r8, [r6, #2]
87801c1a:	8834      	ldrh	r4, [r6, #0]
87801c1c:	9b07      	ldr	r3, [sp, #28]
87801c1e:	4590      	cmp	r8, r2
87801c20:	bf9c      	itt	ls
87801c22:	f108 32ff 	addls.w	r2, r8, #4294967295	; 0xffffffff
87801c26:	b292      	uxthls	r2, r2
87801c28:	454c      	cmp	r4, r9
87801c2a:	bf9c      	itt	ls
87801c2c:	f104 34ff 	addls.w	r4, r4, #4294967295	; 0xffffffff
87801c30:	fa1f f984 	uxthls.w	r9, r4
87801c34:	4589      	cmp	r9, r1
87801c36:	d316      	bcc.n	87801c66 <lcd_fill+0x5e>
87801c38:	4282      	cmp	r2, r0
87801c3a:	d30e      	bcc.n	87801c5a <lcd_fill+0x52>
87801c3c:	fb01 fc08 	mul.w	ip, r1, r8
87801c40:	4604      	mov	r4, r0
87801c42:	f896 e004 	ldrb.w	lr, [r6, #4]
87801c46:	eb04 050c 	add.w	r5, r4, ip
87801c4a:	3401      	adds	r4, #1
87801c4c:	6977      	ldr	r7, [r6, #20]
87801c4e:	b2a4      	uxth	r4, r4
87801c50:	fb05 f50e 	mul.w	r5, r5, lr
87801c54:	42a2      	cmp	r2, r4
87801c56:	51eb      	str	r3, [r5, r7]
87801c58:	d2f3      	bcs.n	87801c42 <lcd_fill+0x3a>
87801c5a:	3101      	adds	r1, #1
87801c5c:	b289      	uxth	r1, r1
87801c5e:	4589      	cmp	r9, r1
87801c60:	d2ea      	bcs.n	87801c38 <lcd_fill+0x30>
87801c62:	e8bd 83f0 	ldmia.w	sp!, {r4, r5, r6, r7, r8, r9, pc}
87801c66:	e8bd 83f0 	ldmia.w	sp!, {r4, r5, r6, r7, r8, r9, pc}
87801c6a:	bf00      	nop

87801c6c <rtc_isleapyear.part.0>:
87801c6c:	0783      	lsls	r3, r0, #30
87801c6e:	d111      	bne.n	87801c94 <rtc_isleapyear.part.0+0x28>
87801c70:	f248 521f 	movw	r2, #34079	; 0x851f
87801c74:	f2c5 12eb 	movt	r2, #20971	; 0x51eb
87801c78:	fba0 2302 	umull	r2, r3, r0, r2
87801c7c:	095a      	lsrs	r2, r3, #5
87801c7e:	0113      	lsls	r3, r2, #4
87801c80:	eb03 0382 	add.w	r3, r3, r2, lsl #2
87801c84:	eb03 0383 	add.w	r3, r3, r3, lsl #2
87801c88:	1ac0      	subs	r0, r0, r3
87801c8a:	b280      	uxth	r0, r0
87801c8c:	3000      	adds	r0, #0
87801c8e:	bf18      	it	ne
87801c90:	2001      	movne	r0, #1
87801c92:	4770      	bx	lr
87801c94:	2000      	movs	r0, #0
87801c96:	4770      	bx	lr

87801c98 <rtc_enable>:
87801c98:	f44f 4340 	mov.w	r3, #49152	; 0xc000
87801c9c:	f2c0 230c 	movt	r3, #524	; 0x20c
87801ca0:	6b99      	ldr	r1, [r3, #56]	; 0x38
87801ca2:	461a      	mov	r2, r3
87801ca4:	f041 0101 	orr.w	r1, r1, #1
87801ca8:	6399      	str	r1, [r3, #56]	; 0x38
87801caa:	6b93      	ldr	r3, [r2, #56]	; 0x38
87801cac:	07db      	lsls	r3, r3, #31
87801cae:	d5fc      	bpl.n	87801caa <rtc_enable+0x12>
87801cb0:	4770      	bx	lr
87801cb2:	bf00      	nop

87801cb4 <rtc_disable>:
87801cb4:	f44f 4340 	mov.w	r3, #49152	; 0xc000
87801cb8:	f2c0 230c 	movt	r3, #524	; 0x20c
87801cbc:	6b99      	ldr	r1, [r3, #56]	; 0x38
87801cbe:	461a      	mov	r2, r3
87801cc0:	f021 0101 	bic.w	r1, r1, #1
87801cc4:	6399      	str	r1, [r3, #56]	; 0x38
87801cc6:	6b93      	ldr	r3, [r2, #56]	; 0x38
87801cc8:	07db      	lsls	r3, r3, #31
87801cca:	d4fc      	bmi.n	87801cc6 <rtc_disable+0x12>
87801ccc:	4770      	bx	lr
87801cce:	bf00      	nop

87801cd0 <rtc_isleapyear>:
87801cd0:	b430      	push	{r4, r5}
87801cd2:	f248 541f 	movw	r4, #34079	; 0x851f
87801cd6:	f2c5 14eb 	movt	r4, #20971	; 0x51eb
87801cda:	fba0 4504 	umull	r4, r5, r0, r4
87801cde:	09e9      	lsrs	r1, r5, #7
87801ce0:	018a      	lsls	r2, r1, #6
87801ce2:	eb02 1201 	add.w	r2, r2, r1, lsl #4
87801ce6:	eb02 0282 	add.w	r2, r2, r2, lsl #2
87801cea:	1a83      	subs	r3, r0, r2
87801cec:	b29b      	uxth	r3, r3
87801cee:	b10b      	cbz	r3, 87801cf4 <rtc_isleapyear+0x24>
87801cf0:	bc30      	pop	{r4, r5}
87801cf2:	e7bb      	b.n	87801c6c <rtc_isleapyear.part.0>
87801cf4:	2001      	movs	r0, #1
87801cf6:	bc30      	pop	{r4, r5}
87801cf8:	4770      	bx	lr
87801cfa:	bf00      	nop

87801cfc <rtc_coverdate_to_seconds>:
87801cfc:	e92d 41f0 	stmdb	sp!, {r4, r5, r6, r7, r8, lr}
87801d00:	f249 13fc 	movw	r3, #37372	; 0x91fc
87801d04:	8805      	ldrh	r5, [r0, #0]
87801d06:	f2c8 7380 	movt	r3, #34688	; 0x8780
87801d0a:	4606      	mov	r6, r0
87801d0c:	f240 74b2 	movw	r4, #1970	; 0x7b2
87801d10:	6818      	ldr	r0, [r3, #0]
87801d12:	b084      	sub	sp, #16
87801d14:	6859      	ldr	r1, [r3, #4]
87801d16:	42a5      	cmp	r5, r4
87801d18:	689a      	ldr	r2, [r3, #8]
87801d1a:	466f      	mov	r7, sp
87801d1c:	68db      	ldr	r3, [r3, #12]
87801d1e:	c70f      	stmia	r7!, {r0, r1, r2, r3}
87801d20:	d958      	bls.n	87801dd4 <rtc_coverdate_to_seconds+0xd8>
87801d22:	f248 581f 	movw	r8, #34079	; 0x851f
87801d26:	2700      	movs	r7, #0
87801d28:	f2c5 18eb 	movt	r8, #20971	; 0x51eb
87801d2c:	e008      	b.n	87801d40 <rtc_coverdate_to_seconds+0x44>
87801d2e:	f7ff ff9d 	bl	87801c6c <rtc_isleapyear.part.0>
87801d32:	b990      	cbnz	r0, 87801d5a <rtc_coverdate_to_seconds+0x5e>
87801d34:	3401      	adds	r4, #1
87801d36:	f207 176d 	addw	r7, r7, #365	; 0x16d
87801d3a:	b2a4      	uxth	r4, r4
87801d3c:	42ac      	cmp	r4, r5
87801d3e:	d012      	beq.n	87801d66 <rtc_coverdate_to_seconds+0x6a>
87801d40:	fba4 2308 	umull	r2, r3, r4, r8
87801d44:	4620      	mov	r0, r4
87801d46:	09da      	lsrs	r2, r3, #7
87801d48:	0193      	lsls	r3, r2, #6
87801d4a:	eb03 1302 	add.w	r3, r3, r2, lsl #4
87801d4e:	eb03 0383 	add.w	r3, r3, r3, lsl #2
87801d52:	1ae3      	subs	r3, r4, r3
87801d54:	b29b      	uxth	r3, r3
87801d56:	2b00      	cmp	r3, #0
87801d58:	d1e9      	bne.n	87801d2e <rtc_coverdate_to_seconds+0x32>
87801d5a:	3401      	adds	r4, #1
87801d5c:	f507 77b7 	add.w	r7, r7, #366	; 0x16e
87801d60:	b2a4      	uxth	r4, r4
87801d62:	42ac      	cmp	r4, r5
87801d64:	d1ec      	bne.n	87801d40 <rtc_coverdate_to_seconds+0x44>
87801d66:	f248 521f 	movw	r2, #34079	; 0x851f
87801d6a:	f896 8002 	ldrb.w	r8, [r6, #2]
87801d6e:	f2c5 12eb 	movt	r2, #20971	; 0x51eb
87801d72:	a904      	add	r1, sp, #16
87801d74:	fba5 2302 	umull	r2, r3, r5, r2
87801d78:	eb01 0248 	add.w	r2, r1, r8, lsl #1
87801d7c:	f832 0c10 	ldrh.w	r0, [r2, #-16]
87801d80:	09da      	lsrs	r2, r3, #7
87801d82:	0193      	lsls	r3, r2, #6
87801d84:	4407      	add	r7, r0
87801d86:	eb03 1302 	add.w	r3, r3, r2, lsl #4
87801d8a:	eb03 0383 	add.w	r3, r3, r3, lsl #2
87801d8e:	1aeb      	subs	r3, r5, r3
87801d90:	b29b      	uxth	r3, r3
87801d92:	bb3b      	cbnz	r3, 87801de4 <rtc_coverdate_to_seconds+0xe8>
87801d94:	f1b8 0f02 	cmp.w	r8, #2
87801d98:	bf88      	it	hi
87801d9a:	3701      	addhi	r7, #1
87801d9c:	7932      	ldrb	r2, [r6, #4]
87801d9e:	f44f 45a3 	mov.w	r5, #20864	; 0x5180
87801da2:	f896 e005 	ldrb.w	lr, [r6, #5]
87801da6:	f2c0 0501 	movt	r5, #1
87801daa:	78f3      	ldrb	r3, [r6, #3]
87801dac:	79b0      	ldrb	r0, [r6, #6]
87801dae:	0211      	lsls	r1, r2, #8
87801db0:	ea4f 148e 	mov.w	r4, lr, lsl #6
87801db4:	3b01      	subs	r3, #1
87801db6:	eba1 1202 	sub.w	r2, r1, r2, lsl #4
87801dba:	441f      	add	r7, r3
87801dbc:	eba4 038e 	sub.w	r3, r4, lr, lsl #2
87801dc0:	2100      	movs	r1, #0
87801dc2:	ebc2 1202 	rsb	r2, r2, r2, lsl #4
87801dc6:	441a      	add	r2, r3
87801dc8:	4402      	add	r2, r0
87801dca:	fb05 2007 	mla	r0, r5, r7, r2
87801dce:	b004      	add	sp, #16
87801dd0:	e8bd 81f0 	ldmia.w	sp!, {r4, r5, r6, r7, r8, pc}
87801dd4:	f896 8002 	ldrb.w	r8, [r6, #2]
87801dd8:	ab04      	add	r3, sp, #16
87801dda:	4625      	mov	r5, r4
87801ddc:	eb03 0348 	add.w	r3, r3, r8, lsl #1
87801de0:	f833 7c10 	ldrh.w	r7, [r3, #-16]
87801de4:	4628      	mov	r0, r5
87801de6:	f7ff ff41 	bl	87801c6c <rtc_isleapyear.part.0>
87801dea:	2800      	cmp	r0, #0
87801dec:	d0d6      	beq.n	87801d9c <rtc_coverdate_to_seconds+0xa0>
87801dee:	e7d1      	b.n	87801d94 <rtc_coverdate_to_seconds+0x98>

87801df0 <rtc_setdatetime>:
87801df0:	b538      	push	{r3, r4, r5, lr}
87801df2:	f44f 4340 	mov.w	r3, #49152	; 0xc000
87801df6:	f2c0 230c 	movt	r3, #524	; 0x20c
87801dfa:	461a      	mov	r2, r3
87801dfc:	6b9d      	ldr	r5, [r3, #56]	; 0x38
87801dfe:	6b99      	ldr	r1, [r3, #56]	; 0x38
87801e00:	f021 0101 	bic.w	r1, r1, #1
87801e04:	6399      	str	r1, [r3, #56]	; 0x38
87801e06:	6b93      	ldr	r3, [r2, #56]	; 0x38
87801e08:	f44f 4440 	mov.w	r4, #49152	; 0xc000
87801e0c:	f2c0 240c 	movt	r4, #524	; 0x20c
87801e10:	07d9      	lsls	r1, r3, #31
87801e12:	d4f8      	bmi.n	87801e06 <rtc_setdatetime+0x16>
87801e14:	f7ff ff72 	bl	87801cfc <rtc_coverdate_to_seconds>
87801e18:	03c3      	lsls	r3, r0, #15
87801e1a:	0c40      	lsrs	r0, r0, #17
87801e1c:	07ea      	lsls	r2, r5, #31
87801e1e:	ea40 30c1 	orr.w	r0, r0, r1, lsl #15
87801e22:	6520      	str	r0, [r4, #80]	; 0x50
87801e24:	6563      	str	r3, [r4, #84]	; 0x54
87801e26:	d507      	bpl.n	87801e38 <rtc_setdatetime+0x48>
87801e28:	6ba3      	ldr	r3, [r4, #56]	; 0x38
87801e2a:	4622      	mov	r2, r4
87801e2c:	f043 0301 	orr.w	r3, r3, #1
87801e30:	63a3      	str	r3, [r4, #56]	; 0x38
87801e32:	6b93      	ldr	r3, [r2, #56]	; 0x38
87801e34:	07db      	lsls	r3, r3, #31
87801e36:	d5fc      	bpl.n	87801e32 <rtc_setdatetime+0x42>
87801e38:	bd38      	pop	{r3, r4, r5, pc}
87801e3a:	bf00      	nop

87801e3c <rtc_init>:
87801e3c:	f44f 4340 	mov.w	r3, #49152	; 0xc000
87801e40:	b5f0      	push	{r4, r5, r6, r7, lr}
87801e42:	f2c0 230c 	movt	r3, #524	; 0x20c
87801e46:	b083      	sub	sp, #12
87801e48:	f04f 0e06 	mov.w	lr, #6
87801e4c:	2712      	movs	r7, #18
87801e4e:	6899      	ldr	r1, [r3, #8]
87801e50:	260c      	movs	r6, #12
87801e52:	252a      	movs	r5, #42	; 0x2a
87801e54:	241e      	movs	r4, #30
87801e56:	461a      	mov	r2, r3
87801e58:	f240 70ea 	movw	r0, #2026	; 0x7ea
87801e5c:	f041 4100 	orr.w	r1, r1, #2147483648	; 0x80000000
87801e60:	f441 7180 	orr.w	r1, r1, #256	; 0x100
87801e64:	6099      	str	r1, [r3, #8]
87801e66:	f88d e002 	strb.w	lr, [sp, #2]
87801e6a:	f88d 7003 	strb.w	r7, [sp, #3]
87801e6e:	f88d 6004 	strb.w	r6, [sp, #4]
87801e72:	f88d 5005 	strb.w	r5, [sp, #5]
87801e76:	f88d 4006 	strb.w	r4, [sp, #6]
87801e7a:	6b99      	ldr	r1, [r3, #56]	; 0x38
87801e7c:	f8ad 0000 	strh.w	r0, [sp]
87801e80:	f041 0101 	orr.w	r1, r1, #1
87801e84:	6399      	str	r1, [r3, #56]	; 0x38
87801e86:	6b93      	ldr	r3, [r2, #56]	; 0x38
87801e88:	07db      	lsls	r3, r3, #31
87801e8a:	d5fc      	bpl.n	87801e86 <rtc_init+0x4a>
87801e8c:	4668      	mov	r0, sp
87801e8e:	f7ff ffaf 	bl	87801df0 <rtc_setdatetime>
87801e92:	b003      	add	sp, #12
87801e94:	bdf0      	pop	{r4, r5, r6, r7, pc}
87801e96:	bf00      	nop

87801e98 <rtc_getseconds>:
87801e98:	f44f 4240 	mov.w	r2, #49152	; 0xc000
87801e9c:	2100      	movs	r1, #0
87801e9e:	f2c0 220c 	movt	r2, #524	; 0x20c
87801ea2:	6d13      	ldr	r3, [r2, #80]	; 0x50
87801ea4:	6d50      	ldr	r0, [r2, #84]	; 0x54
87801ea6:	045b      	lsls	r3, r3, #17
87801ea8:	ea43 30d0 	orr.w	r0, r3, r0, lsr #15
87801eac:	4770      	bx	lr
87801eae:	bf00      	nop

87801eb0 <rtc_convertseconds_to_datetime>:
87801eb0:	4b53      	ldr	r3, [pc, #332]	; (87802000 <rtc_convertseconds_to_datetime+0x150>)
87801eb2:	e92d 4ff0 	stmdb	sp!, {r4, r5, r6, r7, r8, r9, sl, fp, lr}
87801eb6:	4615      	mov	r5, r2
87801eb8:	4682      	mov	sl, r0
87801eba:	468b      	mov	fp, r1
87801ebc:	b085      	sub	sp, #20
87801ebe:	f248 581f 	movw	r8, #34079	; 0x851f
87801ec2:	6818      	ldr	r0, [r3, #0]
87801ec4:	466c      	mov	r4, sp
87801ec6:	6859      	ldr	r1, [r3, #4]
87801ec8:	f2c5 18eb 	movt	r8, #20971	; 0x51eb
87801ecc:	689a      	ldr	r2, [r3, #8]
87801ece:	7b1e      	ldrb	r6, [r3, #12]
87801ed0:	2300      	movs	r3, #0
87801ed2:	c407      	stmia	r4!, {r0, r1, r2}
87801ed4:	f44f 42a3 	mov.w	r2, #20864	; 0x5180
87801ed8:	7026      	strb	r6, [r4, #0]
87801eda:	4650      	mov	r0, sl
87801edc:	4659      	mov	r1, fp
87801ede:	f2c0 0201 	movt	r2, #1
87801ee2:	f002 fc89 	bl	878047f8 <__aeabi_uldivmod>
87801ee6:	f44f 42a3 	mov.w	r2, #20864	; 0x5180
87801eea:	1c46      	adds	r6, r0, #1
87801eec:	f141 0700 	adc.w	r7, r1, #0
87801ef0:	4650      	mov	r0, sl
87801ef2:	4659      	mov	r1, fp
87801ef4:	f2c0 0201 	movt	r2, #1
87801ef8:	2300      	movs	r3, #0
87801efa:	f002 fc7d 	bl	878047f8 <__aeabi_uldivmod>
87801efe:	4692      	mov	sl, r2
87801f00:	469b      	mov	fp, r3
87801f02:	f44f 6261 	mov.w	r2, #3600	; 0xe10
87801f06:	2300      	movs	r3, #0
87801f08:	4650      	mov	r0, sl
87801f0a:	4659      	mov	r1, fp
87801f0c:	f002 fc74 	bl	878047f8 <__aeabi_uldivmod>
87801f10:	4659      	mov	r1, fp
87801f12:	7128      	strb	r0, [r5, #4]
87801f14:	f44f 6261 	mov.w	r2, #3600	; 0xe10
87801f18:	4650      	mov	r0, sl
87801f1a:	2300      	movs	r3, #0
87801f1c:	f002 fc6c 	bl	878047f8 <__aeabi_uldivmod>
87801f20:	4692      	mov	sl, r2
87801f22:	469b      	mov	fp, r3
87801f24:	223c      	movs	r2, #60	; 0x3c
87801f26:	2300      	movs	r3, #0
87801f28:	4650      	mov	r0, sl
87801f2a:	4659      	mov	r1, fp
87801f2c:	f002 fc64 	bl	878047f8 <__aeabi_uldivmod>
87801f30:	223c      	movs	r2, #60	; 0x3c
87801f32:	7168      	strb	r0, [r5, #5]
87801f34:	2300      	movs	r3, #0
87801f36:	4650      	mov	r0, sl
87801f38:	4659      	mov	r1, fp
87801f3a:	f002 fc5d 	bl	878047f8 <__aeabi_uldivmod>
87801f3e:	f240 73b2 	movw	r3, #1970	; 0x7b2
87801f42:	f240 116d 	movw	r1, #365	; 0x16d
87801f46:	461c      	mov	r4, r3
87801f48:	4689      	mov	r9, r1
87801f4a:	71aa      	strb	r2, [r5, #6]
87801f4c:	802b      	strh	r3, [r5, #0]
87801f4e:	2300      	movs	r3, #0
87801f50:	460a      	mov	r2, r1
87801f52:	42bb      	cmp	r3, r7
87801f54:	f104 0001 	add.w	r0, r4, #1
87801f58:	bf08      	it	eq
87801f5a:	42b1      	cmpeq	r1, r6
87801f5c:	f44f 71b7 	mov.w	r1, #366	; 0x16e
87801f60:	d219      	bcs.n	87801f96 <rtc_convertseconds_to_datetime+0xe6>
87801f62:	b284      	uxth	r4, r0
87801f64:	1ab6      	subs	r6, r6, r2
87801f66:	eb67 0703 	sbc.w	r7, r7, r3
87801f6a:	fba4 2308 	umull	r2, r3, r4, r8
87801f6e:	4620      	mov	r0, r4
87801f70:	802c      	strh	r4, [r5, #0]
87801f72:	09da      	lsrs	r2, r3, #7
87801f74:	0193      	lsls	r3, r2, #6
87801f76:	eb03 1302 	add.w	r3, r3, r2, lsl #4
87801f7a:	eb03 0383 	add.w	r3, r3, r3, lsl #2
87801f7e:	1ae3      	subs	r3, r4, r3
87801f80:	b29b      	uxth	r3, r3
87801f82:	2b00      	cmp	r3, #0
87801f84:	d0e3      	beq.n	87801f4e <rtc_convertseconds_to_datetime+0x9e>
87801f86:	f7ff fe71 	bl	87801c6c <rtc_isleapyear.part.0>
87801f8a:	2800      	cmp	r0, #0
87801f8c:	bf0c      	ite	eq
87801f8e:	4649      	moveq	r1, r9
87801f90:	f44f 71b7 	movne.w	r1, #366	; 0x16e
87801f94:	e7db      	b.n	87801f4e <rtc_convertseconds_to_datetime+0x9e>
87801f96:	f248 521f 	movw	r2, #34079	; 0x851f
87801f9a:	f2c5 12eb 	movt	r2, #20971	; 0x51eb
87801f9e:	fba4 2302 	umull	r2, r3, r4, r2
87801fa2:	09da      	lsrs	r2, r3, #7
87801fa4:	0193      	lsls	r3, r2, #6
87801fa6:	eb03 1302 	add.w	r3, r3, r2, lsl #4
87801faa:	eb03 0383 	add.w	r3, r3, r3, lsl #2
87801fae:	1ae3      	subs	r3, r4, r3
87801fb0:	b29b      	uxth	r3, r3
87801fb2:	b1db      	cbz	r3, 87801fec <rtc_convertseconds_to_datetime+0x13c>
87801fb4:	4620      	mov	r0, r4
87801fb6:	f7ff fe59 	bl	87801c6c <rtc_isleapyear.part.0>
87801fba:	b9b8      	cbnz	r0, 87801fec <rtc_convertseconds_to_datetime+0x13c>
87801fbc:	466c      	mov	r4, sp
87801fbe:	2201      	movs	r2, #1
87801fc0:	2300      	movs	r3, #0
87801fc2:	f814 0f01 	ldrb.w	r0, [r4, #1]!
87801fc6:	2100      	movs	r1, #0
87801fc8:	42b9      	cmp	r1, r7
87801fca:	bf08      	it	eq
87801fcc:	42b0      	cmpeq	r0, r6
87801fce:	d211      	bcs.n	87801ff4 <rtc_convertseconds_to_datetime+0x144>
87801fd0:	3201      	adds	r2, #1
87801fd2:	f143 0300 	adc.w	r3, r3, #0
87801fd6:	1a36      	subs	r6, r6, r0
87801fd8:	eb67 0701 	sbc.w	r7, r7, r1
87801fdc:	2b00      	cmp	r3, #0
87801fde:	bf08      	it	eq
87801fe0:	2a0d      	cmpeq	r2, #13
87801fe2:	d1ee      	bne.n	87801fc2 <rtc_convertseconds_to_datetime+0x112>
87801fe4:	70ee      	strb	r6, [r5, #3]
87801fe6:	b005      	add	sp, #20
87801fe8:	e8bd 8ff0 	ldmia.w	sp!, {r4, r5, r6, r7, r8, r9, sl, fp, pc}
87801fec:	231d      	movs	r3, #29
87801fee:	f88d 3002 	strb.w	r3, [sp, #2]
87801ff2:	e7e3      	b.n	87801fbc <rtc_convertseconds_to_datetime+0x10c>
87801ff4:	70aa      	strb	r2, [r5, #2]
87801ff6:	70ee      	strb	r6, [r5, #3]
87801ff8:	b005      	add	sp, #20
87801ffa:	e8bd 8ff0 	ldmia.w	sp!, {r4, r5, r6, r7, r8, r9, sl, fp, pc}
87801ffe:	bf00      	nop
87802000:	8780920c 	strhi	r9, [r0, ip, lsl #4]

87802004 <rtc_getdatetime>:
87802004:	b410      	push	{r4}
87802006:	f44f 4440 	mov.w	r4, #49152	; 0xc000
8780200a:	f2c0 240c 	movt	r4, #524	; 0x20c
8780200e:	4602      	mov	r2, r0
87802010:	2100      	movs	r1, #0
87802012:	6d23      	ldr	r3, [r4, #80]	; 0x50
87802014:	6d60      	ldr	r0, [r4, #84]	; 0x54
87802016:	f85d 4b04 	ldr.w	r4, [sp], #4
8780201a:	045b      	lsls	r3, r3, #17
8780201c:	ea43 30d0 	orr.w	r0, r3, r0, lsr #15
87802020:	f7ff bf46 	b.w	87801eb0 <rtc_convertseconds_to_datetime>

87802024 <i2c_check_and_clear_error.part.1>:
87802024:	4602      	mov	r2, r0
87802026:	2004      	movs	r0, #4
87802028:	8993      	ldrh	r3, [r2, #12]
8780202a:	f023 0310 	bic.w	r3, r3, #16
8780202e:	041b      	lsls	r3, r3, #16
87802030:	0c1b      	lsrs	r3, r3, #16
87802032:	8193      	strh	r3, [r2, #12]
87802034:	8913      	ldrh	r3, [r2, #8]
87802036:	f023 0380 	bic.w	r3, r3, #128	; 0x80
8780203a:	041b      	lsls	r3, r3, #16
8780203c:	0c1b      	lsrs	r3, r3, #16
8780203e:	8113      	strh	r3, [r2, #8]
87802040:	8913      	ldrh	r3, [r2, #8]
87802042:	b29b      	uxth	r3, r3
87802044:	f043 0380 	orr.w	r3, r3, #128	; 0x80
87802048:	8113      	strh	r3, [r2, #8]
8780204a:	4770      	bx	lr

8780204c <i2c_init>:
8780204c:	8903      	ldrh	r3, [r0, #8]
8780204e:	2215      	movs	r2, #21
87802050:	f023 0380 	bic.w	r3, r3, #128	; 0x80
87802054:	041b      	lsls	r3, r3, #16
87802056:	0c1b      	lsrs	r3, r3, #16
87802058:	8103      	strh	r3, [r0, #8]
8780205a:	8082      	strh	r2, [r0, #4]
8780205c:	8903      	ldrh	r3, [r0, #8]
8780205e:	b29b      	uxth	r3, r3
87802060:	f043 0380 	orr.w	r3, r3, #128	; 0x80
87802064:	8103      	strh	r3, [r0, #8]
87802066:	4770      	bx	lr

87802068 <i2c_master_start>:
87802068:	8983      	ldrh	r3, [r0, #12]
8780206a:	f003 0320 	and.w	r3, r3, #32
8780206e:	b29b      	uxth	r3, r3
87802070:	b98b      	cbnz	r3, 87802096 <i2c_master_start+0x2e>
87802072:	b410      	push	{r4}
87802074:	f1a2 0201 	sub.w	r2, r2, #1
87802078:	8904      	ldrh	r4, [r0, #8]
8780207a:	fab2 f282 	clz	r2, r2
8780207e:	0952      	lsrs	r2, r2, #5
87802080:	ea42 0141 	orr.w	r1, r2, r1, lsl #1
87802084:	b2a2      	uxth	r2, r4
87802086:	f85d 4b04 	ldr.w	r4, [sp], #4
8780208a:	f042 0230 	orr.w	r2, r2, #48	; 0x30
8780208e:	8102      	strh	r2, [r0, #8]
87802090:	8201      	strh	r1, [r0, #16]
87802092:	4618      	mov	r0, r3
87802094:	4770      	bx	lr
87802096:	2301      	movs	r3, #1
87802098:	4618      	mov	r0, r3
8780209a:	4770      	bx	lr

8780209c <i2c_master_stop>:
8780209c:	8903      	ldrh	r3, [r0, #8]
8780209e:	f64f 72ff 	movw	r2, #65535	; 0xffff
878020a2:	f023 0338 	bic.w	r3, r3, #56	; 0x38
878020a6:	041b      	lsls	r3, r3, #16
878020a8:	0c1b      	lsrs	r3, r3, #16
878020aa:	8103      	strh	r3, [r0, #8]
878020ac:	e000      	b.n	878020b0 <i2c_master_stop+0x14>
878020ae:	b14a      	cbz	r2, 878020c4 <i2c_master_stop+0x28>
878020b0:	8983      	ldrh	r3, [r0, #12]
878020b2:	3a01      	subs	r2, #1
878020b4:	b292      	uxth	r2, r2
878020b6:	f003 0320 	and.w	r3, r3, #32
878020ba:	b29b      	uxth	r3, r3
878020bc:	2b00      	cmp	r3, #0
878020be:	d1f6      	bne.n	878020ae <i2c_master_stop+0x12>
878020c0:	4618      	mov	r0, r3
878020c2:	4770      	bx	lr
878020c4:	2005      	movs	r0, #5
878020c6:	4770      	bx	lr

878020c8 <i2c_master_repeated_start>:
878020c8:	4603      	mov	r3, r0
878020ca:	8980      	ldrh	r0, [r0, #12]
878020cc:	b410      	push	{r4}
878020ce:	0684      	lsls	r4, r0, #26
878020d0:	d504      	bpl.n	878020dc <i2c_master_repeated_start+0x14>
878020d2:	8918      	ldrh	r0, [r3, #8]
878020d4:	0680      	lsls	r0, r0, #26
878020d6:	bf58      	it	pl
878020d8:	2001      	movpl	r0, #1
878020da:	d50d      	bpl.n	878020f8 <i2c_master_repeated_start+0x30>
878020dc:	891c      	ldrh	r4, [r3, #8]
878020de:	f1a2 0201 	sub.w	r2, r2, #1
878020e2:	fab2 f282 	clz	r2, r2
878020e6:	2000      	movs	r0, #0
878020e8:	0952      	lsrs	r2, r2, #5
878020ea:	ea42 0141 	orr.w	r1, r2, r1, lsl #1
878020ee:	b2a2      	uxth	r2, r4
878020f0:	f042 0214 	orr.w	r2, r2, #20
878020f4:	811a      	strh	r2, [r3, #8]
878020f6:	8219      	strh	r1, [r3, #16]
878020f8:	f85d 4b04 	ldr.w	r4, [sp], #4
878020fc:	4770      	bx	lr
878020fe:	bf00      	nop

87802100 <i2c_check_and_clear_error>:
87802100:	06cb      	lsls	r3, r1, #27
87802102:	d500      	bpl.n	87802106 <i2c_check_and_clear_error+0x6>
87802104:	e78e      	b.n	87802024 <i2c_check_and_clear_error.part.1>
87802106:	f011 0f01 	tst.w	r1, #1
8780210a:	bf14      	ite	ne
8780210c:	2003      	movne	r0, #3
8780210e:	2000      	moveq	r0, #0
87802110:	4770      	bx	lr
87802112:	bf00      	nop

87802114 <i2c_master_write>:
87802114:	b570      	push	{r4, r5, r6, lr}
87802116:	4604      	mov	r4, r0
87802118:	460d      	mov	r5, r1
8780211a:	89a3      	ldrh	r3, [r4, #12]
8780211c:	0619      	lsls	r1, r3, #24
8780211e:	d4fc      	bmi.n	8780211a <i2c_master_write+0x6>
87802120:	89a3      	ldrh	r3, [r4, #12]
87802122:	18ae      	adds	r6, r5, r2
87802124:	f023 0302 	bic.w	r3, r3, #2
87802128:	041b      	lsls	r3, r3, #16
8780212a:	0c1b      	lsrs	r3, r3, #16
8780212c:	81a3      	strh	r3, [r4, #12]
8780212e:	8923      	ldrh	r3, [r4, #8]
87802130:	b29b      	uxth	r3, r3
87802132:	f043 0310 	orr.w	r3, r3, #16
87802136:	8123      	strh	r3, [r4, #8]
87802138:	42b5      	cmp	r5, r6
8780213a:	d011      	beq.n	87802160 <i2c_master_write+0x4c>
8780213c:	f815 3b01 	ldrb.w	r3, [r5], #1
87802140:	8223      	strh	r3, [r4, #16]
87802142:	89a3      	ldrh	r3, [r4, #12]
87802144:	079b      	lsls	r3, r3, #30
87802146:	d4fc      	bmi.n	87802142 <i2c_master_write+0x2e>
87802148:	89a3      	ldrh	r3, [r4, #12]
8780214a:	f023 0302 	bic.w	r3, r3, #2
8780214e:	041b      	lsls	r3, r3, #16
87802150:	0c1b      	lsrs	r3, r3, #16
87802152:	81a3      	strh	r3, [r4, #12]
87802154:	89a3      	ldrh	r3, [r4, #12]
87802156:	b29b      	uxth	r3, r3
87802158:	06d8      	lsls	r0, r3, #27
8780215a:	d417      	bmi.n	8780218c <i2c_master_write+0x78>
8780215c:	07d9      	lsls	r1, r3, #31
8780215e:	d5eb      	bpl.n	87802138 <i2c_master_write+0x24>
87802160:	89a2      	ldrh	r2, [r4, #12]
87802162:	f64f 73ff 	movw	r3, #65535	; 0xffff
87802166:	f022 0202 	bic.w	r2, r2, #2
8780216a:	0412      	lsls	r2, r2, #16
8780216c:	0c12      	lsrs	r2, r2, #16
8780216e:	81a2      	strh	r2, [r4, #12]
87802170:	8922      	ldrh	r2, [r4, #8]
87802172:	f022 0238 	bic.w	r2, r2, #56	; 0x38
87802176:	0412      	lsls	r2, r2, #16
87802178:	0c12      	lsrs	r2, r2, #16
8780217a:	8122      	strh	r2, [r4, #8]
8780217c:	e000      	b.n	87802180 <i2c_master_write+0x6c>
8780217e:	b123      	cbz	r3, 8780218a <i2c_master_write+0x76>
87802180:	89a2      	ldrh	r2, [r4, #12]
87802182:	3b01      	subs	r3, #1
87802184:	b29b      	uxth	r3, r3
87802186:	0692      	lsls	r2, r2, #26
87802188:	d4f9      	bmi.n	8780217e <i2c_master_write+0x6a>
8780218a:	bd70      	pop	{r4, r5, r6, pc}
8780218c:	4620      	mov	r0, r4
8780218e:	f7ff ff49 	bl	87802024 <i2c_check_and_clear_error.part.1>
87802192:	2800      	cmp	r0, #0
87802194:	d0d0      	beq.n	87802138 <i2c_master_write+0x24>
87802196:	e7e3      	b.n	87802160 <i2c_master_write+0x4c>

87802198 <i2c_master_read>:
87802198:	b430      	push	{r4, r5}
8780219a:	2300      	movs	r3, #0
8780219c:	b082      	sub	sp, #8
8780219e:	f88d 3007 	strb.w	r3, [sp, #7]
878021a2:	f89d 3007 	ldrb.w	r3, [sp, #7]
878021a6:	3301      	adds	r3, #1
878021a8:	b2db      	uxtb	r3, r3
878021aa:	f88d 3007 	strb.w	r3, [sp, #7]
878021ae:	8983      	ldrh	r3, [r0, #12]
878021b0:	f003 0380 	and.w	r3, r3, #128	; 0x80
878021b4:	b29b      	uxth	r3, r3
878021b6:	2b00      	cmp	r3, #0
878021b8:	d1f9      	bne.n	878021ae <i2c_master_read+0x16>
878021ba:	8984      	ldrh	r4, [r0, #12]
878021bc:	2a01      	cmp	r2, #1
878021be:	f024 0402 	bic.w	r4, r4, #2
878021c2:	ea4f 4404 	mov.w	r4, r4, lsl #16
878021c6:	ea4f 4414 	mov.w	r4, r4, lsr #16
878021ca:	8184      	strh	r4, [r0, #12]
878021cc:	8904      	ldrh	r4, [r0, #8]
878021ce:	f024 0418 	bic.w	r4, r4, #24
878021d2:	ea4f 4404 	mov.w	r4, r4, lsl #16
878021d6:	ea4f 4414 	mov.w	r4, r4, lsr #16
878021da:	8104      	strh	r4, [r0, #8]
878021dc:	d02d      	beq.n	8780223a <i2c_master_read+0xa2>
878021de:	8903      	ldrh	r3, [r0, #8]
878021e0:	1e54      	subs	r4, r2, #1
878021e2:	b2db      	uxtb	r3, r3
878021e4:	f88d 3007 	strb.w	r3, [sp, #7]
878021e8:	b322      	cbz	r2, 87802234 <i2c_master_read+0x9c>
878021ea:	4622      	mov	r2, r4
878021ec:	460d      	mov	r5, r1
878021ee:	8983      	ldrh	r3, [r0, #12]
878021f0:	079b      	lsls	r3, r3, #30
878021f2:	d5fc      	bpl.n	878021ee <i2c_master_read+0x56>
878021f4:	8983      	ldrh	r3, [r0, #12]
878021f6:	f023 0302 	bic.w	r3, r3, #2
878021fa:	041b      	lsls	r3, r3, #16
878021fc:	0c1b      	lsrs	r3, r3, #16
878021fe:	8183      	strh	r3, [r0, #12]
87802200:	b132      	cbz	r2, 87802210 <i2c_master_read+0x78>
87802202:	2a01      	cmp	r2, #1
87802204:	d024      	beq.n	87802250 <i2c_master_read+0xb8>
87802206:	8a03      	ldrh	r3, [r0, #16]
87802208:	3a01      	subs	r2, #1
8780220a:	f805 3b01 	strb.w	r3, [r5], #1
8780220e:	e7ee      	b.n	878021ee <i2c_master_read+0x56>
87802210:	8902      	ldrh	r2, [r0, #8]
87802212:	190b      	adds	r3, r1, r4
87802214:	f64f 71ff 	movw	r1, #65535	; 0xffff
87802218:	f022 0238 	bic.w	r2, r2, #56	; 0x38
8780221c:	0412      	lsls	r2, r2, #16
8780221e:	0c12      	lsrs	r2, r2, #16
87802220:	8102      	strh	r2, [r0, #8]
87802222:	e000      	b.n	87802226 <i2c_master_read+0x8e>
87802224:	b121      	cbz	r1, 87802230 <i2c_master_read+0x98>
87802226:	8982      	ldrh	r2, [r0, #12]
87802228:	3901      	subs	r1, #1
8780222a:	b289      	uxth	r1, r1
8780222c:	0692      	lsls	r2, r2, #26
8780222e:	d4f9      	bmi.n	87802224 <i2c_master_read+0x8c>
87802230:	8a02      	ldrh	r2, [r0, #16]
87802232:	701a      	strb	r2, [r3, #0]
87802234:	b002      	add	sp, #8
87802236:	bc30      	pop	{r4, r5}
87802238:	4770      	bx	lr
8780223a:	8902      	ldrh	r2, [r0, #8]
8780223c:	461c      	mov	r4, r3
8780223e:	b293      	uxth	r3, r2
87802240:	f043 0308 	orr.w	r3, r3, #8
87802244:	8103      	strh	r3, [r0, #8]
87802246:	8903      	ldrh	r3, [r0, #8]
87802248:	b2db      	uxtb	r3, r3
8780224a:	f88d 3007 	strb.w	r3, [sp, #7]
8780224e:	e7cc      	b.n	878021ea <i2c_master_read+0x52>
87802250:	8903      	ldrh	r3, [r0, #8]
87802252:	b29b      	uxth	r3, r3
87802254:	f043 0308 	orr.w	r3, r3, #8
87802258:	8103      	strh	r3, [r0, #8]
8780225a:	e7d4      	b.n	87802206 <i2c_master_read+0x6e>

8780225c <i2c_master_transfer>:
8780225c:	b538      	push	{r3, r4, r5, lr}
8780225e:	8983      	ldrh	r3, [r0, #12]
87802260:	684a      	ldr	r2, [r1, #4]
87802262:	f023 0312 	bic.w	r3, r3, #18
87802266:	041b      	lsls	r3, r3, #16
87802268:	0c1b      	lsrs	r3, r3, #16
8780226a:	8183      	strh	r3, [r0, #12]
8780226c:	8983      	ldrh	r3, [r0, #12]
8780226e:	061b      	lsls	r3, r3, #24
87802270:	d5fc      	bpl.n	8780226c <i2c_master_transfer+0x10>
87802272:	7b0b      	ldrb	r3, [r1, #12]
87802274:	b14b      	cbz	r3, 8780228a <i2c_master_transfer+0x2e>
87802276:	8983      	ldrh	r3, [r0, #12]
87802278:	780c      	ldrb	r4, [r1, #0]
8780227a:	f003 0320 	and.w	r3, r3, #32
8780227e:	b29b      	uxth	r3, r3
87802280:	2b00      	cmp	r3, #0
87802282:	f000 8087 	beq.w	87802394 <i2c_master_transfer+0x138>
87802286:	2001      	movs	r0, #1
87802288:	bd38      	pop	{r3, r4, r5, pc}
8780228a:	8984      	ldrh	r4, [r0, #12]
8780228c:	780b      	ldrb	r3, [r1, #0]
8780228e:	06a5      	lsls	r5, r4, #26
87802290:	d4f9      	bmi.n	87802286 <i2c_master_transfer+0x2a>
87802292:	8905      	ldrh	r5, [r0, #8]
87802294:	005c      	lsls	r4, r3, #1
87802296:	f1a2 0301 	sub.w	r3, r2, #1
8780229a:	fab3 f383 	clz	r3, r3
8780229e:	095b      	lsrs	r3, r3, #5
878022a0:	b2aa      	uxth	r2, r5
878022a2:	f042 0230 	orr.w	r2, r2, #48	; 0x30
878022a6:	8102      	strh	r2, [r0, #8]
878022a8:	4323      	orrs	r3, r4
878022aa:	b29b      	uxth	r3, r3
878022ac:	8203      	strh	r3, [r0, #16]
878022ae:	8983      	ldrh	r3, [r0, #12]
878022b0:	079c      	lsls	r4, r3, #30
878022b2:	d5fc      	bpl.n	878022ae <i2c_master_transfer+0x52>
878022b4:	8983      	ldrh	r3, [r0, #12]
878022b6:	460d      	mov	r5, r1
878022b8:	4604      	mov	r4, r0
878022ba:	b29b      	uxth	r3, r3
878022bc:	06da      	lsls	r2, r3, #27
878022be:	d413      	bmi.n	878022e8 <i2c_master_transfer+0x8c>
878022c0:	07db      	lsls	r3, r3, #31
878022c2:	d515      	bpl.n	878022f0 <i2c_master_transfer+0x94>
878022c4:	2003      	movs	r0, #3
878022c6:	8922      	ldrh	r2, [r4, #8]
878022c8:	f64f 73ff 	movw	r3, #65535	; 0xffff
878022cc:	f022 0238 	bic.w	r2, r2, #56	; 0x38
878022d0:	0412      	lsls	r2, r2, #16
878022d2:	0c12      	lsrs	r2, r2, #16
878022d4:	8122      	strh	r2, [r4, #8]
878022d6:	e000      	b.n	878022da <i2c_master_transfer+0x7e>
878022d8:	b12b      	cbz	r3, 878022e6 <i2c_master_transfer+0x8a>
878022da:	89a2      	ldrh	r2, [r4, #12]
878022dc:	3b01      	subs	r3, #1
878022de:	b29b      	uxth	r3, r3
878022e0:	0695      	lsls	r5, r2, #26
878022e2:	d4f9      	bmi.n	878022d8 <i2c_master_transfer+0x7c>
878022e4:	bd38      	pop	{r3, r4, r5, pc}
878022e6:	bd38      	pop	{r3, r4, r5, pc}
878022e8:	f7ff fe9c 	bl	87802024 <i2c_check_and_clear_error.part.1>
878022ec:	2800      	cmp	r0, #0
878022ee:	d1ea      	bne.n	878022c6 <i2c_master_transfer+0x6a>
878022f0:	7b2b      	ldrb	r3, [r5, #12]
878022f2:	b96b      	cbnz	r3, 87802310 <i2c_master_transfer+0xb4>
878022f4:	686b      	ldr	r3, [r5, #4]
878022f6:	2b00      	cmp	r3, #0
878022f8:	d141      	bne.n	8780237e <i2c_master_transfer+0x122>
878022fa:	696b      	ldr	r3, [r5, #20]
878022fc:	2b00      	cmp	r3, #0
878022fe:	d138      	bne.n	87802372 <i2c_master_transfer+0x116>
87802300:	2000      	movs	r0, #0
87802302:	bd38      	pop	{r3, r4, r5, pc}
87802304:	4620      	mov	r0, r4
87802306:	f7ff fe8d 	bl	87802024 <i2c_check_and_clear_error.part.1>
8780230a:	b9d8      	cbnz	r0, 87802344 <i2c_master_transfer+0xe8>
8780230c:	7b2b      	ldrb	r3, [r5, #12]
8780230e:	b353      	cbz	r3, 87802366 <i2c_master_transfer+0x10a>
87802310:	89a3      	ldrh	r3, [r4, #12]
87802312:	68aa      	ldr	r2, [r5, #8]
87802314:	f023 0302 	bic.w	r3, r3, #2
87802318:	041b      	lsls	r3, r3, #16
8780231a:	0c1b      	lsrs	r3, r3, #16
8780231c:	81a3      	strh	r3, [r4, #12]
8780231e:	7b2b      	ldrb	r3, [r5, #12]
87802320:	3b01      	subs	r3, #1
87802322:	b2db      	uxtb	r3, r3
87802324:	00d9      	lsls	r1, r3, #3
87802326:	732b      	strb	r3, [r5, #12]
87802328:	fa22 f301 	lsr.w	r3, r2, r1
8780232c:	b29b      	uxth	r3, r3
8780232e:	8223      	strh	r3, [r4, #16]
87802330:	89a3      	ldrh	r3, [r4, #12]
87802332:	0799      	lsls	r1, r3, #30
87802334:	d5fc      	bpl.n	87802330 <i2c_master_transfer+0xd4>
87802336:	89a3      	ldrh	r3, [r4, #12]
87802338:	b29b      	uxth	r3, r3
8780233a:	06da      	lsls	r2, r3, #27
8780233c:	d4e2      	bmi.n	87802304 <i2c_master_transfer+0xa8>
8780233e:	07db      	lsls	r3, r3, #31
87802340:	d5e4      	bpl.n	8780230c <i2c_master_transfer+0xb0>
87802342:	2003      	movs	r0, #3
87802344:	8922      	ldrh	r2, [r4, #8]
87802346:	f64f 73ff 	movw	r3, #65535	; 0xffff
8780234a:	f022 0238 	bic.w	r2, r2, #56	; 0x38
8780234e:	0412      	lsls	r2, r2, #16
87802350:	0c12      	lsrs	r2, r2, #16
87802352:	8122      	strh	r2, [r4, #8]
87802354:	e001      	b.n	8780235a <i2c_master_transfer+0xfe>
87802356:	2b00      	cmp	r3, #0
87802358:	d0c5      	beq.n	878022e6 <i2c_master_transfer+0x8a>
8780235a:	89a2      	ldrh	r2, [r4, #12]
8780235c:	3b01      	subs	r3, #1
8780235e:	b29b      	uxth	r3, r3
87802360:	0695      	lsls	r5, r2, #26
87802362:	d4f8      	bmi.n	87802356 <i2c_master_transfer+0xfa>
87802364:	bd38      	pop	{r3, r4, r5, pc}
87802366:	686b      	ldr	r3, [r5, #4]
87802368:	2b01      	cmp	r3, #1
8780236a:	d01a      	beq.n	878023a2 <i2c_master_transfer+0x146>
8780236c:	2b00      	cmp	r3, #0
8780236e:	d0c4      	beq.n	878022fa <i2c_master_transfer+0x9e>
87802370:	e7c6      	b.n	87802300 <i2c_master_transfer+0xa4>
87802372:	6929      	ldr	r1, [r5, #16]
87802374:	4620      	mov	r0, r4
87802376:	696a      	ldr	r2, [r5, #20]
87802378:	f7ff fecc 	bl	87802114 <i2c_master_write>
8780237c:	686b      	ldr	r3, [r5, #4]
8780237e:	2b01      	cmp	r3, #1
87802380:	d1be      	bne.n	87802300 <i2c_master_transfer+0xa4>
87802382:	696b      	ldr	r3, [r5, #20]
87802384:	2b00      	cmp	r3, #0
87802386:	d0bb      	beq.n	87802300 <i2c_master_transfer+0xa4>
87802388:	6929      	ldr	r1, [r5, #16]
8780238a:	4620      	mov	r0, r4
8780238c:	696a      	ldr	r2, [r5, #20]
8780238e:	f7ff ff03 	bl	87802198 <i2c_master_read>
87802392:	e7b5      	b.n	87802300 <i2c_master_transfer+0xa4>
87802394:	8902      	ldrh	r2, [r0, #8]
87802396:	0064      	lsls	r4, r4, #1
87802398:	b292      	uxth	r2, r2
8780239a:	f042 0230 	orr.w	r2, r2, #48	; 0x30
8780239e:	8102      	strh	r2, [r0, #8]
878023a0:	e782      	b.n	878022a8 <i2c_master_transfer+0x4c>
878023a2:	89a3      	ldrh	r3, [r4, #12]
878023a4:	f023 0302 	bic.w	r3, r3, #2
878023a8:	041b      	lsls	r3, r3, #16
878023aa:	0c1b      	lsrs	r3, r3, #16
878023ac:	81a3      	strh	r3, [r4, #12]
878023ae:	89a2      	ldrh	r2, [r4, #12]
878023b0:	782b      	ldrb	r3, [r5, #0]
878023b2:	0691      	lsls	r1, r2, #26
878023b4:	d502      	bpl.n	878023bc <i2c_master_transfer+0x160>
878023b6:	8922      	ldrh	r2, [r4, #8]
878023b8:	0692      	lsls	r2, r2, #26
878023ba:	d508      	bpl.n	878023ce <i2c_master_transfer+0x172>
878023bc:	8922      	ldrh	r2, [r4, #8]
878023be:	005b      	lsls	r3, r3, #1
878023c0:	f043 0301 	orr.w	r3, r3, #1
878023c4:	b292      	uxth	r2, r2
878023c6:	f042 0214 	orr.w	r2, r2, #20
878023ca:	8122      	strh	r2, [r4, #8]
878023cc:	8223      	strh	r3, [r4, #16]
878023ce:	89a3      	ldrh	r3, [r4, #12]
878023d0:	079b      	lsls	r3, r3, #30
878023d2:	d5fc      	bpl.n	878023ce <i2c_master_transfer+0x172>
878023d4:	89a3      	ldrh	r3, [r4, #12]
878023d6:	b29b      	uxth	r3, r3
878023d8:	06d8      	lsls	r0, r3, #27
878023da:	d412      	bmi.n	87802402 <i2c_master_transfer+0x1a6>
878023dc:	07d9      	lsls	r1, r3, #31
878023de:	d5d0      	bpl.n	87802382 <i2c_master_transfer+0x126>
878023e0:	8922      	ldrh	r2, [r4, #8]
878023e2:	f64f 73ff 	movw	r3, #65535	; 0xffff
878023e6:	f022 0238 	bic.w	r2, r2, #56	; 0x38
878023ea:	0412      	lsls	r2, r2, #16
878023ec:	0c12      	lsrs	r2, r2, #16
878023ee:	8122      	strh	r2, [r4, #8]
878023f0:	e000      	b.n	878023f4 <i2c_master_transfer+0x198>
878023f2:	b123      	cbz	r3, 878023fe <i2c_master_transfer+0x1a2>
878023f4:	89a2      	ldrh	r2, [r4, #12]
878023f6:	3b01      	subs	r3, #1
878023f8:	b29b      	uxth	r3, r3
878023fa:	0692      	lsls	r2, r2, #26
878023fc:	d4f9      	bmi.n	878023f2 <i2c_master_transfer+0x196>
878023fe:	2006      	movs	r0, #6
87802400:	bd38      	pop	{r3, r4, r5, pc}
87802402:	4620      	mov	r0, r4
87802404:	f7ff fe0e 	bl	87802024 <i2c_check_and_clear_error.part.1>
87802408:	2800      	cmp	r0, #0
8780240a:	d1e9      	bne.n	878023e0 <i2c_master_transfer+0x184>
8780240c:	e772      	b.n	878022f4 <i2c_master_transfer+0x98>
8780240e:	bf00      	nop

87802410 <ap3216c_readonebyte>:
87802410:	b510      	push	{r4, lr}
87802412:	b088      	sub	sp, #32
87802414:	9004      	str	r0, [sp, #16]
87802416:	2000      	movs	r0, #0
87802418:	2301      	movs	r3, #1
8780241a:	2200      	movs	r2, #0
8780241c:	f10d 0407 	add.w	r4, sp, #7
87802420:	a902      	add	r1, sp, #8
87802422:	f2c0 201a 	movt	r0, #538	; 0x21a
87802426:	9406      	str	r4, [sp, #24]
87802428:	f88d 2007 	strb.w	r2, [sp, #7]
8780242c:	9303      	str	r3, [sp, #12]
8780242e:	f88d 3014 	strb.w	r3, [sp, #20]
87802432:	9307      	str	r3, [sp, #28]
87802434:	f7ff ff12 	bl	8780225c <i2c_master_transfer>
87802438:	b008      	add	sp, #32
8780243a:	bd10      	pop	{r4, pc}

8780243c <ap3216c_writeonebyte>:
8780243c:	b530      	push	{r4, r5, lr}
8780243e:	b089      	sub	sp, #36	; 0x24
87802440:	9004      	str	r0, [sp, #16]
87802442:	2000      	movs	r0, #0
87802444:	2301      	movs	r3, #1
87802446:	2400      	movs	r4, #0
87802448:	f10d 0507 	add.w	r5, sp, #7
8780244c:	a902      	add	r1, sp, #8
8780244e:	f2c0 201a 	movt	r0, #538	; 0x21a
87802452:	9506      	str	r5, [sp, #24]
87802454:	f88d 2007 	strb.w	r2, [sp, #7]
87802458:	9403      	str	r4, [sp, #12]
8780245a:	f88d 3014 	strb.w	r3, [sp, #20]
8780245e:	9307      	str	r3, [sp, #28]
87802460:	f7ff fefc 	bl	8780225c <i2c_master_transfer>
87802464:	1b00      	subs	r0, r0, r4
87802466:	bf18      	it	ne
87802468:	2001      	movne	r0, #1
8780246a:	b009      	add	sp, #36	; 0x24
8780246c:	bd30      	pop	{r4, r5, pc}
8780246e:	bf00      	nop

87802470 <ap3216c_init>:
87802470:	20b4      	movs	r0, #180	; 0xb4
87802472:	f240 52a4 	movw	r2, #1444	; 0x5a4
87802476:	b5f8      	push	{r3, r4, r5, r6, r7, lr}
87802478:	f2c0 200e 	movt	r0, #526	; 0x20e
8780247c:	f04f 0e01 	mov.w	lr, #1
87802480:	2612      	movs	r6, #18
87802482:	f2c0 220e 	movt	r2, #526	; 0x20e
87802486:	25b8      	movs	r5, #184	; 0xb8
87802488:	f44f 64b5 	mov.w	r4, #1448	; 0x5a8
8780248c:	f44f 7150 	mov.w	r1, #832	; 0x340
87802490:	f44f 7351 	mov.w	r3, #836	; 0x344
87802494:	6006      	str	r6, [r0, #0]
87802496:	f2c0 230e 	movt	r3, #526	; 0x20e
8780249a:	f8c2 e000 	str.w	lr, [r2]
8780249e:	f2c0 210e 	movt	r1, #526	; 0x20e
878024a2:	f247 02b0 	movw	r2, #28848	; 0x70b0
878024a6:	f2c0 250e 	movt	r5, #526	; 0x20e
878024aa:	f2c0 240e 	movt	r4, #526	; 0x20e
878024ae:	2702      	movs	r7, #2
878024b0:	2000      	movs	r0, #0
878024b2:	602e      	str	r6, [r5, #0]
878024b4:	f2c0 201a 	movt	r0, #538	; 0x21a
878024b8:	6027      	str	r7, [r4, #0]
878024ba:	600a      	str	r2, [r1, #0]
878024bc:	601a      	str	r2, [r3, #0]
878024be:	f7ff fdc5 	bl	8780204c <i2c_init>
878024c2:	2204      	movs	r2, #4
878024c4:	2100      	movs	r1, #0
878024c6:	201e      	movs	r0, #30
878024c8:	f7ff ffb8 	bl	8780243c <ap3216c_writeonebyte>
878024cc:	2032      	movs	r0, #50	; 0x32
878024ce:	f7fe f8cd 	bl	8780066c <delay_ms>
878024d2:	2243      	movs	r2, #67	; 0x43
878024d4:	2100      	movs	r1, #0
878024d6:	201e      	movs	r0, #30
878024d8:	f7ff ffb0 	bl	8780243c <ap3216c_writeonebyte>
878024dc:	2100      	movs	r1, #0
878024de:	201e      	movs	r0, #30
878024e0:	f7ff ff96 	bl	87802410 <ap3216c_readonebyte>
878024e4:	4604      	mov	r4, r0
878024e6:	4601      	mov	r1, r0
878024e8:	f249 201c 	movw	r0, #37404	; 0x921c
878024ec:	f2c8 7080 	movt	r0, #34688	; 0x8780
878024f0:	f000 fc2e 	bl	87802d50 <printf>
878024f4:	1ee0      	subs	r0, r4, #3
878024f6:	bf18      	it	ne
878024f8:	2001      	movne	r0, #1
878024fa:	bdf8      	pop	{r3, r4, r5, r6, r7, pc}

878024fc <ap3216c_readdate>:
878024fc:	e92d 41f0 	stmdb	sp!, {r4, r5, r6, r7, r8, lr}
87802500:	b082      	sub	sp, #8
87802502:	4680      	mov	r8, r0
87802504:	460f      	mov	r7, r1
87802506:	4616      	mov	r6, r2
87802508:	466d      	mov	r5, sp
8780250a:	240a      	movs	r4, #10
8780250c:	4621      	mov	r1, r4
8780250e:	3401      	adds	r4, #1
87802510:	b2e4      	uxtb	r4, r4
87802512:	201e      	movs	r0, #30
87802514:	f7ff ff7c 	bl	87802410 <ap3216c_readonebyte>
87802518:	2c10      	cmp	r4, #16
8780251a:	f805 0b01 	strb.w	r0, [r5], #1
8780251e:	d1f5      	bne.n	8780250c <ap3216c_readdate+0x10>
87802520:	f89d 3000 	ldrb.w	r3, [sp]
87802524:	061a      	lsls	r2, r3, #24
87802526:	bf42      	ittt	mi
87802528:	2300      	movmi	r3, #0
8780252a:	f8a8 3000 	strhmi.w	r3, [r8]
8780252e:	803b      	strhmi	r3, [r7, #0]
87802530:	d412      	bmi.n	87802558 <ap3216c_readdate+0x5c>
87802532:	f89d 0001 	ldrb.w	r0, [sp, #1]
87802536:	f003 0303 	and.w	r3, r3, #3
8780253a:	f89d 1005 	ldrb.w	r1, [sp, #5]
8780253e:	f89d 2004 	ldrb.w	r2, [sp, #4]
87802542:	f001 013f 	and.w	r1, r1, #63	; 0x3f
87802546:	ea43 0380 	orr.w	r3, r3, r0, lsl #2
8780254a:	f002 020f 	and.w	r2, r2, #15
8780254e:	ea42 1201 	orr.w	r2, r2, r1, lsl #4
87802552:	f8a8 3000 	strh.w	r3, [r8]
87802556:	803a      	strh	r2, [r7, #0]
87802558:	f89d 2003 	ldrb.w	r2, [sp, #3]
8780255c:	f89d 3002 	ldrb.w	r3, [sp, #2]
87802560:	ea43 2302 	orr.w	r3, r3, r2, lsl #8
87802564:	8033      	strh	r3, [r6, #0]
87802566:	b002      	add	sp, #8
87802568:	e8bd 81f0 	ldmia.w	sp!, {r4, r5, r6, r7, r8, pc}

8780256c <spi_init>:
8780256c:	2200      	movs	r2, #0
8780256e:	f44f 5100 	mov.w	r1, #8192	; 0x2000
87802572:	6082      	str	r2, [r0, #8]
87802574:	6883      	ldr	r3, [r0, #8]
87802576:	f443 03e0 	orr.w	r3, r3, #7340032	; 0x700000
8780257a:	f043 0319 	orr.w	r3, r3, #25
8780257e:	6083      	str	r3, [r0, #8]
87802580:	60c2      	str	r2, [r0, #12]
87802582:	61c1      	str	r1, [r0, #28]
87802584:	6883      	ldr	r3, [r0, #8]
87802586:	f423 437f 	bic.w	r3, r3, #65280	; 0xff00
8780258a:	6083      	str	r3, [r0, #8]
8780258c:	6883      	ldr	r3, [r0, #8]
8780258e:	f443 4310 	orr.w	r3, r3, #36864	; 0x9000
87802592:	6083      	str	r3, [r0, #8]
87802594:	4770      	bx	lr
87802596:	bf00      	nop

87802598 <spich0_readwrite_byte>:
87802598:	6883      	ldr	r3, [r0, #8]
8780259a:	f423 2340 	bic.w	r3, r3, #786432	; 0xc0000
8780259e:	6083      	str	r3, [r0, #8]
878025a0:	6883      	ldr	r3, [r0, #8]
878025a2:	6083      	str	r3, [r0, #8]
878025a4:	6983      	ldr	r3, [r0, #24]
878025a6:	07da      	lsls	r2, r3, #31
878025a8:	d5fc      	bpl.n	878025a4 <spich0_readwrite_byte+0xc>
878025aa:	6041      	str	r1, [r0, #4]
878025ac:	6983      	ldr	r3, [r0, #24]
878025ae:	071b      	lsls	r3, r3, #28
878025b0:	d5fc      	bpl.n	878025ac <spich0_readwrite_byte+0x14>
878025b2:	6800      	ldr	r0, [r0, #0]
878025b4:	b2c0      	uxtb	r0, r0
878025b6:	4770      	bx	lr

878025b8 <icm20608_read_reg>:
878025b8:	b570      	push	{r4, r5, r6, lr}
878025ba:	f44f 4440 	mov.w	r4, #49152	; 0xc000
878025be:	f2c0 2409 	movt	r4, #521	; 0x209
878025c2:	2500      	movs	r5, #0
878025c4:	462a      	mov	r2, r5
878025c6:	4606      	mov	r6, r0
878025c8:	f2c0 2501 	movt	r5, #513	; 0x201
878025cc:	4620      	mov	r0, r4
878025ce:	2114      	movs	r1, #20
878025d0:	f7fe f906 	bl	878007e0 <gpio_PinWrite>
878025d4:	f046 0180 	orr.w	r1, r6, #128	; 0x80
878025d8:	4628      	mov	r0, r5
878025da:	f7ff ffdd 	bl	87802598 <spich0_readwrite_byte>
878025de:	4628      	mov	r0, r5
878025e0:	21ff      	movs	r1, #255	; 0xff
878025e2:	f7ff ffd9 	bl	87802598 <spich0_readwrite_byte>
878025e6:	2201      	movs	r2, #1
878025e8:	4605      	mov	r5, r0
878025ea:	2114      	movs	r1, #20
878025ec:	4620      	mov	r0, r4
878025ee:	f7fe f8f7 	bl	878007e0 <gpio_PinWrite>
878025f2:	4628      	mov	r0, r5
878025f4:	bd70      	pop	{r4, r5, r6, pc}
878025f6:	bf00      	nop

878025f8 <icm20608_write_reg>:
878025f8:	b5f8      	push	{r3, r4, r5, r6, r7, lr}
878025fa:	f44f 4440 	mov.w	r4, #49152	; 0xc000
878025fe:	f2c0 2409 	movt	r4, #521	; 0x209
87802602:	2500      	movs	r5, #0
87802604:	462a      	mov	r2, r5
87802606:	4607      	mov	r7, r0
87802608:	460e      	mov	r6, r1
8780260a:	4620      	mov	r0, r4
8780260c:	f2c0 2501 	movt	r5, #513	; 0x201
87802610:	2114      	movs	r1, #20
87802612:	f7fe f8e5 	bl	878007e0 <gpio_PinWrite>
87802616:	f007 017f 	and.w	r1, r7, #127	; 0x7f
8780261a:	4628      	mov	r0, r5
8780261c:	f7ff ffbc 	bl	87802598 <spich0_readwrite_byte>
87802620:	4631      	mov	r1, r6
87802622:	4628      	mov	r0, r5
87802624:	f7ff ffb8 	bl	87802598 <spich0_readwrite_byte>
87802628:	4620      	mov	r0, r4
8780262a:	2201      	movs	r2, #1
8780262c:	2114      	movs	r1, #20
8780262e:	e8bd 40f8 	ldmia.w	sp!, {r3, r4, r5, r6, r7, lr}
87802632:	f7fe b8d5 	b.w	878007e0 <gpio_PinWrite>
87802636:	bf00      	nop

87802638 <icm20608_init>:
87802638:	b5f0      	push	{r4, r5, r6, r7, lr}
8780263a:	2498      	movs	r4, #152	; 0x98
8780263c:	2308      	movs	r3, #8
8780263e:	f2c0 240e 	movt	r4, #526	; 0x20e
87802642:	f240 5e54 	movw	lr, #1364	; 0x554
87802646:	259c      	movs	r5, #156	; 0x9c
87802648:	f240 525c 	movw	r2, #1372	; 0x55c
8780264c:	21a0      	movs	r1, #160	; 0xa0
8780264e:	6023      	str	r3, [r4, #0]
87802650:	f2c0 2e0e 	movt	lr, #526	; 0x20e
87802654:	2400      	movs	r4, #0
87802656:	f2c0 250e 	movt	r5, #526	; 0x20e
8780265a:	f2c0 220e 	movt	r2, #526	; 0x20e
8780265e:	f2c0 210e 	movt	r1, #526	; 0x20e
87802662:	f44f 67ab 	mov.w	r7, #1368	; 0x558
87802666:	f44f 7049 	mov.w	r0, #804	; 0x324
8780266a:	f8ce 4000 	str.w	r4, [lr]
8780266e:	f2c0 270e 	movt	r7, #526	; 0x20e
87802672:	602b      	str	r3, [r5, #0]
87802674:	f2c0 200e 	movt	r0, #526	; 0x20e
87802678:	6014      	str	r4, [r2, #0]
8780267a:	f44f 764a 	mov.w	r6, #808	; 0x328
8780267e:	600b      	str	r3, [r1, #0]
87802680:	f44f 754b 	mov.w	r5, #812	; 0x32c
87802684:	f241 03b0 	movw	r3, #4272	; 0x10b0
87802688:	2294      	movs	r2, #148	; 0x94
8780268a:	f44f 7148 	mov.w	r1, #800	; 0x320
8780268e:	b085      	sub	sp, #20
87802690:	603c      	str	r4, [r7, #0]
87802692:	f2c0 250e 	movt	r5, #526	; 0x20e
87802696:	6003      	str	r3, [r0, #0]
87802698:	f2c0 220e 	movt	r2, #526	; 0x20e
8780269c:	f2c0 210e 	movt	r1, #526	; 0x20e
878026a0:	f2c0 260e 	movt	r6, #526	; 0x20e
878026a4:	2705      	movs	r7, #5
878026a6:	f44f 4040 	mov.w	r0, #49152	; 0xc000
878026aa:	6033      	str	r3, [r6, #0]
878026ac:	f2c0 2009 	movt	r0, #521	; 0x209
878026b0:	602b      	str	r3, [r5, #0]
878026b2:	2501      	movs	r5, #1
878026b4:	6017      	str	r7, [r2, #0]
878026b6:	aa01      	add	r2, sp, #4
878026b8:	600b      	str	r3, [r1, #0]
878026ba:	2114      	movs	r1, #20
878026bc:	f88d 4008 	strb.w	r4, [sp, #8]
878026c0:	9501      	str	r5, [sp, #4]
878026c2:	f7fe f903 	bl	878008cc <gpio_init>
878026c6:	4620      	mov	r0, r4
878026c8:	f2c0 2001 	movt	r0, #513	; 0x201
878026cc:	f7ff ff4e 	bl	8780256c <spi_init>
878026d0:	2180      	movs	r1, #128	; 0x80
878026d2:	206b      	movs	r0, #107	; 0x6b
878026d4:	f7ff ff90 	bl	878025f8 <icm20608_write_reg>
878026d8:	2032      	movs	r0, #50	; 0x32
878026da:	f7fd ffc7 	bl	8780066c <delay_ms>
878026de:	4629      	mov	r1, r5
878026e0:	206b      	movs	r0, #107	; 0x6b
878026e2:	f7ff ff89 	bl	878025f8 <icm20608_write_reg>
878026e6:	2032      	movs	r0, #50	; 0x32
878026e8:	f7fd ffc0 	bl	8780066c <delay_ms>
878026ec:	2075      	movs	r0, #117	; 0x75
878026ee:	f7ff ff63 	bl	878025b8 <icm20608_read_reg>
878026f2:	3052      	adds	r0, #82	; 0x52
878026f4:	b2c0      	uxtb	r0, r0
878026f6:	42a8      	cmp	r0, r5
878026f8:	bf88      	it	hi
878026fa:	4628      	movhi	r0, r5
878026fc:	d901      	bls.n	87802702 <icm20608_init+0xca>
878026fe:	b005      	add	sp, #20
87802700:	bdf0      	pop	{r4, r5, r6, r7, pc}
87802702:	4621      	mov	r1, r4
87802704:	2019      	movs	r0, #25
87802706:	f7ff ff77 	bl	878025f8 <icm20608_write_reg>
8780270a:	2118      	movs	r1, #24
8780270c:	201b      	movs	r0, #27
8780270e:	f7ff ff73 	bl	878025f8 <icm20608_write_reg>
87802712:	2118      	movs	r1, #24
87802714:	201c      	movs	r0, #28
87802716:	f7ff ff6f 	bl	878025f8 <icm20608_write_reg>
8780271a:	2104      	movs	r1, #4
8780271c:	201a      	movs	r0, #26
8780271e:	f7ff ff6b 	bl	878025f8 <icm20608_write_reg>
87802722:	2104      	movs	r1, #4
87802724:	201d      	movs	r0, #29
87802726:	f7ff ff67 	bl	878025f8 <icm20608_write_reg>
8780272a:	4621      	mov	r1, r4
8780272c:	206c      	movs	r0, #108	; 0x6c
8780272e:	f7ff ff63 	bl	878025f8 <icm20608_write_reg>
87802732:	4621      	mov	r1, r4
87802734:	201e      	movs	r0, #30
87802736:	f7ff ff5f 	bl	878025f8 <icm20608_write_reg>
8780273a:	4621      	mov	r1, r4
8780273c:	2023      	movs	r0, #35	; 0x23
8780273e:	f7ff ff5b 	bl	878025f8 <icm20608_write_reg>
87802742:	201b      	movs	r0, #27
87802744:	f7ff ff38 	bl	878025b8 <icm20608_read_reg>
87802748:	4601      	mov	r1, r0
8780274a:	f249 203c 	movw	r0, #37436	; 0x923c
8780274e:	f2c8 7080 	movt	r0, #34688	; 0x8780
87802752:	f000 fafd 	bl	87802d50 <printf>
87802756:	4620      	mov	r0, r4
87802758:	b005      	add	sp, #20
8780275a:	bdf0      	pop	{r4, r5, r6, r7, pc}

8780275c <icm20608_read_len>:
8780275c:	b570      	push	{r4, r5, r6, lr}
8780275e:	4606      	mov	r6, r0
87802760:	f44f 4040 	mov.w	r0, #49152	; 0xc000
87802764:	4615      	mov	r5, r2
87802766:	f2c0 2009 	movt	r0, #521	; 0x209
8780276a:	460c      	mov	r4, r1
8780276c:	2200      	movs	r2, #0
8780276e:	2114      	movs	r1, #20
87802770:	f7fe f836 	bl	878007e0 <gpio_PinWrite>
87802774:	2000      	movs	r0, #0
87802776:	f046 0180 	orr.w	r1, r6, #128	; 0x80
8780277a:	f2c0 2001 	movt	r0, #513	; 0x201
8780277e:	f7ff ff0b 	bl	87802598 <spich0_readwrite_byte>
87802782:	b155      	cbz	r5, 8780279a <icm20608_read_len+0x3e>
87802784:	4425      	add	r5, r4
87802786:	2000      	movs	r0, #0
87802788:	21ff      	movs	r1, #255	; 0xff
8780278a:	f2c0 2001 	movt	r0, #513	; 0x201
8780278e:	f7ff ff03 	bl	87802598 <spich0_readwrite_byte>
87802792:	f804 0b01 	strb.w	r0, [r4], #1
87802796:	42ac      	cmp	r4, r5
87802798:	d1f5      	bne.n	87802786 <icm20608_read_len+0x2a>
8780279a:	f44f 4040 	mov.w	r0, #49152	; 0xc000
8780279e:	2201      	movs	r2, #1
878027a0:	f2c0 2009 	movt	r0, #521	; 0x209
878027a4:	2114      	movs	r1, #20
878027a6:	e8bd 4070 	ldmia.w	sp!, {r4, r5, r6, lr}
878027aa:	f7fe b819 	b.w	878007e0 <gpio_PinWrite>
878027ae:	bf00      	nop

878027b0 <icm20608_gyro_scaleget>:
878027b0:	b508      	push	{r3, lr}
878027b2:	201b      	movs	r0, #27
878027b4:	f7ff ff00 	bl	878025b8 <icm20608_read_reg>
878027b8:	f3c0 00c1 	ubfx	r0, r0, #3, #2
878027bc:	2802      	cmp	r0, #2
878027be:	d00a      	beq.n	878027d6 <icm20608_gyro_scaleget+0x26>
878027c0:	2803      	cmp	r0, #3
878027c2:	d00b      	beq.n	878027dc <icm20608_gyro_scaleget+0x2c>
878027c4:	eddf 7a07 	vldr	s15, [pc, #28]	; 878027e4 <icm20608_gyro_scaleget+0x34>
878027c8:	2801      	cmp	r0, #1
878027ca:	ed9f 0a07 	vldr	s0, [pc, #28]	; 878027e8 <icm20608_gyro_scaleget+0x38>
878027ce:	bf08      	it	eq
878027d0:	eeb0 0a67 	vmoveq.f32	s0, s15
878027d4:	bd08      	pop	{r3, pc}
878027d6:	ed9f 0a05 	vldr	s0, [pc, #20]	; 878027ec <icm20608_gyro_scaleget+0x3c>
878027da:	bd08      	pop	{r3, pc}
878027dc:	ed9f 0a04 	vldr	s0, [pc, #16]	; 878027f0 <icm20608_gyro_scaleget+0x40>
878027e0:	bd08      	pop	{r3, pc}
878027e2:	bf00      	nop
878027e4:	42830000 	addmi	r0, r3, #0
878027e8:	43030000 	movwmi	r0, #12288	; 0x3000
878027ec:	42033333 	andmi	r3, r3, #-872415232	; 0xcc000000
878027f0:	41833333 	orrmi	r3, r3, r3, lsr r3

878027f4 <icm20608_accel_scaleget>:
878027f4:	b508      	push	{r3, lr}
878027f6:	201c      	movs	r0, #28
878027f8:	f7ff fede 	bl	878025b8 <icm20608_read_reg>
878027fc:	f3c0 00c1 	ubfx	r0, r0, #3, #2
87802800:	2802      	cmp	r0, #2
87802802:	d008      	beq.n	87802816 <icm20608_accel_scaleget+0x22>
87802804:	2803      	cmp	r0, #3
87802806:	d009      	beq.n	8780281c <icm20608_accel_scaleget+0x28>
87802808:	2801      	cmp	r0, #1
8780280a:	bf0c      	ite	eq
8780280c:	f44f 5000 	moveq.w	r0, #8192	; 0x2000
87802810:	f44f 4080 	movne.w	r0, #16384	; 0x4000
87802814:	bd08      	pop	{r3, pc}
87802816:	f44f 5080 	mov.w	r0, #4096	; 0x1000
8780281a:	bd08      	pop	{r3, pc}
8780281c:	f44f 6000 	mov.w	r0, #2048	; 0x800
87802820:	bd08      	pop	{r3, pc}
87802822:	bf00      	nop

87802824 <icm20608_getdata>:
87802824:	b5f0      	push	{r4, r5, r6, r7, lr}
87802826:	220e      	movs	r2, #14
87802828:	ed2d 8b02 	vpush	{d8}
8780282c:	b085      	sub	sp, #20
8780282e:	4669      	mov	r1, sp
87802830:	203b      	movs	r0, #59	; 0x3b
87802832:	f7ff ff93 	bl	8780275c <icm20608_read_len>
87802836:	f7ff ffbb 	bl	878027b0 <icm20608_gyro_scaleget>
8780283a:	eeb0 8a40 	vmov.f32	s16, s0
8780283e:	f7ff ffd9 	bl	878027f4 <icm20608_accel_scaleget>
87802842:	f89d 1007 	ldrb.w	r1, [sp, #7]
87802846:	f24a 03ec 	movw	r3, #41196	; 0xa0ec
8780284a:	f89d 5006 	ldrb.w	r5, [sp, #6]
8780284e:	f2c8 7380 	movt	r3, #34688	; 0x8780
87802852:	ee07 0a90 	vmov	s15, r0
87802856:	eeb8 4ae7 	vcvt.f32.s32	s8, s15
8780285a:	f89d 2009 	ldrb.w	r2, [sp, #9]
8780285e:	ea41 2505 	orr.w	r5, r1, r5, lsl #8
87802862:	f89d e008 	ldrb.w	lr, [sp, #8]
87802866:	eeb3 7a09 	vmov.f32	s14, #57	; 0x39
8780286a:	b22d      	sxth	r5, r5
8780286c:	f89d 400c 	ldrb.w	r4, [sp, #12]
87802870:	f89d 100b 	ldrb.w	r1, [sp, #11]
87802874:	ea42 2e0e 	orr.w	lr, r2, lr, lsl #8
87802878:	f89d 200d 	ldrb.w	r2, [sp, #13]
8780287c:	ee07 5a90 	vmov	s15, r5
87802880:	f89d 700a 	ldrb.w	r7, [sp, #10]
87802884:	fa0f fe8e 	sxth.w	lr, lr
87802888:	eef8 7ae7 	vcvt.f32.s32	s15, s15
8780288c:	eddf 2b42 	vldr	d18, [pc, #264]	; 87802998 <icm20608_getdata+0x174>
87802890:	ea42 2404 	orr.w	r4, r2, r4, lsl #8
87802894:	f89d 6000 	ldrb.w	r6, [sp]
87802898:	f89d 2001 	ldrb.w	r2, [sp, #1]
8780289c:	ea41 2707 	orr.w	r7, r1, r7, lsl #8
878028a0:	ee77 7ac7 	vsub.f32	s15, s15, s14
878028a4:	b224      	sxth	r4, r4
878028a6:	b23f      	sxth	r7, r7
878028a8:	f89d c002 	ldrb.w	ip, [sp, #2]
878028ac:	f89d 0003 	ldrb.w	r0, [sp, #3]
878028b0:	ea42 2606 	orr.w	r6, r2, r6, lsl #8
878028b4:	f89d 1004 	ldrb.w	r1, [sp, #4]
878028b8:	eef7 1ae7 	vcvt.f64.f32	d17, s15
878028bc:	f89d 2005 	ldrb.w	r2, [sp, #5]
878028c0:	b236      	sxth	r6, r6
878028c2:	ee07 ea10 	vmov	s14, lr
878028c6:	ea40 200c 	orr.w	r0, r0, ip, lsl #8
878028ca:	eef8 5ac7 	vcvt.f32.s32	s11, s14
878028ce:	eec1 1ba2 	vdiv.f64	d17, d17, d18
878028d2:	b200      	sxth	r0, r0
878028d4:	ee07 7a10 	vmov	s14, r7
878028d8:	ea42 2101 	orr.w	r1, r2, r1, lsl #8
878028dc:	ee07 4a90 	vmov	s15, r4
878028e0:	eeb8 0ae7 	vcvt.f32.s32	s0, s15
878028e4:	b209      	sxth	r1, r1
878028e6:	ee07 6a90 	vmov	s15, r6
878028ea:	eeb8 6ac7 	vcvt.f32.s32	s12, s14
878028ee:	eeb8 7ae7 	vcvt.f32.s32	s14, s15
878028f2:	ee07 0a90 	vmov	s15, r0
878028f6:	eeb8 5ae7 	vcvt.f32.s32	s10, s15
878028fa:	ee07 1a90 	vmov	s15, r1
878028fe:	eec7 6a04 	vdiv.f32	s13, s14, s8
87802902:	ee86 6a08 	vdiv.f32	s12, s12, s16
87802906:	eeb8 7ae7 	vcvt.f32.s32	s14, s15
8780290a:	eec5 5a88 	vdiv.f32	s11, s11, s16
8780290e:	ee80 0a08 	vdiv.f32	s0, s0, s16
87802912:	ee85 5a04 	vdiv.f32	s10, s10, s8
87802916:	eec7 7a04 	vdiv.f32	s15, s14, s8
8780291a:	eddf 4a23 	vldr	s9, [pc, #140]	; 878029a8 <icm20608_getdata+0x184>
8780291e:	eef3 0b09 	vmov.f64	d16, #57	; 0x39
87802922:	eddf 2b1f 	vldr	d18, [pc, #124]	; 878029a0 <icm20608_getdata+0x17c>
87802926:	619d      	str	r5, [r3, #24]
87802928:	f8c3 e000 	str.w	lr, [r3]
8780292c:	605f      	str	r7, [r3, #4]
8780292e:	609c      	str	r4, [r3, #8]
87802930:	60de      	str	r6, [r3, #12]
87802932:	ee71 0ba0 	vadd.f64	d16, d17, d16
87802936:	ee26 6a24 	vmul.f32	s12, s12, s9
8780293a:	ee26 7aa4 	vmul.f32	s14, s13, s9
8780293e:	ee65 5aa4 	vmul.f32	s11, s11, s9
87802942:	ee60 0ba2 	vmul.f64	d16, d16, d18
87802946:	eebd 6ac6 	vcvt.s32.f32	s12, s12
8780294a:	ee20 0a24 	vmul.f32	s0, s0, s9
8780294e:	ee65 6a24 	vmul.f32	s13, s10, s9
87802952:	ee67 7aa4 	vmul.f32	s15, s15, s9
87802956:	eefd 5ae5 	vcvt.s32.f32	s11, s11
8780295a:	eebd 0ac0 	vcvt.s32.f32	s0, s0
8780295e:	eebd 7ac7 	vcvt.s32.f32	s14, s14
87802962:	ed83 6a08 	vstr	s12, [r3, #32]
87802966:	eefd 6ae6 	vcvt.s32.f32	s13, s13
8780296a:	eebd 6be0 	vcvt.s32.f64	s12, d16
8780296e:	eefd 7ae7 	vcvt.s32.f32	s15, s15
87802972:	edc3 5a07 	vstr	s11, [r3, #28]
87802976:	ed83 0a09 	vstr	s0, [r3, #36]	; 0x24
8780297a:	ed83 7a0a 	vstr	s14, [r3, #40]	; 0x28
8780297e:	6118      	str	r0, [r3, #16]
87802980:	edc3 6a0b 	vstr	s13, [r3, #44]	; 0x2c
87802984:	6159      	str	r1, [r3, #20]
87802986:	edc3 7a0c 	vstr	s15, [r3, #48]	; 0x30
8780298a:	ed83 6a0d 	vstr	s12, [r3, #52]	; 0x34
8780298e:	b005      	add	sp, #20
87802990:	ecbd 8b02 	vpop	{d8}
87802994:	bdf0      	pop	{r4, r5, r6, r7, pc}
87802996:	bf00      	nop
87802998:	cccccccd 	stclgt	12, cr12, [ip], {205}	; 0xcd
8780299c:	40746ccc 	rsbsmi	r6, r4, ip, asr #25
878029a0:	00000000 	andeq	r0, r0, r0
878029a4:	40590000 	subsmi	r0, r9, r0
878029a8:	42c80000 	sbcmi	r0, r8, #0
878029ac:	f3af 8000 	nop.w

878029b0 <ft5426_write_byte>:
878029b0:	b530      	push	{r4, r5, lr}
878029b2:	b089      	sub	sp, #36	; 0x24
878029b4:	f88d 0008 	strb.w	r0, [sp, #8]
878029b8:	f44f 4080 	mov.w	r0, #16384	; 0x4000
878029bc:	2301      	movs	r3, #1
878029be:	2400      	movs	r4, #0
878029c0:	9104      	str	r1, [sp, #16]
878029c2:	f10d 0507 	add.w	r5, sp, #7
878029c6:	a902      	add	r1, sp, #8
878029c8:	f2c0 201a 	movt	r0, #538	; 0x21a
878029cc:	9506      	str	r5, [sp, #24]
878029ce:	f88d 2007 	strb.w	r2, [sp, #7]
878029d2:	9403      	str	r4, [sp, #12]
878029d4:	f88d 3014 	strb.w	r3, [sp, #20]
878029d8:	9307      	str	r3, [sp, #28]
878029da:	f7ff fc3f 	bl	8780225c <i2c_master_transfer>
878029de:	1b00      	subs	r0, r0, r4
878029e0:	bf18      	it	ne
878029e2:	2001      	movne	r0, #1
878029e4:	b009      	add	sp, #36	; 0x24
878029e6:	bd30      	pop	{r4, r5, pc}

878029e8 <ft5426_init>:
878029e8:	e92d 43f0 	stmdb	sp!, {r4, r5, r6, r7, r8, r9, lr}
878029ec:	23bc      	movs	r3, #188	; 0xbc
878029ee:	f240 57ac 	movw	r7, #1452	; 0x5ac
878029f2:	2612      	movs	r6, #18
878029f4:	f04f 0802 	mov.w	r8, #2
878029f8:	f2c0 230e 	movt	r3, #526	; 0x20e
878029fc:	f2c0 270e 	movt	r7, #526	; 0x20e
87802a00:	20c0      	movs	r0, #192	; 0xc0
87802a02:	f44f 64b6 	mov.w	r4, #1456	; 0x5b0
87802a06:	601e      	str	r6, [r3, #0]
87802a08:	f2c0 200e 	movt	r0, #526	; 0x20e
87802a0c:	f8c7 8000 	str.w	r8, [r7]
87802a10:	f2c0 240e 	movt	r4, #526	; 0x20e
87802a14:	f44f 7552 	mov.w	r5, #840	; 0x348
87802a18:	f44f 7153 	mov.w	r1, #844	; 0x34c
87802a1c:	2280      	movs	r2, #128	; 0x80
87802a1e:	f44f 7343 	mov.w	r3, #780	; 0x30c
87802a22:	f44f 4740 	mov.w	r7, #49152	; 0xc000
87802a26:	6006      	str	r6, [r0, #0]
87802a28:	b08f      	sub	sp, #60	; 0x3c
87802a2a:	f8c4 8000 	str.w	r8, [r4]
87802a2e:	f2c0 230e 	movt	r3, #526	; 0x20e
87802a32:	f247 00b0 	movw	r0, #28848	; 0x70b0
87802a36:	2405      	movs	r4, #5
87802a38:	f2c0 250e 	movt	r5, #526	; 0x20e
87802a3c:	f2c0 210e 	movt	r1, #526	; 0x20e
87802a40:	f2c0 220e 	movt	r2, #526	; 0x20e
87802a44:	f2c0 2709 	movt	r7, #521	; 0x209
87802a48:	f24f 0680 	movw	r6, #61568	; 0xf080
87802a4c:	6028      	str	r0, [r5, #0]
87802a4e:	6008      	str	r0, [r1, #0]
87802a50:	2500      	movs	r5, #0
87802a52:	6014      	str	r4, [r2, #0]
87802a54:	4638      	mov	r0, r7
87802a56:	601e      	str	r6, [r3, #0]
87802a58:	aa02      	add	r2, sp, #8
87802a5a:	2109      	movs	r1, #9
87802a5c:	9404      	str	r4, [sp, #16]
87802a5e:	9502      	str	r5, [sp, #8]
87802a60:	f7fd ff34 	bl	878008cc <gpio_init>
87802a64:	ee9f 3f10 	mrc	15, 4, r3, cr15, cr0, {0}
87802a68:	0c1b      	lsrs	r3, r3, #16
87802a6a:	f241 120c 	movw	r2, #4364	; 0x110c
87802a6e:	2004      	movs	r0, #4
87802a70:	041b      	lsls	r3, r3, #16
87802a72:	f642 4129 	movw	r1, #11305	; 0x2c29
87802a76:	f2c8 7180 	movt	r1, #34688	; 0x8780
87802a7a:	5098      	str	r0, [r3, r2]
87802a7c:	462a      	mov	r2, r5
87802a7e:	2062      	movs	r0, #98	; 0x62
87802a80:	f44f 4640 	mov.w	r6, #49152	; 0xc000
87802a84:	f7fd ff58 	bl	87800938 <system_register_irqhandler>
87802a88:	4638      	mov	r0, r7
87802a8a:	2109      	movs	r1, #9
87802a8c:	f7fd febe 	bl	8780080c <gpio_enable_int>
87802a90:	222c      	movs	r2, #44	; 0x2c
87802a92:	2370      	movs	r3, #112	; 0x70
87802a94:	f2c0 2329 	movt	r3, #553	; 0x229
87802a98:	f2c0 260a 	movt	r6, #522	; 0x20a
87802a9c:	f2c0 2229 	movt	r2, #553	; 0x229
87802aa0:	f241 01b0 	movw	r1, #4272	; 0x10b0
87802aa4:	6014      	str	r4, [r2, #0]
87802aa6:	4630      	mov	r0, r6
87802aa8:	6019      	str	r1, [r3, #0]
87802aaa:	2401      	movs	r4, #1
87802aac:	aa05      	add	r2, sp, #20
87802aae:	2109      	movs	r1, #9
87802ab0:	9405      	str	r4, [sp, #20]
87802ab2:	f44f 4980 	mov.w	r9, #16384	; 0x4000
87802ab6:	f88d 4018 	strb.w	r4, [sp, #24]
87802aba:	f2c0 291a 	movt	r9, #538	; 0x21a
87802abe:	f7fd ff05 	bl	878008cc <gpio_init>
87802ac2:	462a      	mov	r2, r5
87802ac4:	4630      	mov	r0, r6
87802ac6:	2109      	movs	r1, #9
87802ac8:	2738      	movs	r7, #56	; 0x38
87802aca:	f7fd fe89 	bl	878007e0 <gpio_PinWrite>
87802ace:	2032      	movs	r0, #50	; 0x32
87802ad0:	f7fd fdcc 	bl	8780066c <delay_ms>
87802ad4:	4622      	mov	r2, r4
87802ad6:	2109      	movs	r1, #9
87802ad8:	4630      	mov	r0, r6
87802ada:	f7fd fe81 	bl	878007e0 <gpio_PinWrite>
87802ade:	2032      	movs	r0, #50	; 0x32
87802ae0:	f7fd fdc4 	bl	8780066c <delay_ms>
87802ae4:	4648      	mov	r0, r9
87802ae6:	f7ff fab1 	bl	8780204c <i2c_init>
87802aea:	aa01      	add	r2, sp, #4
87802aec:	23a1      	movs	r3, #161	; 0xa1
87802aee:	a908      	add	r1, sp, #32
87802af0:	4648      	mov	r0, r9
87802af2:	920c      	str	r2, [sp, #48]	; 0x30
87802af4:	930a      	str	r3, [sp, #40]	; 0x28
87802af6:	9409      	str	r4, [sp, #36]	; 0x24
87802af8:	f88d 402c 	strb.w	r4, [sp, #44]	; 0x2c
87802afc:	f8cd 8034 	str.w	r8, [sp, #52]	; 0x34
87802b00:	f88d 7020 	strb.w	r7, [sp, #32]
87802b04:	f7ff fbaa 	bl	8780225c <i2c_master_transfer>
87802b08:	f89d 3005 	ldrb.w	r3, [sp, #5]
87802b0c:	f249 2058 	movw	r0, #37464	; 0x9258
87802b10:	f89d 1004 	ldrb.w	r1, [sp, #4]
87802b14:	f2c8 7080 	movt	r0, #34688	; 0x8780
87802b18:	ea43 2101 	orr.w	r1, r3, r1, lsl #8
87802b1c:	f000 f918 	bl	87802d50 <printf>
87802b20:	462a      	mov	r2, r5
87802b22:	4629      	mov	r1, r5
87802b24:	4638      	mov	r0, r7
87802b26:	f7ff ff43 	bl	878029b0 <ft5426_write_byte>
87802b2a:	4622      	mov	r2, r4
87802b2c:	4638      	mov	r0, r7
87802b2e:	21a4      	movs	r1, #164	; 0xa4
87802b30:	f7ff ff3e 	bl	878029b0 <ft5426_write_byte>
87802b34:	f24a 1324 	movw	r3, #41252	; 0xa124
87802b38:	f2c8 7380 	movt	r3, #34688	; 0x8780
87802b3c:	701c      	strb	r4, [r3, #0]
87802b3e:	b00f      	add	sp, #60	; 0x3c
87802b40:	e8bd 83f0 	ldmia.w	sp!, {r4, r5, r6, r7, r8, r9, pc}

87802b44 <ft5426_read_byte>:
87802b44:	b510      	push	{r4, lr}
87802b46:	b088      	sub	sp, #32
87802b48:	f88d 0008 	strb.w	r0, [sp, #8]
87802b4c:	f44f 4080 	mov.w	r0, #16384	; 0x4000
87802b50:	2301      	movs	r3, #1
87802b52:	2200      	movs	r2, #0
87802b54:	9104      	str	r1, [sp, #16]
87802b56:	f10d 0407 	add.w	r4, sp, #7
87802b5a:	a902      	add	r1, sp, #8
87802b5c:	f2c0 201a 	movt	r0, #538	; 0x21a
87802b60:	9406      	str	r4, [sp, #24]
87802b62:	f88d 2007 	strb.w	r2, [sp, #7]
87802b66:	9303      	str	r3, [sp, #12]
87802b68:	f88d 3014 	strb.w	r3, [sp, #20]
87802b6c:	9307      	str	r3, [sp, #28]
87802b6e:	f7ff fb75 	bl	8780225c <i2c_master_transfer>
87802b72:	f89d 0007 	ldrb.w	r0, [sp, #7]
87802b76:	b008      	add	sp, #32
87802b78:	bd10      	pop	{r4, pc}
87802b7a:	bf00      	nop

87802b7c <ft5426_read_len>:
87802b7c:	b510      	push	{r4, lr}
87802b7e:	b086      	sub	sp, #24
87802b80:	f88d 0000 	strb.w	r0, [sp]
87802b84:	f44f 4080 	mov.w	r0, #16384	; 0x4000
87802b88:	2401      	movs	r4, #1
87802b8a:	f2c0 201a 	movt	r0, #538	; 0x21a
87802b8e:	9102      	str	r1, [sp, #8]
87802b90:	4669      	mov	r1, sp
87802b92:	9304      	str	r3, [sp, #16]
87802b94:	9401      	str	r4, [sp, #4]
87802b96:	9205      	str	r2, [sp, #20]
87802b98:	f88d 400c 	strb.w	r4, [sp, #12]
87802b9c:	f7ff fb5e 	bl	8780225c <i2c_master_transfer>
87802ba0:	b006      	add	sp, #24
87802ba2:	bd10      	pop	{r4, pc}

87802ba4 <ft5426_read_tpcoord>:
87802ba4:	b5f0      	push	{r4, r5, r6, r7, lr}
87802ba6:	f24a 1424 	movw	r4, #41252	; 0xa124
87802baa:	b08f      	sub	sp, #60	; 0x3c
87802bac:	2102      	movs	r1, #2
87802bae:	f2c8 7480 	movt	r4, #34688	; 0x8780
87802bb2:	2038      	movs	r0, #56	; 0x38
87802bb4:	f7ff ffc6 	bl	87802b44 <ft5426_read_byte>
87802bb8:	7060      	strb	r0, [r4, #1]
87802bba:	f44f 4080 	mov.w	r0, #16384	; 0x4000
87802bbe:	2201      	movs	r2, #1
87802bc0:	231e      	movs	r3, #30
87802bc2:	ad06      	add	r5, sp, #24
87802bc4:	f2c0 201a 	movt	r0, #538	; 0x21a
87802bc8:	2738      	movs	r7, #56	; 0x38
87802bca:	2603      	movs	r6, #3
87802bcc:	4669      	mov	r1, sp
87802bce:	9504      	str	r5, [sp, #16]
87802bd0:	9201      	str	r2, [sp, #4]
87802bd2:	f88d 200c 	strb.w	r2, [sp, #12]
87802bd6:	f88d 7000 	strb.w	r7, [sp]
87802bda:	9602      	str	r6, [sp, #8]
87802bdc:	9305      	str	r3, [sp, #20]
87802bde:	f7ff fb3d 	bl	8780225c <i2c_master_transfer>
87802be2:	7862      	ldrb	r2, [r4, #1]
87802be4:	b1ea      	cbz	r2, 87802c22 <ft5426_read_tpcoord+0x7e>
87802be6:	1e56      	subs	r6, r2, #1
87802be8:	462b      	mov	r3, r5
87802bea:	b2f6      	uxtb	r6, r6
87802bec:	4620      	mov	r0, r4
87802bee:	3601      	adds	r6, #1
87802bf0:	00f2      	lsls	r2, r6, #3
87802bf2:	eba2 0646 	sub.w	r6, r2, r6, lsl #1
87802bf6:	442e      	add	r6, r5
87802bf8:	781d      	ldrb	r5, [r3, #0]
87802bfa:	3306      	adds	r3, #6
87802bfc:	f813 1c05 	ldrb.w	r1, [r3, #-5]
87802c00:	f813 4c04 	ldrb.w	r4, [r3, #-4]
87802c04:	f813 2c03 	ldrb.w	r2, [r3, #-3]
87802c08:	42b3      	cmp	r3, r6
87802c0a:	ea41 2105 	orr.w	r1, r1, r5, lsl #8
87802c0e:	ea42 2204 	orr.w	r2, r2, r4, lsl #8
87802c12:	f3c1 010b 	ubfx	r1, r1, #0, #12
87802c16:	f820 1f02 	strh.w	r1, [r0, #2]!
87802c1a:	f3c2 020b 	ubfx	r2, r2, #0, #12
87802c1e:	8142      	strh	r2, [r0, #10]
87802c20:	d1ea      	bne.n	87802bf8 <ft5426_read_tpcoord+0x54>
87802c22:	b00f      	add	sp, #60	; 0x3c
87802c24:	bdf0      	pop	{r4, r5, r6, r7, pc}
87802c26:	bf00      	nop

87802c28 <gpio1_io09_irqhandler>:
87802c28:	b508      	push	{r3, lr}
87802c2a:	f24a 1324 	movw	r3, #41252	; 0xa124
87802c2e:	f2c8 7380 	movt	r3, #34688	; 0x8780
87802c32:	781b      	ldrb	r3, [r3, #0]
87802c34:	2b01      	cmp	r3, #1
87802c36:	d008      	beq.n	87802c4a <gpio1_io09_irqhandler+0x22>
87802c38:	f44f 4040 	mov.w	r0, #49152	; 0xc000
87802c3c:	2109      	movs	r1, #9
87802c3e:	f2c0 2009 	movt	r0, #521	; 0x209
87802c42:	e8bd 4008 	ldmia.w	sp!, {r3, lr}
87802c46:	f7fd bdef 	b.w	87800828 <gpio_clearintflags>
87802c4a:	f7ff ffab 	bl	87802ba4 <ft5426_read_tpcoord>
87802c4e:	e7f3      	b.n	87802c38 <gpio1_io09_irqhandler+0x10>

87802c50 <__div64_32>:
87802c50:	e92d 4ff8 	stmdb	sp!, {r3, r4, r5, r6, r7, r8, r9, sl, fp, lr}
87802c54:	4688      	mov	r8, r1
87802c56:	e9d0 6700 	ldrd	r6, r7, [r0]
87802c5a:	f04f 0b00 	mov.w	fp, #0
87802c5e:	4681      	mov	r9, r0
87802c60:	468a      	mov	sl, r1
87802c62:	4644      	mov	r4, r8
87802c64:	465d      	mov	r5, fp
87802c66:	42b9      	cmp	r1, r7
87802c68:	bf84      	itt	hi
87802c6a:	2200      	movhi	r2, #0
87802c6c:	2300      	movhi	r3, #0
87802c6e:	d80b      	bhi.n	87802c88 <__div64_32+0x38>
87802c70:	4638      	mov	r0, r7
87802c72:	f001 fc85 	bl	87804580 <__aeabi_uidiv>
87802c76:	4686      	mov	lr, r0
87802c78:	2000      	movs	r0, #0
87802c7a:	fb08 f10e 	mul.w	r1, r8, lr
87802c7e:	4602      	mov	r2, r0
87802c80:	4673      	mov	r3, lr
87802c82:	1a36      	subs	r6, r6, r0
87802c84:	eb67 0701 	sbc.w	r7, r7, r1
87802c88:	45bb      	cmp	fp, r7
87802c8a:	bf08      	it	eq
87802c8c:	45b2      	cmpeq	sl, r6
87802c8e:	bf34      	ite	cc
87802c90:	2101      	movcc	r1, #1
87802c92:	2100      	movcs	r1, #0
87802c94:	f1ba 0f01 	cmp.w	sl, #1
87802c98:	f001 0101 	and.w	r1, r1, #1
87802c9c:	f17b 0000 	sbcs.w	r0, fp, #0
87802ca0:	f04f 0001 	mov.w	r0, #1
87802ca4:	bfb8      	it	lt
87802ca6:	2100      	movlt	r1, #0
87802ca8:	b371      	cbz	r1, 87802d08 <__div64_32+0xb8>
87802caa:	2100      	movs	r1, #0
87802cac:	1924      	adds	r4, r4, r4
87802cae:	416d      	adcs	r5, r5
87802cb0:	1800      	adds	r0, r0, r0
87802cb2:	4149      	adcs	r1, r1
87802cb4:	2c01      	cmp	r4, #1
87802cb6:	f175 0e00 	sbcs.w	lr, r5, #0
87802cba:	bfac      	ite	ge
87802cbc:	f04f 0e01 	movge.w	lr, #1
87802cc0:	f04f 0e00 	movlt.w	lr, #0
87802cc4:	42bd      	cmp	r5, r7
87802cc6:	f00e 0e01 	and.w	lr, lr, #1
87802cca:	bf08      	it	eq
87802ccc:	42b4      	cmpeq	r4, r6
87802cce:	bf28      	it	cs
87802cd0:	f04f 0e00 	movcs.w	lr, #0
87802cd4:	f1be 0f00 	cmp.w	lr, #0
87802cd8:	d1e8      	bne.n	87802cac <__div64_32+0x5c>
87802cda:	42af      	cmp	r7, r5
87802cdc:	bf08      	it	eq
87802cde:	42a6      	cmpeq	r6, r4
87802ce0:	d304      	bcc.n	87802cec <__div64_32+0x9c>
87802ce2:	1b36      	subs	r6, r6, r4
87802ce4:	eb67 0705 	sbc.w	r7, r7, r5
87802ce8:	1812      	adds	r2, r2, r0
87802cea:	414b      	adcs	r3, r1
87802cec:	0849      	lsrs	r1, r1, #1
87802cee:	ea4f 0030 	mov.w	r0, r0, rrx
87802cf2:	086d      	lsrs	r5, r5, #1
87802cf4:	ea4f 0434 	mov.w	r4, r4, rrx
87802cf8:	ea50 0e01 	orrs.w	lr, r0, r1
87802cfc:	d1ed      	bne.n	87802cda <__div64_32+0x8a>
87802cfe:	e9c9 2300 	strd	r2, r3, [r9]
87802d02:	4630      	mov	r0, r6
87802d04:	e8bd 8ff8 	ldmia.w	sp!, {r3, r4, r5, r6, r7, r8, r9, sl, fp, pc}
87802d08:	2100      	movs	r1, #0
87802d0a:	e7e6      	b.n	87802cda <__div64_32+0x8a>

87802d0c <__muldi3>:
87802d0c:	fb02 f101 	mul.w	r1, r2, r1
87802d10:	b4f0      	push	{r4, r5, r6, r7}
87802d12:	4604      	mov	r4, r0
87802d14:	ea4f 4610 	mov.w	r6, r0, lsr #16
87802d18:	ea4f 4512 	mov.w	r5, r2, lsr #16
87802d1c:	ea20 4706 	bic.w	r7, r0, r6, lsl #16
87802d20:	ea22 4205 	bic.w	r2, r2, r5, lsl #16
87802d24:	fb07 f002 	mul.w	r0, r7, r2
87802d28:	fb06 f202 	mul.w	r2, r6, r2
87802d2c:	fb05 f707 	mul.w	r7, r5, r7
87802d30:	fb06 f505 	mul.w	r5, r6, r5
87802d34:	19d7      	adds	r7, r2, r7
87802d36:	bf28      	it	cs
87802d38:	f505 3580 	addcs.w	r5, r5, #65536	; 0x10000
87802d3c:	eb10 4007 	adds.w	r0, r0, r7, lsl #16
87802d40:	eb45 4517 	adc.w	r5, r5, r7, lsr #16
87802d44:	fb03 1104 	mla	r1, r3, r4, r1
87802d48:	4429      	add	r1, r5
87802d4a:	bcf0      	pop	{r4, r5, r6, r7}
87802d4c:	4770      	bx	lr
87802d4e:	bf00      	nop

87802d50 <printf>:
87802d50:	b40f      	push	{r0, r1, r2, r3}
87802d52:	f649 00cc 	movw	r0, #39116	; 0x98cc
87802d56:	b570      	push	{r4, r5, r6, lr}
87802d58:	f2c8 7080 	movt	r0, #34688	; 0x8780
87802d5c:	aa05      	add	r2, sp, #20
87802d5e:	2400      	movs	r4, #0
87802d60:	9904      	ldr	r1, [sp, #16]
87802d62:	f001 f923 	bl	87803fac <vsprintf>
87802d66:	4d0b      	ldr	r5, [pc, #44]	; (87802d94 <printf+0x44>)
87802d68:	4606      	mov	r6, r0
87802d6a:	e003      	b.n	87802d74 <printf+0x24>
87802d6c:	f815 0f01 	ldrb.w	r0, [r5, #1]!
87802d70:	f7fd ffca 	bl	87800d08 <putc>
87802d74:	f649 00cc 	movw	r0, #39116	; 0x98cc
87802d78:	f2c8 7080 	movt	r0, #34688	; 0x8780
87802d7c:	f000 f8fc 	bl	87802f78 <strlen>
87802d80:	4284      	cmp	r4, r0
87802d82:	f104 0401 	add.w	r4, r4, #1
87802d86:	d3f1      	bcc.n	87802d6c <printf+0x1c>
87802d88:	4630      	mov	r0, r6
87802d8a:	e8bd 4070 	ldmia.w	sp!, {r4, r5, r6, lr}
87802d8e:	b004      	add	sp, #16
87802d90:	4770      	bx	lr
87802d92:	bf00      	nop
87802d94:	878098cb 	strhi	r9, [r0, fp, asr #17]

87802d98 <scanf>:
87802d98:	b40f      	push	{r0, r1, r2, r3}
87802d9a:	b570      	push	{r4, r5, r6, lr}
87802d9c:	2500      	movs	r5, #0
87802d9e:	4e10      	ldr	r6, [pc, #64]	; (87802de0 <scanf+0x48>)
87802da0:	e002      	b.n	87802da8 <scanf+0x10>
87802da2:	3501      	adds	r5, #1
87802da4:	f806 4f01 	strb.w	r4, [r6, #1]!
87802da8:	f7fd ffba 	bl	87800d20 <getc>
87802dac:	4604      	mov	r4, r0
87802dae:	f7fd ffab 	bl	87800d08 <putc>
87802db2:	2c0d      	cmp	r4, #13
87802db4:	bf18      	it	ne
87802db6:	2c0a      	cmpne	r4, #10
87802db8:	d1f3      	bne.n	87802da2 <scanf+0xa>
87802dba:	f649 00cc 	movw	r0, #39116	; 0x98cc
87802dbe:	2300      	movs	r3, #0
87802dc0:	f2c8 7080 	movt	r0, #34688	; 0x8780
87802dc4:	aa05      	add	r2, sp, #20
87802dc6:	4405      	add	r5, r0
87802dc8:	9904      	ldr	r1, [sp, #16]
87802dca:	f500 6080 	add.w	r0, r0, #1024	; 0x400
87802dce:	f885 3400 	strb.w	r3, [r5, #1024]	; 0x400
87802dd2:	f001 f8fd 	bl	87803fd0 <vsscanf>
87802dd6:	e8bd 4070 	ldmia.w	sp!, {r4, r5, r6, lr}
87802dda:	b004      	add	sp, #16
87802ddc:	4770      	bx	lr
87802dde:	bf00      	nop
87802de0:	87809ccb 	strhi	r9, [r0, fp, asr #25]

87802de4 <strnicmp>:
87802de4:	b322      	cbz	r2, 87802e30 <strnicmp+0x4c>
87802de6:	b5f0      	push	{r4, r5, r6, r7, lr}
87802de8:	f249 25c4 	movw	r5, #37572	; 0x92c4
87802dec:	3801      	subs	r0, #1
87802dee:	f2c8 7580 	movt	r5, #34688	; 0x8780
87802df2:	e008      	b.n	87802e06 <strnicmp+0x22>
87802df4:	07f6      	lsls	r6, r6, #31
87802df6:	fa5f f38e 	uxtb.w	r3, lr
87802dfa:	d500      	bpl.n	87802dfe <strnicmp+0x1a>
87802dfc:	b2fc      	uxtb	r4, r7
87802dfe:	42a3      	cmp	r3, r4
87802e00:	d114      	bne.n	87802e2c <strnicmp+0x48>
87802e02:	3a01      	subs	r2, #1
87802e04:	d01a      	beq.n	87802e3c <strnicmp+0x58>
87802e06:	f810 3f01 	ldrb.w	r3, [r0, #1]!
87802e0a:	f811 4b01 	ldrb.w	r4, [r1], #1
87802e0e:	b18b      	cbz	r3, 87802e34 <strnicmp+0x50>
87802e10:	b194      	cbz	r4, 87802e38 <strnicmp+0x54>
87802e12:	42a3      	cmp	r3, r4
87802e14:	d0f5      	beq.n	87802e02 <strnicmp+0x1e>
87802e16:	5cee      	ldrb	r6, [r5, r3]
87802e18:	f104 0720 	add.w	r7, r4, #32
87802e1c:	f103 0e20 	add.w	lr, r3, #32
87802e20:	f016 0f01 	tst.w	r6, #1
87802e24:	5d2e      	ldrb	r6, [r5, r4]
87802e26:	d1e5      	bne.n	87802df4 <strnicmp+0x10>
87802e28:	07f6      	lsls	r6, r6, #31
87802e2a:	d4e7      	bmi.n	87802dfc <strnicmp+0x18>
87802e2c:	1b18      	subs	r0, r3, r4
87802e2e:	bdf0      	pop	{r4, r5, r6, r7, pc}
87802e30:	4610      	mov	r0, r2
87802e32:	4770      	bx	lr
87802e34:	4260      	negs	r0, r4
87802e36:	bdf0      	pop	{r4, r5, r6, r7, pc}
87802e38:	4618      	mov	r0, r3
87802e3a:	bdf0      	pop	{r4, r5, r6, r7, pc}
87802e3c:	4610      	mov	r0, r2
87802e3e:	bdf0      	pop	{r4, r5, r6, r7, pc}

87802e40 <strcpy>:
87802e40:	1e42      	subs	r2, r0, #1
87802e42:	f811 3b01 	ldrb.w	r3, [r1], #1
87802e46:	f802 3f01 	strb.w	r3, [r2, #1]!
87802e4a:	2b00      	cmp	r3, #0
87802e4c:	d1f9      	bne.n	87802e42 <strcpy+0x2>
87802e4e:	4770      	bx	lr

87802e50 <strncpy>:
87802e50:	b410      	push	{r4}
87802e52:	440a      	add	r2, r1
87802e54:	1e44      	subs	r4, r0, #1
87802e56:	e004      	b.n	87802e62 <strncpy+0x12>
87802e58:	f811 3b01 	ldrb.w	r3, [r1], #1
87802e5c:	f804 3f01 	strb.w	r3, [r4, #1]!
87802e60:	b10b      	cbz	r3, 87802e66 <strncpy+0x16>
87802e62:	4291      	cmp	r1, r2
87802e64:	d1f8      	bne.n	87802e58 <strncpy+0x8>
87802e66:	f85d 4b04 	ldr.w	r4, [sp], #4
87802e6a:	4770      	bx	lr

87802e6c <strcat>:
87802e6c:	7803      	ldrb	r3, [r0, #0]
87802e6e:	b163      	cbz	r3, 87802e8a <strcat+0x1e>
87802e70:	4603      	mov	r3, r0
87802e72:	f813 2f01 	ldrb.w	r2, [r3, #1]!
87802e76:	2a00      	cmp	r2, #0
87802e78:	d1fb      	bne.n	87802e72 <strcat+0x6>
87802e7a:	3b01      	subs	r3, #1
87802e7c:	f811 2b01 	ldrb.w	r2, [r1], #1
87802e80:	f803 2f01 	strb.w	r2, [r3, #1]!
87802e84:	2a00      	cmp	r2, #0
87802e86:	d1f9      	bne.n	87802e7c <strcat+0x10>
87802e88:	4770      	bx	lr
87802e8a:	4603      	mov	r3, r0
87802e8c:	e7f5      	b.n	87802e7a <strcat+0xe>
87802e8e:	bf00      	nop

87802e90 <strncat>:
87802e90:	b1ba      	cbz	r2, 87802ec2 <strncat+0x32>
87802e92:	7803      	ldrb	r3, [r0, #0]
87802e94:	b430      	push	{r4, r5}
87802e96:	b1bb      	cbz	r3, 87802ec8 <strncat+0x38>
87802e98:	4603      	mov	r3, r0
87802e9a:	f813 4f01 	ldrb.w	r4, [r3, #1]!
87802e9e:	2c00      	cmp	r4, #0
87802ea0:	d1fb      	bne.n	87802e9a <strncat+0xa>
87802ea2:	f811 4b01 	ldrb.w	r4, [r1], #1
87802ea6:	461d      	mov	r5, r3
87802ea8:	f803 4b01 	strb.w	r4, [r3], #1
87802eac:	b144      	cbz	r4, 87802ec0 <strncat+0x30>
87802eae:	3a01      	subs	r2, #1
87802eb0:	d008      	beq.n	87802ec4 <strncat+0x34>
87802eb2:	f811 4b01 	ldrb.w	r4, [r1], #1
87802eb6:	461d      	mov	r5, r3
87802eb8:	f803 4b01 	strb.w	r4, [r3], #1
87802ebc:	2c00      	cmp	r4, #0
87802ebe:	d1f6      	bne.n	87802eae <strncat+0x1e>
87802ec0:	bc30      	pop	{r4, r5}
87802ec2:	4770      	bx	lr
87802ec4:	706a      	strb	r2, [r5, #1]
87802ec6:	e7fb      	b.n	87802ec0 <strncat+0x30>
87802ec8:	4603      	mov	r3, r0
87802eca:	e7f2      	b.n	87802eb2 <strncat+0x22>

87802ecc <strcmp>:
87802ecc:	1e42      	subs	r2, r0, #1
87802ece:	e000      	b.n	87802ed2 <strcmp+0x6>
87802ed0:	b148      	cbz	r0, 87802ee6 <strcmp+0x1a>
87802ed2:	f812 0f01 	ldrb.w	r0, [r2, #1]!
87802ed6:	f811 3b01 	ldrb.w	r3, [r1], #1
87802eda:	1ac3      	subs	r3, r0, r3
87802edc:	f013 03ff 	ands.w	r3, r3, #255	; 0xff
87802ee0:	d0f6      	beq.n	87802ed0 <strcmp+0x4>
87802ee2:	b258      	sxtb	r0, r3
87802ee4:	4770      	bx	lr
87802ee6:	4770      	bx	lr

87802ee8 <strncmp>:
87802ee8:	b302      	cbz	r2, 87802f2c <strncmp+0x44>
87802eea:	b470      	push	{r4, r5, r6}
87802eec:	1c4d      	adds	r5, r1, #1
87802eee:	7803      	ldrb	r3, [r0, #0]
87802ef0:	780e      	ldrb	r6, [r1, #0]
87802ef2:	1b9e      	subs	r6, r3, r6
87802ef4:	f016 06ff 	ands.w	r6, r6, #255	; 0xff
87802ef8:	bf18      	it	ne
87802efa:	b270      	sxtbne	r0, r6
87802efc:	d10e      	bne.n	87802f1c <strncmp+0x34>
87802efe:	b1bb      	cbz	r3, 87802f30 <strncmp+0x48>
87802f00:	440a      	add	r2, r1
87802f02:	e008      	b.n	87802f16 <strncmp+0x2e>
87802f04:	f810 4f01 	ldrb.w	r4, [r0, #1]!
87802f08:	f815 3b01 	ldrb.w	r3, [r5], #1
87802f0c:	1ae3      	subs	r3, r4, r3
87802f0e:	f013 03ff 	ands.w	r3, r3, #255	; 0xff
87802f12:	d105      	bne.n	87802f20 <strncmp+0x38>
87802f14:	b13c      	cbz	r4, 87802f26 <strncmp+0x3e>
87802f16:	4295      	cmp	r5, r2
87802f18:	d1f4      	bne.n	87802f04 <strncmp+0x1c>
87802f1a:	2000      	movs	r0, #0
87802f1c:	bc70      	pop	{r4, r5, r6}
87802f1e:	4770      	bx	lr
87802f20:	b258      	sxtb	r0, r3
87802f22:	bc70      	pop	{r4, r5, r6}
87802f24:	4770      	bx	lr
87802f26:	4620      	mov	r0, r4
87802f28:	bc70      	pop	{r4, r5, r6}
87802f2a:	4770      	bx	lr
87802f2c:	4610      	mov	r0, r2
87802f2e:	4770      	bx	lr
87802f30:	4618      	mov	r0, r3
87802f32:	e7f3      	b.n	87802f1c <strncmp+0x34>

87802f34 <strchr>:
87802f34:	7803      	ldrb	r3, [r0, #0]
87802f36:	b2c9      	uxtb	r1, r1
87802f38:	428b      	cmp	r3, r1
87802f3a:	d006      	beq.n	87802f4a <strchr+0x16>
87802f3c:	b123      	cbz	r3, 87802f48 <strchr+0x14>
87802f3e:	f810 3f01 	ldrb.w	r3, [r0, #1]!
87802f42:	428b      	cmp	r3, r1
87802f44:	d1fa      	bne.n	87802f3c <strchr+0x8>
87802f46:	4770      	bx	lr
87802f48:	4618      	mov	r0, r3
87802f4a:	4770      	bx	lr

87802f4c <strrchr>:
87802f4c:	7803      	ldrb	r3, [r0, #0]
87802f4e:	b18b      	cbz	r3, 87802f74 <strrchr+0x28>
87802f50:	4603      	mov	r3, r0
87802f52:	f813 2f01 	ldrb.w	r2, [r3, #1]!
87802f56:	2a00      	cmp	r2, #0
87802f58:	d1fb      	bne.n	87802f52 <strrchr+0x6>
87802f5a:	b2c9      	uxtb	r1, r1
87802f5c:	2200      	movs	r2, #0
87802f5e:	e003      	b.n	87802f68 <strrchr+0x1c>
87802f60:	3b01      	subs	r3, #1
87802f62:	4298      	cmp	r0, r3
87802f64:	d804      	bhi.n	87802f70 <strrchr+0x24>
87802f66:	781a      	ldrb	r2, [r3, #0]
87802f68:	428a      	cmp	r2, r1
87802f6a:	d1f9      	bne.n	87802f60 <strrchr+0x14>
87802f6c:	4618      	mov	r0, r3
87802f6e:	4770      	bx	lr
87802f70:	2000      	movs	r0, #0
87802f72:	4770      	bx	lr
87802f74:	4603      	mov	r3, r0
87802f76:	e7f0      	b.n	87802f5a <strrchr+0xe>

87802f78 <strlen>:
87802f78:	7802      	ldrb	r2, [r0, #0]
87802f7a:	b132      	cbz	r2, 87802f8a <strlen+0x12>
87802f7c:	4603      	mov	r3, r0
87802f7e:	f813 1f01 	ldrb.w	r1, [r3, #1]!
87802f82:	2900      	cmp	r1, #0
87802f84:	d1fb      	bne.n	87802f7e <strlen+0x6>
87802f86:	1a18      	subs	r0, r3, r0
87802f88:	4770      	bx	lr
87802f8a:	4610      	mov	r0, r2
87802f8c:	4770      	bx	lr
87802f8e:	bf00      	nop

87802f90 <strnlen>:
87802f90:	b199      	cbz	r1, 87802fba <strnlen+0x2a>
87802f92:	7803      	ldrb	r3, [r0, #0]
87802f94:	b19b      	cbz	r3, 87802fbe <strnlen+0x2e>
87802f96:	b410      	push	{r4}
87802f98:	4401      	add	r1, r0
87802f9a:	1c43      	adds	r3, r0, #1
87802f9c:	e002      	b.n	87802fa4 <strnlen+0x14>
87802f9e:	781c      	ldrb	r4, [r3, #0]
87802fa0:	3301      	adds	r3, #1
87802fa2:	b134      	cbz	r4, 87802fb2 <strnlen+0x22>
87802fa4:	428b      	cmp	r3, r1
87802fa6:	461a      	mov	r2, r3
87802fa8:	d1f9      	bne.n	87802f9e <strnlen+0xe>
87802faa:	1a18      	subs	r0, r3, r0
87802fac:	f85d 4b04 	ldr.w	r4, [sp], #4
87802fb0:	4770      	bx	lr
87802fb2:	1a10      	subs	r0, r2, r0
87802fb4:	f85d 4b04 	ldr.w	r4, [sp], #4
87802fb8:	4770      	bx	lr
87802fba:	4608      	mov	r0, r1
87802fbc:	4770      	bx	lr
87802fbe:	4618      	mov	r0, r3
87802fc0:	4770      	bx	lr
87802fc2:	bf00      	nop

87802fc4 <strspn>:
87802fc4:	b470      	push	{r4, r5, r6}
87802fc6:	4605      	mov	r5, r0
87802fc8:	7804      	ldrb	r4, [r0, #0]
87802fca:	b1ac      	cbz	r4, 87802ff8 <strspn+0x34>
87802fcc:	780e      	ldrb	r6, [r1, #0]
87802fce:	2000      	movs	r0, #0
87802fd0:	b14e      	cbz	r6, 87802fe6 <strspn+0x22>
87802fd2:	42a6      	cmp	r6, r4
87802fd4:	d009      	beq.n	87802fea <strspn+0x26>
87802fd6:	460a      	mov	r2, r1
87802fd8:	e001      	b.n	87802fde <strspn+0x1a>
87802fda:	429c      	cmp	r4, r3
87802fdc:	d005      	beq.n	87802fea <strspn+0x26>
87802fde:	f812 3f01 	ldrb.w	r3, [r2, #1]!
87802fe2:	2b00      	cmp	r3, #0
87802fe4:	d1f9      	bne.n	87802fda <strspn+0x16>
87802fe6:	bc70      	pop	{r4, r5, r6}
87802fe8:	4770      	bx	lr
87802fea:	f815 4f01 	ldrb.w	r4, [r5, #1]!
87802fee:	3001      	adds	r0, #1
87802ff0:	2c00      	cmp	r4, #0
87802ff2:	d1ed      	bne.n	87802fd0 <strspn+0xc>
87802ff4:	bc70      	pop	{r4, r5, r6}
87802ff6:	4770      	bx	lr
87802ff8:	4620      	mov	r0, r4
87802ffa:	e7f4      	b.n	87802fe6 <strspn+0x22>

87802ffc <strpbrk>:
87802ffc:	b430      	push	{r4, r5}
87802ffe:	7804      	ldrb	r4, [r0, #0]
87803000:	b17c      	cbz	r4, 87803022 <strpbrk+0x26>
87803002:	780d      	ldrb	r5, [r1, #0]
87803004:	b14d      	cbz	r5, 8780301a <strpbrk+0x1e>
87803006:	42a5      	cmp	r5, r4
87803008:	d00c      	beq.n	87803024 <strpbrk+0x28>
8780300a:	460a      	mov	r2, r1
8780300c:	e001      	b.n	87803012 <strpbrk+0x16>
8780300e:	429c      	cmp	r4, r3
87803010:	d008      	beq.n	87803024 <strpbrk+0x28>
87803012:	f812 3f01 	ldrb.w	r3, [r2, #1]!
87803016:	2b00      	cmp	r3, #0
87803018:	d1f9      	bne.n	8780300e <strpbrk+0x12>
8780301a:	f810 4f01 	ldrb.w	r4, [r0, #1]!
8780301e:	2c00      	cmp	r4, #0
87803020:	d1f0      	bne.n	87803004 <strpbrk+0x8>
87803022:	4620      	mov	r0, r4
87803024:	bc30      	pop	{r4, r5}
87803026:	4770      	bx	lr

87803028 <strtok>:
87803028:	b5f0      	push	{r4, r5, r6, r7, lr}
8780302a:	f24a 1e3c 	movw	lr, #41276	; 0xa13c
8780302e:	f2c8 7e80 	movt	lr, #34688	; 0x8780
87803032:	2800      	cmp	r0, #0
87803034:	d03e      	beq.n	878030b4 <strtok+0x8c>
87803036:	7804      	ldrb	r4, [r0, #0]
87803038:	2c00      	cmp	r4, #0
8780303a:	d037      	beq.n	878030ac <strtok+0x84>
8780303c:	780d      	ldrb	r5, [r1, #0]
8780303e:	4607      	mov	r7, r0
87803040:	2600      	movs	r6, #0
87803042:	b14d      	cbz	r5, 87803058 <strtok+0x30>
87803044:	42a5      	cmp	r5, r4
87803046:	d01e      	beq.n	87803086 <strtok+0x5e>
87803048:	460a      	mov	r2, r1
8780304a:	e001      	b.n	87803050 <strtok+0x28>
8780304c:	429c      	cmp	r4, r3
8780304e:	d01a      	beq.n	87803086 <strtok+0x5e>
87803050:	f812 3f01 	ldrb.w	r3, [r2, #1]!
87803054:	2b00      	cmp	r3, #0
87803056:	d1f9      	bne.n	8780304c <strtok+0x24>
87803058:	5d84      	ldrb	r4, [r0, r6]
8780305a:	4430      	add	r0, r6
8780305c:	4606      	mov	r6, r0
8780305e:	b32c      	cbz	r4, 878030ac <strtok+0x84>
87803060:	b14d      	cbz	r5, 87803076 <strtok+0x4e>
87803062:	42a5      	cmp	r5, r4
87803064:	d01a      	beq.n	8780309c <strtok+0x74>
87803066:	460a      	mov	r2, r1
87803068:	e001      	b.n	8780306e <strtok+0x46>
8780306a:	429c      	cmp	r4, r3
8780306c:	d016      	beq.n	8780309c <strtok+0x74>
8780306e:	f812 3f01 	ldrb.w	r3, [r2, #1]!
87803072:	2b00      	cmp	r3, #0
87803074:	d1f9      	bne.n	8780306a <strtok+0x42>
87803076:	f816 4f01 	ldrb.w	r4, [r6, #1]!
8780307a:	2c00      	cmp	r4, #0
8780307c:	d1f0      	bne.n	87803060 <strtok+0x38>
8780307e:	4626      	mov	r6, r4
87803080:	f8ce 6000 	str.w	r6, [lr]
87803084:	bdf0      	pop	{r4, r5, r6, r7, pc}
87803086:	f817 4f01 	ldrb.w	r4, [r7, #1]!
8780308a:	3601      	adds	r6, #1
8780308c:	2c00      	cmp	r4, #0
8780308e:	d1d8      	bne.n	87803042 <strtok+0x1a>
87803090:	5d84      	ldrb	r4, [r0, r6]
87803092:	4430      	add	r0, r6
87803094:	4606      	mov	r6, r0
87803096:	2c00      	cmp	r4, #0
87803098:	d1e2      	bne.n	87803060 <strtok+0x38>
8780309a:	e007      	b.n	878030ac <strtok+0x84>
8780309c:	7833      	ldrb	r3, [r6, #0]
8780309e:	4632      	mov	r2, r6
878030a0:	2b00      	cmp	r3, #0
878030a2:	d0ed      	beq.n	87803080 <strtok+0x58>
878030a4:	2300      	movs	r3, #0
878030a6:	3601      	adds	r6, #1
878030a8:	7013      	strb	r3, [r2, #0]
878030aa:	e7e9      	b.n	87803080 <strtok+0x58>
878030ac:	2000      	movs	r0, #0
878030ae:	f8ce 0000 	str.w	r0, [lr]
878030b2:	bdf0      	pop	{r4, r5, r6, r7, pc}
878030b4:	f8de 0000 	ldr.w	r0, [lr]
878030b8:	2800      	cmp	r0, #0
878030ba:	d1bc      	bne.n	87803036 <strtok+0xe>
878030bc:	e7e2      	b.n	87803084 <strtok+0x5c>
878030be:	bf00      	nop

878030c0 <strsep>:
878030c0:	b4f0      	push	{r4, r5, r6, r7}
878030c2:	4607      	mov	r7, r0
878030c4:	6800      	ldr	r0, [r0, #0]
878030c6:	b198      	cbz	r0, 878030f0 <strsep+0x30>
878030c8:	7804      	ldrb	r4, [r0, #0]
878030ca:	b184      	cbz	r4, 878030ee <strsep+0x2e>
878030cc:	780e      	ldrb	r6, [r1, #0]
878030ce:	4605      	mov	r5, r0
878030d0:	b14e      	cbz	r6, 878030e6 <strsep+0x26>
878030d2:	42a6      	cmp	r6, r4
878030d4:	d00e      	beq.n	878030f4 <strsep+0x34>
878030d6:	460a      	mov	r2, r1
878030d8:	e001      	b.n	878030de <strsep+0x1e>
878030da:	429c      	cmp	r4, r3
878030dc:	d00a      	beq.n	878030f4 <strsep+0x34>
878030de:	f812 3f01 	ldrb.w	r3, [r2, #1]!
878030e2:	2b00      	cmp	r3, #0
878030e4:	d1f9      	bne.n	878030da <strsep+0x1a>
878030e6:	f815 4f01 	ldrb.w	r4, [r5, #1]!
878030ea:	2c00      	cmp	r4, #0
878030ec:	d1f0      	bne.n	878030d0 <strsep+0x10>
878030ee:	603c      	str	r4, [r7, #0]
878030f0:	bcf0      	pop	{r4, r5, r6, r7}
878030f2:	4770      	bx	lr
878030f4:	2300      	movs	r3, #0
878030f6:	1c6c      	adds	r4, r5, #1
878030f8:	702b      	strb	r3, [r5, #0]
878030fa:	e7f8      	b.n	878030ee <strsep+0x2e>

878030fc <memset>:
878030fc:	b132      	cbz	r2, 8780310c <memset+0x10>
878030fe:	b2c9      	uxtb	r1, r1
87803100:	4402      	add	r2, r0
87803102:	4603      	mov	r3, r0
87803104:	f803 1b01 	strb.w	r1, [r3], #1
87803108:	4293      	cmp	r3, r2
8780310a:	d1fb      	bne.n	87803104 <memset+0x8>
8780310c:	4770      	bx	lr
8780310e:	bf00      	nop

87803110 <bcopy>:
87803110:	b13a      	cbz	r2, 87803122 <bcopy+0x12>
87803112:	3901      	subs	r1, #1
87803114:	4402      	add	r2, r0
87803116:	f810 3b01 	ldrb.w	r3, [r0], #1
8780311a:	4290      	cmp	r0, r2
8780311c:	f801 3f01 	strb.w	r3, [r1, #1]!
87803120:	d1f9      	bne.n	87803116 <bcopy+0x6>
87803122:	4770      	bx	lr

87803124 <memcpy>:
87803124:	b152      	cbz	r2, 8780313c <memcpy+0x18>
87803126:	440a      	add	r2, r1
87803128:	1e43      	subs	r3, r0, #1
8780312a:	b410      	push	{r4}
8780312c:	f811 4b01 	ldrb.w	r4, [r1], #1
87803130:	4291      	cmp	r1, r2
87803132:	f803 4f01 	strb.w	r4, [r3, #1]!
87803136:	d1f9      	bne.n	8780312c <memcpy+0x8>
87803138:	f85d 4b04 	ldr.w	r4, [sp], #4
8780313c:	4770      	bx	lr
8780313e:	bf00      	nop

87803140 <memmove>:
87803140:	4288      	cmp	r0, r1
87803142:	b410      	push	{r4}
87803144:	d80b      	bhi.n	8780315e <memmove+0x1e>
87803146:	b13a      	cbz	r2, 87803158 <memmove+0x18>
87803148:	440a      	add	r2, r1
8780314a:	1e43      	subs	r3, r0, #1
8780314c:	f811 4b01 	ldrb.w	r4, [r1], #1
87803150:	4291      	cmp	r1, r2
87803152:	f803 4f01 	strb.w	r4, [r3, #1]!
87803156:	d1f9      	bne.n	8780314c <memmove+0xc>
87803158:	f85d 4b04 	ldr.w	r4, [sp], #4
8780315c:	4770      	bx	lr
8780315e:	4411      	add	r1, r2
87803160:	1883      	adds	r3, r0, r2
87803162:	2a00      	cmp	r2, #0
87803164:	d0f8      	beq.n	87803158 <memmove+0x18>
87803166:	1a8a      	subs	r2, r1, r2
87803168:	f811 4d01 	ldrb.w	r4, [r1, #-1]!
8780316c:	4291      	cmp	r1, r2
8780316e:	f803 4d01 	strb.w	r4, [r3, #-1]!
87803172:	d1f9      	bne.n	87803168 <memmove+0x28>
87803174:	f85d 4b04 	ldr.w	r4, [sp], #4
87803178:	4770      	bx	lr
8780317a:	bf00      	nop

8780317c <memcmp>:
8780317c:	b1aa      	cbz	r2, 878031aa <memcmp+0x2e>
8780317e:	b430      	push	{r4, r5}
87803180:	4604      	mov	r4, r0
87803182:	7803      	ldrb	r3, [r0, #0]
87803184:	7808      	ldrb	r0, [r1, #0]
87803186:	1a18      	subs	r0, r3, r0
87803188:	d10a      	bne.n	878031a0 <memcmp+0x24>
8780318a:	4422      	add	r2, r4
8780318c:	3401      	adds	r4, #1
8780318e:	e005      	b.n	8780319c <memcmp+0x20>
87803190:	f814 3b01 	ldrb.w	r3, [r4], #1
87803194:	f811 5f01 	ldrb.w	r5, [r1, #1]!
87803198:	1b5b      	subs	r3, r3, r5
8780319a:	d103      	bne.n	878031a4 <memcmp+0x28>
8780319c:	4294      	cmp	r4, r2
8780319e:	d1f7      	bne.n	87803190 <memcmp+0x14>
878031a0:	bc30      	pop	{r4, r5}
878031a2:	4770      	bx	lr
878031a4:	4618      	mov	r0, r3
878031a6:	bc30      	pop	{r4, r5}
878031a8:	4770      	bx	lr
878031aa:	4610      	mov	r0, r2
878031ac:	4770      	bx	lr
878031ae:	bf00      	nop

878031b0 <memscan>:
878031b0:	b182      	cbz	r2, 878031d4 <memscan+0x24>
878031b2:	7803      	ldrb	r3, [r0, #0]
878031b4:	428b      	cmp	r3, r1
878031b6:	d00d      	beq.n	878031d4 <memscan+0x24>
878031b8:	b410      	push	{r4}
878031ba:	4402      	add	r2, r0
878031bc:	1c43      	adds	r3, r0, #1
878031be:	e002      	b.n	878031c6 <memscan+0x16>
878031c0:	7804      	ldrb	r4, [r0, #0]
878031c2:	428c      	cmp	r4, r1
878031c4:	d004      	beq.n	878031d0 <memscan+0x20>
878031c6:	4293      	cmp	r3, r2
878031c8:	4618      	mov	r0, r3
878031ca:	f103 0301 	add.w	r3, r3, #1
878031ce:	d1f7      	bne.n	878031c0 <memscan+0x10>
878031d0:	f85d 4b04 	ldr.w	r4, [sp], #4
878031d4:	4770      	bx	lr
878031d6:	bf00      	nop

878031d8 <strstr>:
878031d8:	b5f0      	push	{r4, r5, r6, r7, lr}
878031da:	468e      	mov	lr, r1
878031dc:	f891 c000 	ldrb.w	ip, [r1]
878031e0:	f1bc 0f00 	cmp.w	ip, #0
878031e4:	d028      	beq.n	87803238 <strstr+0x60>
878031e6:	460e      	mov	r6, r1
878031e8:	f816 3f01 	ldrb.w	r3, [r6, #1]!
878031ec:	2b00      	cmp	r3, #0
878031ee:	d1fb      	bne.n	878031e8 <strstr+0x10>
878031f0:	ebb6 010e 	subs.w	r1, r6, lr
878031f4:	d020      	beq.n	87803238 <strstr+0x60>
878031f6:	7807      	ldrb	r7, [r0, #0]
878031f8:	b12f      	cbz	r7, 87803206 <strstr+0x2e>
878031fa:	4607      	mov	r7, r0
878031fc:	f817 3f01 	ldrb.w	r3, [r7, #1]!
87803200:	2b00      	cmp	r3, #0
87803202:	d1fb      	bne.n	878031fc <strstr+0x24>
87803204:	1a3f      	subs	r7, r7, r0
87803206:	42b9      	cmp	r1, r7
87803208:	dc15      	bgt.n	87803236 <strstr+0x5e>
8780320a:	3f01      	subs	r7, #1
8780320c:	b1a1      	cbz	r1, 87803238 <strstr+0x60>
8780320e:	7803      	ldrb	r3, [r0, #0]
87803210:	4563      	cmp	r3, ip
87803212:	d10c      	bne.n	8780322e <strstr+0x56>
87803214:	4602      	mov	r2, r0
87803216:	f10e 0301 	add.w	r3, lr, #1
8780321a:	e005      	b.n	87803228 <strstr+0x50>
8780321c:	f813 4b01 	ldrb.w	r4, [r3], #1
87803220:	f812 5f01 	ldrb.w	r5, [r2, #1]!
87803224:	42a5      	cmp	r5, r4
87803226:	d102      	bne.n	8780322e <strstr+0x56>
87803228:	42b3      	cmp	r3, r6
8780322a:	d1f7      	bne.n	8780321c <strstr+0x44>
8780322c:	bdf0      	pop	{r4, r5, r6, r7, pc}
8780322e:	428f      	cmp	r7, r1
87803230:	f100 0001 	add.w	r0, r0, #1
87803234:	dae9      	bge.n	8780320a <strstr+0x32>
87803236:	2000      	movs	r0, #0
87803238:	bdf0      	pop	{r4, r5, r6, r7, pc}
8780323a:	bf00      	nop

8780323c <memchr>:
8780323c:	b410      	push	{r4}
8780323e:	b2c9      	uxtb	r1, r1
87803240:	4402      	add	r2, r0
87803242:	e004      	b.n	8780324e <memchr+0x12>
87803244:	f813 4b01 	ldrb.w	r4, [r3], #1
87803248:	428c      	cmp	r4, r1
8780324a:	d004      	beq.n	87803256 <memchr+0x1a>
8780324c:	4618      	mov	r0, r3
8780324e:	4290      	cmp	r0, r2
87803250:	4603      	mov	r3, r0
87803252:	d1f7      	bne.n	87803244 <memchr+0x8>
87803254:	2000      	movs	r0, #0
87803256:	f85d 4b04 	ldr.w	r4, [sp], #4
8780325a:	4770      	bx	lr

8780325c <number>:
8780325c:	e92d 4ff0 	stmdb	sp!, {r4, r5, r6, r7, r8, r9, sl, fp, lr}
87803260:	b0a7      	sub	sp, #156	; 0x9c
87803262:	460e      	mov	r6, r1
87803264:	9930      	ldr	r1, [sp, #192]	; 0xc0
87803266:	4604      	mov	r4, r0
87803268:	f8dd 80cc 	ldr.w	r8, [sp, #204]	; 0xcc
8780326c:	390a      	subs	r1, #10
8780326e:	bf18      	it	ne
87803270:	2101      	movne	r1, #1
87803272:	f008 0520 	and.w	r5, r8, #32
87803276:	ea01 1058 	and.w	r0, r1, r8, lsr #5
8780327a:	b2ed      	uxtb	r5, r5
8780327c:	9000      	str	r0, [sp, #0]
8780327e:	f018 0010 	ands.w	r0, r8, #16
87803282:	bf18      	it	ne
87803284:	f028 0801 	bicne.w	r8, r8, #1
87803288:	9006      	str	r0, [sp, #24]
8780328a:	f018 0002 	ands.w	r0, r8, #2
8780328e:	d011      	beq.n	878032b4 <number+0x58>
87803290:	2a00      	cmp	r2, #0
87803292:	f173 0000 	sbcs.w	r0, r3, #0
87803296:	f2c0 80e6 	blt.w	87803466 <number+0x20a>
8780329a:	f018 0f04 	tst.w	r8, #4
8780329e:	f040 80c7 	bne.w	87803430 <number+0x1d4>
878032a2:	f018 0008 	ands.w	r0, r8, #8
878032a6:	d005      	beq.n	878032b4 <number+0x58>
878032a8:	9831      	ldr	r0, [sp, #196]	; 0xc4
878032aa:	3801      	subs	r0, #1
878032ac:	9031      	str	r0, [sp, #196]	; 0xc4
878032ae:	2020      	movs	r0, #32
878032b0:	9001      	str	r0, [sp, #4]
878032b2:	e000      	b.n	878032b6 <number+0x5a>
878032b4:	9001      	str	r0, [sp, #4]
878032b6:	9800      	ldr	r0, [sp, #0]
878032b8:	b130      	cbz	r0, 878032c8 <number+0x6c>
878032ba:	9830      	ldr	r0, [sp, #192]	; 0xc0
878032bc:	2810      	cmp	r0, #16
878032be:	f000 80c6 	beq.w	8780344e <number+0x1f2>
878032c2:	9831      	ldr	r0, [sp, #196]	; 0xc4
878032c4:	3801      	subs	r0, #1
878032c6:	9031      	str	r0, [sp, #196]	; 0xc4
878032c8:	ea52 0003 	orrs.w	r0, r2, r3
878032cc:	d17c      	bne.n	878033c8 <number+0x16c>
878032ce:	2200      	movs	r2, #0
878032d0:	2701      	movs	r7, #1
878032d2:	2330      	movs	r3, #48	; 0x30
878032d4:	f88d 3034 	strb.w	r3, [sp, #52]	; 0x34
878032d8:	9b32      	ldr	r3, [sp, #200]	; 0xc8
878032da:	9931      	ldr	r1, [sp, #196]	; 0xc4
878032dc:	42bb      	cmp	r3, r7
878032de:	bfb8      	it	lt
878032e0:	463b      	movlt	r3, r7
878032e2:	f018 0f11 	tst.w	r8, #17
878032e6:	eba1 0003 	sub.w	r0, r1, r3
878032ea:	d110      	bne.n	8780330e <number+0xb2>
878032ec:	f1b0 0c01 	subs.w	ip, r0, #1
878032f0:	f100 81d0 	bmi.w	87803694 <number+0x438>
878032f4:	1821      	adds	r1, r4, r0
878032f6:	f04f 0e20 	mov.w	lr, #32
878032fa:	42a6      	cmp	r6, r4
878032fc:	f104 0401 	add.w	r4, r4, #1
87803300:	bf88      	it	hi
87803302:	f804 ec01 	strbhi.w	lr, [r4, #-1]
87803306:	428c      	cmp	r4, r1
87803308:	d1f7      	bne.n	878032fa <number+0x9e>
8780330a:	ebc0 000c 	rsb	r0, r0, ip
8780330e:	9901      	ldr	r1, [sp, #4]
87803310:	b139      	cbz	r1, 87803322 <number+0xc6>
87803312:	42b4      	cmp	r4, r6
87803314:	f104 0401 	add.w	r4, r4, #1
87803318:	bf3c      	itt	cc
8780331a:	f89d 1004 	ldrbcc.w	r1, [sp, #4]
8780331e:	f804 1c01 	strbcc.w	r1, [r4, #-1]
87803322:	9900      	ldr	r1, [sp, #0]
87803324:	b151      	cbz	r1, 8780333c <number+0xe0>
87803326:	42b4      	cmp	r4, r6
87803328:	f104 0e01 	add.w	lr, r4, #1
8780332c:	bf3c      	itt	cc
8780332e:	2130      	movcc	r1, #48	; 0x30
87803330:	7021      	strbcc	r1, [r4, #0]
87803332:	9930      	ldr	r1, [sp, #192]	; 0xc0
87803334:	2910      	cmp	r1, #16
87803336:	bf18      	it	ne
87803338:	4674      	movne	r4, lr
8780333a:	d07f      	beq.n	8780343c <number+0x1e0>
8780333c:	9906      	ldr	r1, [sp, #24]
8780333e:	b991      	cbnz	r1, 87803366 <number+0x10a>
87803340:	f018 0f01 	tst.w	r8, #1
87803344:	bf14      	ite	ne
87803346:	2130      	movne	r1, #48	; 0x30
87803348:	2120      	moveq	r1, #32
8780334a:	1e45      	subs	r5, r0, #1
8780334c:	f100 81a4 	bmi.w	87803698 <number+0x43c>
87803350:	4420      	add	r0, r4
87803352:	42a6      	cmp	r6, r4
87803354:	f104 0401 	add.w	r4, r4, #1
87803358:	bf88      	it	hi
8780335a:	f804 1c01 	strbhi.w	r1, [r4, #-1]
8780335e:	4284      	cmp	r4, r0
87803360:	d1f7      	bne.n	87803352 <number+0xf6>
87803362:	f04f 30ff 	mov.w	r0, #4294967295	; 0xffffffff
87803366:	429f      	cmp	r7, r3
87803368:	f280 8122 	bge.w	878035b0 <number+0x354>
8780336c:	1bdb      	subs	r3, r3, r7
8780336e:	2130      	movs	r1, #48	; 0x30
87803370:	4423      	add	r3, r4
87803372:	42a6      	cmp	r6, r4
87803374:	f104 0401 	add.w	r4, r4, #1
87803378:	bf88      	it	hi
8780337a:	f804 1c01 	strbhi.w	r1, [r4, #-1]
8780337e:	429c      	cmp	r4, r3
87803380:	d1f7      	bne.n	87803372 <number+0x116>
87803382:	2a00      	cmp	r2, #0
87803384:	f2c0 8110 	blt.w	878035a8 <number+0x34c>
87803388:	1c51      	adds	r1, r2, #1
8780338a:	ac0d      	add	r4, sp, #52	; 0x34
8780338c:	4422      	add	r2, r4
8780338e:	4419      	add	r1, r3
87803390:	429e      	cmp	r6, r3
87803392:	f103 0301 	add.w	r3, r3, #1
87803396:	bf88      	it	hi
87803398:	7814      	ldrbhi	r4, [r2, #0]
8780339a:	f102 32ff 	add.w	r2, r2, #4294967295	; 0xffffffff
8780339e:	bf88      	it	hi
878033a0:	f803 4c01 	strbhi.w	r4, [r3, #-1]
878033a4:	428b      	cmp	r3, r1
878033a6:	d1f3      	bne.n	87803390 <number+0x134>
878033a8:	2800      	cmp	r0, #0
878033aa:	f340 80ff 	ble.w	878035ac <number+0x350>
878033ae:	4408      	add	r0, r1
878033b0:	2320      	movs	r3, #32
878033b2:	428e      	cmp	r6, r1
878033b4:	f101 0101 	add.w	r1, r1, #1
878033b8:	bf88      	it	hi
878033ba:	f801 3c01 	strbhi.w	r3, [r1, #-1]
878033be:	4281      	cmp	r1, r0
878033c0:	d1f7      	bne.n	878033b2 <number+0x156>
878033c2:	b027      	add	sp, #156	; 0x9c
878033c4:	e8bd 8ff0 	ldmia.w	sp!, {r4, r5, r6, r7, r8, r9, sl, fp, pc}
878033c8:	2900      	cmp	r1, #0
878033ca:	d055      	beq.n	87803478 <number+0x21c>
878033cc:	9930      	ldr	r1, [sp, #192]	; 0xc0
878033ce:	2910      	cmp	r1, #16
878033d0:	f101 3eff 	add.w	lr, r1, #4294967295	; 0xffffffff
878033d4:	bf12      	itee	ne
878033d6:	f04f 0903 	movne.w	r9, #3
878033da:	f04f 0e0f 	moveq.w	lr, #15
878033de:	f04f 0904 	moveq.w	r9, #4
878033e2:	f249 2c78 	movw	ip, #37496	; 0x9278
878033e6:	f10d 0033 	add.w	r0, sp, #51	; 0x33
878033ea:	f2c8 7c80 	movt	ip, #34688	; 0x8780
878033ee:	2700      	movs	r7, #0
878033f0:	b2d1      	uxtb	r1, r2
878033f2:	f1c9 0a20 	rsb	sl, r9, #32
878033f6:	f1b9 0b20 	subs.w	fp, r9, #32
878033fa:	fa03 fa0a 	lsl.w	sl, r3, sl
878033fe:	ea01 010e 	and.w	r1, r1, lr
87803402:	fa22 f209 	lsr.w	r2, r2, r9
87803406:	f81c 1001 	ldrb.w	r1, [ip, r1]
8780340a:	bf58      	it	pl
8780340c:	fa43 fb0b 	asrpl.w	fp, r3, fp
87803410:	ea42 020a 	orr.w	r2, r2, sl
87803414:	fa43 f309 	asr.w	r3, r3, r9
87803418:	bf58      	it	pl
8780341a:	ea42 020b 	orrpl.w	r2, r2, fp
8780341e:	4329      	orrs	r1, r5
87803420:	3701      	adds	r7, #1
87803422:	f800 1f01 	strb.w	r1, [r0, #1]!
87803426:	ea52 0103 	orrs.w	r1, r2, r3
8780342a:	d1e1      	bne.n	878033f0 <number+0x194>
8780342c:	1e7a      	subs	r2, r7, #1
8780342e:	e753      	b.n	878032d8 <number+0x7c>
87803430:	9831      	ldr	r0, [sp, #196]	; 0xc4
87803432:	3801      	subs	r0, #1
87803434:	9031      	str	r0, [sp, #196]	; 0xc4
87803436:	202b      	movs	r0, #43	; 0x2b
87803438:	9001      	str	r0, [sp, #4]
8780343a:	e73c      	b.n	878032b6 <number+0x5a>
8780343c:	4576      	cmp	r6, lr
8780343e:	f104 0402 	add.w	r4, r4, #2
87803442:	bf84      	itt	hi
87803444:	f045 0558 	orrhi.w	r5, r5, #88	; 0x58
87803448:	f804 5c01 	strbhi.w	r5, [r4, #-1]
8780344c:	e776      	b.n	8780333c <number+0xe0>
8780344e:	9931      	ldr	r1, [sp, #196]	; 0xc4
87803450:	3902      	subs	r1, #2
87803452:	9131      	str	r1, [sp, #196]	; 0xc4
87803454:	ea52 0103 	orrs.w	r1, r2, r3
87803458:	bf1c      	itt	ne
8780345a:	f04f 0e0f 	movne.w	lr, #15
8780345e:	f04f 0904 	movne.w	r9, #4
87803462:	d1be      	bne.n	878033e2 <number+0x186>
87803464:	e733      	b.n	878032ce <number+0x72>
87803466:	9831      	ldr	r0, [sp, #196]	; 0xc4
87803468:	4252      	negs	r2, r2
8780346a:	eb63 0343 	sbc.w	r3, r3, r3, lsl #1
8780346e:	3801      	subs	r0, #1
87803470:	9031      	str	r0, [sp, #196]	; 0xc4
87803472:	202d      	movs	r0, #45	; 0x2d
87803474:	9001      	str	r0, [sp, #4]
87803476:	e71e      	b.n	878032b6 <number+0x5a>
87803478:	4610      	mov	r0, r2
8780347a:	4619      	mov	r1, r3
8780347c:	f248 629f 	movw	r2, #34463	; 0x869f
87803480:	2300      	movs	r3, #0
87803482:	f2c0 0201 	movt	r2, #1
87803486:	428b      	cmp	r3, r1
87803488:	bf08      	it	eq
8780348a:	4282      	cmpeq	r2, r0
8780348c:	e9cd 0104 	strd	r0, r1, [sp, #16]
87803490:	e9cd 010a 	strd	r0, r1, [sp, #40]	; 0x28
87803494:	f080 8102 	bcs.w	8780369c <number+0x440>
87803498:	f248 61a0 	movw	r1, #34464	; 0x86a0
8780349c:	f645 20c5 	movw	r0, #23237	; 0x5ac5
878034a0:	f2c0 0101 	movt	r1, #1
878034a4:	f6c0 207c 	movt	r0, #2684	; 0xa7c
878034a8:	9507      	str	r5, [sp, #28]
878034aa:	f10d 0939 	add.w	r9, sp, #57	; 0x39
878034ae:	9609      	str	r6, [sp, #36]	; 0x24
878034b0:	4605      	mov	r5, r0
878034b2:	f8cd 80cc 	str.w	r8, [sp, #204]	; 0xcc
878034b6:	4688      	mov	r8, r1
878034b8:	e9cd 2302 	strd	r2, r3, [sp, #8]
878034bc:	9408      	str	r4, [sp, #32]
878034be:	e9dd 6704 	ldrd	r6, r7, [sp, #16]
878034c2:	e05f      	b.n	87803584 <number+0x328>
878034c4:	09d8      	lsrs	r0, r3, #7
878034c6:	2700      	movs	r7, #0
878034c8:	4603      	mov	r3, r0
878034ca:	fb08 6010 	mls	r0, r8, r0, r6
878034ce:	461e      	mov	r6, r3
878034d0:	e9cd 670a 	strd	r6, r7, [sp, #40]	; 0x28
878034d4:	f3c0 1a03 	ubfx	sl, r0, #4, #4
878034d8:	f3c0 2303 	ubfx	r3, r0, #8, #4
878034dc:	0b02      	lsrs	r2, r0, #12
878034de:	eb0a 0103 	add.w	r1, sl, r3
878034e2:	f000 0e0f 	and.w	lr, r0, #15
878034e6:	eb03 0c83 	add.w	ip, r3, r3, lsl #2
878034ea:	4411      	add	r1, r2
878034ec:	eb02 00c2 	add.w	r0, r2, r2, lsl #3
878034f0:	00cc      	lsls	r4, r1, #3
878034f2:	46cb      	mov	fp, r9
878034f4:	4450      	add	r0, sl
878034f6:	eba4 0141 	sub.w	r1, r4, r1, lsl #1
878034fa:	24cd      	movs	r4, #205	; 0xcd
878034fc:	4460      	add	r0, ip
878034fe:	4471      	add	r1, lr
87803500:	f109 0905 	add.w	r9, r9, #5
87803504:	fb04 fa01 	mul.w	sl, r4, r1
87803508:	ea4f 2ada 	mov.w	sl, sl, lsr #11
8780350c:	4450      	add	r0, sl
8780350e:	ea4f 0eca 	mov.w	lr, sl, lsl #3
87803512:	fb04 fc00 	mul.w	ip, r4, r0
87803516:	eb0e 0e4a 	add.w	lr, lr, sl, lsl #1
8780351a:	ebce 0101 	rsb	r1, lr, r1
8780351e:	ea4f 2cdc 	mov.w	ip, ip, lsr #11
87803522:	3130      	adds	r1, #48	; 0x30
87803524:	f809 1c0a 	strb.w	r1, [r9, #-10]
87803528:	eb0c 0343 	add.w	r3, ip, r3, lsl #1
8780352c:	ea4f 0ecc 	mov.w	lr, ip, lsl #3
87803530:	0119      	lsls	r1, r3, #4
87803532:	eb0e 0c4c 	add.w	ip, lr, ip, lsl #1
87803536:	eba1 0183 	sub.w	r1, r1, r3, lsl #2
8780353a:	ebcc 0c00 	rsb	ip, ip, r0
8780353e:	f10c 0030 	add.w	r0, ip, #48	; 0x30
87803542:	4419      	add	r1, r3
87803544:	f809 0c09 	strb.w	r0, [r9, #-9]
87803548:	09c9      	lsrs	r1, r1, #7
8780354a:	eb01 0282 	add.w	r2, r1, r2, lsl #2
8780354e:	00c8      	lsls	r0, r1, #3
87803550:	fb04 f402 	mul.w	r4, r4, r2
87803554:	eb00 0141 	add.w	r1, r0, r1, lsl #1
87803558:	1a5b      	subs	r3, r3, r1
8780355a:	3330      	adds	r3, #48	; 0x30
8780355c:	0ae4      	lsrs	r4, r4, #11
8780355e:	f809 3c08 	strb.w	r3, [r9, #-8]
87803562:	00e3      	lsls	r3, r4, #3
87803564:	f104 0130 	add.w	r1, r4, #48	; 0x30
87803568:	f809 1c06 	strb.w	r1, [r9, #-6]
8780356c:	eb03 0444 	add.w	r4, r3, r4, lsl #1
87803570:	1b12      	subs	r2, r2, r4
87803572:	e9dd 3402 	ldrd	r3, r4, [sp, #8]
87803576:	3230      	adds	r2, #48	; 0x30
87803578:	f809 2c07 	strb.w	r2, [r9, #-7]
8780357c:	42bc      	cmp	r4, r7
8780357e:	bf08      	it	eq
87803580:	42b3      	cmpeq	r3, r6
87803582:	d217      	bcs.n	878035b4 <number+0x358>
87803584:	0038      	movs	r0, r7
87803586:	2100      	movs	r1, #0
87803588:	0972      	lsrs	r2, r6, #5
8780358a:	ea50 0301 	orrs.w	r3, r0, r1
8780358e:	fba2 2305 	umull	r2, r3, r2, r5
87803592:	d097      	beq.n	878034c4 <number+0x268>
87803594:	f248 61a0 	movw	r1, #34464	; 0x86a0
87803598:	a80a      	add	r0, sp, #40	; 0x28
8780359a:	f2c0 0101 	movt	r1, #1
8780359e:	f7ff fb57 	bl	87802c50 <__div64_32>
878035a2:	e9dd 670a 	ldrd	r6, r7, [sp, #40]	; 0x28
878035a6:	e795      	b.n	878034d4 <number+0x278>
878035a8:	4619      	mov	r1, r3
878035aa:	e6fd      	b.n	878033a8 <number+0x14c>
878035ac:	4608      	mov	r0, r1
878035ae:	e708      	b.n	878033c2 <number+0x166>
878035b0:	4623      	mov	r3, r4
878035b2:	e6e6      	b.n	87803382 <number+0x126>
878035b4:	e9cd 6704 	strd	r6, r7, [sp, #16]
878035b8:	f10d 0e34 	add.w	lr, sp, #52	; 0x34
878035bc:	9d07      	ldr	r5, [sp, #28]
878035be:	9c08      	ldr	r4, [sp, #32]
878035c0:	9e09      	ldr	r6, [sp, #36]	; 0x24
878035c2:	f8dd 80cc 	ldr.w	r8, [sp, #204]	; 0xcc
878035c6:	e9dd 0104 	ldrd	r0, r1, [sp, #16]
878035ca:	f04f 0acd 	mov.w	sl, #205	; 0xcd
878035ce:	f3c0 1303 	ubfx	r3, r0, #4, #4
878035d2:	f3c0 2903 	ubfx	r9, r0, #8, #4
878035d6:	ea4f 3c10 	mov.w	ip, r0, lsr #12
878035da:	eb03 0209 	add.w	r2, r3, r9
878035de:	f000 010f 	and.w	r1, r0, #15
878035e2:	eb09 0789 	add.w	r7, r9, r9, lsl #2
878035e6:	4462      	add	r2, ip
878035e8:	9102      	str	r1, [sp, #8]
878035ea:	00d1      	lsls	r1, r2, #3
878035ec:	eb0c 00cc 	add.w	r0, ip, ip, lsl #3
878035f0:	eba1 0142 	sub.w	r1, r1, r2, lsl #1
878035f4:	9a02      	ldr	r2, [sp, #8]
878035f6:	4403      	add	r3, r0
878035f8:	443b      	add	r3, r7
878035fa:	4411      	add	r1, r2
878035fc:	fb0a f201 	mul.w	r2, sl, r1
87803600:	0ad2      	lsrs	r2, r2, #11
87803602:	00d0      	lsls	r0, r2, #3
87803604:	eb00 0042 	add.w	r0, r0, r2, lsl #1
87803608:	189a      	adds	r2, r3, r2
8780360a:	bf08      	it	eq
8780360c:	f10b 0701 	addeq.w	r7, fp, #1
87803610:	eba1 0100 	sub.w	r1, r1, r0
87803614:	f101 0130 	add.w	r1, r1, #48	; 0x30
87803618:	f88b 1000 	strb.w	r1, [fp]
8780361c:	d037      	beq.n	8780368e <number+0x432>
8780361e:	fb0a f102 	mul.w	r1, sl, r2
87803622:	0ac9      	lsrs	r1, r1, #11
87803624:	00c8      	lsls	r0, r1, #3
87803626:	eb01 0349 	add.w	r3, r1, r9, lsl #1
8780362a:	eb00 0141 	add.w	r1, r0, r1, lsl #1
8780362e:	1a52      	subs	r2, r2, r1
87803630:	3230      	adds	r2, #48	; 0x30
87803632:	f88b 2001 	strb.w	r2, [fp, #1]
87803636:	ea53 020c 	orrs.w	r2, r3, ip
8780363a:	bf08      	it	eq
8780363c:	f10b 0702 	addeq.w	r7, fp, #2
87803640:	d025      	beq.n	8780368e <number+0x432>
87803642:	011a      	lsls	r2, r3, #4
87803644:	eba2 0283 	sub.w	r2, r2, r3, lsl #2
87803648:	441a      	add	r2, r3
8780364a:	09d2      	lsrs	r2, r2, #7
8780364c:	00d1      	lsls	r1, r2, #3
8780364e:	eb01 0142 	add.w	r1, r1, r2, lsl #1
87803652:	eb12 028c 	adds.w	r2, r2, ip, lsl #2
87803656:	eba3 0301 	sub.w	r3, r3, r1
8780365a:	bf08      	it	eq
8780365c:	f10b 0703 	addeq.w	r7, fp, #3
87803660:	f103 0330 	add.w	r3, r3, #48	; 0x30
87803664:	f88b 3002 	strb.w	r3, [fp, #2]
87803668:	d011      	beq.n	8780368e <number+0x432>
8780366a:	fb0a f302 	mul.w	r3, sl, r2
8780366e:	f10b 0704 	add.w	r7, fp, #4
87803672:	0adb      	lsrs	r3, r3, #11
87803674:	00d9      	lsls	r1, r3, #3
87803676:	eb01 0143 	add.w	r1, r1, r3, lsl #1
8780367a:	1a52      	subs	r2, r2, r1
8780367c:	3230      	adds	r2, #48	; 0x30
8780367e:	f88b 2003 	strb.w	r2, [fp, #3]
87803682:	b123      	cbz	r3, 8780368e <number+0x432>
87803684:	f10b 0705 	add.w	r7, fp, #5
87803688:	3330      	adds	r3, #48	; 0x30
8780368a:	f88b 3004 	strb.w	r3, [fp, #4]
8780368e:	ebce 0707 	rsb	r7, lr, r7
87803692:	e6cb      	b.n	8780342c <number+0x1d0>
87803694:	4660      	mov	r0, ip
87803696:	e63a      	b.n	8780330e <number+0xb2>
87803698:	4628      	mov	r0, r5
8780369a:	e664      	b.n	87803366 <number+0x10a>
8780369c:	f10d 0e34 	add.w	lr, sp, #52	; 0x34
878036a0:	46f3      	mov	fp, lr
878036a2:	e790      	b.n	878035c6 <number+0x36a>

878036a4 <simple_strtoul>:
878036a4:	b5f0      	push	{r4, r5, r6, r7, lr}
878036a6:	4606      	mov	r6, r0
878036a8:	b96a      	cbnz	r2, 878036c6 <simple_strtoul+0x22>
878036aa:	7804      	ldrb	r4, [r0, #0]
878036ac:	2c30      	cmp	r4, #48	; 0x30
878036ae:	d043      	beq.n	87803738 <simple_strtoul+0x94>
878036b0:	f249 27c4 	movw	r7, #37572	; 0x92c4
878036b4:	4623      	mov	r3, r4
878036b6:	f2c8 7780 	movt	r7, #34688	; 0x8780
878036ba:	220a      	movs	r2, #10
878036bc:	f817 e004 	ldrb.w	lr, [r7, r4]
878036c0:	f00e 0544 	and.w	r5, lr, #68	; 0x44
878036c4:	e00b      	b.n	878036de <simple_strtoul+0x3a>
878036c6:	2a10      	cmp	r2, #16
878036c8:	d029      	beq.n	8780371e <simple_strtoul+0x7a>
878036ca:	7803      	ldrb	r3, [r0, #0]
878036cc:	f249 27c4 	movw	r7, #37572	; 0x92c4
878036d0:	f2c8 7780 	movt	r7, #34688	; 0x8780
878036d4:	f817 e003 	ldrb.w	lr, [r7, r3]
878036d8:	461c      	mov	r4, r3
878036da:	f00e 0544 	and.w	r5, lr, #68	; 0x44
878036de:	4628      	mov	r0, r5
878036e0:	b1d5      	cbz	r5, 87803718 <simple_strtoul+0x74>
878036e2:	2000      	movs	r0, #0
878036e4:	e009      	b.n	878036fa <simple_strtoul+0x56>
878036e6:	f816 3f01 	ldrb.w	r3, [r6, #1]!
878036ea:	fb02 4000 	mla	r0, r2, r0, r4
878036ee:	f817 e003 	ldrb.w	lr, [r7, r3]
878036f2:	461c      	mov	r4, r3
878036f4:	f01e 0f44 	tst.w	lr, #68	; 0x44
878036f8:	d00e      	beq.n	87803718 <simple_strtoul+0x74>
878036fa:	f01e 0f04 	tst.w	lr, #4
878036fe:	f1a4 0430 	sub.w	r4, r4, #48	; 0x30
87803702:	d107      	bne.n	87803714 <simple_strtoul+0x70>
87803704:	f1a3 0420 	sub.w	r4, r3, #32
87803708:	f01e 0f02 	tst.w	lr, #2
8780370c:	bf18      	it	ne
8780370e:	b2e3      	uxtbne	r3, r4
87803710:	f1a3 0437 	sub.w	r4, r3, #55	; 0x37
87803714:	4294      	cmp	r4, r2
87803716:	d3e6      	bcc.n	878036e6 <simple_strtoul+0x42>
87803718:	b101      	cbz	r1, 8780371c <simple_strtoul+0x78>
8780371a:	600e      	str	r6, [r1, #0]
8780371c:	bdf0      	pop	{r4, r5, r6, r7, pc}
8780371e:	7804      	ldrb	r4, [r0, #0]
87803720:	2c30      	cmp	r4, #48	; 0x30
87803722:	d020      	beq.n	87803766 <simple_strtoul+0xc2>
87803724:	f249 27c4 	movw	r7, #37572	; 0x92c4
87803728:	4623      	mov	r3, r4
8780372a:	f2c8 7780 	movt	r7, #34688	; 0x8780
8780372e:	f817 e004 	ldrb.w	lr, [r7, r4]
87803732:	f00e 0544 	and.w	r5, lr, #68	; 0x44
87803736:	e7d2      	b.n	878036de <simple_strtoul+0x3a>
87803738:	7843      	ldrb	r3, [r0, #1]
8780373a:	f249 27c4 	movw	r7, #37572	; 0x92c4
8780373e:	f2c8 7780 	movt	r7, #34688	; 0x8780
87803742:	3001      	adds	r0, #1
87803744:	f817 e003 	ldrb.w	lr, [r7, r3]
87803748:	461c      	mov	r4, r3
8780374a:	f01e 0f02 	tst.w	lr, #2
8780374e:	bf16      	itet	ne
87803750:	f1a3 0220 	subne.w	r2, r3, #32
87803754:	461a      	moveq	r2, r3
87803756:	b2d2      	uxtbne	r2, r2
87803758:	2a58      	cmp	r2, #88	; 0x58
8780375a:	d01d      	beq.n	87803798 <simple_strtoul+0xf4>
8780375c:	4606      	mov	r6, r0
8780375e:	f00e 0544 	and.w	r5, lr, #68	; 0x44
87803762:	2208      	movs	r2, #8
87803764:	e7bb      	b.n	878036de <simple_strtoul+0x3a>
87803766:	7843      	ldrb	r3, [r0, #1]
87803768:	f249 27c4 	movw	r7, #37572	; 0x92c4
8780376c:	f2c8 7780 	movt	r7, #34688	; 0x8780
87803770:	5cf8      	ldrb	r0, [r7, r3]
87803772:	0780      	lsls	r0, r0, #30
87803774:	bf44      	itt	mi
87803776:	3b20      	submi	r3, #32
87803778:	b2db      	uxtbmi	r3, r3
8780377a:	2b58      	cmp	r3, #88	; 0x58
8780377c:	bf0f      	iteee	eq
8780377e:	78b3      	ldrbeq	r3, [r6, #2]
87803780:	2430      	movne	r4, #48	; 0x30
87803782:	f897 e030 	ldrbne.w	lr, [r7, #48]	; 0x30
87803786:	4623      	movne	r3, r4
87803788:	bf02      	ittt	eq
8780378a:	3602      	addeq	r6, #2
8780378c:	f817 e003 	ldrbeq.w	lr, [r7, r3]
87803790:	461c      	moveq	r4, r3
87803792:	f00e 0544 	and.w	r5, lr, #68	; 0x44
87803796:	e7a2      	b.n	878036de <simple_strtoul+0x3a>
87803798:	78b5      	ldrb	r5, [r6, #2]
8780379a:	5d7a      	ldrb	r2, [r7, r5]
8780379c:	f012 0f44 	tst.w	r2, #68	; 0x44
878037a0:	d0dc      	beq.n	8780375c <simple_strtoul+0xb8>
878037a2:	4696      	mov	lr, r2
878037a4:	462c      	mov	r4, r5
878037a6:	3602      	adds	r6, #2
878037a8:	462b      	mov	r3, r5
878037aa:	2210      	movs	r2, #16
878037ac:	e799      	b.n	878036e2 <simple_strtoul+0x3e>
878037ae:	bf00      	nop

878037b0 <simple_strtol>:
878037b0:	b510      	push	{r4, lr}
878037b2:	7804      	ldrb	r4, [r0, #0]
878037b4:	2c2d      	cmp	r4, #45	; 0x2d
878037b6:	d003      	beq.n	878037c0 <simple_strtol+0x10>
878037b8:	e8bd 4010 	ldmia.w	sp!, {r4, lr}
878037bc:	f7ff bf72 	b.w	878036a4 <simple_strtoul>
878037c0:	3001      	adds	r0, #1
878037c2:	f7ff ff6f 	bl	878036a4 <simple_strtoul>
878037c6:	4240      	negs	r0, r0
878037c8:	bd10      	pop	{r4, pc}
878037ca:	bf00      	nop

878037cc <simple_strtoull>:
878037cc:	e92d 4ff0 	stmdb	sp!, {r4, r5, r6, r7, r8, r9, sl, fp, lr}
878037d0:	4684      	mov	ip, r0
878037d2:	468a      	mov	sl, r1
878037d4:	4616      	mov	r6, r2
878037d6:	2a00      	cmp	r2, #0
878037d8:	d13f      	bne.n	8780385a <simple_strtoull+0x8e>
878037da:	7802      	ldrb	r2, [r0, #0]
878037dc:	2a30      	cmp	r2, #48	; 0x30
878037de:	d056      	beq.n	8780388e <simple_strtoull+0xc2>
878037e0:	f249 2bc4 	movw	fp, #37572	; 0x92c4
878037e4:	4613      	mov	r3, r2
878037e6:	f2c8 7b80 	movt	fp, #34688	; 0x8780
878037ea:	260a      	movs	r6, #10
878037ec:	f81b e002 	ldrb.w	lr, [fp, r2]
878037f0:	f00e 0144 	and.w	r1, lr, #68	; 0x44
878037f4:	2900      	cmp	r1, #0
878037f6:	d061      	beq.n	878038bc <simple_strtoull+0xf0>
878037f8:	2700      	movs	r7, #0
878037fa:	2000      	movs	r0, #0
878037fc:	2100      	movs	r1, #0
878037fe:	e00e      	b.n	8780381e <simple_strtoull+0x52>
87803800:	fb06 3101 	mla	r1, r6, r1, r3
87803804:	f81c 3f01 	ldrb.w	r3, [ip, #1]!
87803808:	eb14 0008 	adds.w	r0, r4, r8
8780380c:	f81b e003 	ldrb.w	lr, [fp, r3]
87803810:	461a      	mov	r2, r3
87803812:	4489      	add	r9, r1
87803814:	eb45 0109 	adc.w	r1, r5, r9
87803818:	f01e 0f44 	tst.w	lr, #68	; 0x44
8780381c:	d016      	beq.n	8780384c <simple_strtoull+0x80>
8780381e:	f01e 0f04 	tst.w	lr, #4
87803822:	f1a2 0430 	sub.w	r4, r2, #48	; 0x30
87803826:	d108      	bne.n	8780383a <simple_strtoull+0x6e>
87803828:	3b20      	subs	r3, #32
8780382a:	f01e 0f02 	tst.w	lr, #2
8780382e:	b2db      	uxtb	r3, r3
87803830:	f1a2 0437 	sub.w	r4, r2, #55	; 0x37
87803834:	bf18      	it	ne
87803836:	f1a3 0437 	subne.w	r4, r3, #55	; 0x37
8780383a:	17e5      	asrs	r5, r4, #31
8780383c:	fb00 f307 	mul.w	r3, r0, r7
87803840:	42bd      	cmp	r5, r7
87803842:	fba0 8906 	umull	r8, r9, r0, r6
87803846:	bf08      	it	eq
87803848:	42b4      	cmpeq	r4, r6
8780384a:	d3d9      	bcc.n	87803800 <simple_strtoull+0x34>
8780384c:	f1ba 0f00 	cmp.w	sl, #0
87803850:	d001      	beq.n	87803856 <simple_strtoull+0x8a>
87803852:	f8ca c000 	str.w	ip, [sl]
87803856:	e8bd 8ff0 	ldmia.w	sp!, {r4, r5, r6, r7, r8, r9, sl, fp, pc}
8780385a:	2a10      	cmp	r2, #16
8780385c:	d00a      	beq.n	87803874 <simple_strtoull+0xa8>
8780385e:	7803      	ldrb	r3, [r0, #0]
87803860:	f249 2bc4 	movw	fp, #37572	; 0x92c4
87803864:	f2c8 7b80 	movt	fp, #34688	; 0x8780
87803868:	f81b e003 	ldrb.w	lr, [fp, r3]
8780386c:	461a      	mov	r2, r3
8780386e:	f00e 0144 	and.w	r1, lr, #68	; 0x44
87803872:	e7bf      	b.n	878037f4 <simple_strtoull+0x28>
87803874:	7802      	ldrb	r2, [r0, #0]
87803876:	2a30      	cmp	r2, #48	; 0x30
87803878:	d031      	beq.n	878038de <simple_strtoull+0x112>
8780387a:	f249 2bc4 	movw	fp, #37572	; 0x92c4
8780387e:	4613      	mov	r3, r2
87803880:	f2c8 7b80 	movt	fp, #34688	; 0x8780
87803884:	f81b e002 	ldrb.w	lr, [fp, r2]
87803888:	f00e 0144 	and.w	r1, lr, #68	; 0x44
8780388c:	e7b2      	b.n	878037f4 <simple_strtoull+0x28>
8780388e:	7843      	ldrb	r3, [r0, #1]
87803890:	f249 2bc4 	movw	fp, #37572	; 0x92c4
87803894:	f2c8 7b80 	movt	fp, #34688	; 0x8780
87803898:	3001      	adds	r0, #1
8780389a:	f81b e003 	ldrb.w	lr, [fp, r3]
8780389e:	461a      	mov	r2, r3
878038a0:	f01e 0f02 	tst.w	lr, #2
878038a4:	bf16      	itet	ne
878038a6:	f1a3 0120 	subne.w	r1, r3, #32
878038aa:	4619      	moveq	r1, r3
878038ac:	b2c9      	uxtbne	r1, r1
878038ae:	2958      	cmp	r1, #88	; 0x58
878038b0:	d007      	beq.n	878038c2 <simple_strtoull+0xf6>
878038b2:	4684      	mov	ip, r0
878038b4:	f00e 0144 	and.w	r1, lr, #68	; 0x44
878038b8:	2608      	movs	r6, #8
878038ba:	e79b      	b.n	878037f4 <simple_strtoull+0x28>
878038bc:	2000      	movs	r0, #0
878038be:	2100      	movs	r1, #0
878038c0:	e7c4      	b.n	8780384c <simple_strtoull+0x80>
878038c2:	f89c 4002 	ldrb.w	r4, [ip, #2]
878038c6:	f81b 1004 	ldrb.w	r1, [fp, r4]
878038ca:	f011 0f44 	tst.w	r1, #68	; 0x44
878038ce:	d0f0      	beq.n	878038b2 <simple_strtoull+0xe6>
878038d0:	4622      	mov	r2, r4
878038d2:	f10c 0c02 	add.w	ip, ip, #2
878038d6:	468e      	mov	lr, r1
878038d8:	4623      	mov	r3, r4
878038da:	2610      	movs	r6, #16
878038dc:	e78c      	b.n	878037f8 <simple_strtoull+0x2c>
878038de:	7843      	ldrb	r3, [r0, #1]
878038e0:	f249 2bc4 	movw	fp, #37572	; 0x92c4
878038e4:	f2c8 7b80 	movt	fp, #34688	; 0x8780
878038e8:	f81b 2003 	ldrb.w	r2, [fp, r3]
878038ec:	0792      	lsls	r2, r2, #30
878038ee:	bf44      	itt	mi
878038f0:	3b20      	submi	r3, #32
878038f2:	b2db      	uxtbmi	r3, r3
878038f4:	2b58      	cmp	r3, #88	; 0x58
878038f6:	bf0f      	iteee	eq
878038f8:	7883      	ldrbeq	r3, [r0, #2]
878038fa:	2230      	movne	r2, #48	; 0x30
878038fc:	f89b e030 	ldrbne.w	lr, [fp, #48]	; 0x30
87803900:	4613      	movne	r3, r2
87803902:	bf02      	ittt	eq
87803904:	f100 0c02 	addeq.w	ip, r0, #2
87803908:	f81b e003 	ldrbeq.w	lr, [fp, r3]
8780390c:	461a      	moveq	r2, r3
8780390e:	f00e 0144 	and.w	r1, lr, #68	; 0x44
87803912:	e76f      	b.n	878037f4 <simple_strtoull+0x28>

87803914 <simple_strtoll>:
87803914:	b510      	push	{r4, lr}
87803916:	7804      	ldrb	r4, [r0, #0]
87803918:	2c2d      	cmp	r4, #45	; 0x2d
8780391a:	d003      	beq.n	87803924 <simple_strtoll+0x10>
8780391c:	e8bd 4010 	ldmia.w	sp!, {r4, lr}
87803920:	f7ff bf54 	b.w	878037cc <simple_strtoull>
87803924:	3001      	adds	r0, #1
87803926:	f7ff ff51 	bl	878037cc <simple_strtoull>
8780392a:	4240      	negs	r0, r0
8780392c:	eb61 0141 	sbc.w	r1, r1, r1, lsl #1
87803930:	bd10      	pop	{r4, pc}
87803932:	bf00      	nop

87803934 <vsnprintf>:
87803934:	e92d 4ff0 	stmdb	sp!, {r4, r5, r6, r7, r8, r9, sl, fp, lr}
87803938:	f1b1 0a00 	subs.w	sl, r1, #0
8780393c:	b089      	sub	sp, #36	; 0x24
8780393e:	f2c0 82fc 	blt.w	87803f3a <vsnprintf+0x606>
87803942:	f10a 37ff 	add.w	r7, sl, #4294967295	; 0xffffffff
87803946:	4699      	mov	r9, r3
87803948:	4407      	add	r7, r0
8780394a:	1e43      	subs	r3, r0, #1
8780394c:	429f      	cmp	r7, r3
8780394e:	4604      	mov	r4, r0
87803950:	4616      	mov	r6, r2
87803952:	7810      	ldrb	r0, [r2, #0]
87803954:	f0c0 81c4 	bcc.w	87803ce0 <vsnprintf+0x3ac>
87803958:	2800      	cmp	r0, #0
8780395a:	f000 82f9 	beq.w	87803f50 <vsnprintf+0x61c>
8780395e:	9405      	str	r4, [sp, #20]
87803960:	f249 28c4 	movw	r8, #37572	; 0x92c4
87803964:	f249 2b88 	movw	fp, #37512	; 0x9288
87803968:	f2c8 7880 	movt	r8, #34688	; 0x8780
8780396c:	f2c8 7b80 	movt	fp, #34688	; 0x8780
87803970:	e008      	b.n	87803984 <vsnprintf+0x50>
87803972:	42a7      	cmp	r7, r4
87803974:	bf28      	it	cs
87803976:	7020      	strbcs	r0, [r4, #0]
87803978:	7870      	ldrb	r0, [r6, #1]
8780397a:	3401      	adds	r4, #1
8780397c:	3601      	adds	r6, #1
8780397e:	2800      	cmp	r0, #0
87803980:	f000 813f 	beq.w	87803c02 <vsnprintf+0x2ce>
87803984:	2825      	cmp	r0, #37	; 0x25
87803986:	bf08      	it	eq
87803988:	2300      	moveq	r3, #0
8780398a:	d1f2      	bne.n	87803972 <vsnprintf+0x3e>
8780398c:	7875      	ldrb	r5, [r6, #1]
8780398e:	1c70      	adds	r0, r6, #1
87803990:	f1a5 0220 	sub.w	r2, r5, #32
87803994:	2a10      	cmp	r2, #16
87803996:	d81e      	bhi.n	878039d6 <vsnprintf+0xa2>
87803998:	e8df f002 	tbb	[pc, r2]
8780399c:	151d1d19 	ldrne	r1, [sp, #-3353]	; 0xd19
878039a0:	1d1d1d1d 	ldcne	13, cr1, [sp, #-116]	; 0xffffff8c
878039a4:	111d1d1d 	tstne	sp, sp, lsl sp
878039a8:	1d1d0d1d 	ldcne	13, cr0, [sp, #-116]	; 0xffffff8c
878039ac:	f0430009 			; <UNDEFINED> instruction: 0xf0430009
878039b0:	0301      	lsls	r1, r0, #12
878039b2:	4606      	mov	r6, r0
878039b4:	e7ea      	b.n	8780398c <vsnprintf+0x58>
878039b6:	f043 0310 	orr.w	r3, r3, #16
878039ba:	4606      	mov	r6, r0
878039bc:	e7e6      	b.n	8780398c <vsnprintf+0x58>
878039be:	f043 0304 	orr.w	r3, r3, #4
878039c2:	4606      	mov	r6, r0
878039c4:	e7e2      	b.n	8780398c <vsnprintf+0x58>
878039c6:	f043 0320 	orr.w	r3, r3, #32
878039ca:	4606      	mov	r6, r0
878039cc:	e7de      	b.n	8780398c <vsnprintf+0x58>
878039ce:	f043 0308 	orr.w	r3, r3, #8
878039d2:	4606      	mov	r6, r0
878039d4:	e7da      	b.n	8780398c <vsnprintf+0x58>
878039d6:	f818 2005 	ldrb.w	r2, [r8, r5]
878039da:	4629      	mov	r1, r5
878039dc:	0752      	lsls	r2, r2, #29
878039de:	f140 80dc 	bpl.w	87803b9a <vsnprintf+0x266>
878039e2:	2500      	movs	r5, #0
878039e4:	00ea      	lsls	r2, r5, #3
878039e6:	eb02 0545 	add.w	r5, r2, r5, lsl #1
878039ea:	440d      	add	r5, r1
878039ec:	f810 1f01 	ldrb.w	r1, [r0, #1]!
878039f0:	3d30      	subs	r5, #48	; 0x30
878039f2:	f818 2001 	ldrb.w	r2, [r8, r1]
878039f6:	0752      	lsls	r2, r2, #29
878039f8:	d4f4      	bmi.n	878039e4 <vsnprintf+0xb0>
878039fa:	292e      	cmp	r1, #46	; 0x2e
878039fc:	bf18      	it	ne
878039fe:	f04f 3eff 	movne.w	lr, #4294967295	; 0xffffffff
87803a02:	f000 80e2 	beq.w	87803bca <vsnprintf+0x296>
87803a06:	f001 02df 	and.w	r2, r1, #223	; 0xdf
87803a0a:	2a5a      	cmp	r2, #90	; 0x5a
87803a0c:	bf18      	it	ne
87803a0e:	2a4c      	cmpne	r2, #76	; 0x4c
87803a10:	bf0c      	ite	eq
87803a12:	2201      	moveq	r2, #1
87803a14:	2200      	movne	r2, #0
87803a16:	2968      	cmp	r1, #104	; 0x68
87803a18:	bf08      	it	eq
87803a1a:	f042 0201 	orreq.w	r2, r2, #1
87803a1e:	2a00      	cmp	r2, #0
87803a20:	d15b      	bne.n	87803ada <vsnprintf+0x1a6>
87803a22:	f04f 32ff 	mov.w	r2, #4294967295	; 0xffffffff
87803a26:	3925      	subs	r1, #37	; 0x25
87803a28:	2953      	cmp	r1, #83	; 0x53
87803a2a:	f200 823c 	bhi.w	87803ea6 <vsnprintf+0x572>
87803a2e:	e8df f011 	tbh	[pc, r1, lsl #1]
87803a32:	023a01ec 	eorseq	r0, sl, #236, 2	; 0x3b
87803a36:	023a023a 	eorseq	r0, sl, #-1610612733	; 0xa0000003
87803a3a:	023a023a 	eorseq	r0, sl, #-1610612733	; 0xa0000003
87803a3e:	023a023a 	eorseq	r0, sl, #-1610612733	; 0xa0000003
87803a42:	023a023a 	eorseq	r0, sl, #-1610612733	; 0xa0000003
87803a46:	023a023a 	eorseq	r0, sl, #-1610612733	; 0xa0000003
87803a4a:	023a023a 	eorseq	r0, sl, #-1610612733	; 0xa0000003
87803a4e:	023a023a 	eorseq	r0, sl, #-1610612733	; 0xa0000003
87803a52:	023a023a 	eorseq	r0, sl, #-1610612733	; 0xa0000003
87803a56:	023a023a 	eorseq	r0, sl, #-1610612733	; 0xa0000003
87803a5a:	023a023a 	eorseq	r0, sl, #-1610612733	; 0xa0000003
87803a5e:	023a023a 	eorseq	r0, sl, #-1610612733	; 0xa0000003
87803a62:	023a023a 	eorseq	r0, sl, #-1610612733	; 0xa0000003
87803a66:	023a023a 	eorseq	r0, sl, #-1610612733	; 0xa0000003
87803a6a:	023a023a 	eorseq	r0, sl, #-1610612733	; 0xa0000003
87803a6e:	023a023a 	eorseq	r0, sl, #-1610612733	; 0xa0000003
87803a72:	023a023a 	eorseq	r0, sl, #-1610612733	; 0xa0000003
87803a76:	023a023a 	eorseq	r0, sl, #-1610612733	; 0xa0000003
87803a7a:	023a023a 	eorseq	r0, sl, #-1610612733	; 0xa0000003
87803a7e:	023a023a 	eorseq	r0, sl, #-1610612733	; 0xa0000003
87803a82:	023a023a 	eorseq	r0, sl, #-1610612733	; 0xa0000003
87803a86:	023a023a 	eorseq	r0, sl, #-1610612733	; 0xa0000003
87803a8a:	023a023a 	eorseq	r0, sl, #-1610612733	; 0xa0000003
87803a8e:	023a023a 	eorseq	r0, sl, #-1610612733	; 0xa0000003
87803a92:	023a023a 	eorseq	r0, sl, #-1610612733	; 0xa0000003
87803a96:	016f023a 	cmneq	pc, sl, lsr r2	; <UNPREDICTABLE>
87803a9a:	023a023a 	eorseq	r0, sl, #-1610612733	; 0xa0000003
87803a9e:	023a023a 	eorseq	r0, sl, #-1610612733	; 0xa0000003
87803aa2:	023a023a 	eorseq	r0, sl, #-1610612733	; 0xa0000003
87803aa6:	023a023a 	eorseq	r0, sl, #-1610612733	; 0xa0000003
87803aaa:	023a023a 	eorseq	r0, sl, #-1610612733	; 0xa0000003
87803aae:	01b801be 			; <UNDEFINED> instruction: 0x01b801be
87803ab2:	023a023a 	eorseq	r0, sl, #-1610612733	; 0xa0000003
87803ab6:	023a023a 	eorseq	r0, sl, #-1610612733	; 0xa0000003
87803aba:	023a01b8 	eorseq	r0, sl, #184, 2	; 0x2e
87803abe:	023a023a 	eorseq	r0, sl, #-1610612733	; 0xa0000003
87803ac2:	0262023a 	rsbeq	r0, r2, #-1610612733	; 0xa0000003
87803ac6:	019b01b4 			; <UNDEFINED> instruction: 0x019b01b4
87803aca:	023a023a 	eorseq	r0, sl, #-1610612733	; 0xa0000003
87803ace:	023a01f2 	eorseq	r0, sl, #-2147483588	; 0x8000003c
87803ad2:	023a0274 	eorseq	r0, sl, #116, 4	; 0x40000007
87803ad6:	0272023a 	rsbseq	r0, r2, #-1610612733	; 0xa0000003
87803ada:	460a      	mov	r2, r1
87803adc:	1c46      	adds	r6, r0, #1
87803ade:	2a6c      	cmp	r2, #108	; 0x6c
87803ae0:	7841      	ldrb	r1, [r0, #1]
87803ae2:	f000 809b 	beq.w	87803c1c <vsnprintf+0x2e8>
87803ae6:	3925      	subs	r1, #37	; 0x25
87803ae8:	2953      	cmp	r1, #83	; 0x53
87803aea:	f200 81dd 	bhi.w	87803ea8 <vsnprintf+0x574>
87803aee:	e8df f011 	tbh	[pc, r1, lsl #1]
87803af2:	01db018d 	bicseq	r0, fp, sp, lsl #3
87803af6:	01db01db 	ldrsbeq	r0, [fp, #27]
87803afa:	01db01db 	ldrsbeq	r0, [fp, #27]
87803afe:	01db01db 	ldrsbeq	r0, [fp, #27]
87803b02:	01db01db 	ldrsbeq	r0, [fp, #27]
87803b06:	01db01db 	ldrsbeq	r0, [fp, #27]
87803b0a:	01db01db 	ldrsbeq	r0, [fp, #27]
87803b0e:	01db01db 	ldrsbeq	r0, [fp, #27]
87803b12:	01db01db 	ldrsbeq	r0, [fp, #27]
87803b16:	01db01db 	ldrsbeq	r0, [fp, #27]
87803b1a:	01db01db 	ldrsbeq	r0, [fp, #27]
87803b1e:	01db01db 	ldrsbeq	r0, [fp, #27]
87803b22:	01db01db 	ldrsbeq	r0, [fp, #27]
87803b26:	01db01db 	ldrsbeq	r0, [fp, #27]
87803b2a:	01db01db 	ldrsbeq	r0, [fp, #27]
87803b2e:	01db01db 	ldrsbeq	r0, [fp, #27]
87803b32:	01db01db 	ldrsbeq	r0, [fp, #27]
87803b36:	01db01db 	ldrsbeq	r0, [fp, #27]
87803b3a:	01db01db 	ldrsbeq	r0, [fp, #27]
87803b3e:	01db01db 	ldrsbeq	r0, [fp, #27]
87803b42:	01db01db 	ldrsbeq	r0, [fp, #27]
87803b46:	01db01db 	ldrsbeq	r0, [fp, #27]
87803b4a:	01db01db 	ldrsbeq	r0, [fp, #27]
87803b4e:	01db01db 	ldrsbeq	r0, [fp, #27]
87803b52:	01db01db 	ldrsbeq	r0, [fp, #27]
87803b56:	011001db 			; <UNDEFINED> instruction: 0x011001db
87803b5a:	01db01db 	ldrsbeq	r0, [fp, #27]
87803b5e:	01db01db 	ldrsbeq	r0, [fp, #27]
87803b62:	01db01db 	ldrsbeq	r0, [fp, #27]
87803b66:	01db01db 	ldrsbeq	r0, [fp, #27]
87803b6a:	01db01db 	ldrsbeq	r0, [fp, #27]
87803b6e:	0159015f 	cmpeq	r9, pc, asr r1
87803b72:	01db01db 	ldrsbeq	r0, [fp, #27]
87803b76:	01db01db 	ldrsbeq	r0, [fp, #27]
87803b7a:	01db0159 	bicseq	r0, fp, r9, asr r1
87803b7e:	01db01db 	ldrsbeq	r0, [fp, #27]
87803b82:	020301db 	andeq	r0, r3, #-1073741770	; 0xc0000036
87803b86:	013c0155 	teqeq	ip, r5, asr r1
87803b8a:	01db01db 	ldrsbeq	r0, [fp, #27]
87803b8e:	01db0193 			; <UNDEFINED> instruction: 0x01db0193
87803b92:	01db0132 	bicseq	r0, fp, r2, lsr r1
87803b96:	011201db 			; <UNDEFINED> instruction: 0x011201db
87803b9a:	2d2a      	cmp	r5, #42	; 0x2a
87803b9c:	bf1c      	itt	ne
87803b9e:	4629      	movne	r1, r5
87803ba0:	f04f 35ff 	movne.w	r5, #4294967295	; 0xffffffff
87803ba4:	f47f af29 	bne.w	878039fa <vsnprintf+0xc6>
87803ba8:	f8d9 5000 	ldr.w	r5, [r9]
87803bac:	1cb0      	adds	r0, r6, #2
87803bae:	78b1      	ldrb	r1, [r6, #2]
87803bb0:	f109 0904 	add.w	r9, r9, #4
87803bb4:	2d00      	cmp	r5, #0
87803bb6:	bfbc      	itt	lt
87803bb8:	426d      	neglt	r5, r5
87803bba:	f043 0310 	orrlt.w	r3, r3, #16
87803bbe:	292e      	cmp	r1, #46	; 0x2e
87803bc0:	bf18      	it	ne
87803bc2:	f04f 3eff 	movne.w	lr, #4294967295	; 0xffffffff
87803bc6:	f47f af1e 	bne.w	87803a06 <vsnprintf+0xd2>
87803bca:	7841      	ldrb	r1, [r0, #1]
87803bcc:	f100 0c01 	add.w	ip, r0, #1
87803bd0:	f818 6001 	ldrb.w	r6, [r8, r1]
87803bd4:	f006 0604 	and.w	r6, r6, #4
87803bd8:	f006 02ff 	and.w	r2, r6, #255	; 0xff
87803bdc:	2e00      	cmp	r6, #0
87803bde:	f000 8088 	beq.w	87803cf2 <vsnprintf+0x3be>
87803be2:	4660      	mov	r0, ip
87803be4:	2200      	movs	r2, #0
87803be6:	00d6      	lsls	r6, r2, #3
87803be8:	eb06 0242 	add.w	r2, r6, r2, lsl #1
87803bec:	440a      	add	r2, r1
87803bee:	f810 1f01 	ldrb.w	r1, [r0, #1]!
87803bf2:	3a30      	subs	r2, #48	; 0x30
87803bf4:	f818 6001 	ldrb.w	r6, [r8, r1]
87803bf8:	0776      	lsls	r6, r6, #29
87803bfa:	d4f4      	bmi.n	87803be6 <vsnprintf+0x2b2>
87803bfc:	ea22 7ee2 	bic.w	lr, r2, r2, asr #31
87803c00:	e701      	b.n	87803a06 <vsnprintf+0xd2>
87803c02:	4623      	mov	r3, r4
87803c04:	9a05      	ldr	r2, [sp, #20]
87803c06:	1aa0      	subs	r0, r4, r2
87803c08:	42bb      	cmp	r3, r7
87803c0a:	d964      	bls.n	87803cd6 <vsnprintf+0x3a2>
87803c0c:	f1ba 0f00 	cmp.w	sl, #0
87803c10:	d001      	beq.n	87803c16 <vsnprintf+0x2e2>
87803c12:	2300      	movs	r3, #0
87803c14:	703b      	strb	r3, [r7, #0]
87803c16:	b009      	add	sp, #36	; 0x24
87803c18:	e8bd 8ff0 	ldmia.w	sp!, {r4, r5, r6, r7, r8, r9, sl, fp, pc}
87803c1c:	296c      	cmp	r1, #108	; 0x6c
87803c1e:	f000 8174 	beq.w	87803f0a <vsnprintf+0x5d6>
87803c22:	3925      	subs	r1, #37	; 0x25
87803c24:	2953      	cmp	r1, #83	; 0x53
87803c26:	f200 813f 	bhi.w	87803ea8 <vsnprintf+0x574>
87803c2a:	e8df f011 	tbh	[pc, r1, lsl #1]
87803c2e:	013d00ef 	teqeq	sp, pc, ror #1
87803c32:	013d013d 	teqeq	sp, sp, lsr r1
87803c36:	013d013d 	teqeq	sp, sp, lsr r1
87803c3a:	013d013d 	teqeq	sp, sp, lsr r1
87803c3e:	013d013d 	teqeq	sp, sp, lsr r1
87803c42:	013d013d 	teqeq	sp, sp, lsr r1
87803c46:	013d013d 	teqeq	sp, sp, lsr r1
87803c4a:	013d013d 	teqeq	sp, sp, lsr r1
87803c4e:	013d013d 	teqeq	sp, sp, lsr r1
87803c52:	013d013d 	teqeq	sp, sp, lsr r1
87803c56:	013d013d 	teqeq	sp, sp, lsr r1
87803c5a:	013d013d 	teqeq	sp, sp, lsr r1
87803c5e:	013d013d 	teqeq	sp, sp, lsr r1
87803c62:	013d013d 	teqeq	sp, sp, lsr r1
87803c66:	013d013d 	teqeq	sp, sp, lsr r1
87803c6a:	013d013d 	teqeq	sp, sp, lsr r1
87803c6e:	013d013d 	teqeq	sp, sp, lsr r1
87803c72:	013d013d 	teqeq	sp, sp, lsr r1
87803c76:	013d013d 	teqeq	sp, sp, lsr r1
87803c7a:	013d013d 	teqeq	sp, sp, lsr r1
87803c7e:	013d013d 	teqeq	sp, sp, lsr r1
87803c82:	013d013d 	teqeq	sp, sp, lsr r1
87803c86:	013d013d 	teqeq	sp, sp, lsr r1
87803c8a:	013d013d 	teqeq	sp, sp, lsr r1
87803c8e:	013d013d 	teqeq	sp, sp, lsr r1
87803c92:	0072013d 	rsbseq	r0, r2, sp, lsr r1
87803c96:	013d013d 	teqeq	sp, sp, lsr r1
87803c9a:	013d013d 	teqeq	sp, sp, lsr r1
87803c9e:	013d013d 	teqeq	sp, sp, lsr r1
87803ca2:	013d013d 	teqeq	sp, sp, lsr r1
87803ca6:	013d013d 	teqeq	sp, sp, lsr r1
87803caa:	00bb00c1 	adcseq	r0, fp, r1, asr #1
87803cae:	013d013d 	teqeq	sp, sp, lsr r1
87803cb2:	013d013d 	teqeq	sp, sp, lsr r1
87803cb6:	013d00bb 	ldrheq	r0, [sp, -fp]!
87803cba:	013d013d 	teqeq	sp, sp, lsr r1
87803cbe:	017d013d 	cmneq	sp, sp, lsr r1
87803cc2:	009e00b7 	ldrheq	r0, [lr], r7
87803cc6:	013d013d 	teqeq	sp, sp, lsr r1
87803cca:	013d00f5 	ldrsheq	r0, [sp, -r5]!
87803cce:	013d0158 	teqeq	sp, r8, asr r1
87803cd2:	0074013d 	rsbseq	r0, r4, sp, lsr r1
87803cd6:	2200      	movs	r2, #0
87803cd8:	701a      	strb	r2, [r3, #0]
87803cda:	b009      	add	sp, #36	; 0x24
87803cdc:	e8bd 8ff0 	ldmia.w	sp!, {r4, r5, r6, r7, r8, r9, sl, fp, pc}
87803ce0:	9405      	str	r4, [sp, #20]
87803ce2:	f1c4 0a00 	rsb	sl, r4, #0
87803ce6:	4623      	mov	r3, r4
87803ce8:	2800      	cmp	r0, #0
87803cea:	d0f4      	beq.n	87803cd6 <vsnprintf+0x3a2>
87803cec:	f04f 37ff 	mov.w	r7, #4294967295	; 0xffffffff
87803cf0:	e636      	b.n	87803960 <vsnprintf+0x2c>
87803cf2:	292a      	cmp	r1, #42	; 0x2a
87803cf4:	bf1c      	itt	ne
87803cf6:	4660      	movne	r0, ip
87803cf8:	4696      	movne	lr, r2
87803cfa:	f47f ae84 	bne.w	87803a06 <vsnprintf+0xd2>
87803cfe:	f8d9 2000 	ldr.w	r2, [r9]
87803d02:	3002      	adds	r0, #2
87803d04:	7801      	ldrb	r1, [r0, #0]
87803d06:	f109 0904 	add.w	r9, r9, #4
87803d0a:	ea22 7ee2 	bic.w	lr, r2, r2, asr #31
87803d0e:	e67a      	b.n	87803a06 <vsnprintf+0xd2>
87803d10:	4606      	mov	r6, r0
87803d12:	f043 0340 	orr.w	r3, r3, #64	; 0x40
87803d16:	f04f 0c10 	mov.w	ip, #16
87803d1a:	2a4c      	cmp	r2, #76	; 0x4c
87803d1c:	d01f      	beq.n	87803d5e <vsnprintf+0x42a>
87803d1e:	2a6c      	cmp	r2, #108	; 0x6c
87803d20:	f000 80df 	beq.w	87803ee2 <vsnprintf+0x5ae>
87803d24:	f022 0120 	bic.w	r1, r2, #32
87803d28:	295a      	cmp	r1, #90	; 0x5a
87803d2a:	f040 80cc 	bne.w	87803ec6 <vsnprintf+0x592>
87803d2e:	f8d9 0000 	ldr.w	r0, [r9]
87803d32:	f109 0904 	add.w	r9, r9, #4
87803d36:	2100      	movs	r1, #0
87803d38:	9303      	str	r3, [sp, #12]
87803d3a:	4602      	mov	r2, r0
87803d3c:	460b      	mov	r3, r1
87803d3e:	4620      	mov	r0, r4
87803d40:	f8cd e008 	str.w	lr, [sp, #8]
87803d44:	4639      	mov	r1, r7
87803d46:	9501      	str	r5, [sp, #4]
87803d48:	f8cd c000 	str.w	ip, [sp]
87803d4c:	f7ff fa86 	bl	8780325c <number>
87803d50:	4604      	mov	r4, r0
87803d52:	7870      	ldrb	r0, [r6, #1]
87803d54:	e612      	b.n	8780397c <vsnprintf+0x48>
87803d56:	2a4c      	cmp	r2, #76	; 0x4c
87803d58:	f04f 0c0a 	mov.w	ip, #10
87803d5c:	d1df      	bne.n	87803d1e <vsnprintf+0x3ea>
87803d5e:	e9d9 0100 	ldrd	r0, r1, [r9]
87803d62:	f109 0908 	add.w	r9, r9, #8
87803d66:	e7e7      	b.n	87803d38 <vsnprintf+0x404>
87803d68:	4606      	mov	r6, r0
87803d6a:	1c69      	adds	r1, r5, #1
87803d6c:	f04f 0110 	mov.w	r1, #16
87803d70:	bf04      	itt	eq
87803d72:	f043 0301 	orreq.w	r3, r3, #1
87803d76:	2508      	moveq	r5, #8
87803d78:	f8d9 2000 	ldr.w	r2, [r9]
87803d7c:	4620      	mov	r0, r4
87803d7e:	9303      	str	r3, [sp, #12]
87803d80:	2300      	movs	r3, #0
87803d82:	e88d 0022 	stmia.w	sp, {r1, r5}
87803d86:	4639      	mov	r1, r7
87803d88:	f8cd e008 	str.w	lr, [sp, #8]
87803d8c:	f109 0904 	add.w	r9, r9, #4
87803d90:	f7ff fa64 	bl	8780325c <number>
87803d94:	4604      	mov	r4, r0
87803d96:	7870      	ldrb	r0, [r6, #1]
87803d98:	e5f0      	b.n	8780397c <vsnprintf+0x48>
87803d9a:	4606      	mov	r6, r0
87803d9c:	f04f 0c08 	mov.w	ip, #8
87803da0:	e7bb      	b.n	87803d1a <vsnprintf+0x3e6>
87803da2:	4606      	mov	r6, r0
87803da4:	f043 0302 	orr.w	r3, r3, #2
87803da8:	f04f 0c0a 	mov.w	ip, #10
87803dac:	e7b5      	b.n	87803d1a <vsnprintf+0x3e6>
87803dae:	4606      	mov	r6, r0
87803db0:	06d8      	lsls	r0, r3, #27
87803db2:	d40d      	bmi.n	87803dd0 <vsnprintf+0x49c>
87803db4:	3d01      	subs	r5, #1
87803db6:	2d00      	cmp	r5, #0
87803db8:	dd0a      	ble.n	87803dd0 <vsnprintf+0x49c>
87803dba:	1963      	adds	r3, r4, r5
87803dbc:	2220      	movs	r2, #32
87803dbe:	42a7      	cmp	r7, r4
87803dc0:	f104 0401 	add.w	r4, r4, #1
87803dc4:	bf28      	it	cs
87803dc6:	f804 2c01 	strbcs.w	r2, [r4, #-1]
87803dca:	429c      	cmp	r4, r3
87803dcc:	d1f7      	bne.n	87803dbe <vsnprintf+0x48a>
87803dce:	2500      	movs	r5, #0
87803dd0:	f8d9 3000 	ldr.w	r3, [r9]
87803dd4:	42bc      	cmp	r4, r7
87803dd6:	f104 0101 	add.w	r1, r4, #1
87803dda:	f109 0004 	add.w	r0, r9, #4
87803dde:	bf98      	it	ls
87803de0:	7023      	strbls	r3, [r4, #0]
87803de2:	2d01      	cmp	r5, #1
87803de4:	bfc2      	ittt	gt
87803de6:	1964      	addgt	r4, r4, r5
87803de8:	460b      	movgt	r3, r1
87803dea:	2220      	movgt	r2, #32
87803dec:	f340 80b4 	ble.w	87803f58 <vsnprintf+0x624>
87803df0:	429f      	cmp	r7, r3
87803df2:	f103 0301 	add.w	r3, r3, #1
87803df6:	bf28      	it	cs
87803df8:	f803 2c01 	strbcs.w	r2, [r3, #-1]
87803dfc:	42a3      	cmp	r3, r4
87803dfe:	d1f7      	bne.n	87803df0 <vsnprintf+0x4bc>
87803e00:	1e6c      	subs	r4, r5, #1
87803e02:	4681      	mov	r9, r0
87803e04:	440c      	add	r4, r1
87803e06:	7870      	ldrb	r0, [r6, #1]
87803e08:	e5b8      	b.n	8780397c <vsnprintf+0x48>
87803e0a:	4606      	mov	r6, r0
87803e0c:	42a7      	cmp	r7, r4
87803e0e:	bf24      	itt	cs
87803e10:	2325      	movcs	r3, #37	; 0x25
87803e12:	7023      	strbcs	r3, [r4, #0]
87803e14:	e5b0      	b.n	87803978 <vsnprintf+0x44>
87803e16:	4606      	mov	r6, r0
87803e18:	f8d9 2000 	ldr.w	r2, [r9]
87803e1c:	4671      	mov	r1, lr
87803e1e:	9307      	str	r3, [sp, #28]
87803e20:	f109 0904 	add.w	r9, r9, #4
87803e24:	f5b2 6f80 	cmp.w	r2, #1024	; 0x400
87803e28:	bf38      	it	cc
87803e2a:	465a      	movcc	r2, fp
87803e2c:	4610      	mov	r0, r2
87803e2e:	9206      	str	r2, [sp, #24]
87803e30:	f7ff f8ae 	bl	87802f90 <strnlen>
87803e34:	9b07      	ldr	r3, [sp, #28]
87803e36:	9a06      	ldr	r2, [sp, #24]
87803e38:	f013 0f10 	tst.w	r3, #16
87803e3c:	d112      	bne.n	87803e64 <vsnprintf+0x530>
87803e3e:	4285      	cmp	r5, r0
87803e40:	f105 3eff 	add.w	lr, r5, #4294967295	; 0xffffffff
87803e44:	f340 808c 	ble.w	87803f60 <vsnprintf+0x62c>
87803e48:	1a2b      	subs	r3, r5, r0
87803e4a:	2120      	movs	r1, #32
87803e4c:	4423      	add	r3, r4
87803e4e:	42a7      	cmp	r7, r4
87803e50:	f104 0401 	add.w	r4, r4, #1
87803e54:	bf28      	it	cs
87803e56:	f804 1c01 	strbcs.w	r1, [r4, #-1]
87803e5a:	429c      	cmp	r4, r3
87803e5c:	d1f7      	bne.n	87803e4e <vsnprintf+0x51a>
87803e5e:	ebc5 050e 	rsb	r5, r5, lr
87803e62:	4405      	add	r5, r0
87803e64:	2800      	cmp	r0, #0
87803e66:	dd75      	ble.n	87803f54 <vsnprintf+0x620>
87803e68:	1823      	adds	r3, r4, r0
87803e6a:	42a7      	cmp	r7, r4
87803e6c:	f104 0401 	add.w	r4, r4, #1
87803e70:	bf28      	it	cs
87803e72:	7811      	ldrbcs	r1, [r2, #0]
87803e74:	f102 0201 	add.w	r2, r2, #1
87803e78:	bf28      	it	cs
87803e7a:	f804 1c01 	strbcs.w	r1, [r4, #-1]
87803e7e:	429c      	cmp	r4, r3
87803e80:	d1f3      	bne.n	87803e6a <vsnprintf+0x536>
87803e82:	4285      	cmp	r5, r0
87803e84:	bfdc      	itt	le
87803e86:	461c      	movle	r4, r3
87803e88:	7870      	ldrble	r0, [r6, #1]
87803e8a:	f77f ad77 	ble.w	8780397c <vsnprintf+0x48>
87803e8e:	1a28      	subs	r0, r5, r0
87803e90:	2220      	movs	r2, #32
87803e92:	181c      	adds	r4, r3, r0
87803e94:	429f      	cmp	r7, r3
87803e96:	f103 0301 	add.w	r3, r3, #1
87803e9a:	bf28      	it	cs
87803e9c:	f803 2c01 	strbcs.w	r2, [r3, #-1]
87803ea0:	42a3      	cmp	r3, r4
87803ea2:	d1f7      	bne.n	87803e94 <vsnprintf+0x560>
87803ea4:	e755      	b.n	87803d52 <vsnprintf+0x41e>
87803ea6:	4606      	mov	r6, r0
87803ea8:	42a7      	cmp	r7, r4
87803eaa:	bf24      	itt	cs
87803eac:	2325      	movcs	r3, #37	; 0x25
87803eae:	7023      	strbcs	r3, [r4, #0]
87803eb0:	1c63      	adds	r3, r4, #1
87803eb2:	7832      	ldrb	r2, [r6, #0]
87803eb4:	b36a      	cbz	r2, 87803f12 <vsnprintf+0x5de>
87803eb6:	42bb      	cmp	r3, r7
87803eb8:	f104 0402 	add.w	r4, r4, #2
87803ebc:	bf98      	it	ls
87803ebe:	f804 2c01 	strbls.w	r2, [r4, #-1]
87803ec2:	7870      	ldrb	r0, [r6, #1]
87803ec4:	e55a      	b.n	8780397c <vsnprintf+0x48>
87803ec6:	2a68      	cmp	r2, #104	; 0x68
87803ec8:	f109 0204 	add.w	r2, r9, #4
87803ecc:	f8d9 0000 	ldr.w	r0, [r9]
87803ed0:	4691      	mov	r9, r2
87803ed2:	d036      	beq.n	87803f42 <vsnprintf+0x60e>
87803ed4:	079a      	lsls	r2, r3, #30
87803ed6:	f57f af2e 	bpl.w	87803d36 <vsnprintf+0x402>
87803eda:	17c1      	asrs	r1, r0, #31
87803edc:	e72c      	b.n	87803d38 <vsnprintf+0x404>
87803ede:	f04f 0c0a 	mov.w	ip, #10
87803ee2:	f109 0204 	add.w	r2, r9, #4
87803ee6:	f8d9 0000 	ldr.w	r0, [r9]
87803eea:	4691      	mov	r9, r2
87803eec:	079a      	lsls	r2, r3, #30
87803eee:	f57f af22 	bpl.w	87803d36 <vsnprintf+0x402>
87803ef2:	17c1      	asrs	r1, r0, #31
87803ef4:	e720      	b.n	87803d38 <vsnprintf+0x404>
87803ef6:	4606      	mov	r6, r0
87803ef8:	9a05      	ldr	r2, [sp, #20]
87803efa:	f109 0904 	add.w	r9, r9, #4
87803efe:	f859 3c04 	ldr.w	r3, [r9, #-4]
87803f02:	1aa2      	subs	r2, r4, r2
87803f04:	601a      	str	r2, [r3, #0]
87803f06:	7870      	ldrb	r0, [r6, #1]
87803f08:	e538      	b.n	8780397c <vsnprintf+0x48>
87803f0a:	7881      	ldrb	r1, [r0, #2]
87803f0c:	224c      	movs	r2, #76	; 0x4c
87803f0e:	3002      	adds	r0, #2
87803f10:	e589      	b.n	87803a26 <vsnprintf+0xf2>
87803f12:	461c      	mov	r4, r3
87803f14:	e676      	b.n	87803c04 <vsnprintf+0x2d0>
87803f16:	4606      	mov	r6, r0
87803f18:	e6fd      	b.n	87803d16 <vsnprintf+0x3e2>
87803f1a:	2a4c      	cmp	r2, #76	; 0x4c
87803f1c:	4606      	mov	r6, r0
87803f1e:	f04f 0c0a 	mov.w	ip, #10
87803f22:	f47f aeff 	bne.w	87803d24 <vsnprintf+0x3f0>
87803f26:	e71a      	b.n	87803d5e <vsnprintf+0x42a>
87803f28:	9a05      	ldr	r2, [sp, #20]
87803f2a:	f109 0904 	add.w	r9, r9, #4
87803f2e:	f859 3c04 	ldr.w	r3, [r9, #-4]
87803f32:	1aa2      	subs	r2, r4, r2
87803f34:	601a      	str	r2, [r3, #0]
87803f36:	7880      	ldrb	r0, [r0, #2]
87803f38:	e520      	b.n	8780397c <vsnprintf+0x48>
87803f3a:	2000      	movs	r0, #0
87803f3c:	b009      	add	sp, #36	; 0x24
87803f3e:	e8bd 8ff0 	ldmia.w	sp!, {r4, r5, r6, r7, r8, r9, sl, fp, pc}
87803f42:	0799      	lsls	r1, r3, #30
87803f44:	bf4d      	iteet	mi
87803f46:	b200      	sxthmi	r0, r0
87803f48:	b280      	uxthpl	r0, r0
87803f4a:	2100      	movpl	r1, #0
87803f4c:	17c1      	asrmi	r1, r0, #31
87803f4e:	e6f3      	b.n	87803d38 <vsnprintf+0x404>
87803f50:	4623      	mov	r3, r4
87803f52:	e659      	b.n	87803c08 <vsnprintf+0x2d4>
87803f54:	4623      	mov	r3, r4
87803f56:	e794      	b.n	87803e82 <vsnprintf+0x54e>
87803f58:	4681      	mov	r9, r0
87803f5a:	460c      	mov	r4, r1
87803f5c:	7870      	ldrb	r0, [r6, #1]
87803f5e:	e50d      	b.n	8780397c <vsnprintf+0x48>
87803f60:	4675      	mov	r5, lr
87803f62:	e77f      	b.n	87803e64 <vsnprintf+0x530>

87803f64 <vscnprintf>:
87803f64:	b510      	push	{r4, lr}
87803f66:	460c      	mov	r4, r1
87803f68:	f7ff fce4 	bl	87803934 <vsnprintf>
87803f6c:	4284      	cmp	r4, r0
87803f6e:	bf98      	it	ls
87803f70:	f104 30ff 	addls.w	r0, r4, #4294967295	; 0xffffffff
87803f74:	bd10      	pop	{r4, pc}
87803f76:	bf00      	nop

87803f78 <snprintf>:
87803f78:	b40c      	push	{r2, r3}
87803f7a:	b508      	push	{r3, lr}
87803f7c:	ab03      	add	r3, sp, #12
87803f7e:	9a02      	ldr	r2, [sp, #8]
87803f80:	f7ff fcd8 	bl	87803934 <vsnprintf>
87803f84:	e8bd 4008 	ldmia.w	sp!, {r3, lr}
87803f88:	b002      	add	sp, #8
87803f8a:	4770      	bx	lr

87803f8c <scnprintf>:
87803f8c:	b40c      	push	{r2, r3}
87803f8e:	b510      	push	{r4, lr}
87803f90:	460c      	mov	r4, r1
87803f92:	ab03      	add	r3, sp, #12
87803f94:	9a02      	ldr	r2, [sp, #8]
87803f96:	f7ff fccd 	bl	87803934 <vsnprintf>
87803f9a:	4284      	cmp	r4, r0
87803f9c:	bf98      	it	ls
87803f9e:	f104 30ff 	addls.w	r0, r4, #4294967295	; 0xffffffff
87803fa2:	e8bd 4010 	ldmia.w	sp!, {r4, lr}
87803fa6:	b002      	add	sp, #8
87803fa8:	4770      	bx	lr
87803faa:	bf00      	nop

87803fac <vsprintf>:
87803fac:	4613      	mov	r3, r2
87803fae:	460a      	mov	r2, r1
87803fb0:	f06f 4100 	mvn.w	r1, #2147483648	; 0x80000000
87803fb4:	f7ff bcbe 	b.w	87803934 <vsnprintf>

87803fb8 <sprintf>:
87803fb8:	b40e      	push	{r1, r2, r3}
87803fba:	f06f 4100 	mvn.w	r1, #2147483648	; 0x80000000
87803fbe:	b500      	push	{lr}
87803fc0:	ab02      	add	r3, sp, #8
87803fc2:	9a01      	ldr	r2, [sp, #4]
87803fc4:	f7ff fcb6 	bl	87803934 <vsnprintf>
87803fc8:	f85d eb04 	ldr.w	lr, [sp], #4
87803fcc:	b003      	add	sp, #12
87803fce:	4770      	bx	lr

87803fd0 <vsscanf>:
87803fd0:	e92d 4ff0 	stmdb	sp!, {r4, r5, r6, r7, r8, r9, sl, fp, lr}
87803fd4:	f249 24c4 	movw	r4, #37572	; 0x92c4
87803fd8:	780b      	ldrb	r3, [r1, #0]
87803fda:	f2c8 7480 	movt	r4, #34688	; 0x8780
87803fde:	b083      	sub	sp, #12
87803fe0:	4607      	mov	r7, r0
87803fe2:	460d      	mov	r5, r1
87803fe4:	4696      	mov	lr, r2
87803fe6:	46a0      	mov	r8, r4
87803fe8:	2600      	movs	r6, #0
87803fea:	b143      	cbz	r3, 87803ffe <vsscanf+0x2e>
87803fec:	7801      	ldrb	r1, [r0, #0]
87803fee:	b131      	cbz	r1, 87803ffe <vsscanf+0x2e>
87803ff0:	5ce2      	ldrb	r2, [r4, r3]
87803ff2:	0692      	lsls	r2, r2, #26
87803ff4:	d407      	bmi.n	87804006 <vsscanf+0x36>
87803ff6:	2b25      	cmp	r3, #37	; 0x25
87803ff8:	d020      	beq.n	8780403c <vsscanf+0x6c>
87803ffa:	428b      	cmp	r3, r1
87803ffc:	d018      	beq.n	87804030 <vsscanf+0x60>
87803ffe:	4630      	mov	r0, r6
87804000:	b003      	add	sp, #12
87804002:	e8bd 8ff0 	ldmia.w	sp!, {r4, r5, r6, r7, r8, r9, sl, fp, pc}
87804006:	f815 3f01 	ldrb.w	r3, [r5, #1]!
8780400a:	5ce2      	ldrb	r2, [r4, r3]
8780400c:	0692      	lsls	r2, r2, #26
8780400e:	d4fa      	bmi.n	87804006 <vsscanf+0x36>
87804010:	f818 2001 	ldrb.w	r2, [r8, r1]
87804014:	0691      	lsls	r1, r2, #26
87804016:	d504      	bpl.n	87804022 <vsscanf+0x52>
87804018:	f810 2f01 	ldrb.w	r2, [r0, #1]!
8780401c:	5ca2      	ldrb	r2, [r4, r2]
8780401e:	0692      	lsls	r2, r2, #26
87804020:	d4fa      	bmi.n	87804018 <vsscanf+0x48>
87804022:	2b00      	cmp	r3, #0
87804024:	bf18      	it	ne
87804026:	2b25      	cmpne	r3, #37	; 0x25
87804028:	d006      	beq.n	87804038 <vsscanf+0x68>
8780402a:	7801      	ldrb	r1, [r0, #0]
8780402c:	428b      	cmp	r3, r1
8780402e:	d1e6      	bne.n	87803ffe <vsscanf+0x2e>
87804030:	786b      	ldrb	r3, [r5, #1]
87804032:	3001      	adds	r0, #1
87804034:	3501      	adds	r5, #1
87804036:	e7d8      	b.n	87803fea <vsscanf+0x1a>
87804038:	2b00      	cmp	r3, #0
8780403a:	d0e0      	beq.n	87803ffe <vsscanf+0x2e>
8780403c:	786b      	ldrb	r3, [r5, #1]
8780403e:	3501      	adds	r5, #1
87804040:	2b2a      	cmp	r3, #42	; 0x2a
87804042:	f000 80f1 	beq.w	87804228 <vsscanf+0x258>
87804046:	5ce2      	ldrb	r2, [r4, r3]
87804048:	4619      	mov	r1, r3
8780404a:	0752      	lsls	r2, r2, #29
8780404c:	bf5c      	itt	pl
8780404e:	4619      	movpl	r1, r3
87804050:	f04f 33ff 	movpl.w	r3, #4294967295	; 0xffffffff
87804054:	d50a      	bpl.n	8780406c <vsscanf+0x9c>
87804056:	2300      	movs	r3, #0
87804058:	00da      	lsls	r2, r3, #3
8780405a:	eb02 0343 	add.w	r3, r2, r3, lsl #1
8780405e:	440b      	add	r3, r1
87804060:	f815 1f01 	ldrb.w	r1, [r5, #1]!
87804064:	3b30      	subs	r3, #48	; 0x30
87804066:	5c62      	ldrb	r2, [r4, r1]
87804068:	0752      	lsls	r2, r2, #29
8780406a:	d4f5      	bmi.n	87804058 <vsscanf+0x88>
8780406c:	f001 02df 	and.w	r2, r1, #223	; 0xdf
87804070:	46a9      	mov	r9, r5
87804072:	2a5a      	cmp	r2, #90	; 0x5a
87804074:	bf18      	it	ne
87804076:	2a4c      	cmpne	r2, #76	; 0x4c
87804078:	f04f 3cff 	mov.w	ip, #4294967295	; 0xffffffff
8780407c:	bf0c      	ite	eq
8780407e:	2201      	moveq	r2, #1
87804080:	2200      	movne	r2, #0
87804082:	2968      	cmp	r1, #104	; 0x68
87804084:	bf08      	it	eq
87804086:	f042 0201 	orreq.w	r2, r2, #1
8780408a:	2a00      	cmp	r2, #0
8780408c:	f040 80b8 	bne.w	87804200 <vsscanf+0x230>
87804090:	2900      	cmp	r1, #0
87804092:	d0b4      	beq.n	87803ffe <vsscanf+0x2e>
87804094:	f890 a000 	ldrb.w	sl, [r0]
87804098:	f1ba 0f00 	cmp.w	sl, #0
8780409c:	d0af      	beq.n	87803ffe <vsscanf+0x2e>
8780409e:	3925      	subs	r1, #37	; 0x25
878040a0:	f109 0501 	add.w	r5, r9, #1
878040a4:	2953      	cmp	r1, #83	; 0x53
878040a6:	d8aa      	bhi.n	87803ffe <vsscanf+0x2e>
878040a8:	a201      	add	r2, pc, #4	; (adr r2, 878040b0 <vsscanf+0xe0>)
878040aa:	f852 f021 	ldr.w	pc, [r2, r1, lsl #2]
878040ae:	bf00      	nop
878040b0:	8780432d 	strhi	r4, [r0, sp, lsr #6]
878040b4:	87803fff 			; <UNDEFINED> instruction: 0x87803fff
878040b8:	87803fff 			; <UNDEFINED> instruction: 0x87803fff
878040bc:	87803fff 			; <UNDEFINED> instruction: 0x87803fff
878040c0:	87803fff 			; <UNDEFINED> instruction: 0x87803fff
878040c4:	87803fff 			; <UNDEFINED> instruction: 0x87803fff
878040c8:	87803fff 			; <UNDEFINED> instruction: 0x87803fff
878040cc:	87803fff 			; <UNDEFINED> instruction: 0x87803fff
878040d0:	87803fff 			; <UNDEFINED> instruction: 0x87803fff
878040d4:	87803fff 			; <UNDEFINED> instruction: 0x87803fff
878040d8:	87803fff 			; <UNDEFINED> instruction: 0x87803fff
878040dc:	87803fff 			; <UNDEFINED> instruction: 0x87803fff
878040e0:	87803fff 			; <UNDEFINED> instruction: 0x87803fff
878040e4:	87803fff 			; <UNDEFINED> instruction: 0x87803fff
878040e8:	87803fff 			; <UNDEFINED> instruction: 0x87803fff
878040ec:	87803fff 			; <UNDEFINED> instruction: 0x87803fff
878040f0:	87803fff 			; <UNDEFINED> instruction: 0x87803fff
878040f4:	87803fff 			; <UNDEFINED> instruction: 0x87803fff
878040f8:	87803fff 			; <UNDEFINED> instruction: 0x87803fff
878040fc:	87803fff 			; <UNDEFINED> instruction: 0x87803fff
87804100:	87803fff 			; <UNDEFINED> instruction: 0x87803fff
87804104:	87803fff 			; <UNDEFINED> instruction: 0x87803fff
87804108:	87803fff 			; <UNDEFINED> instruction: 0x87803fff
8780410c:	87803fff 			; <UNDEFINED> instruction: 0x87803fff
87804110:	87803fff 			; <UNDEFINED> instruction: 0x87803fff
87804114:	87803fff 			; <UNDEFINED> instruction: 0x87803fff
87804118:	87803fff 			; <UNDEFINED> instruction: 0x87803fff
8780411c:	87803fff 			; <UNDEFINED> instruction: 0x87803fff
87804120:	87803fff 			; <UNDEFINED> instruction: 0x87803fff
87804124:	87803fff 			; <UNDEFINED> instruction: 0x87803fff
87804128:	87803fff 			; <UNDEFINED> instruction: 0x87803fff
8780412c:	87803fff 			; <UNDEFINED> instruction: 0x87803fff
87804130:	87803fff 			; <UNDEFINED> instruction: 0x87803fff
87804134:	87803fff 			; <UNDEFINED> instruction: 0x87803fff
87804138:	87803fff 			; <UNDEFINED> instruction: 0x87803fff
8780413c:	87803fff 			; <UNDEFINED> instruction: 0x87803fff
87804140:	87803fff 			; <UNDEFINED> instruction: 0x87803fff
87804144:	87803fff 			; <UNDEFINED> instruction: 0x87803fff
87804148:	87803fff 			; <UNDEFINED> instruction: 0x87803fff
8780414c:	87803fff 			; <UNDEFINED> instruction: 0x87803fff
87804150:	87803fff 			; <UNDEFINED> instruction: 0x87803fff
87804154:	87803fff 			; <UNDEFINED> instruction: 0x87803fff
87804158:	87803fff 			; <UNDEFINED> instruction: 0x87803fff
8780415c:	87803fff 			; <UNDEFINED> instruction: 0x87803fff
87804160:	87803fff 			; <UNDEFINED> instruction: 0x87803fff
87804164:	87803fff 			; <UNDEFINED> instruction: 0x87803fff
87804168:	87803fff 			; <UNDEFINED> instruction: 0x87803fff
8780416c:	87803fff 			; <UNDEFINED> instruction: 0x87803fff
87804170:	87803fff 			; <UNDEFINED> instruction: 0x87803fff
87804174:	87803fff 			; <UNDEFINED> instruction: 0x87803fff
87804178:	87803fff 			; <UNDEFINED> instruction: 0x87803fff
8780417c:	8780433d 			; <UNDEFINED> instruction: 0x8780433d
87804180:	87803fff 			; <UNDEFINED> instruction: 0x87803fff
87804184:	87803fff 			; <UNDEFINED> instruction: 0x87803fff
87804188:	87803fff 			; <UNDEFINED> instruction: 0x87803fff
8780418c:	87803fff 			; <UNDEFINED> instruction: 0x87803fff
87804190:	87803fff 			; <UNDEFINED> instruction: 0x87803fff
87804194:	87803fff 			; <UNDEFINED> instruction: 0x87803fff
87804198:	87803fff 			; <UNDEFINED> instruction: 0x87803fff
8780419c:	87803fff 			; <UNDEFINED> instruction: 0x87803fff
878041a0:	87803fff 			; <UNDEFINED> instruction: 0x87803fff
878041a4:	87803fff 			; <UNDEFINED> instruction: 0x87803fff
878041a8:	8780440d 	strhi	r4, [r0, sp, lsl #8]
878041ac:	8780443f 			; <UNDEFINED> instruction: 0x8780443f
878041b0:	87803fff 			; <UNDEFINED> instruction: 0x87803fff
878041b4:	87803fff 			; <UNDEFINED> instruction: 0x87803fff
878041b8:	87803fff 			; <UNDEFINED> instruction: 0x87803fff
878041bc:	87803fff 			; <UNDEFINED> instruction: 0x87803fff
878041c0:	87804263 	strhi	r4, [r0, r3, ror #4]
878041c4:	87803fff 			; <UNDEFINED> instruction: 0x87803fff
878041c8:	87803fff 			; <UNDEFINED> instruction: 0x87803fff
878041cc:	87803fff 			; <UNDEFINED> instruction: 0x87803fff
878041d0:	87803fff 			; <UNDEFINED> instruction: 0x87803fff
878041d4:	878043fb 			; <UNDEFINED> instruction: 0x878043fb
878041d8:	87804371 			; <UNDEFINED> instruction: 0x87804371
878041dc:	87803fff 			; <UNDEFINED> instruction: 0x87803fff
878041e0:	87803fff 			; <UNDEFINED> instruction: 0x87803fff
878041e4:	87803fff 			; <UNDEFINED> instruction: 0x87803fff
878041e8:	8780439f 			; <UNDEFINED> instruction: 0x8780439f
878041ec:	87803fff 			; <UNDEFINED> instruction: 0x87803fff
878041f0:	87804357 			; <UNDEFINED> instruction: 0x87804357
878041f4:	87803fff 			; <UNDEFINED> instruction: 0x87803fff
878041f8:	87803fff 			; <UNDEFINED> instruction: 0x87803fff
878041fc:	8780433d 			; <UNDEFINED> instruction: 0x8780433d
87804200:	786a      	ldrb	r2, [r5, #1]
87804202:	468c      	mov	ip, r1
87804204:	f105 0901 	add.w	r9, r5, #1
87804208:	4291      	cmp	r1, r2
8780420a:	bf18      	it	ne
8780420c:	4611      	movne	r1, r2
8780420e:	f47f af3f 	bne.w	87804090 <vsscanf+0xc0>
87804212:	2968      	cmp	r1, #104	; 0x68
87804214:	f000 8199 	beq.w	8780454a <vsscanf+0x57a>
87804218:	296c      	cmp	r1, #108	; 0x6c
8780421a:	bf02      	ittt	eq
8780421c:	f105 0902 	addeq.w	r9, r5, #2
87804220:	78a9      	ldrbeq	r1, [r5, #2]
87804222:	f04f 0c4c 	moveq.w	ip, #76	; 0x4c
87804226:	e733      	b.n	87804090 <vsscanf+0xc0>
87804228:	f894 202a 	ldrb.w	r2, [r4, #42]	; 0x2a
8780422c:	0691      	lsls	r1, r2, #26
8780422e:	d40a      	bmi.n	87804246 <vsscanf+0x276>
87804230:	f815 3f01 	ldrb.w	r3, [r5, #1]!
87804234:	5ce2      	ldrb	r2, [r4, r3]
87804236:	1c19      	adds	r1, r3, #0
87804238:	bf18      	it	ne
8780423a:	2101      	movne	r1, #1
8780423c:	f082 0220 	eor.w	r2, r2, #32
87804240:	ea11 1252 	ands.w	r2, r1, r2, lsr #5
87804244:	d1f4      	bne.n	87804230 <vsscanf+0x260>
87804246:	7802      	ldrb	r2, [r0, #0]
87804248:	e001      	b.n	8780424e <vsscanf+0x27e>
8780424a:	f810 2f01 	ldrb.w	r2, [r0, #1]!
8780424e:	5ca1      	ldrb	r1, [r4, r2]
87804250:	3200      	adds	r2, #0
87804252:	bf18      	it	ne
87804254:	2201      	movne	r2, #1
87804256:	f081 0120 	eor.w	r1, r1, #32
8780425a:	ea12 1251 	ands.w	r2, r2, r1, lsr #5
8780425e:	d1f4      	bne.n	8780424a <vsscanf+0x27a>
87804260:	e6c3      	b.n	87803fea <vsscanf+0x1a>
87804262:	2200      	movs	r2, #0
87804264:	f814 300a 	ldrb.w	r3, [r4, sl]
87804268:	0699      	lsls	r1, r3, #26
8780426a:	bf44      	itt	mi
8780426c:	2101      	movmi	r1, #1
8780426e:	468b      	movmi	fp, r1
87804270:	f140 8171 	bpl.w	87804556 <vsscanf+0x586>
87804274:	f810 3f01 	ldrb.w	r3, [r0, #1]!
87804278:	f814 a003 	ldrb.w	sl, [r4, r3]
8780427c:	f01a 0f20 	tst.w	sl, #32
87804280:	d1f8      	bne.n	87804274 <vsscanf+0x2a4>
87804282:	2b2d      	cmp	r3, #45	; 0x2d
87804284:	bf14      	ite	ne
87804286:	2100      	movne	r1, #0
87804288:	f001 0101 	andeq.w	r1, r1, #1
8780428c:	469a      	mov	sl, r3
8780428e:	b109      	cbz	r1, 87804294 <vsscanf+0x2c4>
87804290:	f890 a001 	ldrb.w	sl, [r0, #1]
87804294:	f1ba 0f00 	cmp.w	sl, #0
87804298:	f43f aeb1 	beq.w	87803ffe <vsscanf+0x2e>
8780429c:	2a10      	cmp	r2, #16
8780429e:	f000 8120 	beq.w	878044e2 <vsscanf+0x512>
878042a2:	2a0a      	cmp	r2, #10
878042a4:	d002      	beq.n	878042ac <vsscanf+0x2dc>
878042a6:	2a08      	cmp	r2, #8
878042a8:	d06b      	beq.n	87804382 <vsscanf+0x3b2>
878042aa:	b922      	cbnz	r2, 878042b6 <vsscanf+0x2e6>
878042ac:	f814 300a 	ldrb.w	r3, [r4, sl]
878042b0:	0759      	lsls	r1, r3, #29
878042b2:	f57f aea4 	bpl.w	87803ffe <vsscanf+0x2e>
878042b6:	f1ac 0c48 	sub.w	ip, ip, #72	; 0x48
878042ba:	f1bc 0f32 	cmp.w	ip, #50	; 0x32
878042be:	f200 810a 	bhi.w	878044d6 <vsscanf+0x506>
878042c2:	e8df f01c 	tbh	[pc, ip, lsl #1]
878042c6:	010800ec 	smlatteq	r8, ip, r0, r0
878042ca:	01080108 	tsteq	r8, r8, lsl #2
878042ce:	010800fa 	strdeq	r0, [r8, -sl]
878042d2:	01080108 	tsteq	r8, r8, lsl #2
878042d6:	01080108 	tsteq	r8, r8, lsl #2
878042da:	01080108 	tsteq	r8, r8, lsl #2
878042de:	01080108 	tsteq	r8, r8, lsl #2
878042e2:	01080108 	tsteq	r8, r8, lsl #2
878042e6:	01080108 	tsteq	r8, r8, lsl #2
878042ea:	010800da 	ldrdeq	r0, [r8, -sl]
878042ee:	01080108 	tsteq	r8, r8, lsl #2
878042f2:	01080108 	tsteq	r8, r8, lsl #2
878042f6:	01080108 	tsteq	r8, r8, lsl #2
878042fa:	01080108 	tsteq	r8, r8, lsl #2
878042fe:	01080108 	tsteq	r8, r8, lsl #2
87804302:	01080108 	tsteq	r8, r8, lsl #2
87804306:	010800cc 	smlabteq	r8, ip, r0, r0
8780430a:	01080108 	tsteq	r8, r8, lsl #2
8780430e:	010800be 	strheq	r0, [r8, -lr]
87804312:	01080108 	tsteq	r8, r8, lsl #2
87804316:	01080108 	tsteq	r8, r8, lsl #2
8780431a:	01080108 	tsteq	r8, r8, lsl #2
8780431e:	01080108 	tsteq	r8, r8, lsl #2
87804322:	01080108 	tsteq	r8, r8, lsl #2
87804326:	01080108 	tsteq	r8, r8, lsl #2
8780432a:	f1ba00da 			; <UNDEFINED> instruction: 0xf1ba00da
8780432e:	0f25      	lsrs	r5, r4, #28
87804330:	f47f ae65 	bne.w	87803ffe <vsscanf+0x2e>
87804334:	3001      	adds	r0, #1
87804336:	f899 3001 	ldrb.w	r3, [r9, #1]
8780433a:	e656      	b.n	87803fea <vsscanf+0x1a>
8780433c:	f814 300a 	ldrb.w	r3, [r4, sl]
87804340:	2210      	movs	r2, #16
87804342:	f003 0320 	and.w	r3, r3, #32
87804346:	f003 0bff 	and.w	fp, r3, #255	; 0xff
8780434a:	2b00      	cmp	r3, #0
8780434c:	f000 80c9 	beq.w	878044e2 <vsscanf+0x512>
87804350:	2100      	movs	r1, #0
87804352:	468b      	mov	fp, r1
87804354:	e78e      	b.n	87804274 <vsscanf+0x2a4>
87804356:	f814 300a 	ldrb.w	r3, [r4, sl]
8780435a:	220a      	movs	r2, #10
8780435c:	f003 0320 	and.w	r3, r3, #32
87804360:	f003 0bff 	and.w	fp, r3, #255	; 0xff
87804364:	2b00      	cmp	r3, #0
87804366:	d0a1      	beq.n	878042ac <vsscanf+0x2dc>
87804368:	2100      	movs	r1, #0
8780436a:	220a      	movs	r2, #10
8780436c:	468b      	mov	fp, r1
8780436e:	e781      	b.n	87804274 <vsscanf+0x2a4>
87804370:	f814 300a 	ldrb.w	r3, [r4, sl]
87804374:	2208      	movs	r2, #8
87804376:	f003 0320 	and.w	r3, r3, #32
8780437a:	f003 0bff 	and.w	fp, r3, #255	; 0xff
8780437e:	2b00      	cmp	r3, #0
87804380:	d1e6      	bne.n	87804350 <vsscanf+0x380>
87804382:	f814 300a 	ldrb.w	r3, [r4, sl]
87804386:	f083 0304 	eor.w	r3, r3, #4
8780438a:	f3c3 0380 	ubfx	r3, r3, #2, #1
8780438e:	f1ba 0f37 	cmp.w	sl, #55	; 0x37
87804392:	bf88      	it	hi
87804394:	f043 0301 	orrhi.w	r3, r3, #1
87804398:	2b00      	cmp	r3, #0
8780439a:	d08c      	beq.n	878042b6 <vsscanf+0x2e6>
8780439c:	e62f      	b.n	87803ffe <vsscanf+0x2e>
8780439e:	1c5a      	adds	r2, r3, #1
878043a0:	f10e 0c04 	add.w	ip, lr, #4
878043a4:	f8de 1000 	ldr.w	r1, [lr]
878043a8:	f000 80a2 	beq.w	878044f0 <vsscanf+0x520>
878043ac:	f814 200a 	ldrb.w	r2, [r4, sl]
878043b0:	0692      	lsls	r2, r2, #26
878043b2:	bf58      	it	pl
878043b4:	4652      	movpl	r2, sl
878043b6:	d507      	bpl.n	878043c8 <vsscanf+0x3f8>
878043b8:	f810 af01 	ldrb.w	sl, [r0, #1]!
878043bc:	f814 200a 	ldrb.w	r2, [r4, sl]
878043c0:	0692      	lsls	r2, r2, #26
878043c2:	d4f9      	bmi.n	878043b8 <vsscanf+0x3e8>
878043c4:	4652      	mov	r2, sl
878043c6:	b18a      	cbz	r2, 878043ec <vsscanf+0x41c>
878043c8:	b183      	cbz	r3, 878043ec <vsscanf+0x41c>
878043ca:	f100 0e01 	add.w	lr, r0, #1
878043ce:	e006      	b.n	878043de <vsscanf+0x40e>
878043d0:	f814 a002 	ldrb.w	sl, [r4, r2]
878043d4:	f01a 0f20 	tst.w	sl, #32
878043d8:	d108      	bne.n	878043ec <vsscanf+0x41c>
878043da:	3b01      	subs	r3, #1
878043dc:	d006      	beq.n	878043ec <vsscanf+0x41c>
878043de:	f801 2b01 	strb.w	r2, [r1], #1
878043e2:	4670      	mov	r0, lr
878043e4:	f81e 2b01 	ldrb.w	r2, [lr], #1
878043e8:	2a00      	cmp	r2, #0
878043ea:	d1f1      	bne.n	878043d0 <vsscanf+0x400>
878043ec:	2300      	movs	r3, #0
878043ee:	3601      	adds	r6, #1
878043f0:	700b      	strb	r3, [r1, #0]
878043f2:	46e6      	mov	lr, ip
878043f4:	f899 3001 	ldrb.w	r3, [r9, #1]
878043f8:	e5f7      	b.n	87803fea <vsscanf+0x1a>
878043fa:	f8de 3000 	ldr.w	r3, [lr]
878043fe:	1bc2      	subs	r2, r0, r7
87804400:	f10e 0e04 	add.w	lr, lr, #4
87804404:	601a      	str	r2, [r3, #0]
87804406:	f899 3001 	ldrb.w	r3, [r9, #1]
8780440a:	e5ee      	b.n	87803fea <vsscanf+0x1a>
8780440c:	f8de 1000 	ldr.w	r1, [lr]
87804410:	1c5a      	adds	r2, r3, #1
87804412:	bf08      	it	eq
87804414:	2301      	moveq	r3, #1
87804416:	1c42      	adds	r2, r0, #1
87804418:	f10e 0e04 	add.w	lr, lr, #4
8780441c:	f101 3cff 	add.w	ip, r1, #4294967295	; 0xffffffff
87804420:	e003      	b.n	8780442a <vsscanf+0x45a>
87804422:	f812 1b01 	ldrb.w	r1, [r2], #1
87804426:	468a      	mov	sl, r1
87804428:	b129      	cbz	r1, 87804436 <vsscanf+0x466>
8780442a:	3b01      	subs	r3, #1
8780442c:	f80c af01 	strb.w	sl, [ip, #1]!
87804430:	2b00      	cmp	r3, #0
87804432:	4610      	mov	r0, r2
87804434:	dcf5      	bgt.n	87804422 <vsscanf+0x452>
87804436:	3601      	adds	r6, #1
87804438:	f899 3001 	ldrb.w	r3, [r9, #1]
8780443c:	e5d5      	b.n	87803fea <vsscanf+0x1a>
8780443e:	220a      	movs	r2, #10
87804440:	e710      	b.n	87804264 <vsscanf+0x294>
87804442:	f8de a000 	ldr.w	sl, [lr]
87804446:	f1bb 0f00 	cmp.w	fp, #0
8780444a:	d018      	beq.n	8780447e <vsscanf+0x4ae>
8780444c:	f10e 0b04 	add.w	fp, lr, #4
87804450:	a901      	add	r1, sp, #4
87804452:	f7ff f9ad 	bl	878037b0 <simple_strtol>
87804456:	46de      	mov	lr, fp
87804458:	f8ca 0000 	str.w	r0, [sl]
8780445c:	e017      	b.n	8780448e <vsscanf+0x4be>
8780445e:	f8de a000 	ldr.w	sl, [lr]
87804462:	f1bb 0f00 	cmp.w	fp, #0
87804466:	d05c      	beq.n	87804522 <vsscanf+0x552>
87804468:	f10e 0b04 	add.w	fp, lr, #4
8780446c:	a901      	add	r1, sp, #4
8780446e:	f7ff f99f 	bl	878037b0 <simple_strtol>
87804472:	46de      	mov	lr, fp
87804474:	f8aa 0000 	strh.w	r0, [sl]
87804478:	e009      	b.n	8780448e <vsscanf+0x4be>
8780447a:	f8de a000 	ldr.w	sl, [lr]
8780447e:	f10e 0b04 	add.w	fp, lr, #4
87804482:	a901      	add	r1, sp, #4
87804484:	f7ff f90e 	bl	878036a4 <simple_strtoul>
87804488:	46de      	mov	lr, fp
8780448a:	f8ca 0000 	str.w	r0, [sl]
8780448e:	9801      	ldr	r0, [sp, #4]
87804490:	3601      	adds	r6, #1
87804492:	2800      	cmp	r0, #0
87804494:	f43f adb3 	beq.w	87803ffe <vsscanf+0x2e>
87804498:	f899 3001 	ldrb.w	r3, [r9, #1]
8780449c:	e5a5      	b.n	87803fea <vsscanf+0x1a>
8780449e:	f8de a000 	ldr.w	sl, [lr]
878044a2:	f1bb 0f00 	cmp.w	fp, #0
878044a6:	d033      	beq.n	87804510 <vsscanf+0x540>
878044a8:	f10e 0b04 	add.w	fp, lr, #4
878044ac:	a901      	add	r1, sp, #4
878044ae:	f7ff f97f 	bl	878037b0 <simple_strtol>
878044b2:	46de      	mov	lr, fp
878044b4:	f88a 0000 	strb.w	r0, [sl]
878044b8:	e7e9      	b.n	8780448e <vsscanf+0x4be>
878044ba:	f8de a000 	ldr.w	sl, [lr]
878044be:	f1bb 0f00 	cmp.w	fp, #0
878044c2:	d01c      	beq.n	878044fe <vsscanf+0x52e>
878044c4:	f10e 0b04 	add.w	fp, lr, #4
878044c8:	a901      	add	r1, sp, #4
878044ca:	f7ff fa23 	bl	87803914 <simple_strtoll>
878044ce:	46de      	mov	lr, fp
878044d0:	e9ca 0100 	strd	r0, r1, [sl]
878044d4:	e7db      	b.n	8780448e <vsscanf+0x4be>
878044d6:	f1bb 0f00 	cmp.w	fp, #0
878044da:	d02b      	beq.n	87804534 <vsscanf+0x564>
878044dc:	f8de a000 	ldr.w	sl, [lr]
878044e0:	e7b4      	b.n	8780444c <vsscanf+0x47c>
878044e2:	f814 300a 	ldrb.w	r3, [r4, sl]
878044e6:	f013 0f44 	tst.w	r3, #68	; 0x44
878044ea:	f47f aee4 	bne.w	878042b6 <vsscanf+0x2e6>
878044ee:	e586      	b.n	87803ffe <vsscanf+0x2e>
878044f0:	f814 300a 	ldrb.w	r3, [r4, sl]
878044f4:	069b      	lsls	r3, r3, #26
878044f6:	d535      	bpl.n	87804564 <vsscanf+0x594>
878044f8:	f06f 4300 	mvn.w	r3, #2147483648	; 0x80000000
878044fc:	e75c      	b.n	878043b8 <vsscanf+0x3e8>
878044fe:	f10e 0b04 	add.w	fp, lr, #4
87804502:	a901      	add	r1, sp, #4
87804504:	f7ff f962 	bl	878037cc <simple_strtoull>
87804508:	46de      	mov	lr, fp
8780450a:	e9ca 0100 	strd	r0, r1, [sl]
8780450e:	e7be      	b.n	8780448e <vsscanf+0x4be>
87804510:	f10e 0b04 	add.w	fp, lr, #4
87804514:	a901      	add	r1, sp, #4
87804516:	f7ff f8c5 	bl	878036a4 <simple_strtoul>
8780451a:	46de      	mov	lr, fp
8780451c:	f88a 0000 	strb.w	r0, [sl]
87804520:	e7b5      	b.n	8780448e <vsscanf+0x4be>
87804522:	f10e 0b04 	add.w	fp, lr, #4
87804526:	a901      	add	r1, sp, #4
87804528:	f7ff f8bc 	bl	878036a4 <simple_strtoul>
8780452c:	46de      	mov	lr, fp
8780452e:	f8aa 0000 	strh.w	r0, [sl]
87804532:	e7ac      	b.n	8780448e <vsscanf+0x4be>
87804534:	f8de a000 	ldr.w	sl, [lr]
87804538:	f10e 0b04 	add.w	fp, lr, #4
8780453c:	a901      	add	r1, sp, #4
8780453e:	f7ff f8b1 	bl	878036a4 <simple_strtoul>
87804542:	46de      	mov	lr, fp
87804544:	f8ca 0000 	str.w	r0, [sl]
87804548:	e7a1      	b.n	8780448e <vsscanf+0x4be>
8780454a:	f105 0902 	add.w	r9, r5, #2
8780454e:	78a9      	ldrb	r1, [r5, #2]
87804550:	f04f 0c48 	mov.w	ip, #72	; 0x48
87804554:	e59c      	b.n	87804090 <vsscanf+0xc0>
87804556:	f1ba 0f2d 	cmp.w	sl, #45	; 0x2d
8780455a:	f04f 0b01 	mov.w	fp, #1
8780455e:	f43f ae97 	beq.w	87804290 <vsscanf+0x2c0>
87804562:	e69e      	b.n	878042a2 <vsscanf+0x2d2>
87804564:	4652      	mov	r2, sl
87804566:	f06f 4300 	mvn.w	r3, #2147483648	; 0x80000000
8780456a:	e72e      	b.n	878043ca <vsscanf+0x3fa>

8780456c <sscanf>:
8780456c:	b40e      	push	{r1, r2, r3}
8780456e:	b500      	push	{lr}
87804570:	aa02      	add	r2, sp, #8
87804572:	9901      	ldr	r1, [sp, #4]
87804574:	f7ff fd2c 	bl	87803fd0 <vsscanf>
87804578:	f85d eb04 	ldr.w	lr, [sp], #4
8780457c:	b003      	add	sp, #12
8780457e:	4770      	bx	lr

87804580 <__aeabi_uidiv>:
87804580:	1e4a      	subs	r2, r1, #1
87804582:	bf08      	it	eq
87804584:	4770      	bxeq	lr
87804586:	f0c0 8124 	bcc.w	878047d2 <__aeabi_uidiv+0x252>
8780458a:	4288      	cmp	r0, r1
8780458c:	f240 8116 	bls.w	878047bc <__aeabi_uidiv+0x23c>
87804590:	4211      	tst	r1, r2
87804592:	f000 8117 	beq.w	878047c4 <__aeabi_uidiv+0x244>
87804596:	fab0 f380 	clz	r3, r0
8780459a:	fab1 f281 	clz	r2, r1
8780459e:	eba2 0303 	sub.w	r3, r2, r3
878045a2:	f1c3 031f 	rsb	r3, r3, #31
878045a6:	a204      	add	r2, pc, #16	; (adr r2, 878045b8 <__aeabi_uidiv+0x38>)
878045a8:	eb02 1303 	add.w	r3, r2, r3, lsl #4
878045ac:	f04f 0200 	mov.w	r2, #0
878045b0:	469f      	mov	pc, r3
878045b2:	bf00      	nop
878045b4:	f3af 8000 	nop.w
878045b8:	ebb0 7fc1 	cmp.w	r0, r1, lsl #31
878045bc:	bf00      	nop
878045be:	eb42 0202 	adc.w	r2, r2, r2
878045c2:	bf28      	it	cs
878045c4:	eba0 70c1 	subcs.w	r0, r0, r1, lsl #31
878045c8:	ebb0 7f81 	cmp.w	r0, r1, lsl #30
878045cc:	bf00      	nop
878045ce:	eb42 0202 	adc.w	r2, r2, r2
878045d2:	bf28      	it	cs
878045d4:	eba0 7081 	subcs.w	r0, r0, r1, lsl #30
878045d8:	ebb0 7f41 	cmp.w	r0, r1, lsl #29
878045dc:	bf00      	nop
878045de:	eb42 0202 	adc.w	r2, r2, r2
878045e2:	bf28      	it	cs
878045e4:	eba0 7041 	subcs.w	r0, r0, r1, lsl #29
878045e8:	ebb0 7f01 	cmp.w	r0, r1, lsl #28
878045ec:	bf00      	nop
878045ee:	eb42 0202 	adc.w	r2, r2, r2
878045f2:	bf28      	it	cs
878045f4:	eba0 7001 	subcs.w	r0, r0, r1, lsl #28
878045f8:	ebb0 6fc1 	cmp.w	r0, r1, lsl #27
878045fc:	bf00      	nop
878045fe:	eb42 0202 	adc.w	r2, r2, r2
87804602:	bf28      	it	cs
87804604:	eba0 60c1 	subcs.w	r0, r0, r1, lsl #27
87804608:	ebb0 6f81 	cmp.w	r0, r1, lsl #26
8780460c:	bf00      	nop
8780460e:	eb42 0202 	adc.w	r2, r2, r2
87804612:	bf28      	it	cs
87804614:	eba0 6081 	subcs.w	r0, r0, r1, lsl #26
87804618:	ebb0 6f41 	cmp.w	r0, r1, lsl #25
8780461c:	bf00      	nop
8780461e:	eb42 0202 	adc.w	r2, r2, r2
87804622:	bf28      	it	cs
87804624:	eba0 6041 	subcs.w	r0, r0, r1, lsl #25
87804628:	ebb0 6f01 	cmp.w	r0, r1, lsl #24
8780462c:	bf00      	nop
8780462e:	eb42 0202 	adc.w	r2, r2, r2
87804632:	bf28      	it	cs
87804634:	eba0 6001 	subcs.w	r0, r0, r1, lsl #24
87804638:	ebb0 5fc1 	cmp.w	r0, r1, lsl #23
8780463c:	bf00      	nop
8780463e:	eb42 0202 	adc.w	r2, r2, r2
87804642:	bf28      	it	cs
87804644:	eba0 50c1 	subcs.w	r0, r0, r1, lsl #23
87804648:	ebb0 5f81 	cmp.w	r0, r1, lsl #22
8780464c:	bf00      	nop
8780464e:	eb42 0202 	adc.w	r2, r2, r2
87804652:	bf28      	it	cs
87804654:	eba0 5081 	subcs.w	r0, r0, r1, lsl #22
87804658:	ebb0 5f41 	cmp.w	r0, r1, lsl #21
8780465c:	bf00      	nop
8780465e:	eb42 0202 	adc.w	r2, r2, r2
87804662:	bf28      	it	cs
87804664:	eba0 5041 	subcs.w	r0, r0, r1, lsl #21
87804668:	ebb0 5f01 	cmp.w	r0, r1, lsl #20
8780466c:	bf00      	nop
8780466e:	eb42 0202 	adc.w	r2, r2, r2
87804672:	bf28      	it	cs
87804674:	eba0 5001 	subcs.w	r0, r0, r1, lsl #20
87804678:	ebb0 4fc1 	cmp.w	r0, r1, lsl #19
8780467c:	bf00      	nop
8780467e:	eb42 0202 	adc.w	r2, r2, r2
87804682:	bf28      	it	cs
87804684:	eba0 40c1 	subcs.w	r0, r0, r1, lsl #19
87804688:	ebb0 4f81 	cmp.w	r0, r1, lsl #18
8780468c:	bf00      	nop
8780468e:	eb42 0202 	adc.w	r2, r2, r2
87804692:	bf28      	it	cs
87804694:	eba0 4081 	subcs.w	r0, r0, r1, lsl #18
87804698:	ebb0 4f41 	cmp.w	r0, r1, lsl #17
8780469c:	bf00      	nop
8780469e:	eb42 0202 	adc.w	r2, r2, r2
878046a2:	bf28      	it	cs
878046a4:	eba0 4041 	subcs.w	r0, r0, r1, lsl #17
878046a8:	ebb0 4f01 	cmp.w	r0, r1, lsl #16
878046ac:	bf00      	nop
878046ae:	eb42 0202 	adc.w	r2, r2, r2
878046b2:	bf28      	it	cs
878046b4:	eba0 4001 	subcs.w	r0, r0, r1, lsl #16
878046b8:	ebb0 3fc1 	cmp.w	r0, r1, lsl #15
878046bc:	bf00      	nop
878046be:	eb42 0202 	adc.w	r2, r2, r2
878046c2:	bf28      	it	cs
878046c4:	eba0 30c1 	subcs.w	r0, r0, r1, lsl #15
878046c8:	ebb0 3f81 	cmp.w	r0, r1, lsl #14
878046cc:	bf00      	nop
878046ce:	eb42 0202 	adc.w	r2, r2, r2
878046d2:	bf28      	it	cs
878046d4:	eba0 3081 	subcs.w	r0, r0, r1, lsl #14
878046d8:	ebb0 3f41 	cmp.w	r0, r1, lsl #13
878046dc:	bf00      	nop
878046de:	eb42 0202 	adc.w	r2, r2, r2
878046e2:	bf28      	it	cs
878046e4:	eba0 3041 	subcs.w	r0, r0, r1, lsl #13
878046e8:	ebb0 3f01 	cmp.w	r0, r1, lsl #12
878046ec:	bf00      	nop
878046ee:	eb42 0202 	adc.w	r2, r2, r2
878046f2:	bf28      	it	cs
878046f4:	eba0 3001 	subcs.w	r0, r0, r1, lsl #12
878046f8:	ebb0 2fc1 	cmp.w	r0, r1, lsl #11
878046fc:	bf00      	nop
878046fe:	eb42 0202 	adc.w	r2, r2, r2
87804702:	bf28      	it	cs
87804704:	eba0 20c1 	subcs.w	r0, r0, r1, lsl #11
87804708:	ebb0 2f81 	cmp.w	r0, r1, lsl #10
8780470c:	bf00      	nop
8780470e:	eb42 0202 	adc.w	r2, r2, r2
87804712:	bf28      	it	cs
87804714:	eba0 2081 	subcs.w	r0, r0, r1, lsl #10
87804718:	ebb0 2f41 	cmp.w	r0, r1, lsl #9
8780471c:	bf00      	nop
8780471e:	eb42 0202 	adc.w	r2, r2, r2
87804722:	bf28      	it	cs
87804724:	eba0 2041 	subcs.w	r0, r0, r1, lsl #9
87804728:	ebb0 2f01 	cmp.w	r0, r1, lsl #8
8780472c:	bf00      	nop
8780472e:	eb42 0202 	adc.w	r2, r2, r2
87804732:	bf28      	it	cs
87804734:	eba0 2001 	subcs.w	r0, r0, r1, lsl #8
87804738:	ebb0 1fc1 	cmp.w	r0, r1, lsl #7
8780473c:	bf00      	nop
8780473e:	eb42 0202 	adc.w	r2, r2, r2
87804742:	bf28      	it	cs
87804744:	eba0 10c1 	subcs.w	r0, r0, r1, lsl #7
87804748:	ebb0 1f81 	cmp.w	r0, r1, lsl #6
8780474c:	bf00      	nop
8780474e:	eb42 0202 	adc.w	r2, r2, r2
87804752:	bf28      	it	cs
87804754:	eba0 1081 	subcs.w	r0, r0, r1, lsl #6
87804758:	ebb0 1f41 	cmp.w	r0, r1, lsl #5
8780475c:	bf00      	nop
8780475e:	eb42 0202 	adc.w	r2, r2, r2
87804762:	bf28      	it	cs
87804764:	eba0 1041 	subcs.w	r0, r0, r1, lsl #5
87804768:	ebb0 1f01 	cmp.w	r0, r1, lsl #4
8780476c:	bf00      	nop
8780476e:	eb42 0202 	adc.w	r2, r2, r2
87804772:	bf28      	it	cs
87804774:	eba0 1001 	subcs.w	r0, r0, r1, lsl #4
87804778:	ebb0 0fc1 	cmp.w	r0, r1, lsl #3
8780477c:	bf00      	nop
8780477e:	eb42 0202 	adc.w	r2, r2, r2
87804782:	bf28      	it	cs
87804784:	eba0 00c1 	subcs.w	r0, r0, r1, lsl #3
87804788:	ebb0 0f81 	cmp.w	r0, r1, lsl #2
8780478c:	bf00      	nop
8780478e:	eb42 0202 	adc.w	r2, r2, r2
87804792:	bf28      	it	cs
87804794:	eba0 0081 	subcs.w	r0, r0, r1, lsl #2
87804798:	ebb0 0f41 	cmp.w	r0, r1, lsl #1
8780479c:	bf00      	nop
8780479e:	eb42 0202 	adc.w	r2, r2, r2
878047a2:	bf28      	it	cs
878047a4:	eba0 0041 	subcs.w	r0, r0, r1, lsl #1
878047a8:	ebb0 0f01 	cmp.w	r0, r1
878047ac:	bf00      	nop
878047ae:	eb42 0202 	adc.w	r2, r2, r2
878047b2:	bf28      	it	cs
878047b4:	eba0 0001 	subcs.w	r0, r0, r1
878047b8:	4610      	mov	r0, r2
878047ba:	4770      	bx	lr
878047bc:	bf0c      	ite	eq
878047be:	2001      	moveq	r0, #1
878047c0:	2000      	movne	r0, #0
878047c2:	4770      	bx	lr
878047c4:	fab1 f281 	clz	r2, r1
878047c8:	f1c2 021f 	rsb	r2, r2, #31
878047cc:	fa20 f002 	lsr.w	r0, r0, r2
878047d0:	4770      	bx	lr
878047d2:	b108      	cbz	r0, 878047d8 <__aeabi_uidiv+0x258>
878047d4:	f04f 30ff 	mov.w	r0, #4294967295	; 0xffffffff
878047d8:	f000 b826 	b.w	87804828 <__aeabi_idiv0>

878047dc <__aeabi_uidivmod>:
878047dc:	2900      	cmp	r1, #0
878047de:	d0f8      	beq.n	878047d2 <__aeabi_uidiv+0x252>
878047e0:	e92d 4003 	stmdb	sp!, {r0, r1, lr}
878047e4:	f7ff fecc 	bl	87804580 <__aeabi_uidiv>
878047e8:	e8bd 4006 	ldmia.w	sp!, {r1, r2, lr}
878047ec:	fb02 f300 	mul.w	r3, r2, r0
878047f0:	eba1 0103 	sub.w	r1, r1, r3
878047f4:	4770      	bx	lr
878047f6:	bf00      	nop

878047f8 <__aeabi_uldivmod>:
878047f8:	b953      	cbnz	r3, 87804810 <__aeabi_uldivmod+0x18>
878047fa:	b94a      	cbnz	r2, 87804810 <__aeabi_uldivmod+0x18>
878047fc:	2900      	cmp	r1, #0
878047fe:	bf08      	it	eq
87804800:	2800      	cmpeq	r0, #0
87804802:	bf1c      	itt	ne
87804804:	f04f 31ff 	movne.w	r1, #4294967295	; 0xffffffff
87804808:	f04f 30ff 	movne.w	r0, #4294967295	; 0xffffffff
8780480c:	f000 b80c 	b.w	87804828 <__aeabi_idiv0>
87804810:	f1ad 0c08 	sub.w	ip, sp, #8
87804814:	e96d ce04 	strd	ip, lr, [sp, #-16]!
87804818:	f000 f80c 	bl	87804834 <__udivmoddi4>
8780481c:	f8dd e004 	ldr.w	lr, [sp, #4]
87804820:	e9dd 2302 	ldrd	r2, r3, [sp, #8]
87804824:	b004      	add	sp, #16
87804826:	4770      	bx	lr

87804828 <__aeabi_idiv0>:
87804828:	b502      	push	{r1, lr}
8780482a:	f04f 0008 	mov.w	r0, #8
8780482e:	f7fc fbef 	bl	87801010 <raise>
87804832:	bd02      	pop	{r1, pc}

87804834 <__udivmoddi4>:
87804834:	e92d 43f0 	stmdb	sp!, {r4, r5, r6, r7, r8, r9, lr}
87804838:	460d      	mov	r5, r1
8780483a:	429d      	cmp	r5, r3
8780483c:	4604      	mov	r4, r0
8780483e:	4610      	mov	r0, r2
87804840:	4619      	mov	r1, r3
87804842:	bf08      	it	eq
87804844:	4284      	cmpeq	r4, r0
87804846:	9a07      	ldr	r2, [sp, #28]
87804848:	bf3c      	itt	cc
8780484a:	2000      	movcc	r0, #0
8780484c:	2100      	movcc	r1, #0
8780484e:	d36a      	bcc.n	87804926 <__udivmoddi4+0xf2>
87804850:	fab1 f681 	clz	r6, r1
87804854:	2900      	cmp	r1, #0
87804856:	d06f      	beq.n	87804938 <__udivmoddi4+0x104>
87804858:	fab5 f385 	clz	r3, r5
8780485c:	2d00      	cmp	r5, #0
8780485e:	d067      	beq.n	87804930 <__udivmoddi4+0xfc>
87804860:	1af3      	subs	r3, r6, r3
87804862:	f1a3 0c20 	sub.w	ip, r3, #32
87804866:	fa01 f703 	lsl.w	r7, r1, r3
8780486a:	fa00 fe0c 	lsl.w	lr, r0, ip
8780486e:	f1c3 0820 	rsb	r8, r3, #32
87804872:	fa20 f108 	lsr.w	r1, r0, r8
87804876:	fa00 f603 	lsl.w	r6, r0, r3
8780487a:	ea47 070e 	orr.w	r7, r7, lr
8780487e:	469e      	mov	lr, r3
87804880:	430f      	orrs	r7, r1
87804882:	42bd      	cmp	r5, r7
87804884:	bf08      	it	eq
87804886:	42b4      	cmpeq	r4, r6
87804888:	bf3c      	itt	cc
8780488a:	2000      	movcc	r0, #0
8780488c:	2100      	movcc	r1, #0
8780488e:	d30c      	bcc.n	878048aa <__udivmoddi4+0x76>
87804890:	f04f 0901 	mov.w	r9, #1
87804894:	1ba4      	subs	r4, r4, r6
87804896:	fa29 f808 	lsr.w	r8, r9, r8
8780489a:	fa09 f10c 	lsl.w	r1, r9, ip
8780489e:	fa09 f003 	lsl.w	r0, r9, r3
878048a2:	ea41 0108 	orr.w	r1, r1, r8
878048a6:	eb65 0507 	sbc.w	r5, r5, r7
878048aa:	2b00      	cmp	r3, #0
878048ac:	d03b      	beq.n	87804926 <__udivmoddi4+0xf2>
878048ae:	087f      	lsrs	r7, r7, #1
878048b0:	ea4f 0636 	mov.w	r6, r6, rrx
878048b4:	e009      	b.n	878048ca <__udivmoddi4+0x96>
878048b6:	1ba4      	subs	r4, r4, r6
878048b8:	eb65 0507 	sbc.w	r5, r5, r7
878048bc:	1924      	adds	r4, r4, r4
878048be:	416d      	adcs	r5, r5
878048c0:	3401      	adds	r4, #1
878048c2:	f145 0500 	adc.w	r5, r5, #0
878048c6:	3b01      	subs	r3, #1
878048c8:	d007      	beq.n	878048da <__udivmoddi4+0xa6>
878048ca:	42bd      	cmp	r5, r7
878048cc:	bf08      	it	eq
878048ce:	42b4      	cmpeq	r4, r6
878048d0:	d2f1      	bcs.n	878048b6 <__udivmoddi4+0x82>
878048d2:	1924      	adds	r4, r4, r4
878048d4:	416d      	adcs	r5, r5
878048d6:	3b01      	subs	r3, #1
878048d8:	d1f7      	bne.n	878048ca <__udivmoddi4+0x96>
878048da:	f1ce 0720 	rsb	r7, lr, #32
878048de:	fa24 f60e 	lsr.w	r6, r4, lr
878048e2:	fa05 f707 	lsl.w	r7, r5, r7
878048e6:	f1ae 0320 	sub.w	r3, lr, #32
878048ea:	fa25 f303 	lsr.w	r3, r5, r3
878048ee:	fa25 fc0e 	lsr.w	ip, r5, lr
878048f2:	1900      	adds	r0, r0, r4
878048f4:	ea46 0607 	orr.w	r6, r6, r7
878048f8:	ea46 0403 	orr.w	r4, r6, r3
878048fc:	4169      	adcs	r1, r5
878048fe:	4665      	mov	r5, ip
87804900:	f1ae 0c20 	sub.w	ip, lr, #32
87804904:	fa05 f70e 	lsl.w	r7, r5, lr
87804908:	fa04 fc0c 	lsl.w	ip, r4, ip
8780490c:	fa04 f60e 	lsl.w	r6, r4, lr
87804910:	f1ce 0320 	rsb	r3, lr, #32
87804914:	fa24 f303 	lsr.w	r3, r4, r3
87804918:	ea47 070c 	orr.w	r7, r7, ip
8780491c:	1b80      	subs	r0, r0, r6
8780491e:	ea47 0703 	orr.w	r7, r7, r3
87804922:	eb61 0107 	sbc.w	r1, r1, r7
87804926:	b10a      	cbz	r2, 8780492c <__udivmoddi4+0xf8>
87804928:	e9c2 4500 	strd	r4, r5, [r2]
8780492c:	e8bd 83f0 	ldmia.w	sp!, {r4, r5, r6, r7, r8, r9, pc}
87804930:	fab4 f384 	clz	r3, r4
87804934:	3320      	adds	r3, #32
87804936:	e793      	b.n	87804860 <__udivmoddi4+0x2c>
87804938:	fab0 f380 	clz	r3, r0
8780493c:	f103 0620 	add.w	r6, r3, #32
87804940:	fab5 f385 	clz	r3, r5
87804944:	2d00      	cmp	r5, #0
87804946:	d18b      	bne.n	87804860 <__udivmoddi4+0x2c>
87804948:	e7f2      	b.n	87804930 <__udivmoddi4+0xfc>
8780494a:	bf00      	nop
8780494c:	0000      	movs	r0, r0
	...

87804950 <__main_from_arm>:
87804950:	e51ff004 	ldr	pc, [pc, #-4]	; 87804954 <__main_from_arm+0x4>
87804954:	8780495d 			; <UNDEFINED> instruction: 0x8780495d
87804958:	f7fc ba04 	b.w	87800d64 <uart_setbaudrate>

Disassembly of section .text.startup:

8780495c <main>:
8780495c:	b570      	push	{r4, r5, r6, lr}
8780495e:	b082      	sub	sp, #8
87804960:	ee11 3f50 	mrc	15, 0, r3, cr1, cr0, {2}
87804964:	f023 4340 	bic.w	r3, r3, #3221225472	; 0xc0000000
87804968:	f423 0370 	bic.w	r3, r3, #15728640	; 0xf00000
8780496c:	f443 0370 	orr.w	r3, r3, #15728640	; 0xf00000
87804970:	ee01 3f50 	mcr	15, 0, r3, cr1, cr0, {2}
87804974:	eef8 3a10 	vmrs	r3, fpexc
87804978:	f043 4380 	orr.w	r3, r3, #1073741824	; 0x40000000
8780497c:	eee8 3a10 	vmsr	fpexc, r3
87804980:	f7fb ffe8 	bl	87800954 <int_init>
87804984:	f24a 04cc 	movw	r4, #41164	; 0xa0cc
87804988:	f44f 057f 	mov.w	r5, #16711680	; 0xff0000
8780498c:	f7fb fd88 	bl	878004a0 <imx6u_clkinit>
87804990:	f7fb fe36 	bl	87800600 <delay_init>
87804994:	f7fb fd74 	bl	87800480 <clk_enable>
87804998:	f7fb fdf0 	bl	8780057c <led_init>
8780499c:	f7fb fea2 	bl	878006e4 <beep_init>
878049a0:	f7fc fade 	bl	87800f60 <uart_init>
878049a4:	f7fc ffc4 	bl	87801930 <lcd_init>
878049a8:	f7fe f81e 	bl	878029e8 <ft5426_init>
878049ac:	f644 2354 	movw	r3, #19028	; 0x4a54
878049b0:	2218      	movs	r2, #24
878049b2:	f2c8 7380 	movt	r3, #34688	; 0x8780
878049b6:	f2c8 7480 	movt	r4, #34688	; 0x8780
878049ba:	9301      	str	r3, [sp, #4]
878049bc:	210a      	movs	r1, #10
878049be:	4613      	mov	r3, r2
878049c0:	9200      	str	r2, [sp, #0]
878049c2:	2032      	movs	r0, #50	; 0x32
878049c4:	61a5      	str	r5, [r4, #24]
878049c6:	f44f 72c8 	mov.w	r2, #400	; 0x190
878049ca:	2610      	movs	r6, #16
878049cc:	f7fc fd64 	bl	87801498 <lcd_show_string>
878049d0:	f644 226c 	movw	r2, #19052	; 0x4a6c
878049d4:	4633      	mov	r3, r6
878049d6:	f2c8 7280 	movt	r2, #34688	; 0x8780
878049da:	2128      	movs	r1, #40	; 0x28
878049dc:	9201      	str	r2, [sp, #4]
878049de:	2032      	movs	r0, #50	; 0x32
878049e0:	22c8      	movs	r2, #200	; 0xc8
878049e2:	9600      	str	r6, [sp, #0]
878049e4:	f7fc fd58 	bl	87801498 <lcd_show_string>
878049e8:	f644 2278 	movw	r2, #19064	; 0x4a78
878049ec:	4633      	mov	r3, r6
878049ee:	f2c8 7280 	movt	r2, #34688	; 0x8780
878049f2:	213c      	movs	r1, #60	; 0x3c
878049f4:	9201      	str	r2, [sp, #4]
878049f6:	2032      	movs	r0, #50	; 0x32
878049f8:	22c8      	movs	r2, #200	; 0xc8
878049fa:	9600      	str	r6, [sp, #0]
878049fc:	f7fc fd4c 	bl	87801498 <lcd_show_string>
87804a00:	f644 2288 	movw	r2, #19080	; 0x4a88
87804a04:	f24a 1524 	movw	r5, #41252	; 0xa124
87804a08:	f2c8 7280 	movt	r2, #34688	; 0x8780
87804a0c:	9600      	str	r6, [sp, #0]
87804a0e:	9201      	str	r2, [sp, #4]
87804a10:	4633      	mov	r3, r6
87804a12:	22c8      	movs	r2, #200	; 0xc8
87804a14:	2150      	movs	r1, #80	; 0x50
87804a16:	2032      	movs	r0, #50	; 0x32
87804a18:	f2c8 7580 	movt	r5, #34688	; 0x8780
87804a1c:	2400      	movs	r4, #0
87804a1e:	f7fc fd3b 	bl	87801498 <lcd_show_string>
87804a22:	89a9      	ldrh	r1, [r5, #12]
87804a24:	22ff      	movs	r2, #255	; 0xff
87804a26:	8868      	ldrh	r0, [r5, #2]
87804a28:	f084 0401 	eor.w	r4, r4, #1
87804a2c:	f7fd f8ba 	bl	87801ba4 <lcd_drawpoint>
87804a30:	2032      	movs	r0, #50	; 0x32
87804a32:	f7fb fe1b 	bl	8780066c <delay_ms>
87804a36:	4621      	mov	r1, r4
87804a38:	2000      	movs	r0, #0
87804a3a:	f7fb fdcb 	bl	878005d4 <led_switch>
87804a3e:	e7f0      	b.n	87804a22 <main+0xc6>

Disassembly of section .rodata:

87804a40 <CSWTCH.15-0x54>:
87804a40:	0064252d 	rsbeq	r2, r4, sp, lsr #10
87804a44:	2e64252d 	cdpcs	5, 6, cr2, cr4, cr13, {1}
87804a48:	00006425 	andeq	r6, r0, r5, lsr #8
87804a4c:	252e6425 	strcs	r6, [lr, #-1061]!	; 0x425
87804a50:	00000064 	andeq	r0, r0, r4, rrx
87804a54:	48504c41 	ldmdami	r0, {r0, r6, sl, fp, lr}^
87804a58:	4d492d41 	stclmi	13, cr2, [r9, #-260]	; 0xfffffefc
87804a5c:	20553658 	subscs	r3, r5, r8, asr r6
87804a60:	43554f54 	cmpmi	r5, #84, 30	; 0x150
87804a64:	45542048 	ldrbmi	r2, [r4, #-72]	; 0x48
87804a68:	00005453 	andeq	r5, r0, r3, asr r4
87804a6c:	34355446 	ldrtcc	r5, [r5], #-1094	; 0x446
87804a70:	54203632 	strtpl	r3, [r0], #-1586	; 0x632
87804a74:	00545345 	subseq	r5, r4, r5, asr #6
87804a78:	4d4f5441 	cfstrdmi	mvd5, [pc, #-260]	; 8780497c <main+0x20>
87804a7c:	494c4140 	stmdbmi	ip, {r6, r8, lr}^
87804a80:	45544e45 	ldrbmi	r4, [r4, #-3653]	; 0xe45
87804a84:	0000004b 	andeq	r0, r0, fp, asr #32
87804a88:	36323032 			; <UNDEFINED> instruction: 0x36323032
87804a8c:	322f362f 	eorcc	r3, pc, #49283072	; 0x2f00000
87804a90:	00000030 	andeq	r0, r0, r0, lsr r0

87804a94 <CSWTCH.15>:
87804a94:	00000004 	andeq	r0, r0, r4
87804a98:	00000003 	andeq	r0, r0, r3
87804a9c:	00000002 	andeq	r0, r0, r2
87804aa0:	00000001 	andeq	r0, r0, r1
87804aa4:	00000000 	andeq	r0, r0, r0
87804aa8:	00000006 	andeq	r0, r0, r6

87804aac <asc2_1206>:
	...
87804abc:	0000403f 	andeq	r4, r0, pc, lsr r0
87804ac0:	00000000 	andeq	r0, r0, r0
87804ac4:	00300000 	eorseq	r0, r0, r0
87804ac8:	00300040 	eorseq	r0, r0, r0, asr #32
87804acc:	00000040 	andeq	r0, r0, r0, asr #32
87804ad0:	c00b0009 	andgt	r0, fp, r9
87804ad4:	c00b003d 	andgt	r0, fp, sp, lsr r0
87804ad8:	0009003d 	andeq	r0, r9, sp, lsr r0
87804adc:	4024c018 	eormi	ip, r4, r8, lsl r0
87804ae0:	4022e07f 	eormi	lr, r2, pc, ror r0
87804ae4:	00008031 	andeq	r8, r0, r1, lsr r0
87804ae8:	c0240018 	eorgt	r0, r4, r8, lsl r0
87804aec:	800d001b 	andhi	r0, sp, fp, lsl r0
87804af0:	80014032 	andhi	r4, r1, r2, lsr r0
87804af4:	401c8003 	andsmi	r8, ip, r3
87804af8:	801c4027 	andshi	r4, ip, r7, lsr #32
87804afc:	40004007 	andmi	r4, r0, r7
87804b00:	00600010 	rsbeq	r0, r0, r0, lsl r0
	...
87804b10:	801f0000 	andshi	r0, pc, r0
87804b14:	20404020 	subcs	r4, r0, r0, lsr #32
87804b18:	20400000 	subcs	r0, r0, r0
87804b1c:	801f4020 	andshi	r4, pc, r0, lsr #32
87804b20:	00000000 	andeq	r0, r0, r0
87804b24:	00060009 	andeq	r0, r6, r9
87804b28:	0006801f 	andeq	r8, r6, pc, lsl r0
87804b2c:	00000009 	andeq	r0, r0, r9
87804b30:	00040004 	andeq	r0, r4, r4
87804b34:	0004803f 	andeq	r8, r4, pc, lsr r0
87804b38:	00000004 	andeq	r0, r0, r4
87804b3c:	60001000 	andvs	r1, r0, r0
	...
87804b48:	00040004 	andeq	r0, r4, r4
87804b4c:	00040004 	andeq	r0, r4, r4
87804b50:	00000004 	andeq	r0, r0, r4
87804b54:	40000000 	andmi	r0, r0, r0
	...
87804b60:	c0012000 	andgt	r2, r1, r0
87804b64:	00380006 	eorseq	r0, r8, r6
87804b68:	00000040 	andeq	r0, r0, r0, asr #32
87804b6c:	4020801f 	eormi	r8, r0, pc, lsl r0
87804b70:	40204020 	eormi	r4, r0, r0, lsr #32
87804b74:	0000801f 	andeq	r8, r0, pc, lsl r0
87804b78:	40100000 	andsmi	r0, r0, r0
87804b7c:	4000c03f 	andmi	ip, r0, pc, lsr r0
87804b80:	00000000 	andeq	r0, r0, r0
87804b84:	4021c018 	eormi	ip, r1, r8, lsl r0
87804b88:	40244022 	eormi	r4, r4, r2, lsr #32
87804b8c:	00004018 	andeq	r4, r0, r8, lsl r0
87804b90:	40208010 	eormi	r8, r0, r0, lsl r0
87804b94:	40244024 	eormi	r4, r4, r4, lsr #32
87804b98:	0000801b 	andeq	r8, r0, fp, lsl r0
87804b9c:	000d0002 	andeq	r0, sp, r2
87804ba0:	c03f0011 	eorsgt	r0, pc, r1, lsl r0	; <UNPREDICTABLE>
87804ba4:	00004001 	andeq	r4, r0, r1
87804ba8:	4024803c 	eormi	r8, r4, ip, lsr r0
87804bac:	40244024 	eormi	r4, r4, r4, lsr #32
87804bb0:	00008023 	andeq	r8, r0, r3, lsr #32
87804bb4:	4024801f 	eormi	r8, r4, pc, lsl r0
87804bb8:	40344024 	eorsmi	r4, r4, r4, lsr #32
87804bbc:	00008003 	andeq	r8, r0, r3
87804bc0:	00200030 	eoreq	r0, r0, r0, lsr r0
87804bc4:	0038c027 	eorseq	ip, r8, r7, lsr #32
87804bc8:	00000020 	andeq	r0, r0, r0, lsr #32
87804bcc:	4024801b 	eormi	r8, r4, fp, lsl r0
87804bd0:	40244024 	eormi	r4, r4, r4, lsr #32
87804bd4:	0000801b 	andeq	r8, r0, fp, lsl r0
87804bd8:	c022001c 	eorgt	r0, r2, ip, lsl r0
87804bdc:	40224022 	eormi	r4, r2, r2, lsr #32
87804be0:	0000801f 	andeq	r8, r0, pc, lsl r0
87804be4:	00000000 	andeq	r0, r0, r0
87804be8:	00004008 	andeq	r4, r0, r8
	...
87804bf4:	00006004 	andeq	r6, r0, r4
87804bf8:	00000000 	andeq	r0, r0, r0
87804bfc:	00040000 	andeq	r0, r4, r0
87804c00:	0011000a 	andseq	r0, r1, sl
87804c04:	40408020 	submi	r8, r0, r0, lsr #32
87804c08:	00090009 	andeq	r0, r9, r9
87804c0c:	00090009 	andeq	r0, r9, r9
87804c10:	00000009 	andeq	r0, r0, r9
87804c14:	40400000 	submi	r0, r0, r0
87804c18:	00118020 	andseq	r8, r1, r0, lsr #32
87804c1c:	0004000a 	andeq	r0, r4, sl
87804c20:	00200018 	eoreq	r0, r0, r8, lsl r0
87804c24:	00244023 	eoreq	r4, r4, r3, lsr #32
87804c28:	00000018 	andeq	r0, r0, r8, lsl r0
87804c2c:	4020801f 	eormi	r8, r0, pc, lsl r0
87804c30:	40294027 	eormi	r4, r9, r7, lsr #32
87804c34:	0000401f 	andeq	r4, r0, pc, lsl r0
87804c38:	c0074000 	andgt	r4, r7, r0
87804c3c:	000f0039 	andeq	r0, pc, r9, lsr r0	; <UNPREDICTABLE>
87804c40:	4000c001 	andmi	ip, r0, r1
87804c44:	c03f4020 	eorsgt	r4, pc, r0, lsr #32
87804c48:	40244024 	eormi	r4, r4, r4, lsr #32
87804c4c:	0000801b 	andeq	r8, r0, fp, lsl r0
87804c50:	4020801f 	eormi	r8, r0, pc, lsl r0
87804c54:	40204020 	eormi	r4, r0, r0, lsr #32
87804c58:	00008030 	andeq	r8, r0, r0, lsr r0
87804c5c:	c03f4020 	eorsgt	r4, pc, r0, lsr #32
87804c60:	40204020 	eormi	r4, r0, r0, lsr #32
87804c64:	0000801f 	andeq	r8, r0, pc, lsl r0
87804c68:	c03f4020 	eorsgt	r4, pc, r0, lsr #32
87804c6c:	402e4024 	eormi	r4, lr, r4, lsr #32
87804c70:	0000c030 	andeq	ip, r0, r0, lsr r0
87804c74:	c03f4020 	eorsgt	r4, pc, r0, lsr #32
87804c78:	002e4024 	eoreq	r4, lr, r4, lsr #32
87804c7c:	00000030 	andeq	r0, r0, r0, lsr r0
87804c80:	8010000f 	andshi	r0, r0, pc
87804c84:	40224020 	eormi	r4, r2, r0, lsr #32
87804c88:	00028033 	andeq	r8, r2, r3, lsr r0
87804c8c:	c03f4020 	eorsgt	r4, pc, r0, lsr #32
87804c90:	00040004 	andeq	r0, r4, r4
87804c94:	4020c03f 	eormi	ip, r0, pc, lsr r0
87804c98:	40204020 	eormi	r4, r0, r0, lsr #32
87804c9c:	4020c03f 	eormi	ip, r0, pc, lsr r0
87804ca0:	00004020 	andeq	r4, r0, r0, lsr #32
87804ca4:	20206000 	eorcs	r6, r0, r0
87804ca8:	c03f2020 	eorsgt	r2, pc, r0, lsr #32
87804cac:	00200020 	eoreq	r0, r0, r0, lsr #32
87804cb0:	c03f4020 	eorsgt	r4, pc, r0, lsr #32
87804cb4:	000b4024 	andeq	r4, fp, r4, lsr #32
87804cb8:	4020c030 	eormi	ip, r0, r0, lsr r0
87804cbc:	c03f4020 	eorsgt	r4, pc, r0, lsr #32
87804cc0:	40004020 	andmi	r4, r0, r0, lsr #32
87804cc4:	c0004000 	andgt	r4, r0, r0
87804cc8:	003cc03f 	eorseq	ip, ip, pc, lsr r0
87804ccc:	003cc003 	eorseq	ip, ip, r3
87804cd0:	0000c03f 	andeq	ip, r0, pc, lsr r0
87804cd4:	c03f4020 	eorsgt	r4, pc, r0, lsr #32
87804cd8:	0023400c 	eoreq	r4, r3, ip
87804cdc:	0020c03f 	eoreq	ip, r0, pc, lsr r0
87804ce0:	4020801f 	eormi	r8, r0, pc, lsl r0
87804ce4:	40204020 	eormi	r4, r0, r0, lsr #32
87804ce8:	0000801f 	andeq	r8, r0, pc, lsl r0
87804cec:	c03f4020 	eorsgt	r4, pc, r0, lsr #32
87804cf0:	00244024 	eoreq	r4, r4, r4, lsr #32
87804cf4:	00000018 	andeq	r0, r0, r8, lsl r0
87804cf8:	4021801f 	eormi	r8, r1, pc, lsl r0
87804cfc:	e0204021 	eor	r4, r0, r1, lsr #32
87804d00:	0000a01f 	andeq	sl, r0, pc, lsl r0
87804d04:	c03f4020 	eorsgt	r4, pc, r0, lsr #32
87804d08:	00264024 	eoreq	r4, r6, r4, lsr #32
87804d0c:	4000c019 	andmi	ip, r0, r9, lsl r0
87804d10:	4024c018 	eormi	ip, r4, r8, lsl r0
87804d14:	40224024 	eormi	r4, r2, r4, lsr #32
87804d18:	00008031 	andeq	r8, r0, r1, lsr r0
87804d1c:	40200030 	eormi	r0, r0, r0, lsr r0
87804d20:	4020c03f 	eormi	ip, r0, pc, lsr r0
87804d24:	00000030 	andeq	r0, r0, r0, lsr r0
87804d28:	803f0020 	eorshi	r0, pc, r0, lsr #32
87804d2c:	40004000 	andmi	r4, r0, r0
87804d30:	0020803f 	eoreq	r8, r0, pc, lsr r0
87804d34:	003e0020 	eorseq	r0, lr, r0, lsr #32
87804d38:	0007c001 	andeq	ip, r7, r1
87804d3c:	00200038 	eoreq	r0, r0, r8, lsr r0
87804d40:	c0070038 	andgt	r0, r7, r8, lsr r0
87804d44:	c007003c 	andgt	r0, r7, ip, lsr r0
87804d48:	00000038 	andeq	r0, r0, r8, lsr r0
87804d4c:	c0394020 	eorsgt	r4, r9, r0, lsr #32
87804d50:	c0390006 	eorsgt	r0, r9, r6
87804d54:	00004020 	andeq	r4, r0, r0, lsr #32
87804d58:	40380020 	eorsmi	r0, r8, r0, lsr #32
87804d5c:	4038c007 	eorsmi	ip, r8, r7
87804d60:	00000020 	andeq	r0, r0, r0, lsr #32
87804d64:	c0214030 	eorgt	r4, r1, r0, lsr r0
87804d68:	40384026 	eorsmi	r4, r8, r6, lsr #32
87804d6c:	0000c020 	andeq	ip, r0, r0, lsr #32
87804d70:	00000000 	andeq	r0, r0, r0
87804d74:	2040e07f 	subcs	lr, r0, pc, ror r0
87804d78:	00002040 	andeq	r2, r0, r0, asr #32
87804d7c:	00700000 	rsbseq	r0, r0, r0
87804d80:	8003000c 	andhi	r0, r3, ip
87804d84:	00004000 	andeq	r4, r0, r0
87804d88:	20400000 	subcs	r0, r0, r0
87804d8c:	e07f2040 	rsbs	r2, pc, r0, asr #32
87804d90:	00000000 	andeq	r0, r0, r0
87804d94:	00200000 	eoreq	r0, r0, r0
87804d98:	00200040 	eoreq	r0, r0, r0, asr #32
87804d9c:	00000000 	andeq	r0, r0, r0
87804da0:	10001000 	andne	r1, r0, r0
87804da4:	10001000 	andne	r1, r0, r0
87804da8:	10001000 	andne	r1, r0, r0
87804dac:	00000000 	andeq	r0, r0, r0
87804db0:	00000040 	andeq	r0, r0, r0, asr #32
87804db4:	00000000 	andeq	r0, r0, r0
87804db8:	80020000 	andhi	r0, r2, r0
87804dbc:	40054005 	andmi	r4, r5, r5
87804dc0:	4000c003 	andmi	ip, r0, r3
87804dc4:	c03f0020 	eorsgt	r0, pc, r0, lsr #32
87804dc8:	40044004 	andmi	r4, r4, r4
87804dcc:	00008003 	andeq	r8, r0, r3
87804dd0:	80030000 	andhi	r0, r3, r0
87804dd4:	40044004 	andmi	r4, r4, r4
87804dd8:	00004006 	andeq	r4, r0, r6
87804ddc:	80030000 	andhi	r0, r3, r0
87804de0:	40244004 	eormi	r4, r4, r4
87804de4:	4000c03f 	andmi	ip, r0, pc, lsr r0
87804de8:	80030000 	andhi	r0, r3, r0
87804dec:	40054005 	andmi	r4, r5, r5
87804df0:	00004003 	andeq	r4, r0, r3
87804df4:	40040000 	andmi	r0, r4, r0
87804df8:	4024c01f 	eormi	ip, r4, pc, lsl r0
87804dfc:	00204024 	eoreq	r4, r0, r4, lsr #32
87804e00:	e0020000 	and	r0, r2, r0
87804e04:	50055005 	andpl	r5, r5, r5
87804e08:	20045006 	andcs	r5, r4, r6
87804e0c:	c03f4020 	eorsgt	r4, pc, r0, lsr #32
87804e10:	00044004 	andeq	r4, r4, r4
87804e14:	4000c003 	andmi	ip, r0, r3
87804e18:	40040000 	andmi	r0, r4, r0
87804e1c:	4000c027 	andmi	ip, r0, r7, lsr #32
87804e20:	00000000 	andeq	r0, r0, r0
87804e24:	10001000 	andne	r1, r0, r0
87804e28:	e0271004 	eor	r1, r7, r4
87804e2c:	00000000 	andeq	r0, r0, r0
87804e30:	c03f4020 	eorsgt	r4, pc, r0, lsr #32
87804e34:	00074001 	andeq	r4, r7, r1
87804e38:	4004c004 	andmi	ip, r4, r4
87804e3c:	40204020 	eormi	r4, r0, r0, lsr #32
87804e40:	4000c03f 	andmi	ip, r0, pc, lsr r0
87804e44:	00004000 	andeq	r4, r0, r0
87804e48:	0004c007 	andeq	ip, r4, r7
87804e4c:	0004c007 	andeq	ip, r4, r7
87804e50:	0000c003 	andeq	ip, r0, r3
87804e54:	c0074004 	andgt	r4, r7, r4
87804e58:	00044004 	andeq	r4, r4, r4
87804e5c:	4000c003 	andmi	ip, r0, r3
87804e60:	80030000 	andhi	r0, r3, r0
87804e64:	40044004 	andmi	r4, r4, r4
87804e68:	00008003 	andeq	r8, r0, r3
87804e6c:	f0071004 			; <UNDEFINED> instruction: 0xf0071004
87804e70:	40045004 	andmi	r5, r4, r4
87804e74:	00008003 	andeq	r8, r0, r3
87804e78:	80030000 	andhi	r0, r3, r0
87804e7c:	50044004 	andpl	r4, r4, r4
87804e80:	1000f007 	andne	pc, r0, r7
87804e84:	c0074004 	andgt	r4, r7, r4
87804e88:	00044002 	andeq	r4, r4, r2
87804e8c:	00000004 	andeq	r0, r0, r4
87804e90:	40060000 	andmi	r0, r6, r0
87804e94:	40054005 	andmi	r4, r5, r5
87804e98:	0000c004 	andeq	ip, r0, r4
87804e9c:	00040000 	andeq	r0, r4, r0
87804ea0:	4004801f 	andmi	r8, r4, pc, lsl r0
87804ea4:	00004000 	andeq	r4, r0, r0
87804ea8:	80070004 	andhi	r0, r7, r4
87804eac:	40044000 	andmi	r4, r4, r0
87804eb0:	4000c007 	andmi	ip, r0, r7
87804eb4:	00070004 	andeq	r0, r7, r4
87804eb8:	8001c004 	andhi	ip, r1, r4
87804ebc:	00040006 	andeq	r0, r4, r6
87804ec0:	c0010006 	andgt	r0, r1, r6
87804ec4:	c0010007 	andgt	r0, r1, r7
87804ec8:	00000006 	andeq	r0, r0, r6
87804ecc:	c0064004 	andgt	r4, r6, r4
87804ed0:	c0060001 	andgt	r0, r6, r1
87804ed4:	00004004 	andeq	r4, r0, r4
87804ed8:	10071004 	andne	r1, r7, r4
87804edc:	8001e004 	andhi	lr, r1, r4
87804ee0:	00040006 	andeq	r0, r4, r6
87804ee4:	40040000 	andmi	r0, r4, r0
87804ee8:	4006c005 	andmi	ip, r6, r5
87804eec:	00004004 	andeq	r4, r0, r4
87804ef0:	00000000 	andeq	r0, r0, r0
87804ef4:	e07b0004 	rsbs	r0, fp, r4
87804ef8:	00002040 	andeq	r2, r0, r0, asr #32
87804efc:	00000000 	andeq	r0, r0, r0
87804f00:	f0ff0000 			; <UNDEFINED> instruction: 0xf0ff0000
87804f04:	00000000 	andeq	r0, r0, r0
87804f08:	20400000 	subcs	r0, r0, r0
87804f0c:	0004e07b 	andeq	lr, r4, fp, ror r0
87804f10:	00000000 	andeq	r0, r0, r0
87804f14:	00800040 	addeq	r0, r0, r0, asr #32
87804f18:	00200040 	eoreq	r0, r0, r0, asr #32
87804f1c:	00400020 	subeq	r0, r0, r0, lsr #32

87804f20 <asc2_2412>:
	...
87804f50:	0f000000 	svceq	0x00000000
87804f54:	fe0f3880 	cdp2	8, 0, cr3, cr15, cr0, {4}
87804f58:	38800f38 	stmcc	r0, {r3, r4, r5, r8, r9, sl, fp}
	...
87804f6c:	00010000 	andeq	r0, r1, r0
87804f70:	00000600 	andeq	r0, r0, r0, lsl #12
87804f74:	3800000c 	stmdacc	r0, {r2, r3}
87804f78:	00310000 	eorseq	r0, r1, r0
87804f7c:	00000600 	andeq	r0, r0, r0, lsl #12
87804f80:	3800000c 	stmdacc	r0, {r2, r3}
87804f84:	00300000 	eorseq	r0, r0, r0
	...
87804f90:	67008061 	strvs	r8, [r0, -r1, rrx]
87804f94:	80f907f8 	ldrshthi	r0, [r9], #120	; 0x78
87804f98:	00806100 	addeq	r6, r0, r0, lsl #2
87804f9c:	61008061 	tstvs	r0, r1, rrx
87804fa0:	80610080 	rsbhi	r0, r1, r0, lsl #1
87804fa4:	07f86700 	ldrbeq	r6, [r8, r0, lsl #14]!
87804fa8:	610080f9 	strdvs	r8, [r0, -r9]
87804fac:	00000080 	andeq	r0, r0, r0, lsl #1
87804fb0:	00000000 	andeq	r0, r0, r0
87804fb4:	c0010000 	andgt	r0, r1, r0
87804fb8:	f0e003e0 			; <UNDEFINED> instruction: 0xf0e003e0
87804fbc:	04083006 	streq	r3, [r8], #-6
87804fc0:	ff1f0818 			; <UNDEFINED> instruction: 0xff1f0818
87804fc4:	080e04fe 	stmdaeq	lr, {r1, r2, r3, r4, r5, r6, r7, sl}
87804fc8:	03f08707 	mvnseq	r8, #1835008	; 0x1c0000
87804fcc:	0000e081 	andeq	lr, r0, r1, lsl #1
87804fd0:	00000000 	andeq	r0, r0, r0
87804fd4:	0600f001 	streq	pc, [r0], -r1
87804fd8:	0404000c 	streq	r0, [r4], #-12
87804fdc:	700c0608 	andvc	r0, ip, r8, lsl #12
87804fe0:	00c0f901 	sbceq	pc, r0, r1, lsl #18
87804fe4:	3b00000e 	blcc	87805024 <asc2_2412+0x104>
87804fe8:	18ec00e0 	stmiane	ip!, {r5, r6, r7}^
87804fec:	04080807 	streq	r0, [r8], #-2055	; 0x807
87804ff0:	0300180c 	movweq	r1, #2060	; 0x80c
87804ff4:	000000e0 	andeq	r0, r0, r0, ror #1
87804ff8:	00e00100 	rsceq	r0, r0, r0, lsl #2
87804ffc:	f803f007 			; <UNDEFINED> instruction: 0xf803f007
87805000:	081c0418 	ldmdaeq	ip, {r3, r4, sl}
87805004:	07081704 	streq	r1, [r8, -r4, lsl #14]
87805008:	c003d0e1 	andgt	sp, r3, r1, ror #1
8780500c:	b02300e0 	eorlt	r0, r3, r0, ror #1
87805010:	00083c00 	andeq	r3, r8, r0, lsl #24
87805014:	00000820 	andeq	r0, r0, r0, lsr #16
87805018:	00000010 	andeq	r0, r0, r0, lsl r0
8780501c:	01000000 	mrseq	r0, (UNDEF: 0)
87805020:	00310000 	eorseq	r0, r1, r0
87805024:	00003200 	andeq	r3, r0, r0, lsl #4
87805028:	0000001c 	andeq	r0, r0, ip, lsl r0
	...
87805050:	ff01007f 			; <UNDEFINED> instruction: 0xff01007f
87805054:	f08007c0 			; <UNDEFINED> instruction: 0xf08007c0
87805058:	1018000c 	andsne	r0, r8, ip
8780505c:	00200400 	eoreq	r0, r0, r0, lsl #8
87805060:	00000002 	andeq	r0, r0, r2
87805064:	20000000 	andcs	r0, r0, r0
87805068:	00100200 	andseq	r0, r0, r0, lsl #4
8780506c:	18000c04 	stmdane	r0, {r2, sl, fp}
87805070:	01f08007 	mvnseq	r8, r7
87805074:	7f00c0ff 	svcvc	0x0000c0ff
	...
8780508c:	66000042 	strvs	r0, [r0], -r2, asr #32
87805090:	00660000 	rsbeq	r0, r6, r0
87805094:	00003c00 	andeq	r3, r0, r0, lsl #24
87805098:	ff030018 			; <UNDEFINED> instruction: 0xff030018
8780509c:	001800c0 	andseq	r0, r8, r0, asr #1
878050a0:	00003c00 	andeq	r3, r0, r0, lsl #24
878050a4:	66000066 	strvs	r0, [r0], -r6, rrx
878050a8:	00420000 	subeq	r0, r2, r0
878050ac:	00000000 	andeq	r0, r0, r0
878050b0:	08000008 	stmdaeq	r0, {r3}
878050b4:	00080000 	andeq	r0, r8, r0
878050b8:	00000800 	andeq	r0, r0, r0, lsl #16
878050bc:	ff010008 			; <UNDEFINED> instruction: 0xff010008
878050c0:	000800c0 	andeq	r0, r8, r0, asr #1
878050c4:	00000800 	andeq	r0, r0, r0, lsl #16
878050c8:	08000008 	stmdaeq	r0, {r3}
878050cc:	00080000 	andeq	r0, r8, r0
878050d0:	00000000 	andeq	r0, r0, r0
878050d4:	00000100 	andeq	r0, r0, r0, lsl #2
878050d8:	32000031 	andcc	r0, r0, #49	; 0x31
878050dc:	001c0000 	andseq	r0, ip, r0
	...
878050f8:	08000008 	stmdaeq	r0, {r3}
878050fc:	00080000 	andeq	r0, r8, r0
87805100:	00000800 	andeq	r0, r0, r0, lsl #16
87805104:	08000008 	stmdaeq	r0, {r3}
87805108:	00080000 	andeq	r0, r8, r0
8780510c:	00000800 	andeq	r0, r0, r0, lsl #16
87805110:	08000008 	stmdaeq	r0, {r3}
	...
87805120:	38000038 	stmdacc	r0, {r3, r4, r5}
87805124:	00380000 	eorseq	r0, r8, r0
	...
87805140:	00000600 	andeq	r0, r0, r0, lsl #12
87805144:	7000001c 	andvc	r0, r0, ip, lsl r0
87805148:	00800100 	addeq	r0, r0, r0, lsl #2
8780514c:	3800000e 	stmdacc	r0, {r1, r2, r3}
87805150:	00c00000 	sbceq	r0, r0, r0
87805154:	1c000007 	stcne	0, cr0, [r0], {7}
87805158:	00300000 	eorseq	r0, r0, r0
	...
87805164:	ff01807f 			; <UNDEFINED> instruction: 0xff01807f
87805168:	708003e0 	addvc	r0, r0, r0, ror #7
8780516c:	04180006 	ldreq	r0, [r8], #-6
87805170:	00040800 	andeq	r0, r4, r0, lsl #16
87805174:	18000608 	stmdane	r0, {r3, r9, sl}
87805178:	01708003 	cmneq	r0, r3
8780517c:	7f00e0ff 	svcvc	0x0000e0ff
87805180:	00000080 	andeq	r0, r0, r0, lsl #1
87805184:	00000000 	andeq	r0, r0, r0
87805188:	00010000 	andeq	r0, r1, r0
8780518c:	08000108 	stmdaeq	r0, {r3, r8}
87805190:	03080001 	movweq	r0, #32769	; 0x8001
87805194:	ff07f8ff 			; <UNDEFINED> instruction: 0xff07f8ff
87805198:	080000f8 	stmdaeq	r0, {r3, r4, r5, r6, r7}
8780519c:	00080000 	andeq	r0, r8, r0
878051a0:	00000800 	andeq	r0, r0, r0, lsl #16
878051a4:	00000000 	andeq	r0, r0, r0
878051a8:	01000000 	mrseq	r0, (UNDEF: 0)
878051ac:	c00238c0 	andgt	r3, r2, r0, asr #17
878051b0:	98000458 	stmdals	r0, {r3, r4, r6, sl}
878051b4:	04180104 	ldreq	r0, [r8], #-260	; 0x104
878051b8:	04041802 	streq	r1, [r4], #-2050	; 0x802
878051bc:	181c0618 	ldmdane	ip, {r3, r4, r9, sl}
878051c0:	0118f803 	tsteq	r8, r3, lsl #16
878051c4:	0000f8e0 	andeq	pc, r0, r0, ror #17
878051c8:	00000000 	andeq	r0, r0, r0
878051cc:	01000000 	mrseq	r0, (UNDEF: 0)
878051d0:	c003e0c0 	andgt	lr, r3, r0, asr #1
878051d4:	080004f0 	stmdaeq	r0, {r4, r5, r6, r7, sl}
878051d8:	04080804 	streq	r0, [r8], #-2052	; 0x804
878051dc:	18060808 	stmdane	r6, {r3, fp}
878051e0:	18f40308 	ldmne	r4!, {r3, r8, r9}^
878051e4:	00f0e701 	rscseq	lr, r0, r1, lsl #14
878051e8:	0000e001 	andeq	lr, r0, r1
	...
878051f4:	0d000003 	stceq	0, cr0, [r0, #-12]
878051f8:	00110000 	andseq	r0, r1, r0
878051fc:	00006100 	andeq	r6, r0, r0, lsl #2
87805200:	01030881 	smlabbeq	r3, r1, r8, r0
87805204:	f8ff0708 			; <UNDEFINED> instruction: 0xf8ff0708
87805208:	00f8ff0f 	rscseq	pc, r8, pc, lsl #30
8780520c:	01000801 	tsteq	r0, r1, lsl #16
87805210:	00000008 	andeq	r0, r0, r8
87805214:	00000000 	andeq	r0, r0, r0
87805218:	fc07e000 	stc2	0, cr14, [r7], {-0}
8780521c:	080806d0 	stmdaeq	r8, {r4, r6, r7, r9, sl}
87805220:	06081006 	streq	r1, [r8], -r6
87805224:	10060810 	andne	r0, r6, r0, lsl r8
87805228:	38180608 	ldmdacc	r8, {r3, r9, sl}
8780522c:	06f00f06 	ldrbteq	r0, [r0], r6, lsl #30
87805230:	0000c007 	andeq	ip, r0, r7
	...
8780523c:	ff01803f 			; <UNDEFINED> instruction: 0xff01803f
87805240:	308403e0 	addcc	r0, r4, r0, ror #7
87805244:	04180802 	ldreq	r0, [r8], #-2050	; 0x802
87805248:	10040810 	andne	r0, r4, r0, lsl r8
8780524c:	08100408 	ldmdaeq	r0, {r3, sl}
87805250:	03101807 	tsteq	r0, #458752	; 0x70000
87805254:	0700f00f 	streq	pc, [r0, -pc]
87805258:	000000c0 	andeq	r0, r0, r0, asr #1
8780525c:	00000000 	andeq	r0, r0, r0
87805260:	c0030000 	andgt	r0, r3, r0
87805264:	00000700 	andeq	r0, r0, r0, lsl #14
87805268:	06000006 	streq	r0, [r0], -r6
8780526c:	0706f800 	streq	pc, [r6, -r0, lsl #16]
87805270:	001806f8 			; <UNDEFINED> instruction: 0x001806f8
87805274:	0700e006 	streq	lr, [r0, -r6]
87805278:	00060000 	andeq	r0, r6, r0
8780527c:	00000000 	andeq	r0, r0, r0
87805280:	01000000 	mrseq	r0, (UNDEF: 0)
87805284:	f703e0e1 			; <UNDEFINED> instruction: 0xf703e0e1
87805288:	103406f0 	ldrshtne	r0, [r4], -r0
8780528c:	04081804 	streq	r1, [r8], #-2052	; 0x804
87805290:	0c040818 	stceq	8, cr0, [r4], {24}
87805294:	080c0408 	stmdaeq	ip, {r3, sl}
87805298:	03181606 	tsteq	r8, #6291456	; 0x600000
8780529c:	c101f0f3 	strdgt	pc, [r1, -r3]
878052a0:	000000e0 	andeq	r0, r0, r0, ror #1
878052a4:	00000000 	andeq	r0, r0, r0
878052a8:	fc0300f8 	stc2	0, cr0, [r3], {248}	; 0xf8
878052ac:	38060330 	stmdacc	r6, {r4, r5, r8, r9}
878052b0:	04080204 	streq	r0, [r8], #-516	; 0x204
878052b4:	02040802 	andeq	r0, r4, #131072	; 0x20000
878052b8:	10040408 	andne	r0, r4, r8, lsl #8
878052bc:	01f00803 	mvnseq	r0, r3, lsl #16
878052c0:	7f00c0ff 	svcvc	0x0000c0ff
	...
878052d8:	70003870 	andvc	r3, r0, r0, ror r8
878052dc:	38700038 	ldmdacc	r0!, {r3, r4, r5}^
	...
878052fc:	30001a30 	andcc	r1, r0, r0, lsr sl
87805300:	0000001c 	andeq	r0, r0, ip, lsl r0
	...
87805314:	08000000 	stmdaeq	r0, {}	; <UNPREDICTABLE>
87805318:	00140000 	andseq	r0, r4, r0
8780531c:	00002200 	andeq	r2, r0, r0, lsl #4
87805320:	80000041 	andhi	r0, r0, r1, asr #32
87805324:	40000180 	andmi	r0, r0, r0, lsl #3
87805328:	04200002 	strteq	r0, [r0], #-2
8780532c:	00081000 	andeq	r1, r8, r0
87805330:	00000008 	andeq	r0, r0, r8
87805334:	00000000 	andeq	r0, r0, r0
87805338:	21000021 	tstcs	r0, r1, lsr #32
8780533c:	00210000 	eoreq	r0, r1, r0
87805340:	00002100 	andeq	r2, r0, r0, lsl #2
87805344:	21000021 	tstcs	r0, r1, lsr #32
87805348:	00210000 	eoreq	r0, r1, r0
8780534c:	00002100 	andeq	r2, r0, r0, lsl #2
87805350:	21000021 	tstcs	r0, r1, lsr #32
	...
8780535c:	00080000 	andeq	r0, r8, r0
87805360:	10000408 	andne	r0, r0, r8, lsl #8
87805364:	01200002 	teqeq	r0, r2
87805368:	80004000 	andhi	r4, r0, r0
8780536c:	00410080 	subeq	r0, r1, r0, lsl #1
87805370:	00002200 	andeq	r2, r0, r0, lsl #4
87805374:	08000014 	stmdaeq	r0, {r2, r4}
87805378:	00000000 	andeq	r0, r0, r0
8780537c:	03000000 	movweq	r0, #0
87805380:	c00400c0 	andgt	r0, r4, r0, asr #1
87805384:	00000400 	andeq	r0, r0, r0, lsl #8
87805388:	08380008 	ldmdaeq	r8!, {r3}
8780538c:	0808380f 	stmdaeq	r8, {r0, r1, r2, r3, fp, ip, sp}
87805390:	00100838 	andseq	r0, r0, r8, lsr r8
87805394:	0700300c 	streq	r3, [r0, -ip]
87805398:	c00300e0 	andgt	r0, r3, r0, ror #1
	...
878053a4:	ff00803f 			; <UNDEFINED> instruction: 0xff00803f
878053a8:	708003e0 	addvc	r0, r0, r0, ror #7
878053ac:	06100f02 	ldreq	r0, [r0], -r2, lsl #30
878053b0:	c0048870 	andgt	r8, r4, r0, ror r8
878053b4:	08830488 	stmeq	r3, {r3, r7, sl}
878053b8:	02887f04 	addeq	r7, r8, #4, 30
878053bc:	010390c0 	smlabteq	r3, r0, r0, r9
878053c0:	40fe0020 	rscsmi	r0, lr, r0, lsr #32
878053c4:	00080000 	andeq	r0, r8, r0
878053c8:	01001800 	tsteq	r0, r0, lsl #16
878053cc:	083e00f8 	ldmdaeq	lr!, {r3, r4, r5, r6, r7}
878053d0:	0700c201 	streq	ip, [r0, -r1, lsl #4]
878053d4:	e2070002 	and	r0, r7, #2
878053d8:	00fe0000 	rscseq	r0, lr, r0
878053dc:	00c81f00 	sbceq	r1, r8, r0, lsl #30
878053e0:	0000f801 	andeq	pc, r0, r1, lsl #16
878053e4:	08000038 	stmdaeq	r0, {r3, r4, r5}
878053e8:	07080004 	streq	r0, [r8, -r4]
878053ec:	ff07f8ff 			; <UNDEFINED> instruction: 0xff07f8ff
878053f0:	080804f8 	stmdaeq	r8, {r3, r4, r5, r6, r7, sl}
878053f4:	04080804 	streq	r0, [r8], #-2052	; 0x804
878053f8:	08040808 	stmdaeq	r4, {r3, fp}
878053fc:	08180608 	ldmdaeq	r8, {r3, r9, sl}
87805400:	0118f403 	tsteq	r8, r3, lsl #8
87805404:	0100f0e7 	smlatteq	r0, r7, r0, pc	; <UNPREDICTABLE>
87805408:	000000e0 	andeq	r0, r0, r0, ror #1
8780540c:	00000000 	andeq	r0, r0, r0
87805410:	ff01803f 			; <UNDEFINED> instruction: 0xff01803f
87805414:	708003e0 	addvc	r0, r0, r0, ror #7
87805418:	04180002 	ldreq	r0, [r8], #-2
8780541c:	00040800 	andeq	r0, r4, r0, lsl #16
87805420:	08000408 	stmdaeq	r0, {r3, sl}
87805424:	06100004 	ldreq	r0, [r0], -r4
87805428:	80072000 	andhi	r2, r7, r0
8780542c:	000000c0 	andeq	r0, r0, r0, asr #1
87805430:	07080004 	streq	r0, [r8, -r4]
87805434:	ff07f8ff 			; <UNDEFINED> instruction: 0xff07f8ff
87805438:	080004f8 	stmdaeq	r0, {r3, r4, r5, r6, r7, sl}
8780543c:	04080004 	streq	r0, [r8], #-4
87805440:	00040800 	andeq	r0, r4, r0, lsl #16
87805444:	10000218 	andne	r0, r0, r8, lsl r2
87805448:	01708003 	cmneq	r0, r3
8780544c:	7f00e0ff 	svcvc	0x0000e0ff
87805450:	00000080 	andeq	r0, r0, r0, lsl #1
87805454:	07080004 	streq	r0, [r8, -r4]
87805458:	ff07f8ff 			; <UNDEFINED> instruction: 0xff07f8ff
8780545c:	080804f8 	stmdaeq	r8, {r3, r4, r5, r6, r7, sl}
87805460:	04080804 	streq	r0, [r8], #-2052	; 0x804
87805464:	08040808 	stmdaeq	r4, {r3, fp}
87805468:	083e0408 	ldmdaeq	lr!, {r3, sl}
8780546c:	06080004 	streq	r0, [r8], -r4
87805470:	00011800 	andeq	r1, r1, r0, lsl #16
87805474:	00000060 	andeq	r0, r0, r0, rrx
87805478:	07080004 	streq	r0, [r8, -r4]
8780547c:	ff07f8ff 			; <UNDEFINED> instruction: 0xff07f8ff
87805480:	080804f8 	stmdaeq	r8, {r3, r4, r5, r6, r7, sl}
87805484:	04000804 	streq	r0, [r0], #-2052	; 0x804
87805488:	08040008 	stmdaeq	r4, {r3}
8780548c:	003e0400 	eorseq	r0, lr, r0, lsl #8
87805490:	06000006 	streq	r0, [r0], -r6
87805494:	80010000 	andhi	r0, r1, r0
	...
878054a0:	ff01803f 			; <UNDEFINED> instruction: 0xff01803f
878054a4:	708003e0 	addvc	r0, r0, r0, ror #7
878054a8:	04180006 	ldreq	r0, [r8], #-6
878054ac:	02040800 	andeq	r0, r4, #0, 16
878054b0:	08020408 	stmdaeq	r2, {r3, sl}
878054b4:	07f00302 	ldrbeq	r0, [r0, r2, lsl #6]!
878054b8:	0200f083 	andeq	pc, r0, #131	; 0x83
878054bc:	00020000 	andeq	r0, r2, r0
878054c0:	07080004 	streq	r0, [r8, -r4]
878054c4:	ff07f8ff 			; <UNDEFINED> instruction: 0xff07f8ff
878054c8:	080804f8 	stmdaeq	r8, {r3, r4, r5, r6, r7, sl}
878054cc:	00000800 	andeq	r0, r0, r0, lsl #16
878054d0:	08000008 	stmdaeq	r0, {r3}
878054d4:	00080000 	andeq	r0, r8, r0
878054d8:	07080804 	streq	r0, [r8, -r4, lsl #16]
878054dc:	ff07f8ff 			; <UNDEFINED> instruction: 0xff07f8ff
878054e0:	080004f8 	stmdaeq	r0, {r3, r4, r5, r6, r7, sl}
878054e4:	00000000 	andeq	r0, r0, r0
878054e8:	00040000 	andeq	r0, r4, r0
878054ec:	08000408 	stmdaeq	r0, {r3, sl}
878054f0:	07080004 	streq	r0, [r8, -r4]
878054f4:	ff07f8ff 			; <UNDEFINED> instruction: 0xff07f8ff
878054f8:	080004f8 	stmdaeq	r0, {r3, r4, r5, r6, r7, sl}
878054fc:	04080004 	streq	r0, [r8], #-4
87805500:	00000800 	andeq	r0, r0, r0, lsl #16
	...
8780550c:	00000600 	andeq	r0, r0, r0, lsl #12
87805510:	01000007 	tsteq	r0, r7
87805514:	04010004 	streq	r0, [r1], #-4
87805518:	00040100 	andeq	r0, r4, r0, lsl #2
8780551c:	feff0703 	cdp2	7, 15, cr0, cr15, cr3, {0}
87805520:	04fcff07 	ldrbteq	pc, [ip], #3847	; 0xf07	; <UNPREDICTABLE>
87805524:	00040000 	andeq	r0, r4, r0
87805528:	00000400 	andeq	r0, r0, r0, lsl #8
8780552c:	07080004 	streq	r0, [r8, -r4]
87805530:	ff07f8ff 			; <UNDEFINED> instruction: 0xff07f8ff
87805534:	080c04f8 	stmdaeq	ip, {r3, r4, r5, r6, r7, sl}
87805538:	00001800 	andeq	r1, r0, r0, lsl #16
8780553c:	c704003e 	smladxgt	r4, lr, r0, r0
87805540:	c8030580 	stmdagt	r3, {r7, r8, sl}
87805544:	04f80006 	ldrbteq	r0, [r8], #6
87805548:	00043800 	andeq	r3, r4, r0, lsl #16
8780554c:	08000018 	stmdaeq	r0, {r3, r4}
87805550:	07080004 	streq	r0, [r8, -r4]
87805554:	ff07f8ff 			; <UNDEFINED> instruction: 0xff07f8ff
87805558:	080004f8 	stmdaeq	r0, {r3, r4, r5, r6, r7, sl}
8780555c:	00080000 	andeq	r0, r8, r0
87805560:	00000800 	andeq	r0, r0, r0, lsl #16
87805564:	08000008 	stmdaeq	r0, {r3}
87805568:	00080000 	andeq	r0, r8, r0
8780556c:	00001800 	andeq	r1, r0, r0, lsl #16
87805570:	00000060 	andeq	r0, r0, r0, rrx
87805574:	07080004 	streq	r0, [r8, -r4]
87805578:	8007f8ff 	strdhi	pc, [r7], -pc	; <UNPREDICTABLE>
8780557c:	00fc0708 	rscseq	r0, ip, r8, lsl #14
87805580:	00c07f00 	sbceq	r7, r0, r0, lsl #30
87805584:	0700f803 	streq	pc, [r0, -r3, lsl #16]
87805588:	007800c0 	rsbseq	r0, r8, r0, asr #1
8780558c:	07088007 	streq	r8, [r8, -r7]
87805590:	ff07f8ff 			; <UNDEFINED> instruction: 0xff07f8ff
87805594:	080004f8 	stmdaeq	r0, {r3, r4, r5, r6, r7, sl}
87805598:	07080004 	streq	r0, [r8, -r4]
8780559c:	0007f8ff 	strdeq	pc, [r7], -pc	; <UNPREDICTABLE>
878055a0:	00c00308 	sbceq	r0, r0, r8, lsl #6
878055a4:	0000e000 	andeq	lr, r0, r0
878055a8:	1e000038 	mcrne	0, 0, r0, cr0, cr8, {1}
878055ac:	00070000 	andeq	r0, r7, r0
878055b0:	04c00100 	strbeq	r0, [r0], #256	; 0x100
878055b4:	ff07f000 			; <UNDEFINED> instruction: 0xff07f000
878055b8:	000004f8 	strdeq	r0, [r0], -r8
878055bc:	00000000 	andeq	r0, r0, r0
878055c0:	ff01807f 			; <UNDEFINED> instruction: 0xff01807f
878055c4:	708003e0 	addvc	r0, r0, r0, ror #7
878055c8:	04180006 	ldreq	r0, [r8], #-6
878055cc:	00040800 	andeq	r0, r4, r0, lsl #16
878055d0:	18000608 	stmdane	r0, {r3, r9, sl}
878055d4:	01300003 	teqeq	r0, r3
878055d8:	7f00e0ff 	svcvc	0x0000e0ff
878055dc:	00000080 	andeq	r0, r0, r0, lsl #1
878055e0:	07080004 	streq	r0, [r8, -r4]
878055e4:	ff07f8ff 			; <UNDEFINED> instruction: 0xff07f8ff
878055e8:	080404f8 	stmdaeq	r4, {r3, r4, r5, r6, r7, sl}
878055ec:	04000404 	streq	r0, [r0], #-1028	; 0x404
878055f0:	04040004 	streq	r0, [r4], #-4
878055f4:	00040400 	andeq	r0, r4, r0, lsl #8
878055f8:	03000c06 	movweq	r0, #3078	; 0xc06
878055fc:	f00100f8 			; <UNDEFINED> instruction: 0xf00100f8
	...
87805608:	ff01807f 			; <UNDEFINED> instruction: 0xff01807f
8780560c:	708003e0 	addvc	r0, r0, r0, ror #7
87805610:	04880006 	streq	r0, [r8], #6
87805614:	00048800 	andeq	r8, r4, r0, lsl #16
87805618:	3c0006c8 	stccc	6, cr0, [r0], {200}	; 0xc8
8780561c:	013e0003 	teqeq	lr, r3
87805620:	7f00e6ff 	svcvc	0x0000e6ff
87805624:	00000084 	andeq	r0, r0, r4, lsl #1
87805628:	07080004 	streq	r0, [r8, -r4]
8780562c:	ff07f8ff 			; <UNDEFINED> instruction: 0xff07f8ff
87805630:	080804f8 	stmdaeq	r8, {r3, r4, r5, r6, r7, sl}
87805634:	04000804 	streq	r0, [r0], #-2052	; 0x804
87805638:	0f04000c 	svceq	0x0004000c
8780563c:	c00b0400 	andgt	r0, fp, r0, lsl #8
87805640:	03f01006 	mvnseq	r1, #6
87805644:	e00138f0 	strd	r3, [r1], -r0
87805648:	08000008 	stmdaeq	r0, {r3}
8780564c:	01000000 	mrseq	r0, (UNDEF: 0)
87805650:	f003f8e0 			; <UNDEFINED> instruction: 0xf003f8e0
87805654:	10300630 	eorsne	r0, r0, r0, lsr r6
87805658:	04081804 	streq	r1, [r8], #-2052	; 0x804
8780565c:	0c040818 	stceq	8, cr0, [r4], {24}
87805660:	080c0408 	stmdaeq	ip, {r3, sl}
87805664:	02180602 	andseq	r0, r8, #2097152	; 0x200000
87805668:	8107f007 	tsthi	r7, r7
8780566c:	000000e0 	andeq	r0, r0, r0, ror #1
87805670:	06008001 	streq	r8, [r0], -r1
87805674:	00040000 	andeq	r0, r4, r0
87805678:	00000400 	andeq	r0, r0, r0, lsl #8
8780567c:	07080004 	streq	r0, [r8, -r4]
87805680:	ff07f8ff 			; <UNDEFINED> instruction: 0xff07f8ff
87805684:	080004f8 	stmdaeq	r0, {r3, r4, r5, r6, r7, sl}
87805688:	04000004 	streq	r0, [r0], #-4
8780568c:	00060000 	andeq	r0, r6, r0
87805690:	00800100 	addeq	r0, r0, r0, lsl #2
87805694:	07000004 	streq	r0, [r0, -r4]
87805698:	ff07e0ff 			; <UNDEFINED> instruction: 0xff07e0ff
8780569c:	180004f0 	stmdane	r0, {r4, r5, r6, r7, sl}
878056a0:	00080000 	andeq	r0, r8, r0
878056a4:	00000800 	andeq	r0, r0, r0, lsl #16
878056a8:	08000008 	stmdaeq	r0, {r3}
878056ac:	04080000 	streq	r0, [r8], #-0
878056b0:	ff071000 			; <UNDEFINED> instruction: 0xff071000
878056b4:	000004e0 	andeq	r0, r0, r0, ror #9
878056b8:	06000004 	streq	r0, [r0], -r4
878056bc:	e0070000 	and	r0, r7, r0
878056c0:	00fe0700 	rscseq	r0, lr, r0, lsl #14
878056c4:	00e01f04 	rsceq	r1, r0, r4, lsl #30
878056c8:	0000f801 	andeq	pc, r0, r1, lsl #16
878056cc:	e0010038 	and	r0, r1, r8, lsr r0
878056d0:	07003e04 	streq	r3, [r0, -r4, lsl #28]
878056d4:	000600c0 	andeq	r0, r6, r0, asr #1
878056d8:	00000400 	andeq	r0, r0, r0, lsl #8
878056dc:	07000004 	streq	r0, [r0, -r4]
878056e0:	ff0700e0 			; <UNDEFINED> instruction: 0xff0700e0
878056e4:	f81f04c0 			; <UNDEFINED> instruction: 0xf81f04c0
878056e8:	07c00700 	strbeq	r0, [r0, r0, lsl #14]
878056ec:	ff0700f8 			; <UNDEFINED> instruction: 0xff0700f8
878056f0:	f83f0480 			; <UNDEFINED> instruction: 0xf83f0480
878056f4:	04c00700 	strbeq	r0, [r0], #1792	; 0x700
878056f8:	000700f8 	strdeq	r0, [r7], -r8
878056fc:	00000400 	andeq	r0, r0, r0, lsl #8
87805700:	04000000 	streq	r0, [r0], #-0
87805704:	00060800 	andeq	r0, r6, r0, lsl #16
87805708:	78c00718 	stmiavc	r0, {r3, r4, r8, r9, sl}^
8780570c:	00c8f105 	sbceq	pc, r8, r5, lsl #2
87805710:	1f00003e 	svcne	0x0000003e
87805714:	e8630480 	stmda	r3!, {r7, sl}^
87805718:	06f88007 	ldrbteq	r8, [r8], r7
8780571c:	00041800 	andeq	r1, r4, r0, lsl #16
87805720:	00000008 	andeq	r0, r0, r8
87805724:	06000004 	streq	r0, [r0], -r4
87805728:	80070000 	andhi	r0, r7, r0
8780572c:	08e00700 	stmiaeq	r0!, {r8, r9, sl}^
87805730:	00087c04 	andeq	r7, r8, r4, lsl #24
87805734:	0700f81f 	smuadeq	r0, pc, r8	; <UNPREDICTABLE>
87805738:	081800f8 	ldmdaeq	r8, {r3, r4, r5, r6, r7}
8780573c:	0708e004 	streq	lr, [r8, -r4]
87805740:	00060000 	andeq	r0, r6, r0
87805744:	00000400 	andeq	r0, r0, r0, lsl #8
87805748:	01000000 	mrseq	r0, (UNDEF: 0)
8780574c:	00060800 	andeq	r0, r6, r0, lsl #16
87805750:	f8000438 			; <UNDEFINED> instruction: 0xf8000438
87805754:	04e80304 	strbteq	r0, [r8], #772	; 0x304
87805758:	7c04080f 	stcvc	8, cr0, [r4], {15}
8780575c:	08f00508 	ldmeq	r0!, {r3, r8, sl}^
87805760:	0708c007 	streq	ip, [r8, -r7]
87805764:	00041800 	andeq	r1, r4, r0, lsl #16
87805768:	00000060 	andeq	r0, r0, r0, rrx
	...
87805778:	3f000000 	svccc	0x00000000
8780577c:	0020feff 	strdeq	pc, [r0], -pc	; <UNPREDICTABLE>
87805780:	02002002 	andeq	r2, r0, #2
87805784:	20020020 	andcs	r0, r2, r0, lsr #32
87805788:	00200200 	eoreq	r0, r0, r0, lsl #4
8780578c:	00000002 	andeq	r0, r0, r2
87805790:	00000000 	andeq	r0, r0, r0
87805794:	00080000 	andeq	r0, r8, r0
87805798:	00000700 	andeq	r0, r0, r0, lsl #14
8780579c:	0000c000 	andeq	ip, r0, r0
878057a0:	06000038 			; <UNDEFINED> instruction: 0x06000038
878057a4:	c0010000 	andgt	r0, r1, r0
878057a8:	00300000 	eorseq	r0, r0, r0
878057ac:	00000e00 	andeq	r0, r0, r0, lsl #28
878057b0:	00000001 	andeq	r0, r0, r1
878057b4:	00000000 	andeq	r0, r0, r0
878057b8:	00200000 	eoreq	r0, r0, r0
878057bc:	02002002 	andeq	r2, r0, #2
878057c0:	20020020 	andcs	r0, r2, r0, lsr #32
878057c4:	00200200 	eoreq	r0, r0, r0, lsl #4
878057c8:	feff3f02 	cdp2	15, 15, cr3, cr15, cr2, {0}
	...
878057e0:	00000800 	andeq	r0, r0, r0, lsl #16
878057e4:	30000010 	andcc	r0, r0, r0, lsl r0
878057e8:	00200000 	eoreq	r0, r0, r0
878057ec:	00003000 	andeq	r3, r0, r0
878057f0:	08000010 	stmdaeq	r0, {r4}
	...
878057fc:	00010000 	andeq	r0, r1, r0
87805800:	00000100 	andeq	r0, r0, r0, lsl #2
87805804:	01000001 	tsteq	r0, r1
87805808:	00010000 	andeq	r0, r1, r0
8780580c:	00000100 	andeq	r0, r0, r0, lsl #2
87805810:	01000001 	tsteq	r0, r1
87805814:	00010000 	andeq	r0, r1, r0
87805818:	00000100 	andeq	r0, r0, r0, lsl #2
8780581c:	01000001 	tsteq	r0, r1
	...
87805828:	00002000 	andeq	r2, r0, r0
8780582c:	10000020 	andne	r0, r0, r0, lsr #32
87805830:	00100000 	andseq	r0, r0, r0
	...
87805848:	1900f000 	stmdbne	r0, {ip, sp, lr, pc}
8780584c:	181b00f8 	ldmdane	fp, {r3, r4, r5, r6, r7}
87805850:	00082200 	andeq	r2, r8, r0, lsl #4
87805854:	24000826 	strcs	r0, [r0], #-2086	; 0x826
87805858:	10240008 	eorne	r0, r4, r8
8780585c:	00f83f00 	rscseq	r3, r8, r0, lsl #30
87805860:	0000f81f 	andeq	pc, r0, pc, lsl r8	; <UNPREDICTABLE>
87805864:	18000008 	stmdane	r0, {r3}
87805868:	04000000 	streq	r0, [r0], #-0
8780586c:	ff070000 			; <UNDEFINED> instruction: 0xff070000
87805870:	f0ff0ff8 			; <UNDEFINED> instruction: 0xf0ff0ff8
87805874:	00181800 	andseq	r1, r8, r0, lsl #16
87805878:	20000810 	andcs	r0, r0, r0, lsl r8
8780587c:	08200008 	stmdaeq	r0!, {r3}
87805880:	00183000 	andseq	r3, r8, r0
87805884:	0f00f01f 	svceq	0x0000f01f
87805888:	000000c0 	andeq	r0, r0, r0, asr #1
8780588c:	00000000 	andeq	r0, r0, r0
87805890:	1f00c007 	svcne	0x0000c007
87805894:	301800f0 	ldrshcc	r0, [r8], -r0	; <UNPREDICTABLE>
87805898:	00082000 	andeq	r2, r8, r0
8780589c:	20000820 	andcs	r0, r0, r0, lsr #16
878058a0:	083c0008 	ldmdaeq	ip!, {r3}
878058a4:	00101c00 	andseq	r1, r0, r0, lsl #24
878058a8:	00006000 	andeq	r6, r0, r0
	...
878058b4:	1f00c007 	svcne	0x0000c007
878058b8:	183800f0 	ldmdane	r8!, {r4, r5, r6, r7}
878058bc:	00082000 	andeq	r2, r8, r0
878058c0:	20000820 	andcs	r0, r0, r0, lsr #16
878058c4:	10100408 	andsne	r0, r0, r8, lsl #8
878058c8:	0ff8ff07 	svceq	0x00f8ff07
878058cc:	0000f0ff 	strdeq	pc, [r0], -pc	; <UNPREDICTABLE>
878058d0:	00000010 	andeq	r0, r0, r0, lsl r0
878058d4:	00000000 	andeq	r0, r0, r0
878058d8:	07000000 	streq	r0, [r0, -r0]
878058dc:	f01f00c0 			; <UNDEFINED> instruction: 0xf01f00c0
878058e0:	00301200 	eorseq	r1, r0, r0, lsl #4
878058e4:	22001822 	andcs	r1, r0, #2228224	; 0x220000
878058e8:	08220008 	stmdaeq	r2!, {r3}
878058ec:	00083200 	andeq	r3, r8, r0, lsl #4
878058f0:	0e00101e 	mcreq	0, 0, r1, cr0, cr14, {0}
878058f4:	00000020 	andeq	r0, r0, r0, lsr #32
878058f8:	00000000 	andeq	r0, r0, r0
878058fc:	20000020 	andcs	r0, r0, r0, lsr #32
87805900:	08200008 	stmdaeq	r0!, {r3}
87805904:	03f8ff01 	mvnseq	pc, #1, 30
87805908:	2006f8ff 	strdcs	pc, [r6], -pc	; <UNPREDICTABLE>
8780590c:	08200408 	stmdaeq	r0!, {r3, sl}
87805910:	07082004 	streq	r2, [r8, -r4]
87805914:	00030020 	andeq	r0, r3, r0, lsr #32
	...
87805920:	0e000e00 	cdpeq	14, 0, cr0, cr0, cr0, {0}
87805924:	f31f006e 	vhadd.u16	q0, <illegal reg q7.5>, q15
87805928:	00b13100 	adcseq	r3, r1, r0, lsl #2
8780592c:	2000b120 	andcs	fp, r0, r0, lsr #2
87805930:	913100b1 	ldrhls	r0, [r1, -r1]!
87805934:	00131f00 	andseq	r1, r3, r0, lsl #30
87805938:	20001e2e 	andcs	r1, r0, lr, lsr #28
8780593c:	0030000e 	eorseq	r0, r0, lr
87805940:	04000000 	streq	r0, [r0], #-0
87805944:	ff070800 			; <UNDEFINED> instruction: 0xff070800
87805948:	f8ff0ff8 			; <UNDEFINED> instruction: 0xf8ff0ff8
8780594c:	00081000 	andeq	r1, r8, r0
87805950:	20000020 	andcs	r0, r0, r0, lsr #32
87805954:	08200000 	stmdaeq	r0!, {}	; <UNPREDICTABLE>
87805958:	00f83f00 	rscseq	r3, r8, r0, lsl #30
8780595c:	0000f81f 	andeq	pc, r0, pc, lsl r8	; <UNPREDICTABLE>
87805960:	00000008 	andeq	r0, r0, r8
87805964:	00000000 	andeq	r0, r0, r0
87805968:	20000000 	andcs	r0, r0, r0
8780596c:	08200008 	stmdaeq	r0!, {r3}
87805970:	06082000 	streq	r2, [r8], -r0
87805974:	3f06f83f 	svccc	0x0006f83f
87805978:	080000f8 	stmdaeq	r0, {r3, r4, r5, r6, r7}
8780597c:	00080000 	andeq	r0, r8, r0
87805980:	00000800 	andeq	r0, r0, r0, lsl #16
	...
87805990:	03000003 	movweq	r0, #3
87805994:	00012000 	andeq	r2, r1, r0
87805998:	20000120 	andcs	r0, r0, r0, lsr #2
8780599c:	fe3f0603 	cdp2	6, 3, cr0, cr15, cr3, {0}
878059a0:	00fc3f06 	rscseq	r3, ip, r6, lsl #30
	...
878059ac:	04000000 	streq	r0, [r0], #-0
878059b0:	ff070800 			; <UNDEFINED> instruction: 0xff070800
878059b4:	f8ff0ff8 			; <UNDEFINED> instruction: 0xf8ff0ff8
878059b8:	00880100 	addeq	r0, r8, r0, lsl #2
878059bc:	2f000003 	svccs	0x00000003
878059c0:	f83800c0 			; <UNDEFINED> instruction: 0xf83800c0
878059c4:	00382000 	eorseq	r2, r8, r0
878059c8:	00000820 	andeq	r0, r0, r0, lsr #16
878059cc:	00000008 	andeq	r0, r0, r8
878059d0:	00000000 	andeq	r0, r0, r0
878059d4:	00040000 	andeq	r0, r4, r0
878059d8:	08000408 	stmdaeq	r0, {r3, sl}
878059dc:	07080004 	streq	r0, [r8, -r4]
878059e0:	ff0ff8ff 			; <UNDEFINED> instruction: 0xff0ff8ff
878059e4:	080000f8 	stmdaeq	r0, {r3, r4, r5, r6, r7}
878059e8:	00080000 	andeq	r0, r8, r0
878059ec:	00000800 	andeq	r0, r0, r0, lsl #16
878059f0:	00000000 	andeq	r0, r0, r0
878059f4:	00082000 	andeq	r2, r8, r0
878059f8:	3f00f83f 	svccc	0x0000f83f
878059fc:	081000f8 	ldmdaeq	r0, {r3, r4, r5, r6, r7}
87805a00:	00002000 	andeq	r2, r0, r0
87805a04:	3f00f83f 	svccc	0x0000f83f
87805a08:	081000f8 	ldmdaeq	r0, {r3, r4, r5, r6, r7}
87805a0c:	00002000 	andeq	r2, r0, r0
87805a10:	3f00f83f 	svccc	0x0000f83f
87805a14:	080000f8 	stmdaeq	r0, {r3, r4, r5, r6, r7}
87805a18:	00000000 	andeq	r0, r0, r0
87805a1c:	3f000820 	svccc	0x00000820
87805a20:	f83f00f8 			; <UNDEFINED> instruction: 0xf83f00f8
87805a24:	00081000 	andeq	r1, r8, r0
87805a28:	20000010 	andcs	r0, r0, r0, lsl r0
87805a2c:	08200000 	stmdaeq	r0!, {}	; <UNPREDICTABLE>
87805a30:	00f83f00 	rscseq	r3, r8, r0, lsl #30
87805a34:	0000f81f 	andeq	pc, r0, pc, lsl r8	; <UNPREDICTABLE>
87805a38:	00000008 	andeq	r0, r0, r8
87805a3c:	00000000 	andeq	r0, r0, r0
87805a40:	0f00c007 	svceq	0x0000c007
87805a44:	301800f0 	ldrshcc	r0, [r8], -r0	; <UNPREDICTABLE>
87805a48:	00083000 	andeq	r3, r8, r0
87805a4c:	20000820 	andcs	r0, r0, r0, lsr #16
87805a50:	08300008 	ldmdaeq	r0!, {r3}
87805a54:	00301800 	eorseq	r1, r0, r0, lsl #16
87805a58:	0700f00f 	streq	pc, [r0, -pc]
87805a5c:	000000c0 	andeq	r0, r0, r0, asr #1
87805a60:	00000000 	andeq	r0, r0, r0
87805a64:	3f000120 	svccc	0x00000120
87805a68:	ff3f00ff 			; <UNDEFINED> instruction: 0xff3f00ff
87805a6c:	00111000 	andseq	r1, r1, r0
87805a70:	20000920 	andcs	r0, r0, r0, lsr #18
87805a74:	08200008 	stmdaeq	r0!, {r3}
87805a78:	00383000 	eorseq	r3, r8, r0
87805a7c:	0f00f01f 	svceq	0x0000f01f
87805a80:	000000c0 	andeq	r0, r0, r0, asr #1
87805a84:	00000000 	andeq	r0, r0, r0
87805a88:	1f00c007 	svcne	0x0000c007
87805a8c:	183800f0 	ldmdane	r8!, {r4, r5, r6, r7}
87805a90:	00082000 	andeq	r2, r8, r0
87805a94:	20000820 	andcs	r0, r0, r0, lsr #16
87805a98:	11100009 	tstne	r0, r9
87805a9c:	00ff1f00 	rscseq	r1, pc, r0, lsl #30
87805aa0:	0000ff3f 	andeq	pc, r0, pc, lsr pc	; <UNPREDICTABLE>
87805aa4:	00000001 	andeq	r0, r0, r1
87805aa8:	00082000 	andeq	r2, r8, r0
87805aac:	20000820 	andcs	r0, r0, r0, lsr #16
87805ab0:	f83f0008 			; <UNDEFINED> instruction: 0xf83f0008
87805ab4:	00f83f00 	rscseq	r3, r8, r0, lsl #30
87805ab8:	10000808 	andne	r0, r0, r8, lsl #16
87805abc:	08200008 	stmdaeq	r0!, {r3}
87805ac0:	00002000 	andeq	r2, r0, r0
87805ac4:	30000030 	andcc	r0, r0, r0, lsr r0
	...
87805ad0:	0c000000 	stceq	0, cr0, [r0], {-0}
87805ad4:	181e0078 	ldmdane	lr, {r3, r4, r5, r6}
87805ad8:	00083300 	andeq	r3, r8, r0, lsl #6
87805adc:	21000823 	tstcs	r0, r3, lsr #16
87805ae0:	88210008 	stmdahi	r1!, {r3}
87805ae4:	00982100 	addseq	r2, r8, r0, lsl #2
87805ae8:	3800f030 	stmdacc	r0, {r4, r5, ip, sp, lr, pc}
87805aec:	00000060 	andeq	r0, r0, r0, rrx
87805af0:	00000000 	andeq	r0, r0, r0
87805af4:	20000020 	andcs	r0, r0, r0, lsr #32
87805af8:	00200000 	eoreq	r0, r0, r0
87805afc:	03f0ff00 	mvnseq	pc, #0, 30
87805b00:	2000f8ff 	strdcs	pc, [r0], -pc	; <UNPREDICTABLE>
87805b04:	08200008 	stmdaeq	r0!, {r3}
87805b08:	00082000 	andeq	r2, r8, r0
87805b0c:	00003000 	andeq	r3, r0, r0
	...
87805b18:	3f000020 	svccc	0x00000020
87805b1c:	f87f00f0 			; <UNDEFINED> instruction: 0xf87f00f0
87805b20:	00180000 	andseq	r0, r8, r0
87805b24:	00000800 	andeq	r0, r0, r0, lsl #16
87805b28:	10200008 	eorne	r0, r0, r8
87805b2c:	00f83f00 	rscseq	r3, r8, r0, lsl #30
87805b30:	0000f07f 	andeq	pc, r0, pc, ror r0	; <UNPREDICTABLE>
87805b34:	00000010 	andeq	r0, r0, r0, lsl r0
87805b38:	00000000 	andeq	r0, r0, r0
87805b3c:	30000020 	andcc	r0, r0, r0, lsr #32
87805b40:	003c0000 	eorseq	r0, ip, r0
87805b44:	00803f00 	addeq	r3, r0, r0, lsl #30
87805b48:	0000f023 	andeq	pc, r0, r3, lsr #32
87805b4c:	70000078 	andvc	r0, r0, r8, ror r0
87805b50:	00802300 	addeq	r2, r0, r0, lsl #6
87805b54:	3000003c 	andcc	r0, r0, ip, lsr r0
87805b58:	00200000 	eoreq	r0, r0, r0
87805b5c:	00002000 	andeq	r2, r0, r0
87805b60:	3f00003c 	svccc	0x0000003c
87805b64:	f82300e0 			; <UNDEFINED> instruction: 0xf82300e0
87805b68:	00e00000 	rsceq	r0, r0, r0
87805b6c:	3e000027 	cdpcc	0, 0, cr0, cr0, cr7, {1}
87805b70:	e03f0000 	eors	r0, pc, r0
87805b74:	00f82100 	rscseq	r2, r8, r0, lsl #2
87805b78:	3e00e001 	cdpcc	0, 0, cr14, cr0, cr1, {0}
87805b7c:	00200000 	eoreq	r0, r0, r0
87805b80:	00000000 	andeq	r0, r0, r0
87805b84:	20000820 	andcs	r0, r0, r0, lsr #16
87805b88:	38380008 	ldmdacc	r8!, {r3}
87805b8c:	00683e00 	rsbeq	r3, r8, r0, lsl #28
87805b90:	03008027 	movweq	r8, #39	; 0x27
87805b94:	f82c00c8 			; <UNDEFINED> instruction: 0xf82c00c8
87805b98:	00383800 	eorseq	r3, r8, r0, lsl #16
87805b9c:	20001820 	andcs	r1, r0, r0, lsr #16
87805ba0:	00000008 	andeq	r0, r0, r8
87805ba4:	00000000 	andeq	r0, r0, r0
87805ba8:	30000020 	andcc	r0, r0, r0, lsr #32
87805bac:	013c0003 	teqeq	ip, r3
87805bb0:	00833f00 	addeq	r3, r3, r0, lsl #30
87805bb4:	0000ec23 	andeq	lr, r0, r3, lsr #24
87805bb8:	80230070 	eorhi	r0, r3, r0, ror r0
87805bbc:	00003c00 	andeq	r3, r0, r0, lsl #24
87805bc0:	20000020 	andcs	r0, r0, r0, lsr #32
	...
87805bcc:	38000000 	stmdacc	r0, {}	; <UNPREDICTABLE>
87805bd0:	38200008 	stmdacc	r0!, {r3}
87805bd4:	00f82000 	rscseq	r2, r8, r0
87805bd8:	2f00e823 	svccs	0x0000e823
87805bdc:	083e0088 	ldmdaeq	lr!, {r3, r7}
87805be0:	00083800 	andeq	r3, r8, r0, lsl #16
87805be4:	00001820 	andeq	r1, r0, r0, lsr #16
87805be8:	00000070 	andeq	r0, r0, r0, ror r0
	...
87805bfc:	14000008 	strne	r0, [r0], #-8
87805c00:	fcf71f00 	ldc2l	15, cr1, [r7]
87805c04:	20060030 	andcs	r0, r6, r0, lsr r0
87805c08:	00000200 	andeq	r0, r0, r0, lsl #4
	...
87805c20:	ffff0000 			; <UNDEFINED> instruction: 0xffff0000
87805c24:	000000ff 	strdeq	r0, [r0], -pc	; <UNPREDICTABLE>
	...
87805c38:	00200000 	eoreq	r0, r0, r0
87805c3c:	06003002 	streq	r3, [r0], -r2
87805c40:	00fcf71f 	rscseq	pc, ip, pc, lsl r7	; <UNPREDICTABLE>
87805c44:	08000014 	stmdaeq	r0, {r2, r4}
	...
87805c58:	18000000 	stmdane	r0, {}	; <UNPREDICTABLE>
87805c5c:	00600000 	rsbeq	r0, r0, r0
87805c60:	00004000 	andeq	r4, r0, r0
87805c64:	20000040 	andcs	r0, r0, r0, asr #32
87805c68:	00100000 	andseq	r0, r0, r0
87805c6c:	00000800 	andeq	r0, r0, r0, lsl #16
87805c70:	04000004 	streq	r0, [r0], #-4
87805c74:	000c0000 	andeq	r0, ip, r0
87805c78:	00001000 	andeq	r1, r0, r0

87805c7c <asc2_1608>:
	...
87805c90:	cc1f0000 	ldcgt	0, cr0, [pc], {-0}
87805c94:	00000c00 	andeq	r0, r0, r0, lsl #24
87805c98:	00000000 	andeq	r0, r0, r0
87805c9c:	00080000 	andeq	r0, r8, r0
87805ca0:	00600030 	rsbeq	r0, r0, r0, lsr r0
87805ca4:	00300008 	eorseq	r0, r0, r8
87805ca8:	00000060 	andeq	r0, r0, r0, rrx
87805cac:	fc032002 	stc2	0, cr2, [r3], {2}
87805cb0:	2002201e 	andcs	r2, r2, lr, lsl r0
87805cb4:	201efc03 	andscs	pc, lr, r3, lsl #24
87805cb8:	00002002 	andeq	r2, r0, r2
87805cbc:	180e0000 	stmdane	lr, {}	; <UNPREDICTABLE>
87805cc0:	ff3f0411 			; <UNDEFINED> instruction: 0xff3f0411
87805cc4:	780c8410 	stmdavc	ip, {r4, sl, pc}
87805cc8:	00000000 	andeq	r0, r0, r0
87805ccc:	8410000f 	ldrhi	r0, [r0], #-15
87805cd0:	c000380f 	andgt	r3, r0, pc, lsl #16
87805cd4:	84187807 	ldrhi	r7, [r8], #-2055	; 0x807
87805cd8:	00007800 	andeq	r7, r0, r0, lsl #16
87805cdc:	840f7800 	strhi	r7, [pc], #-2048	; 87805ce4 <asc2_1608+0x68>
87805ce0:	2411c410 	ldrcs	ip, [r1], #-1040	; 0x410
87805ce4:	e400980e 	str	r9, [r0], #-2062	; 0x80e
87805ce8:	08008400 	stmdaeq	r0, {sl, pc}
87805cec:	00680008 	rsbeq	r0, r8, r8
87805cf0:	00000070 	andeq	r0, r0, r0, ror r0
	...
87805d00:	e0070000 	and	r0, r7, r0
87805d04:	04201818 	strteq	r1, [r0], #-2072	; 0x818
87805d08:	00000240 	andeq	r0, r0, r0, asr #4
87805d0c:	02400000 	subeq	r0, r0, #0
87805d10:	18180420 	ldmdane	r8, {r5, sl}
87805d14:	0000e007 	andeq	lr, r0, r7
87805d18:	00000000 	andeq	r0, r0, r0
87805d1c:	40024002 	andmi	r4, r2, r2
87805d20:	f00f8001 			; <UNDEFINED> instruction: 0xf00f8001
87805d24:	40028001 	andmi	r8, r2, r1
87805d28:	00004002 	andeq	r4, r0, r2
87805d2c:	80008000 	andhi	r8, r0, r0
87805d30:	f80f8000 			; <UNDEFINED> instruction: 0xf80f8000
87805d34:	80008000 	andhi	r8, r0, r0
87805d38:	00008000 	andeq	r8, r0, r0
87805d3c:	0d000100 	stfeqs	f0, [r0, #-0]
87805d40:	00000e00 	andeq	r0, r0, r0, lsl #28
	...
87805d4c:	80000000 	andhi	r0, r0, r0
87805d50:	80008000 	andhi	r8, r0, r0
87805d54:	80008000 	andhi	r8, r0, r0
87805d58:	80008000 	andhi	r8, r0, r0
87805d5c:	0c000000 	stceq	0, cr0, [r0], {-0}
87805d60:	00000c00 	andeq	r0, r0, r0, lsl #24
	...
87805d6c:	06000000 	streq	r0, [r0], -r0
87805d70:	60001800 	andvs	r1, r0, r0, lsl #16
87805d74:	00068001 	andeq	r8, r6, r1
87805d78:	00200018 	eoreq	r0, r0, r8, lsl r0
87805d7c:	f0070000 			; <UNDEFINED> instruction: 0xf0070000
87805d80:	04100808 	ldreq	r0, [r0], #-2056	; 0x808
87805d84:	08080410 	stmdaeq	r8, {r4, sl}
87805d88:	0000f007 	andeq	pc, r0, r7
87805d8c:	04080000 	streq	r0, [r8], #-0
87805d90:	fc1f0408 	ldc2	4, cr0, [pc], {8}
87805d94:	04000400 	streq	r0, [r0], #-1024	; 0x400
87805d98:	00000000 	andeq	r0, r0, r0
87805d9c:	0c0e0000 	stceq	0, cr0, [lr], {-0}
87805da0:	24101410 	ldrcs	r1, [r0], #-1040	; 0x410
87805da4:	84114410 	ldrhi	r4, [r1], #-1040	; 0x410
87805da8:	00000c0e 	andeq	r0, r0, lr, lsl #24
87805dac:	180c0000 	stmdane	ip, {}	; <UNPREDICTABLE>
87805db0:	04110410 	ldreq	r0, [r1], #-1040	; 0x410
87805db4:	88120411 	ldmdahi	r2, {r0, r4, sl}
87805db8:	0000700c 	andeq	r7, r0, ip
87805dbc:	e0000000 	and	r0, r0, r0
87805dc0:	24042003 	strcs	r2, [r4], #-3
87805dc4:	fc1f2408 	ldc2	4, cr2, [pc], {8}
87805dc8:	00002400 	andeq	r2, r0, r0, lsl #8
87805dcc:	981f0000 	ldmdals	pc, {}	; <UNPREDICTABLE>
87805dd0:	04118410 	ldreq	r8, [r1], #-1040	; 0x410
87805dd4:	88100411 	ldmdahi	r0, {r0, r4, sl}
87805dd8:	00007010 	andeq	r7, r0, r0, lsl r0
87805ddc:	f0070000 			; <UNDEFINED> instruction: 0xf0070000
87805de0:	04118808 	ldreq	r8, [r1], #-2056	; 0x808
87805de4:	88180411 	ldmdahi	r8, {r0, r4, sl}
87805de8:	00007000 	andeq	r7, r0, r0
87805dec:	001c0000 	andseq	r0, ip, r0
87805df0:	fc100010 	ldc2	0, cr0, [r0], {16}
87805df4:	001c0013 	andseq	r0, ip, r3, lsl r0
87805df8:	00000010 	andeq	r0, r0, r0, lsl r0
87805dfc:	380e0000 	stmdacc	lr, {}	; <UNPREDICTABLE>
87805e00:	84104411 	ldrhi	r4, [r0], #-1041	; 0x411
87805e04:	44118410 	ldrmi	r8, [r1], #-1040	; 0x410
87805e08:	0000380e 	andeq	r3, r0, lr, lsl #16
87805e0c:	00070000 	andeq	r0, r7, r0
87805e10:	44108c08 	ldrmi	r8, [r0], #-3080	; 0xc08
87805e14:	88084410 	stmdahi	r8, {r4, sl, lr}
87805e18:	0000f007 	andeq	pc, r0, r7
87805e1c:	00000000 	andeq	r0, r0, r0
87805e20:	0c030000 	stceq	0, cr0, [r3], {-0}
87805e24:	00000c03 	andeq	r0, r0, r3, lsl #24
	...
87805e30:	06010100 	streq	r0, [r1], -r0, lsl #2
	...
87805e3c:	80000000 	andhi	r0, r0, r0
87805e40:	20024001 	andcs	r4, r2, r1
87805e44:	08081004 	stmdaeq	r8, {r2, ip}
87805e48:	00000410 	andeq	r0, r0, r0, lsl r4
87805e4c:	20022002 	andcs	r2, r2, r2
87805e50:	20022002 	andcs	r2, r2, r2
87805e54:	20022002 	andcs	r2, r2, r2
87805e58:	00002002 	andeq	r2, r0, r2
87805e5c:	04100000 	ldreq	r0, [r0], #-0
87805e60:	10040808 	andne	r0, r4, r8, lsl #16
87805e64:	40012002 	andmi	r2, r1, r2
87805e68:	00008000 	andeq	r8, r0, r0
87805e6c:	000e0000 	andeq	r0, lr, r0
87805e70:	0c100012 	ldceq	0, cr0, [r0], {18}
87805e74:	80106c10 	andshi	r6, r0, r0, lsl ip
87805e78:	0000000f 	andeq	r0, r0, pc
87805e7c:	180ce003 	stmdane	ip, {r0, r1, sp, lr, pc}
87805e80:	2414e413 	ldrcs	lr, [r4], #-1043	; 0x413
87805e84:	2808c417 	stmdacs	r8, {r0, r1, r2, r4, sl, lr, pc}
87805e88:	0000d007 	andeq	sp, r0, r7
87805e8c:	3c000400 	cfstrscc	mvf0, [r0], {-0}
87805e90:	401cc403 	andsmi	ip, ip, r3, lsl #8
87805e94:	e4004007 	str	r4, [r0], #-7
87805e98:	04001c00 	streq	r1, [r0], #-3072	; 0xc00
87805e9c:	fc1f0410 	ldc2	4, cr0, [pc], {16}
87805ea0:	04110411 	ldreq	r0, [r1], #-1041	; 0x411
87805ea4:	880e0411 	stmdahi	lr, {r0, r4, sl}
87805ea8:	00007000 	andeq	r7, r0, r0
87805eac:	180ce003 	stmdane	ip, {r0, r1, sp, lr, pc}
87805eb0:	04100410 	ldreq	r0, [r0], #-1040	; 0x410
87805eb4:	08100410 	ldmdaeq	r0, {r4, sl}
87805eb8:	0000101c 	andeq	r1, r0, ip, lsl r0
87805ebc:	fc1f0410 	ldc2	4, cr0, [pc], {16}
87805ec0:	04100410 	ldreq	r0, [r0], #-1040	; 0x410
87805ec4:	08080410 	stmdaeq	r8, {r4, sl}
87805ec8:	0000f007 	andeq	pc, r0, r7
87805ecc:	fc1f0410 	ldc2	4, cr0, [pc], {16}
87805ed0:	04110411 	ldreq	r0, [r1], #-1041	; 0x411
87805ed4:	0410c417 	ldreq	ip, [r0], #-1047	; 0x417
87805ed8:	00001808 	andeq	r1, r0, r8, lsl #16
87805edc:	fc1f0410 	ldc2	4, cr0, [pc], {16}
87805ee0:	00110411 	andseq	r0, r1, r1, lsl r4
87805ee4:	0010c017 	andseq	ip, r0, r7, lsl r0
87805ee8:	00000008 	andeq	r0, r0, r8
87805eec:	180ce003 	stmdane	ip, {r0, r1, sp, lr, pc}
87805ef0:	04100410 	ldreq	r0, [r0], #-1040	; 0x410
87805ef4:	781c4410 	ldmdavc	ip, {r4, sl, lr}
87805ef8:	00004000 	andeq	r4, r0, r0
87805efc:	fc1f0410 	ldc2	4, cr0, [pc], {16}
87805f00:	80008410 	andhi	r8, r0, r0, lsl r4
87805f04:	84108000 	ldrhi	r8, [r0], #-0
87805f08:	0410fc1f 	ldreq	pc, [r0], #-3103	; 0xc1f
87805f0c:	04100000 	ldreq	r0, [r0], #-0
87805f10:	fc1f0410 	ldc2	4, cr0, [pc], {16}
87805f14:	04100410 	ldreq	r0, [r0], #-1040	; 0x410
87805f18:	00000000 	andeq	r0, r0, r0
87805f1c:	01000300 	mrseq	r0, LR_irq
87805f20:	01100110 	tsteq	r0, r0, lsl r1
87805f24:	0010fe1f 	andseq	pc, r0, pc, lsl lr	; <UNPREDICTABLE>
87805f28:	00000010 	andeq	r0, r0, r0, lsl r0
87805f2c:	fc1f0410 	ldc2	4, cr0, [pc], {16}
87805f30:	80030411 	andhi	r0, r3, r1, lsl r4
87805f34:	1c186414 	cfldrsne	mvf6, [r8], {20}
87805f38:	00000410 	andeq	r0, r0, r0, lsl r4
87805f3c:	fc1f0410 	ldc2	4, cr0, [pc], {16}
87805f40:	04000410 	streq	r0, [r0], #-1040	; 0x410
87805f44:	04000400 	streq	r0, [r0], #-1024	; 0x400
87805f48:	00000c00 	andeq	r0, r0, r0, lsl #24
87805f4c:	fc1f0410 	ldc2	4, cr0, [pc], {16}
87805f50:	fc00001f 	stc2	0, cr0, [r0], {31}
87805f54:	fc1f001f 	ldc2	0, cr0, [pc], {31}
87805f58:	00000410 	andeq	r0, r0, r0, lsl r4
87805f5c:	fc1f0410 	ldc2	4, cr0, [pc], {16}
87805f60:	0003040c 	andeq	r0, r3, ip, lsl #8
87805f64:	1810e000 	ldmdane	r0, {sp, lr, pc}
87805f68:	0010fc1f 	andseq	pc, r0, pc, lsl ip	; <UNPREDICTABLE>
87805f6c:	0808f007 	stmdaeq	r8, {r0, r1, r2, ip, sp, lr, pc}
87805f70:	04100410 	ldreq	r0, [r0], #-1040	; 0x410
87805f74:	08080410 	stmdaeq	r8, {r4, sl}
87805f78:	0000f007 	andeq	pc, r0, r7
87805f7c:	fc1f0410 	ldc2	4, cr0, [pc], {16}
87805f80:	80108410 	andshi	r8, r0, r0, lsl r4
87805f84:	80108010 	andshi	r8, r0, r0, lsl r0
87805f88:	0000000f 	andeq	r0, r0, pc
87805f8c:	1808f007 	stmdane	r8, {r0, r1, r2, ip, sp, lr, pc}
87805f90:	24102410 	ldrcs	r2, [r0], #-1040	; 0x410
87805f94:	0a081c10 	beq	87a0cfdc <__bss_end+0x202e9c>
87805f98:	0000f207 	andeq	pc, r0, r7, lsl #4
87805f9c:	fc1f0410 	ldc2	4, cr0, [pc], {16}
87805fa0:	00110411 	andseq	r0, r1, r1, lsl r4
87805fa4:	3011c011 	andscc	ip, r1, r1, lsl r0
87805fa8:	04000c0e 	streq	r0, [r0], #-3086	; 0xc0e
87805fac:	1c0e0000 	stcne	0, cr0, [lr], {-0}
87805fb0:	84100411 	ldrhi	r0, [r0], #-1041	; 0x411
87805fb4:	44108410 	ldrmi	r8, [r0], #-1040	; 0x410
87805fb8:	0000381c 	andeq	r3, r0, ip, lsl r8
87805fbc:	00100018 	andseq	r0, r0, r8, lsl r0
87805fc0:	fc1f0410 	ldc2	4, cr0, [pc], {16}
87805fc4:	00100410 	andseq	r0, r0, r0, lsl r4
87805fc8:	00000018 	andeq	r0, r0, r8, lsl r0
87805fcc:	f81f0010 			; <UNDEFINED> instruction: 0xf81f0010
87805fd0:	04000410 	streq	r0, [r0], #-1040	; 0x410
87805fd4:	04100400 	ldreq	r0, [r0], #-1024	; 0x400
87805fd8:	0010f81f 	andseq	pc, r0, pc, lsl r8	; <UNPREDICTABLE>
87805fdc:	001e0010 	andseq	r0, lr, r0, lsl r0
87805fe0:	1c00e011 	stcne	0, cr14, [r0], {17}
87805fe4:	80137000 	andshi	r7, r3, r0
87805fe8:	0010001c 	andseq	r0, r0, ip, lsl r0
87805fec:	3c10c01f 	ldccc	0, cr12, [r0], {31}
87805ff0:	001fe000 	andseq	lr, pc, r0
87805ff4:	3c10e000 	ldccc	0, cr14, [r0], {-0}
87805ff8:	0000c01f 	andeq	ip, r0, pc, lsl r0
87805ffc:	0c180410 	cfldrseq	mvf0, [r8], {16}
87806000:	c0013416 	andgt	r3, r1, r6, lsl r4
87806004:	3416c001 	ldrcc	ip, [r6], #-1
87806008:	04100c18 	ldreq	r0, [r0], #-3096	; 0xc18
8780600c:	001c0010 	andseq	r0, ip, r0, lsl r0
87806010:	fc000413 	stc2	4, cr0, [r0], {19}
87806014:	001c0413 	andseq	r0, ip, r3, lsl r4
87806018:	00000010 	andeq	r0, r0, r0, lsl r0
8780601c:	1c100408 	cfldrsne	mvf0, [r0], {8}
87806020:	84106410 	ldrhi	r6, [r0], #-1040	; 0x410
87806024:	041c0413 	ldreq	r0, [ip], #-1043	; 0x413
87806028:	00001810 	andeq	r1, r0, r0, lsl r8
8780602c:	00000000 	andeq	r0, r0, r0
87806030:	fe7f0000 	cdp2	0, 7, cr0, cr15, cr0, {0}
87806034:	02400240 	subeq	r0, r0, #64, 4
87806038:	00000240 	andeq	r0, r0, r0, asr #4
8780603c:	00300000 	eorseq	r0, r0, r0
87806040:	8003000c 	andhi	r0, r3, ip
87806044:	1c006000 	stcne	0, cr6, [r0], {-0}
87806048:	00000300 	andeq	r0, r0, r0, lsl #6
8780604c:	02400000 	subeq	r0, r0, #0
87806050:	02400240 	subeq	r0, r0, #64, 4
87806054:	0000fe7f 	andeq	pc, r0, pc, ror lr	; <UNPREDICTABLE>
	...
87806060:	00400020 	subeq	r0, r0, r0, lsr #32
87806064:	00400040 	subeq	r0, r0, r0, asr #32
87806068:	00000020 	andeq	r0, r0, r0, lsr #32
8780606c:	01000100 	mrseq	r0, (UNDEF: 16)
87806070:	01000100 	mrseq	r0, (UNDEF: 16)
87806074:	01000100 	mrseq	r0, (UNDEF: 16)
87806078:	01000100 	mrseq	r0, (UNDEF: 16)
8780607c:	00400000 	subeq	r0, r0, r0
87806080:	00200040 	eoreq	r0, r0, r0, asr #32
	...
8780608c:	98000000 	stmdals	r0, {}	; <UNPREDICTABLE>
87806090:	44012401 	strmi	r2, [r1], #-1025	; 0x401
87806094:	44014401 	strmi	r4, [r1], #-1025	; 0x401
87806098:	0400fc00 	streq	pc, [r0], #-3072	; 0xc00
8780609c:	fc1f0010 	ldc2	0, cr0, [pc], {16}
878060a0:	04018800 	streq	r8, [r1], #-2048	; 0x800
878060a4:	88000401 	stmdahi	r0, {r0, sl}
878060a8:	00007000 	andeq	r7, r0, r0
878060ac:	70000000 	andvc	r0, r0, r0
878060b0:	04018800 	streq	r8, [r1], #-2048	; 0x800
878060b4:	04010401 	streq	r0, [r1], #-1025	; 0x401
878060b8:	00008800 	andeq	r8, r0, r0, lsl #16
878060bc:	70000000 	andvc	r0, r0, r0
878060c0:	04018800 	streq	r8, [r1], #-2048	; 0x800
878060c4:	08110401 	ldmdaeq	r1, {r0, sl}
878060c8:	0400fc1f 	streq	pc, [r0], #-3103	; 0xc1f
878060cc:	f8000000 			; <UNDEFINED> instruction: 0xf8000000
878060d0:	44014401 	strmi	r4, [r1], #-1025	; 0x401
878060d4:	44014401 	strmi	r4, [r1], #-1025	; 0x401
878060d8:	0000c800 	andeq	ip, r0, r0, lsl #16
878060dc:	04010000 	streq	r0, [r1], #-0
878060e0:	fc0f0401 	stc2	4, cr0, [pc], {1}
878060e4:	04110411 	ldreq	r0, [r1], #-1041	; 0x411
878060e8:	00180011 	andseq	r0, r8, r1, lsl r0
878060ec:	d6000000 	strle	r0, [r0], -r0
878060f0:	29012901 	stmdbcs	r1, {r0, r8, fp, sp}
878060f4:	c9012901 	stmdbgt	r1, {r0, r8, fp, sp}
878060f8:	00000601 	andeq	r0, r0, r1, lsl #12
878060fc:	fc1f0410 	ldc2	4, cr0, [pc], {16}
87806100:	00018400 	andeq	r8, r1, r0, lsl #8
87806104:	04010001 	streq	r0, [r1], #-1
87806108:	0400fc00 	streq	pc, [r0], #-3072	; 0xc00
8780610c:	04010000 	streq	r0, [r1], #-0
87806110:	fc190419 	ldc2	4, cr0, [r9], {25}
87806114:	04000400 	streq	r0, [r0], #-1024	; 0x400
87806118:	00000000 	andeq	r0, r0, r0
8780611c:	03000000 	movweq	r0, #0
87806120:	01010100 	mrseq	r0, (UNDEF: 17)
87806124:	fe190119 	mrc2	1, 0, r0, cr9, cr9, {0}
87806128:	00000000 	andeq	r0, r0, r0
8780612c:	fc1f0410 	ldc2	4, cr0, [pc], {16}
87806130:	40002400 	andmi	r2, r0, r0, lsl #8
87806134:	0c01b401 	cfstrseq	mvf11, [r1], {1}
87806138:	00000401 	andeq	r0, r0, r1, lsl #8
8780613c:	04100000 	ldreq	r0, [r0], #-0
87806140:	fc1f0410 	ldc2	4, cr0, [pc], {16}
87806144:	04000400 	streq	r0, [r0], #-1024	; 0x400
87806148:	00000000 	andeq	r0, r0, r0
8780614c:	fc010401 	stc2	4, cr0, [r1], {1}
87806150:	00010401 	andeq	r0, r1, r1, lsl #8
87806154:	0401fc01 	streq	pc, [r1], #-3073	; 0xc01
87806158:	fc000001 	stc2	0, cr0, [r0], {1}
8780615c:	fc010401 	stc2	4, cr0, [r1], {1}
87806160:	00018400 	andeq	r8, r1, r0, lsl #8
87806164:	04010001 	streq	r0, [r1], #-1
87806168:	0400fc00 	streq	pc, [r0], #-3072	; 0xc00
8780616c:	f8000000 			; <UNDEFINED> instruction: 0xf8000000
87806170:	04010401 	streq	r0, [r1], #-1025	; 0x401
87806174:	04010401 	streq	r0, [r1], #-1025	; 0x401
87806178:	0000f800 	andeq	pc, r0, r0, lsl #16
8780617c:	ff010101 			; <UNDEFINED> instruction: 0xff010101
87806180:	04018500 	streq	r8, [r1], #-1280	; 0x500
87806184:	88000401 	stmdahi	r0, {r0, sl}
87806188:	00007000 	andeq	r7, r0, r0
8780618c:	70000000 	andvc	r0, r0, r0
87806190:	04018800 	streq	r8, [r1], #-2048	; 0x800
87806194:	05010401 	streq	r0, [r1, #-1025]	; 0x401
87806198:	0100ff01 	tsteq	r0, r1, lsl #30
8780619c:	04010401 	streq	r0, [r1], #-1025	; 0x401
878061a0:	8400fc01 	strhi	pc, [r0], #-3073	; 0xc01
878061a4:	00010401 	andeq	r0, r1, r1, lsl #8
878061a8:	00008001 	andeq	r8, r0, r1
878061ac:	cc000000 	stcgt	0, cr0, [r0], {-0}
878061b0:	24012401 	strcs	r2, [r1], #-1025	; 0x401
878061b4:	24012401 	strcs	r2, [r1], #-1025	; 0x401
878061b8:	00009801 	andeq	r9, r0, r1, lsl #16
878061bc:	00010000 	andeq	r0, r1, r0
878061c0:	f8070001 			; <UNDEFINED> instruction: 0xf8070001
878061c4:	04010401 	streq	r0, [r1], #-1025	; 0x401
878061c8:	00000000 	andeq	r0, r0, r0
878061cc:	f8010001 			; <UNDEFINED> instruction: 0xf8010001
878061d0:	04000400 	streq	r0, [r0], #-1024	; 0x400
878061d4:	08010400 	stmdaeq	r1, {sl}
878061d8:	0400fc01 	streq	pc, [r0], #-3073	; 0xc01
878061dc:	80010001 	andhi	r0, r1, r1
878061e0:	0c007001 	stceq	0, cr7, [r0], {1}
878061e4:	60011000 	andvs	r1, r1, r0
878061e8:	00018001 	andeq	r8, r1, r1
878061ec:	0c01f001 	stceq	0, cr15, [r1], {1}
878061f0:	c0013000 	andgt	r3, r1, r0
878061f4:	0c013000 	stceq	0, cr3, [r1], {-0}
878061f8:	0001f001 	andeq	pc, r1, r1
878061fc:	04010000 	streq	r0, [r1], #-0
87806200:	74008c01 	strvc	r8, [r0], #-3073	; 0xc01
87806204:	8c017001 	stchi	0, cr7, [r1], {1}
87806208:	00000401 	andeq	r0, r0, r1, lsl #8
8780620c:	81010101 	tsthi	r1, r1, lsl #2
87806210:	0e007101 	adfeqs	f7, f0, f1
87806214:	60011800 	andvs	r1, r1, r0, lsl #16
87806218:	00018001 	andeq	r8, r1, r1
8780621c:	84010000 	strhi	r0, [r1], #-0
87806220:	34010c01 	strcc	r0, [r1], #-3073	; 0xc01
87806224:	84014401 	strhi	r4, [r1], #-1025	; 0x401
87806228:	00000c01 	andeq	r0, r0, r1, lsl #24
	...
87806234:	fc3e0001 	ldc2	0, cr0, [lr], #-4
87806238:	02400240 	subeq	r0, r0, #64, 4
	...
87806244:	0000ffff 	strdeq	pc, [r0], -pc	; <UNPREDICTABLE>
87806248:	00000000 	andeq	r0, r0, r0
8780624c:	02400000 	subeq	r0, r0, #0
87806250:	fc3e0240 	ldc2	2, cr0, [lr], #-256	; 0xffffff00
87806254:	00000001 	andeq	r0, r0, r1
87806258:	00000000 	andeq	r0, r0, r0
8780625c:	00600000 	rsbeq	r0, r0, r0
87806260:	00800080 	addeq	r0, r0, r0, lsl #1
87806264:	00400040 	subeq	r0, r0, r0, asr #32
87806268:	00200020 	eoreq	r0, r0, r0, lsr #32

8780626c <asc2_3216>:
	...
87806304:	c000f007 	andgt	pc, r0, r7
87806308:	e0e1ff07 	rsc	pc, r1, r7, lsl #30
8780630c:	e001f007 	and	pc, r1, r7
87806310:	c0000000 	andgt	r0, r0, r0
	...
87806374:	00002000 	andeq	r2, r0, r0
87806378:	0000c001 	andeq	ip, r0, r1
8780637c:	00008007 	andeq	r8, r0, r7
87806380:	0000001f 	andeq	r0, r0, pc, lsl r0
87806384:	0000001e 	andeq	r0, r0, lr, lsl r0
87806388:	0000201c 	andeq	r2, r0, ip, lsl r0
8780638c:	0000c001 	andeq	ip, r0, r1
87806390:	00008007 	andeq	r8, r0, r7
87806394:	0000001f 	andeq	r0, r0, pc, lsl r0
87806398:	0000001e 	andeq	r0, r0, lr, lsl r0
8780639c:	0000001c 	andeq	r0, r0, ip, lsl r0
	...
878063f0:	000c1800 	andeq	r1, ip, r0, lsl #16
878063f4:	000c1800 	andeq	r1, ip, r0, lsl #16
878063f8:	e00f1800 	and	r1, pc, r0, lsl #16
878063fc:	00fc1f00 	rscseq	r1, ip, r0, lsl #30
87806400:	000cf803 	andeq	pc, ip, r3, lsl #16
87806404:	000c1800 	andeq	r1, ip, r0, lsl #16
87806408:	000c1800 	andeq	r1, ip, r0, lsl #16
8780640c:	000c1800 	andeq	r1, ip, r0, lsl #16
87806410:	000c1800 	andeq	r1, ip, r0, lsl #16
87806414:	e00f1800 	and	r1, pc, r0, lsl #16
87806418:	00fc1f00 	rscseq	r1, ip, r0, lsl #30
8780641c:	000cf803 	andeq	pc, ip, r3, lsl #16
87806420:	000c1800 	andeq	r1, ip, r0, lsl #16
87806424:	000c1800 	andeq	r1, ip, r0, lsl #16
	...
87806474:	80070000 	andhi	r0, r7, r0
87806478:	c0077800 	andgt	r7, r7, r0, lsl #16
8780647c:	4006fc00 	andmi	pc, r6, r0, lsl #24
87806480:	20000e01 	andcs	r0, r0, r1, lsl #28
87806484:	20000703 	andcs	r0, r0, r3, lsl #14
87806488:	20800302 	addcs	r0, r0, r2, lsl #6
8780648c:	fcffff0f 	ldc2l	15, cr15, [pc], #60	; 878064d0 <asc2_3216+0x264>
87806490:	20c00102 	sbccs	r0, r0, r2, lsl #2
87806494:	60e00002 	rscvs	r0, r0, r2
87806498:	40703001 	rsbsmi	r3, r0, r1
8780649c:	803ff001 	eorshi	pc, pc, r1
878064a0:	001ff000 	andseq	pc, pc, r0
	...
878064ec:	0000fe00 	andeq	pc, r0, r0, lsl #28
878064f0:	0000ff01 	andeq	pc, r0, r1, lsl #30
878064f4:	00800103 	addeq	r0, r0, r3, lsl #2
878064f8:	60800002 	addvs	r0, r0, r2
878064fc:	c0810103 	addgt	r0, r1, r3, lsl #2
87806500:	0007ff01 	andeq	pc, r7, r1, lsl #30
87806504:	0018fe00 	andseq	pc, r8, r0, lsl #28
87806508:	00e00000 	rsceq	r0, r0, r0
8780650c:	00bf0300 	adcseq	r0, pc, r0, lsl #6
87806510:	c0ff0c00 	rscsgt	r0, pc, r0, lsl #24
87806514:	60807100 	addvs	r7, r0, r0, lsl #2
87806518:	2000c101 	andcs	ip, r0, r1, lsl #2
8780651c:	60800103 	addvs	r0, r0, r3, lsl #2
87806520:	c0ff0000 	rscsgt	r0, pc, r0
87806524:	003f0000 	eorseq	r0, pc, r0
	...
8780656c:	001f0000 	andseq	r0, pc, r0
87806570:	c07f0000 	rsbsgt	r0, pc, r0
87806574:	c0c0fc00 	sbcgt	pc, r0, r0, lsl #24
87806578:	6080ff01 	addvs	pc, r0, r1, lsl #30
8780657c:	20e00303 	rsccs	r0, r0, r3, lsl #6
87806580:	20780202 	rsbscs	r0, r8, r2, lsl #4
87806584:	201e0602 	andscs	r0, lr, r2, lsl #12
87806588:	4007fc03 	andmi	pc, r7, r3, lsl #24
8780658c:	8003f001 	andhi	pc, r3, r1
87806590:	c0030100 	andgt	r0, r3, r0, lsl #2
87806594:	601c0100 	andsvs	r0, ip, r0, lsl #2
87806598:	20e00100 	rsccs	r0, r0, r0, lsl #2
8780659c:	20000100 	andcs	r0, r0, r0, lsl #2
878065a0:	40000100 	andmi	r0, r0, r0, lsl #2
878065a4:	80010000 	andhi	r0, r1, r0
	...
878065f0:	00002000 	andeq	r2, r0, r0
878065f4:	0000601c 	andeq	r6, r0, ip, lsl r0
878065f8:	0000401c 	andeq	r4, r0, ip, lsl r0
878065fc:	0000801f 	andeq	r8, r0, pc, lsl r0
87806600:	0000000f 	andeq	r0, r0, pc
	...
87806688:	00f80700 	rscseq	r0, r8, r0, lsl #14
8780668c:	00ff3f00 	rscseq	r3, pc, r0, lsl #30
87806690:	c0077800 	andgt	r7, r7, r0, lsl #16
87806694:	e000c001 	and	ip, r0, r1
87806698:	30000003 	andcc	r0, r0, r3
8780669c:	08000004 	stmdaeq	r0, {r2}
878066a0:	04000008 	streq	r0, [r0], #-8
878066a4:	02000010 	andeq	r0, r0, #16
	...
878066f0:	02000010 	andeq	r0, r0, #16
878066f4:	04000008 	streq	r0, [r0], #-8
878066f8:	08000004 	stmdaeq	r0, {r2}
878066fc:	30000003 	andcc	r0, r0, r3
87806700:	e000c001 	and	ip, r0, r1
87806704:	c0077800 	andgt	r7, r7, r0, lsl #16
87806708:	00ff3f00 	rscseq	r3, pc, r0, lsl #30
8780670c:	00f80700 	rscseq	r0, r8, r0, lsl #14
	...
87806774:	00180c00 	andseq	r0, r8, r0, lsl #24
87806778:	00380e00 	eorseq	r0, r8, r0, lsl #28
8780677c:	00380e00 	eorseq	r0, r8, r0, lsl #28
87806780:	00300600 	eorseq	r0, r0, r0, lsl #12
87806784:	00600300 	rsbeq	r0, r0, r0, lsl #6
87806788:	80436100 	subhi	r6, r3, r0, lsl #2
8780678c:	80ffff00 	rscshi	pc, pc, r0, lsl #30
87806790:	00436100 	subeq	r6, r3, r0, lsl #2
87806794:	00600300 	rsbeq	r0, r0, r0, lsl #6
87806798:	00300600 	eorseq	r0, r0, r0, lsl #12
8780679c:	00380e00 	eorseq	r0, r8, r0, lsl #28
878067a0:	00380e00 	eorseq	r0, r8, r0, lsl #28
878067a4:	00180c00 	andseq	r0, r8, r0, lsl #24
	...
878067f4:	00800000 	addeq	r0, r0, r0
878067f8:	00800000 	addeq	r0, r0, r0
878067fc:	00800000 	addeq	r0, r0, r0
87806800:	00800000 	addeq	r0, r0, r0
87806804:	00800000 	addeq	r0, r0, r0
87806808:	00800000 	addeq	r0, r0, r0
8780680c:	00ff7f00 	rscseq	r7, pc, r0, lsl #30
87806810:	00800000 	addeq	r0, r0, r0
87806814:	00800000 	addeq	r0, r0, r0
87806818:	00800000 	addeq	r0, r0, r0
8780681c:	00800000 	addeq	r0, r0, r0
87806820:	00800000 	addeq	r0, r0, r0
87806824:	00800000 	addeq	r0, r0, r0
	...
87806870:	01000000 	mrseq	r0, (UNDEF: 0)
87806874:	e3000000 	movw	r0, #0
87806878:	e2000000 	and	r0, r0, #0
8780687c:	fc000000 	stc2	0, cr0, [r0], {-0}
87806880:	78000000 	stmdavc	r0, {}	; <UNPREDICTABLE>
	...
878068f0:	00800000 	addeq	r0, r0, r0
878068f4:	00800000 	addeq	r0, r0, r0
878068f8:	00800000 	addeq	r0, r0, r0
878068fc:	00800000 	addeq	r0, r0, r0
87806900:	00800000 	addeq	r0, r0, r0
87806904:	00800000 	addeq	r0, r0, r0
87806908:	00800000 	addeq	r0, r0, r0
8780690c:	00800000 	addeq	r0, r0, r0
87806910:	00800000 	addeq	r0, r0, r0
87806914:	00800000 	addeq	r0, r0, r0
87806918:	00800000 	addeq	r0, r0, r0
8780691c:	00800000 	addeq	r0, r0, r0
87806920:	00800000 	addeq	r0, r0, r0
87806924:	00800000 	addeq	r0, r0, r0
	...
87806974:	c0000000 	andgt	r0, r0, r0
87806978:	e0010000 	and	r0, r1, r0
8780697c:	e0010000 	and	r0, r1, r0
87806980:	c0000000 	andgt	r0, r0, r0
	...
878069f0:	0c000000 	stceq	0, cr0, [r0], {-0}
878069f4:	38000000 	stmdacc	r0, {}	; <UNPREDICTABLE>
878069f8:	e0000000 	and	r0, r0, r0
878069fc:	80030000 	andhi	r0, r3, r0
87806a00:	000e0000 	andeq	r0, lr, r0
87806a04:	00380000 	eorseq	r0, r8, r0
87806a08:	00e00000 	rsceq	r0, r0, r0
87806a0c:	00800300 	addeq	r0, r0, r0, lsl #6
87806a10:	00000e00 	andeq	r0, r0, r0, lsl #28
87806a14:	00003800 	andeq	r3, r0, r0, lsl #16
87806a18:	0000e000 	andeq	lr, r0, r0
87806a1c:	00008003 	andeq	r8, r0, r3
87806a20:	0000000e 	andeq	r0, r0, lr
87806a24:	00000018 	andeq	r0, r0, r8, lsl r0
	...
87806a74:	00f80f00 	rscseq	r0, r8, r0, lsl #30
87806a78:	00ff7f00 	rscseq	r7, pc, r0, lsl #30
87806a7c:	8007f000 	andhi	pc, r7, r0
87806a80:	c0008001 	andgt	r8, r0, r1
87806a84:	60000003 	andvs	r0, r0, r3
87806a88:	20000002 	andcs	r0, r0, r2
87806a8c:	20000002 	andcs	r0, r0, r2
87806a90:	20000002 	andcs	r0, r0, r2
87806a94:	60000003 	andvs	r0, r0, r3
87806a98:	c0008001 	andgt	r8, r0, r1
87806a9c:	8003e000 	andhi	lr, r3, r0
87806aa0:	00ff7f00 	rscseq	r7, pc, r0, lsl #30
87806aa4:	00f80f00 	rscseq	r0, r8, r0, lsl #30
	...
87806af8:	20008000 	andcs	r8, r0, r0
87806afc:	20008000 	andcs	r8, r0, r0
87806b00:	20008000 	andcs	r8, r0, r0
87806b04:	60008000 	andvs	r8, r0, r0
87806b08:	e0ffff01 	rscs	pc, pc, r1, lsl #30
87806b0c:	e0ffff03 	rscs	pc, pc, r3, lsl #30
87806b10:	60000000 	andvs	r0, r0, r0
87806b14:	20000000 	andcs	r0, r0, r0
87806b18:	20000000 	andcs	r0, r0, r0
87806b1c:	20000000 	andcs	r0, r0, r0
	...
87806b74:	e0007800 	and	r7, r0, r0, lsl #16
87806b78:	60019800 	andvs	r9, r1, r0, lsl #16
87806b7c:	60020001 	andvs	r0, r2, r1
87806b80:	60040002 	andvs	r0, r4, r2
87806b84:	60080002 	andvs	r0, r8, r2
87806b88:	60100002 	andsvs	r0, r0, r2
87806b8c:	60200002 	eorvs	r0, r0, r2
87806b90:	60400002 	subvs	r0, r0, r2
87806b94:	60800003 	addvs	r0, r0, r3
87806b98:	60008301 	andvs	r8, r0, r1, lsl #6
87806b9c:	e000fe01 	and	pc, r0, r1, lsl #28
87806ba0:	80077c00 	andhi	r7, r7, r0, lsl #24
	...
87806bf4:	8007f000 	andhi	pc, r7, r0
87806bf8:	c007f001 	andgt	pc, r7, r1
87806bfc:	40000001 	andmi	r0, r0, r1
87806c00:	20000002 	andcs	r0, r0, r2
87806c04:	20000102 	andcs	r0, r0, r2, lsl #2
87806c08:	20000102 	andcs	r0, r0, r2, lsl #2
87806c0c:	20000102 	andcs	r0, r0, r2, lsl #2
87806c10:	20800303 	addcs	r0, r0, r3, lsl #6
87806c14:	40808601 	addmi	r8, r0, r1, lsl #12
87806c18:	c0c0fc01 	sbcgt	pc, r0, r1, lsl #24
87806c1c:	807f7800 	rsbshi	r7, pc, r0, lsl #16
87806c20:	001e0000 	andseq	r0, lr, r0
	...
87806c70:	00080000 	andeq	r0, r8, r0
87806c74:	00380000 	eorseq	r0, r8, r0
87806c78:	00480000 	subeq	r0, r8, r0
87806c7c:	00880100 	addeq	r0, r8, r0, lsl #2
87806c80:	00080600 	andeq	r0, r8, r0, lsl #12
87806c84:	10080c00 	andne	r0, r8, r0, lsl #24
87806c88:	10083000 	andne	r3, r8, r0
87806c8c:	10084000 	andne	r4, r8, r0
87806c90:	f0ffff01 			; <UNDEFINED> instruction: 0xf0ffff01
87806c94:	f0ffff03 			; <UNDEFINED> instruction: 0xf0ffff03
87806c98:	f0ffff03 			; <UNDEFINED> instruction: 0xf0ffff03
87806c9c:	10080000 	andne	r0, r8, r0
87806ca0:	10080000 	andne	r0, r8, r0
87806ca4:	10080000 	andne	r0, r8, r0
	...
87806cf4:	80070000 	andhi	r0, r7, r0
87806cf8:	40861f00 	addmi	r1, r6, r0, lsl #30
87806cfc:	2000e103 	andcs	lr, r0, r3, lsl #2
87806d00:	20000203 	andcs	r0, r0, r3, lsl #4
87806d04:	20000403 	andcs	r0, r0, r3, lsl #8
87806d08:	20000403 	andcs	r0, r0, r3, lsl #8
87806d0c:	20000403 	andcs	r0, r0, r3, lsl #8
87806d10:	20000403 	andcs	r0, r0, r3, lsl #8
87806d14:	40000603 	andmi	r0, r0, r3, lsl #12
87806d18:	c0010303 	andgt	r0, r1, r3, lsl #6
87806d1c:	80ff0103 	rscshi	r0, pc, r3, lsl #2
87806d20:	007e0003 	rsbseq	r0, lr, r3
	...
87806d74:	00fc0700 	rscseq	r0, ip, r0, lsl #14
87806d78:	00ff3f00 	rscseq	r3, pc, r0, lsl #30
87806d7c:	80c37000 	sbchi	r7, r3, r0
87806d80:	c0808100 	addgt	r8, r0, r0, lsl #2
87806d84:	60000101 	andvs	r0, r0, r1, lsl #2
87806d88:	20000203 	andcs	r0, r0, r3, lsl #4
87806d8c:	20000202 	andcs	r0, r0, r2, lsl #4
87806d90:	20000202 	andcs	r0, r0, r2, lsl #4
87806d94:	20000202 	andcs	r0, r0, r2, lsl #4
87806d98:	40000302 	andmi	r0, r0, r2, lsl #6
87806d9c:	c080c101 	addgt	ip, r0, r1, lsl #2
87806da0:	80ffc000 	rscshi	ip, pc, r0
87806da4:	007e0000 	rsbseq	r0, lr, r0
	...
87806df4:	0000f000 	andeq	pc, r0, r0
87806df8:	0000c003 	andeq	ip, r0, r3
87806dfc:	00008003 	andeq	r8, r0, r3
87806e00:	00000003 	andeq	r0, r0, r3
87806e04:	e0070003 	and	r0, r7, r3
87806e08:	e03f0003 	eors	r0, pc, r3
87806e0c:	00c00103 	sbceq	r0, r0, r3, lsl #2
87806e10:	00000603 	andeq	r0, r0, r3, lsl #12
87806e14:	00001803 	andeq	r1, r0, r3, lsl #16
87806e18:	00006003 	andeq	r6, r0, r3
87806e1c:	00008003 	andeq	r8, r0, r3
87806e20:	00000003 	andeq	r0, r0, r3
	...
87806e70:	001f0000 	andseq	r0, pc, r0
87806e74:	803f7800 	eorshi	r7, pc, r0, lsl #16
87806e78:	c060fc00 	rsbgt	pc, r0, r0, lsl #24
87806e7c:	40c08e01 	sbcmi	r8, r0, r1, lsl #28
87806e80:	20800703 	addcs	r0, r0, r3, lsl #14
87806e84:	20000302 	andcs	r0, r0, r2, lsl #6
87806e88:	20800102 	addcs	r0, r0, r2, lsl #2
87806e8c:	20800102 	addcs	r0, r0, r2, lsl #2
87806e90:	20c00102 	sbccs	r0, r0, r2, lsl #2
87806e94:	40e00103 	rscmi	r0, r0, r3, lsl #2
87806e98:	c0708601 	rsbsgt	r8, r0, r1, lsl #12
87806e9c:	803ffc00 	eorshi	pc, pc, r0, lsl #24
87806ea0:	001f7800 	andseq	r7, pc, r0, lsl #16
	...
87806ef0:	00003f00 	andeq	r3, r0, r0, lsl #30
87806ef4:	c081ff00 	addgt	pc, r1, r0, lsl #30
87806ef8:	c0c1c001 	sbcgt	ip, r1, r1
87806efc:	20600001 	rsbcs	r0, r0, r1
87806f00:	20200002 	eorcs	r0, r0, r2
87806f04:	20200002 	eorcs	r0, r0, r2
87806f08:	20200002 	eorcs	r0, r0, r2
87806f0c:	60200002 	eorvs	r0, r0, r2
87806f10:	c0400002 	subgt	r0, r0, r2
87806f14:	80c10001 	sbchi	r0, r1, r1
87806f18:	008fc100 	addeq	ip, pc, r0, lsl #2
87806f1c:	00fe7f00 	rscseq	r7, lr, r0, lsl #30
87806f20:	00f01f00 	rscseq	r1, r0, r0, lsl #30
	...
87806f84:	c0000300 	andgt	r0, r0, r0, lsl #6
87806f88:	e0810700 	add	r0, r1, r0, lsl #14
87806f8c:	e0810700 	add	r0, r1, r0, lsl #14
87806f90:	c0000300 	andgt	r0, r0, r0, lsl #6
	...
87807004:	66000600 	strvs	r0, [r0], -r0, lsl #12
87807008:	78000600 	stmdavc	r0, {r9, sl}
	...
87807074:	00800000 	addeq	r0, r0, r0
87807078:	00c00100 	sbceq	r0, r0, r0, lsl #2
8780707c:	00600300 	rsbeq	r0, r0, r0, lsl #6
87807080:	00300600 	eorseq	r0, r0, r0, lsl #12
87807084:	00180c00 	andseq	r0, r8, r0, lsl #24
87807088:	000c1800 	andeq	r1, ip, r0, lsl #16
8780708c:	00063000 	andeq	r3, r6, r0
87807090:	00036000 	andeq	r6, r3, r0
87807094:	8001c000 	andhi	ip, r1, r0
87807098:	40000001 	andmi	r0, r0, r1
8780709c:	20000002 	andcs	r0, r0, r2
878070a0:	10000004 	andne	r0, r0, r4
	...
878070f0:	00100400 	andseq	r0, r0, r0, lsl #8
878070f4:	00100400 	andseq	r0, r0, r0, lsl #8
878070f8:	00100400 	andseq	r0, r0, r0, lsl #8
878070fc:	00100400 	andseq	r0, r0, r0, lsl #8
87807100:	00100400 	andseq	r0, r0, r0, lsl #8
87807104:	00100400 	andseq	r0, r0, r0, lsl #8
87807108:	00100400 	andseq	r0, r0, r0, lsl #8
8780710c:	00100400 	andseq	r0, r0, r0, lsl #8
87807110:	00100400 	andseq	r0, r0, r0, lsl #8
87807114:	00100400 	andseq	r0, r0, r0, lsl #8
87807118:	00100400 	andseq	r0, r0, r0, lsl #8
8780711c:	00100400 	andseq	r0, r0, r0, lsl #8
87807120:	00100400 	andseq	r0, r0, r0, lsl #8
87807124:	00100400 	andseq	r0, r0, r0, lsl #8
	...
87807174:	10000004 	andne	r0, r0, r4
87807178:	20000002 	andcs	r0, r0, r2
8780717c:	40000001 	andmi	r0, r0, r1
87807180:	8001c000 	andhi	ip, r1, r0
87807184:	00036000 	andeq	r6, r3, r0
87807188:	00063000 	andeq	r3, r6, r0
8780718c:	000c1800 	andeq	r1, ip, r0, lsl #16
87807190:	00180c00 	andseq	r0, r8, r0, lsl #24
87807194:	00300600 	eorseq	r0, r0, r0, lsl #12
87807198:	00600300 	rsbeq	r0, r0, r0, lsl #6
8780719c:	00c00100 	sbceq	r0, r0, r0, lsl #2
878071a0:	00800000 	addeq	r0, r0, r0
	...
878071f4:	00007800 	andeq	r7, r0, r0, lsl #16
878071f8:	0000f801 	andeq	pc, r0, r1, lsl #16
878071fc:	00003802 	andeq	r3, r0, r2, lsl #16
87807200:	00000002 	andeq	r0, r0, r2
87807204:	c0000004 	andgt	r0, r0, r4
87807208:	e0790004 	rsbs	r0, r9, r4
8780720c:	e0810004 	add	r0, r1, r4
87807210:	c0000104 	andgt	r0, r0, r4, lsl #2
87807214:	00000304 	andeq	r0, r0, r4, lsl #6
87807218:	00000202 	andeq	r0, r0, r2, lsl #4
8780721c:	00000603 	andeq	r0, r0, r3, lsl #12
87807220:	0000fc01 	andeq	pc, r0, r1, lsl #24
87807224:	0000f800 	andeq	pc, r0, r0, lsl #16
	...
87807270:	00f80f00 	rscseq	r0, r8, r0, lsl #30
87807274:	00fe3f00 	rscseq	r3, lr, r0, lsl #30
87807278:	80077000 	andhi	r7, r7, r0
8780727c:	c000c000 	andgt	ip, r0, r0
87807280:	40f80101 	rscsmi	r0, r8, r1, lsl #2
87807284:	20fc0703 	rscscs	r0, ip, r3, lsl #14
87807288:	20041e02 	andcs	r1, r4, r2, lsl #28
8780728c:	20083002 	andcs	r3, r8, r2
87807290:	20302002 	eorscs	r2, r0, r2
87807294:	20fc3f02 	rscscs	r3, ip, r2, lsl #30
87807298:	40043f01 	andmi	r3, r4, r1, lsl #30
8780729c:	c00c8001 	andgt	r8, ip, r1
878072a0:	8031e000 	eorshi	lr, r1, r0
878072a4:	00c21f00 	sbceq	r1, r2, r0, lsl #30
	...
878072ec:	20000000 	andcs	r0, r0, r0
878072f0:	60000000 	andvs	r0, r0, r0
878072f4:	e0030000 	and	r0, r3, r0
878072f8:	203e0000 	eorscs	r0, lr, r0
878072fc:	20e00300 	rsccs	r0, r0, r0, lsl #6
87807300:	00203e00 	eoreq	r3, r0, r0, lsl #28
87807304:	0020e003 	eoreq	lr, r0, r3
87807308:	00208003 	eoreq	r8, r0, r3
8780730c:	0020fc07 	eoreq	pc, r0, r7, lsl #24
87807310:	00e03f00 	rsceq	r3, r0, r0, lsl #30
87807314:	20fe0300 	rscscs	r0, lr, r0, lsl #6
87807318:	e03f0000 	eors	r0, pc, r0
8780731c:	e0010000 	and	r0, r1, r0
87807320:	20000000 	andcs	r0, r0, r0
87807324:	20000000 	andcs	r0, r0, r0
	...
87807370:	20000002 	andcs	r0, r0, r2
87807374:	20000002 	andcs	r0, r0, r2
87807378:	e0ffff03 	rscs	pc, pc, r3, lsl #30
8780737c:	e0ffff03 	rscs	pc, pc, r3, lsl #30
87807380:	20000102 	andcs	r0, r0, r2, lsl #2
87807384:	20000102 	andcs	r0, r0, r2, lsl #2
87807388:	20000102 	andcs	r0, r0, r2, lsl #2
8780738c:	20000102 	andcs	r0, r0, r2, lsl #2
87807390:	20000102 	andcs	r0, r0, r2, lsl #2
87807394:	20000303 	andcs	r0, r0, r3, lsl #6
87807398:	60808601 	addvs	r8, r0, r1, lsl #12
8780739c:	c0c0fc01 	sbcgt	pc, r0, r1, lsl #24
878073a0:	807ff800 	rsbshi	pc, pc, r0, lsl #16
878073a4:	001f0000 	andseq	r0, pc, r0
	...
878073f0:	00f80700 	rscseq	r0, r8, r0, lsl #14
878073f4:	00ff3f00 	rscseq	r3, pc, r0, lsl #30
878073f8:	80077000 	andhi	r7, r7, r0
878073fc:	c000c000 	andgt	ip, r0, r0
87807400:	40000001 	andmi	r0, r0, r1
87807404:	20000003 	andcs	r0, r0, r3
87807408:	20000002 	andcs	r0, r0, r2
8780740c:	20000002 	andcs	r0, r0, r2
87807410:	20000002 	andcs	r0, r0, r2
87807414:	20000002 	andcs	r0, r0, r2
87807418:	40000001 	andmi	r0, r0, r1
8780741c:	c0008001 	andgt	r8, r0, r1
87807420:	8001c003 	andhi	ip, r1, r3
87807424:	00063000 	andeq	r3, r6, r0
	...
87807470:	20000002 	andcs	r0, r0, r2
87807474:	20000002 	andcs	r0, r0, r2
87807478:	e0ffff03 	rscs	pc, pc, r3, lsl #30
8780747c:	e0ffff03 	rscs	pc, pc, r3, lsl #30
87807480:	20000002 	andcs	r0, r0, r2
87807484:	20000002 	andcs	r0, r0, r2
87807488:	20000002 	andcs	r0, r0, r2
8780748c:	20000002 	andcs	r0, r0, r2
87807490:	60000003 	andvs	r0, r0, r3
87807494:	40000001 	andmi	r0, r0, r1
87807498:	c0008001 	andgt	r8, r0, r1
8780749c:	8007f000 	andhi	pc, r7, r0
878074a0:	00fe7f00 	rscseq	r7, lr, r0, lsl #30
878074a4:	00f80f00 	rscseq	r0, r8, r0, lsl #30
	...
878074f0:	20000002 	andcs	r0, r0, r2
878074f4:	20000002 	andcs	r0, r0, r2
878074f8:	e0ffff03 	rscs	pc, pc, r3, lsl #30
878074fc:	e0ffff03 	rscs	pc, pc, r3, lsl #30
87807500:	20000102 	andcs	r0, r0, r2, lsl #2
87807504:	20000102 	andcs	r0, r0, r2, lsl #2
87807508:	20000102 	andcs	r0, r0, r2, lsl #2
8780750c:	20000102 	andcs	r0, r0, r2, lsl #2
87807510:	20000102 	andcs	r0, r0, r2, lsl #2
87807514:	20800302 	addcs	r0, r0, r2, lsl #6
87807518:	20e00f02 	rsccs	r0, r0, r2, lsl #30
8780751c:	60000003 	andvs	r0, r0, r3
87807520:	e000c003 	and	ip, r0, r3
87807524:	00036000 	andeq	r6, r3, r0
	...
87807570:	20000002 	andcs	r0, r0, r2
87807574:	20000002 	andcs	r0, r0, r2
87807578:	e0ffff03 	rscs	pc, pc, r3, lsl #30
8780757c:	e0ffff03 	rscs	pc, pc, r3, lsl #30
87807580:	20000102 	andcs	r0, r0, r2, lsl #2
87807584:	20000102 	andcs	r0, r0, r2, lsl #2
87807588:	00000102 	andeq	r0, r0, r2, lsl #2
8780758c:	00000102 	andeq	r0, r0, r2, lsl #2
87807590:	00000102 	andeq	r0, r0, r2, lsl #2
87807594:	00000102 	andeq	r0, r0, r2, lsl #2
87807598:	00800302 	addeq	r0, r0, r2, lsl #6
8780759c:	00e00f03 	rsceq	r0, r0, r3, lsl #30
878075a0:	00000003 	andeq	r0, r0, r3
878075a4:	0000c003 	andeq	ip, r0, r3
878075a8:	00006000 	andeq	r6, r0, r0
	...
878075f0:	00f80700 	rscseq	r0, r8, r0, lsl #14
878075f4:	00fe3f00 	rscseq	r3, lr, r0, lsl #30
878075f8:	80077000 	andhi	r7, r7, r0
878075fc:	c001c001 	andgt	ip, r1, r1
87807600:	40000001 	andmi	r0, r0, r1
87807604:	20000003 	andcs	r0, r0, r3
87807608:	20000002 	andcs	r0, r0, r2
8780760c:	20000002 	andcs	r0, r0, r2
87807610:	20000002 	andcs	r0, r0, r2
87807614:	20200001 	eorcs	r0, r0, r1
87807618:	40200001 	eormi	r0, r0, r1
8780761c:	803fc003 	eorshi	ip, pc, r3
87807620:	803f3000 	eorshi	r3, pc, r0
87807624:	00200000 	eoreq	r0, r0, r0
87807628:	00200000 	eoreq	r0, r0, r0
	...
8780766c:	20000002 	andcs	r0, r0, r2
87807670:	20000002 	andcs	r0, r0, r2
87807674:	e0ffff03 	rscs	pc, pc, r3, lsl #30
87807678:	e0ffff03 	rscs	pc, pc, r3, lsl #30
8780767c:	20800002 	addcs	r0, r0, r2
87807680:	20800002 	addcs	r0, r0, r2
87807684:	00800000 	addeq	r0, r0, r0
87807688:	00800000 	addeq	r0, r0, r0
8780768c:	00800000 	addeq	r0, r0, r0
87807690:	20800002 	addcs	r0, r0, r2
87807694:	20800002 	addcs	r0, r0, r2
87807698:	e0ffff03 	rscs	pc, pc, r3, lsl #30
8780769c:	e0ffff03 	rscs	pc, pc, r3, lsl #30
878076a0:	20000002 	andcs	r0, r0, r2
878076a4:	20000002 	andcs	r0, r0, r2
	...
878076f8:	20000002 	andcs	r0, r0, r2
878076fc:	20000002 	andcs	r0, r0, r2
87807700:	20000002 	andcs	r0, r0, r2
87807704:	20000002 	andcs	r0, r0, r2
87807708:	e0ffff03 	rscs	pc, pc, r3, lsl #30
8780770c:	e0ffff03 	rscs	pc, pc, r3, lsl #30
87807710:	20000002 	andcs	r0, r0, r2
87807714:	20000002 	andcs	r0, r0, r2
87807718:	20000002 	andcs	r0, r0, r2
8780771c:	20000002 	andcs	r0, r0, r2
	...
87807770:	0e000000 	cdpeq	0, 0, cr0, cr0, cr0, {0}
87807774:	0f000000 	svceq	0x00000000
87807778:	0f000000 	svceq	0x00000000
8780777c:	01000000 	mrseq	r0, (UNDEF: 0)
87807780:	01000002 	tsteq	r0, r2
87807784:	01000002 	tsteq	r0, r2
87807788:	03000002 	movweq	r0, #2
8780778c:	06000002 	streq	r0, [r0], -r2
87807790:	fcffff03 	ldc2l	15, cr15, [pc], #12	; 878077a4 <asc2_3216+0x1538>
87807794:	f8ffff03 			; <UNDEFINED> instruction: 0xf8ffff03
87807798:	00000002 	andeq	r0, r0, r2
8780779c:	00000002 	andeq	r0, r0, r2
878077a0:	00000002 	andeq	r0, r0, r2
878077a4:	00000002 	andeq	r0, r0, r2
	...
878077f0:	20000002 	andcs	r0, r0, r2
878077f4:	20000002 	andcs	r0, r0, r2
878077f8:	e0ffff03 	rscs	pc, pc, r3, lsl #30
878077fc:	e0ffff03 	rscs	pc, pc, r3, lsl #30
87807800:	20c00002 	sbccs	r0, r0, r2
87807804:	20000102 	andcs	r0, r0, r2, lsl #2
87807808:	00800700 	addeq	r0, r0, r0, lsl #14
8780780c:	00e00f00 	rsceq	r0, r0, r0, lsl #30
87807810:	00f83000 	rscseq	r3, r8, r0
87807814:	203e6002 	eorscs	r6, lr, r2
87807818:	200f8003 	andcs	r8, pc, r3
8780781c:	e0030003 	and	r0, r3, r3
87807820:	e0000002 	and	r0, r0, r2
87807824:	20000002 	andcs	r0, r0, r2
87807828:	20000000 	andcs	r0, r0, r0
	...
87807870:	20000002 	andcs	r0, r0, r2
87807874:	20000002 	andcs	r0, r0, r2
87807878:	e0ffff03 	rscs	pc, pc, r3, lsl #30
8780787c:	e0ffff03 	rscs	pc, pc, r3, lsl #30
87807880:	20000002 	andcs	r0, r0, r2
87807884:	20000002 	andcs	r0, r0, r2
87807888:	20000000 	andcs	r0, r0, r0
8780788c:	20000000 	andcs	r0, r0, r0
87807890:	20000000 	andcs	r0, r0, r0
87807894:	20000000 	andcs	r0, r0, r0
87807898:	20000000 	andcs	r0, r0, r0
8780789c:	60000000 	andvs	r0, r0, r0
878078a0:	e0000000 	and	r0, r0, r0
878078a4:	00030000 	andeq	r0, r3, r0
	...
878078ec:	20000002 	andcs	r0, r0, r2
878078f0:	20000002 	andcs	r0, r0, r2
878078f4:	e0ffff03 	rscs	pc, pc, r3, lsl #30
878078f8:	2000e003 	andcs	lr, r0, r3
878078fc:	2000ff03 	andcs	pc, r0, r3, lsl #30
87807900:	00f01f00 	rscseq	r1, r0, r0, lsl #30
87807904:	80ff0100 	rscshi	r0, pc, r0, lsl #2
87807908:	e00f0000 	and	r0, pc, r0
8780790c:	001e0000 	andseq	r0, lr, r0
87807910:	00e00300 	rsceq	r0, r0, r0, lsl #6
87807914:	20003e00 	andcs	r3, r0, r0, lsl #28
87807918:	2000e003 	andcs	lr, r0, r3
8780791c:	e0ffff03 	rscs	pc, pc, r3, lsl #30
87807920:	e0ffff03 	rscs	pc, pc, r3, lsl #30
87807924:	20000002 	andcs	r0, r0, r2
87807928:	20000002 	andcs	r0, r0, r2
	...
8780796c:	20000002 	andcs	r0, r0, r2
87807970:	20000002 	andcs	r0, r0, r2
87807974:	e0ffff03 	rscs	pc, pc, r3, lsl #30
87807978:	20008003 	andcs	r8, r0, r3
8780797c:	2000f003 	andcs	pc, r0, r3
87807980:	0000fc00 	andeq	pc, r0, r0, lsl #24
87807984:	00001f00 	andeq	r1, r0, r0, lsl #30
87807988:	00c00700 	sbceq	r0, r0, r0, lsl #14
8780798c:	00f00100 	rscseq	r0, r0, r0, lsl #2
87807990:	007c0000 	rsbseq	r0, ip, r0
87807994:	801f0002 	andshi	r0, pc, r2
87807998:	e0070002 	and	r0, r7, r2
8780799c:	e0ffff03 	rscs	pc, pc, r3, lsl #30
878079a0:	00000002 	andeq	r0, r0, r2
878079a4:	00000002 	andeq	r0, r0, r2
	...
878079f0:	00f80f00 	rscseq	r0, r8, r0, lsl #30
878079f4:	00fe3f00 	rscseq	r3, lr, r0, lsl #30
878079f8:	8007f000 	andhi	pc, r7, r0
878079fc:	c0008001 	andgt	r8, r0, r1
87807a00:	40000001 	andmi	r0, r0, r1
87807a04:	20000002 	andcs	r0, r0, r2
87807a08:	20000002 	andcs	r0, r0, r2
87807a0c:	20000002 	andcs	r0, r0, r2
87807a10:	20000002 	andcs	r0, r0, r2
87807a14:	40000001 	andmi	r0, r0, r1
87807a18:	c0008001 	andgt	r8, r0, r1
87807a1c:	8003f000 	andhi	pc, r3, r0
87807a20:	00fe3f00 	rscseq	r3, lr, r0, lsl #30
87807a24:	00f80f00 	rscseq	r0, r8, r0, lsl #30
	...
87807a70:	20000002 	andcs	r0, r0, r2
87807a74:	20000002 	andcs	r0, r0, r2
87807a78:	e0ffff03 	rscs	pc, pc, r3, lsl #30
87807a7c:	e0ffff03 	rscs	pc, pc, r3, lsl #30
87807a80:	20800002 	addcs	r0, r0, r2
87807a84:	20800002 	addcs	r0, r0, r2
87807a88:	00800002 	addeq	r0, r0, r2
87807a8c:	00800002 	addeq	r0, r0, r2
87807a90:	00800002 	addeq	r0, r0, r2
87807a94:	00800002 	addeq	r0, r0, r2
87807a98:	00800103 	addeq	r0, r0, r3, lsl #2
87807a9c:	00008301 	andeq	r8, r0, r1, lsl #6
87807aa0:	0000fe00 	andeq	pc, r0, r0, lsl #28
87807aa4:	00007c00 	andeq	r7, r0, r0, lsl #24
	...
87807af0:	00f80f00 	rscseq	r0, r8, r0, lsl #30
87807af4:	00ff7f00 	rscseq	r7, pc, r0, lsl #30
87807af8:	8003f000 	andhi	pc, r3, r0
87807afc:	c0018001 	andgt	r8, r1, r1
87807b00:	40060001 	andmi	r0, r6, r1
87807b04:	20040002 	andcs	r0, r4, r2
87807b08:	20040002 	andcs	r0, r4, r2
87807b0c:	20060002 	andcs	r0, r6, r2
87807b10:	e0030002 	and	r0, r3, r2
87807b14:	f8000001 			; <UNDEFINED> instruction: 0xf8000001
87807b18:	5c008001 	stcpl	0, cr8, [r0], {1}
87807b1c:	8c03e000 	stchi	0, cr14, [r3], {-0}
87807b20:	0cff3f00 	ldcleq	15, cr3, [pc]	; 87807b28 <asc2_3216+0x18bc>
87807b24:	18fc0f00 	ldmne	ip!, {r8, r9, sl, fp}^
	...
87807b70:	20000002 	andcs	r0, r0, r2
87807b74:	20000002 	andcs	r0, r0, r2
87807b78:	e0ffff03 	rscs	pc, pc, r3, lsl #30
87807b7c:	e0ffff03 	rscs	pc, pc, r3, lsl #30
87807b80:	20000102 	andcs	r0, r0, r2, lsl #2
87807b84:	20000102 	andcs	r0, r0, r2, lsl #2
87807b88:	00800102 	addeq	r0, r0, r2, lsl #2
87807b8c:	00e00102 	rsceq	r0, r0, r2, lsl #2
87807b90:	00fc0102 	rscseq	r0, ip, r2, lsl #2
87807b94:	803f0303 	eorshi	r0, pc, r3, lsl #6
87807b98:	e0078601 	and	r8, r7, r1, lsl #12
87807b9c:	e000fc01 	and	pc, r0, r1, lsl #24
87807ba0:	2000f800 	andcs	pc, r0, r0, lsl #16
87807ba4:	20000000 	andcs	r0, r0, r0
	...
87807bf4:	00067800 	andeq	r7, r6, r0, lsl #16
87807bf8:	e001fe00 	and	pc, r1, r0, lsl #28
87807bfc:	c0008601 	andgt	r8, r0, r1, lsl #12
87807c00:	40000303 	andmi	r0, r0, r3, lsl #6
87807c04:	20000302 	andcs	r0, r0, r2, lsl #6
87807c08:	20800102 	addcs	r0, r0, r2, lsl #2
87807c0c:	20800102 	addcs	r0, r0, r2, lsl #2
87807c10:	20c00102 	sbccs	r0, r0, r2, lsl #2
87807c14:	20c00002 	sbccs	r0, r0, r2
87807c18:	60e00001 	rscvs	r0, r0, r1
87807c1c:	c0708001 	rsbsgt	r8, r0, r1
87807c20:	803fe003 	eorshi	lr, pc, r3
87807c24:	001f0000 	andseq	r0, pc, r0
	...
87807c70:	00006000 	andeq	r6, r0, r0
87807c74:	00008003 	andeq	r8, r0, r3
87807c78:	00000003 	andeq	r0, r0, r3
87807c7c:	00000002 	andeq	r0, r0, r2
87807c80:	20000002 	andcs	r0, r0, r2
87807c84:	20000002 	andcs	r0, r0, r2
87807c88:	e0ffff03 	rscs	pc, pc, r3, lsl #30
87807c8c:	e0ffff03 	rscs	pc, pc, r3, lsl #30
87807c90:	20000002 	andcs	r0, r0, r2
87807c94:	20000002 	andcs	r0, r0, r2
87807c98:	00000002 	andeq	r0, r0, r2
87807c9c:	00000002 	andeq	r0, r0, r2
87807ca0:	00008003 	andeq	r8, r0, r3
87807ca4:	0000e000 	andeq	lr, r0, r0
	...
87807cec:	00000002 	andeq	r0, r0, r2
87807cf0:	00000002 	andeq	r0, r0, r2
87807cf4:	00ffff03 	rscseq	pc, pc, r3, lsl #30
87807cf8:	c0ffff03 	rscsgt	pc, pc, r3, lsl #30
87807cfc:	40000002 	andmi	r0, r0, r2
87807d00:	60000002 	andvs	r0, r0, r2
87807d04:	20000000 	andcs	r0, r0, r0
87807d08:	20000000 	andcs	r0, r0, r0
87807d0c:	20000000 	andcs	r0, r0, r0
87807d10:	20000000 	andcs	r0, r0, r0
87807d14:	40000002 	andmi	r0, r0, r2
87807d18:	80000002 	andhi	r0, r0, r2
87807d1c:	00ffff03 	rscseq	pc, pc, r3, lsl #30
87807d20:	00000002 	andeq	r0, r0, r2
87807d24:	00000002 	andeq	r0, r0, r2
	...
87807d70:	00000002 	andeq	r0, r0, r2
87807d74:	00000002 	andeq	r0, r0, r2
87807d78:	0000c003 	andeq	ip, r0, r3
87807d7c:	0000fc03 	andeq	pc, r0, r3, lsl #24
87807d80:	00c03f02 	sbceq	r3, r0, r2, lsl #30
87807d84:	00f80300 	rscseq	r0, r8, r0, lsl #6
87807d88:	807f0000 	rsbshi	r0, pc, r0
87807d8c:	e0070000 	and	r0, r7, r0
87807d90:	80070000 	andhi	r0, r7, r0
87807d94:	00780000 	rsbseq	r0, r8, r0
87807d98:	00c00302 	sbceq	r0, r0, r2, lsl #6
87807d9c:	00003c02 	andeq	r3, r0, r2, lsl #24
87807da0:	0000c003 	andeq	ip, r0, r3
87807da4:	00000002 	andeq	r0, r0, r2
87807da8:	00000002 	andeq	r0, r0, r2
	...
87807dec:	00000002 	andeq	r0, r0, r2
87807df0:	0000c003 	andeq	ip, r0, r3
87807df4:	0080ff03 	addeq	pc, r0, r3, lsl #30
87807df8:	00fe3f02 	rscseq	r3, lr, r2, lsl #30
87807dfc:	e07f0002 	rsbs	r0, pc, r2
87807e00:	000f0000 	andeq	r0, pc, r0
87807e04:	00f00002 	rscseq	r0, r0, r2
87807e08:	0000ef03 	andeq	lr, r0, r3, lsl #30
87807e0c:	0080ff03 	addeq	pc, r0, r3, lsl #30
87807e10:	00fe0f02 	rscseq	r0, lr, r2, lsl #30
87807e14:	e03f0000 	eors	r0, pc, r0
87807e18:	001f0000 	andseq	r0, pc, r0
87807e1c:	00e00702 	rsceq	r0, r0, r2, lsl #14
87807e20:	0000f803 	andeq	pc, r0, r3, lsl #16
87807e24:	00000003 	andeq	r0, r0, r3
87807e28:	00000002 	andeq	r0, r0, r2
	...
87807e70:	20000002 	andcs	r0, r0, r2
87807e74:	20000002 	andcs	r0, r0, r2
87807e78:	e0008003 	and	r8, r0, r3
87807e7c:	2003f003 	andcs	pc, r3, r3
87807e80:	200cfc02 	andcs	pc, ip, r2, lsl #24
87807e84:	00301f02 	eorseq	r1, r0, r2, lsl #30
87807e88:	00c00700 	sbceq	r0, r0, r0, lsl #14
87807e8c:	00f00700 	rscseq	r0, r0, r0, lsl #14
87807e90:	007c1802 	rsbseq	r1, ip, r2, lsl #16
87807e94:	201f6002 	andscs	r6, pc, r2
87807e98:	e0038003 	and	r8, r3, r3
87807e9c:	e0000002 	and	r0, r0, r2
87807ea0:	20000002 	andcs	r0, r0, r2
87807ea4:	20000000 	andcs	r0, r0, r0
	...
87807ef0:	00000002 	andeq	r0, r0, r2
87807ef4:	00000003 	andeq	r0, r0, r3
87807ef8:	0000c003 	andeq	ip, r0, r3
87807efc:	0000f803 	andeq	pc, r0, r3, lsl #16
87807f00:	20003e02 	andcs	r3, r0, r2, lsl #28
87807f04:	20c00f02 	sbccs	r0, r0, r2, lsl #30
87807f08:	e0ff0100 	rscs	r0, pc, r0, lsl #2
87807f0c:	e07f0000 	rsbs	r0, pc, r0
87807f10:	20800300 	addcs	r0, r0, r0, lsl #6
87807f14:	20001c02 	andcs	r1, r0, r2, lsl #24
87807f18:	00007002 	andeq	r7, r0, r2
87807f1c:	00008003 	andeq	r8, r0, r3
87807f20:	00000002 	andeq	r0, r0, r2
87807f24:	00000002 	andeq	r0, r0, r2
	...
87807f70:	20000000 	andcs	r0, r0, r0
87807f74:	e0006000 	and	r6, r0, r0
87807f78:	e0038003 	and	r8, r3, r3
87807f7c:	a00f0003 	andge	r0, pc, r3
87807f80:	203e0002 	eorscs	r0, lr, r2
87807f84:	20f80002 	rscscs	r0, r8, r2
87807f88:	20e00302 	rsccs	r0, r0, r2, lsl #6
87807f8c:	20800f02 	addcs	r0, r0, r2, lsl #30
87807f90:	20003e02 	andcs	r3, r0, r2, lsl #28
87807f94:	20007802 	andcs	r7, r0, r2, lsl #16
87807f98:	6000e003 	andvs	lr, r0, r3
87807f9c:	e0008003 	and	r8, r0, r3
87807fa0:	00030002 	andeq	r0, r3, r2
	...
87808004:	fcffff1f 	ldc2l	15, cr15, [pc], #124	; 87808088 <asc2_3216+0x1e1c>
87808008:	04000010 	streq	r0, [r0], #-16
8780800c:	04000010 	streq	r0, [r0], #-16
87808010:	04000010 	streq	r0, [r0], #-16
87808014:	04000010 	streq	r0, [r0], #-16
87808018:	04000010 	streq	r0, [r0], #-16
8780801c:	04000010 	streq	r0, [r0], #-16
87808020:	04000010 	streq	r0, [r0], #-16
	...
87808078:	00000007 	andeq	r0, r0, r7
8780807c:	0000c003 	andeq	ip, r0, r3
87808080:	00007800 	andeq	r7, r0, r0, lsl #16
87808084:	00001e00 	andeq	r1, r0, r0, lsl #28
87808088:	00c00300 	sbceq	r0, r0, r0, lsl #6
8780808c:	00f00000 	rscseq	r0, r0, r0
87808090:	001e0000 	andseq	r0, lr, r0
87808094:	80070000 	andhi	r0, r7, r0
87808098:	f0000000 			; <UNDEFINED> instruction: 0xf0000000
8780809c:	3c000000 	stccc	0, cr0, [r0], {-0}
878080a0:	06000000 	streq	r0, [r0], -r0
	...
878080f4:	04000010 	streq	r0, [r0], #-16
878080f8:	04000010 	streq	r0, [r0], #-16
878080fc:	04000010 	streq	r0, [r0], #-16
87808100:	04000010 	streq	r0, [r0], #-16
87808104:	04000010 	streq	r0, [r0], #-16
87808108:	04000010 	streq	r0, [r0], #-16
8780810c:	04000010 	streq	r0, [r0], #-16
87808110:	fcffff1f 	ldc2l	15, cr15, [pc], #124	; 87808194 <asc2_3216+0x1f28>
	...
8780817c:	00000002 	andeq	r0, r0, r2
87808180:	00000004 	andeq	r0, r0, r4
87808184:	00000008 	andeq	r0, r0, r8
87808188:	00000018 	andeq	r0, r0, r8, lsl r0
8780818c:	00000010 	andeq	r0, r0, r0, lsl r0
87808190:	00000018 	andeq	r0, r0, r8, lsl r0
87808194:	00000018 	andeq	r0, r0, r8, lsl r0
87808198:	00000004 	andeq	r0, r0, r4
8780819c:	00000002 	andeq	r0, r0, r2
	...
878081ec:	01000000 	mrseq	r0, (UNDEF: 0)
878081f0:	01000000 	mrseq	r0, (UNDEF: 0)
878081f4:	01000000 	mrseq	r0, (UNDEF: 0)
878081f8:	01000000 	mrseq	r0, (UNDEF: 0)
878081fc:	01000000 	mrseq	r0, (UNDEF: 0)
87808200:	01000000 	mrseq	r0, (UNDEF: 0)
87808204:	01000000 	mrseq	r0, (UNDEF: 0)
87808208:	01000000 	mrseq	r0, (UNDEF: 0)
8780820c:	01000000 	mrseq	r0, (UNDEF: 0)
87808210:	01000000 	mrseq	r0, (UNDEF: 0)
87808214:	01000000 	mrseq	r0, (UNDEF: 0)
87808218:	01000000 	mrseq	r0, (UNDEF: 0)
8780821c:	01000000 	mrseq	r0, (UNDEF: 0)
87808220:	01000000 	mrseq	r0, (UNDEF: 0)
87808224:	01000000 	mrseq	r0, (UNDEF: 0)
87808228:	01000000 	mrseq	r0, (UNDEF: 0)
	...
87808278:	00000010 	andeq	r0, r0, r0, lsl r0
8780827c:	00000010 	andeq	r0, r0, r0, lsl r0
87808280:	00000010 	andeq	r0, r0, r0, lsl r0
87808284:	00000018 	andeq	r0, r0, r8, lsl r0
87808288:	00000008 	andeq	r0, r0, r8
8780828c:	00000004 	andeq	r0, r0, r4
	...
878082f0:	80030000 	andhi	r0, r3, r0
878082f4:	c08f0100 	addgt	r0, pc, r0, lsl #2
878082f8:	608c0300 	addvs	r0, ip, r0, lsl #6
878082fc:	20180600 	andscs	r0, r8, r0, lsl #12
87808300:	20100400 	andscs	r0, r0, r0, lsl #8
87808304:	20100400 	andscs	r0, r0, r0, lsl #8
87808308:	20200400 	eorcs	r0, r0, r0, lsl #8
8780830c:	40200400 	eormi	r0, r0, r0, lsl #8
87808310:	40200600 	eormi	r0, r0, r0, lsl #12
87808314:	c0ff0300 	rscsgt	r0, pc, r0, lsl #6
87808318:	e0ff0100 	rscs	r0, pc, r0, lsl #2
8780831c:	20000000 	andcs	r0, r0, r0
87808320:	20000000 	andcs	r0, r0, r0
87808324:	c0000000 	andgt	r0, r0, r0
	...
87808370:	00000002 	andeq	r0, r0, r2
87808374:	00000002 	andeq	r0, r0, r2
87808378:	e0ffff03 	rscs	pc, pc, r3, lsl #30
8780837c:	c0ffff07 	rscsgt	pc, pc, r7, lsl #30
87808380:	c0800100 	addgt	r0, r0, r0, lsl #2
87808384:	60000200 	andvs	r0, r0, r0, lsl #4
87808388:	20000200 	andcs	r0, r0, r0, lsl #4
8780838c:	20000400 	andcs	r0, r0, r0, lsl #8
87808390:	20000400 	andcs	r0, r0, r0, lsl #8
87808394:	20000400 	andcs	r0, r0, r0, lsl #8
87808398:	40000600 	andmi	r0, r0, r0, lsl #12
8780839c:	c0000300 	andgt	r0, r0, r0, lsl #6
878083a0:	80ff0100 	rscshi	r0, pc, r0, lsl #2
878083a4:	00fe0000 	rscseq	r0, lr, r0
	...
878083f4:	007e0000 	rsbseq	r0, lr, r0
878083f8:	80ff0100 	rscshi	r0, pc, r0, lsl #2
878083fc:	c0810300 	addgt	r0, r1, r0, lsl #6
87808400:	40000200 	andmi	r0, r0, r0, lsl #4
87808404:	20000600 	andcs	r0, r0, r0, lsl #12
87808408:	20000400 	andcs	r0, r0, r0, lsl #8
8780840c:	20000400 	andcs	r0, r0, r0, lsl #8
87808410:	20000400 	andcs	r0, r0, r0, lsl #8
87808414:	20000600 	andcs	r0, r0, r0, lsl #12
87808418:	40c00300 	sbcmi	r0, r0, r0, lsl #6
8780841c:	80c00100 	sbchi	r0, r0, r0, lsl #2
87808420:	00030000 	andeq	r0, r3, r0
	...
87808474:	007e0000 	rsbseq	r0, lr, r0
87808478:	80ff0100 	rscshi	r0, pc, r0, lsl #2
8780847c:	c0800300 	addgt	r0, r0, r0, lsl #6
87808480:	60000600 	andvs	r0, r0, r0, lsl #12
87808484:	20000400 	andcs	r0, r0, r0, lsl #8
87808488:	20000400 	andcs	r0, r0, r0, lsl #8
8780848c:	20000400 	andcs	r0, r0, r0, lsl #8
87808490:	40000402 	andmi	r0, r0, r2, lsl #8
87808494:	80000202 	andhi	r0, r0, r2, lsl #4
87808498:	e0ffff03 	rscs	pc, pc, r3, lsl #30
8780849c:	c0ffff07 	rscsgt	pc, pc, r7, lsl #30
878084a0:	40000000 	andmi	r0, r0, r0
878084a4:	40000000 	andmi	r0, r0, r0
	...
878084f4:	007e0000 	rsbseq	r0, lr, r0
878084f8:	80ff0100 	rscshi	r0, pc, r0, lsl #2
878084fc:	c0110300 	andsgt	r0, r1, r0, lsl #6
87808500:	40100200 	andsmi	r0, r0, r0, lsl #4
87808504:	60100400 	andsvs	r0, r0, r0, lsl #8
87808508:	20100400 	andscs	r0, r0, r0, lsl #8
8780850c:	20100400 	andscs	r0, r0, r0, lsl #8
87808510:	20100400 	andscs	r0, r0, r0, lsl #8
87808514:	20100600 	andscs	r0, r0, r0, lsl #12
87808518:	40100300 	andsmi	r0, r0, r0, lsl #6
8780851c:	c0f00100 	rscsgt	r0, r0, r0, lsl #2
87808520:	00710000 	rsbseq	r0, r1, r0
	...
87808574:	00000400 	andeq	r0, r0, r0, lsl #8
87808578:	20000400 	andcs	r0, r0, r0, lsl #8
8780857c:	20000400 	andcs	r0, r0, r0, lsl #8
87808580:	20000400 	andcs	r0, r0, r0, lsl #8
87808584:	e0ff7f00 	rscs	r7, pc, r0, lsl #30
87808588:	e0ffff01 	rscs	pc, pc, r1, lsl #30
8780858c:	20000401 	andcs	r0, r0, r1, lsl #8
87808590:	20000403 	andcs	r0, r0, r3, lsl #8
87808594:	20000402 	andcs	r0, r0, r2, lsl #8
87808598:	20000402 	andcs	r0, r0, r2, lsl #8
8780859c:	00000402 	andeq	r0, r0, r2, lsl #8
878085a0:	00000002 	andeq	r0, r0, r2
878085a4:	0000c001 	andeq	ip, r0, r1
878085a8:	0000c001 	andeq	ip, r0, r1
	...
878085f4:	1c000000 	stcne	0, cr0, [r0], {-0}
878085f8:	3ee30000 	cdpcc	0, 14, cr0, cr3, cr0, {0}
878085fc:	c2ff0300 	rscsgt	r0, pc, #0, 6
87808600:	c30c0200 	movwgt	r0, #49664	; 0xc200
87808604:	c1040400 	tstgt	r4, r0, lsl #8
87808608:	c1040400 	tstgt	r4, r0, lsl #8
8780860c:	c1040400 	tstgt	r4, r0, lsl #8
87808610:	c1040400 	tstgt	r4, r0, lsl #8
87808614:	c10c0600 	tstgt	ip, r0, lsl #12
87808618:	c3f80300 	mvnsgt	r0, #0, 6
8780861c:	62f00500 	rscsvs	r0, r0, #0, 10
87808620:	7e000600 	cfmadd32vc	mvax0, mvfx0, mvfx0, mvfx0
87808624:	3c000600 	stccc	6, cr0, [r0], {-0}
	...
87808670:	20000002 	andcs	r0, r0, r2
87808674:	20000002 	andcs	r0, r0, r2
87808678:	e0ffff03 	rscs	pc, pc, r3, lsl #30
8780867c:	e0ffff07 	rscs	pc, pc, r7, lsl #30
87808680:	20000100 	andcs	r0, r0, r0, lsl #2
87808684:	20000200 	andcs	r0, r0, r0, lsl #4
87808688:	00000600 	andeq	r0, r0, r0, lsl #12
8780868c:	00000400 	andeq	r0, r0, r0, lsl #8
87808690:	00000400 	andeq	r0, r0, r0, lsl #8
87808694:	20000400 	andcs	r0, r0, r0, lsl #8
87808698:	20000600 	andcs	r0, r0, r0, lsl #12
8780869c:	e0ff0300 	rscs	r0, pc, r0, lsl #6
878086a0:	e0ff0100 	rscs	r0, pc, r0, lsl #2
878086a4:	20000000 	andcs	r0, r0, r0
878086a8:	20000000 	andcs	r0, r0, r0
	...
878086f8:	20000400 	andcs	r0, r0, r0, lsl #8
878086fc:	20000400 	andcs	r0, r0, r0, lsl #8
87808700:	20000400 	andcs	r0, r0, r0, lsl #8
87808704:	20000400 	andcs	r0, r0, r0, lsl #8
87808708:	e0ff8703 	rscs	r8, pc, r3, lsl #14
8780870c:	e0ff8f03 	rscs	r8, pc, r3, lsl #30
87808710:	20008003 	andcs	r8, r0, r3
87808714:	20000000 	andcs	r0, r0, r0
87808718:	20000000 	andcs	r0, r0, r0
8780871c:	20000000 	andcs	r0, r0, r0
	...
87808778:	06000000 	streq	r0, [r0], -r0
8780877c:	07000000 	streq	r0, [r0, -r0]
87808780:	01000000 	mrseq	r0, (UNDEF: 0)
87808784:	01000000 	mrseq	r0, (UNDEF: 0)
87808788:	01000400 	tsteq	r0, r0, lsl #8
8780878c:	01000400 	tsteq	r0, r0, lsl #8
87808790:	03000400 	movweq	r0, #1024	; 0x400
87808794:	06000400 	streq	r0, [r0], -r0, lsl #8
87808798:	fcff8703 	ldc2l	7, cr8, [pc], #12	; 878087ac <asc2_3216+0x2540>
8780879c:	f8ff8f03 			; <UNDEFINED> instruction: 0xf8ff8f03
878087a0:	00008003 	andeq	r8, r0, r3
	...
878087f0:	20000002 	andcs	r0, r0, r2
878087f4:	20000002 	andcs	r0, r0, r2
878087f8:	e0ffff03 	rscs	pc, pc, r3, lsl #30
878087fc:	e0ffff07 	rscs	pc, pc, r7, lsl #30
87808800:	20080000 	andcs	r0, r8, r0
87808804:	20100000 	andscs	r0, r0, r0
87808808:	00300000 	eorseq	r0, r0, r0
8780880c:	00fc0000 	rscseq	r0, ip, r0
87808810:	008e0500 	addeq	r0, lr, r0, lsl #10
87808814:	a0070700 	andge	r0, r7, r0, lsl #14
87808818:	e0010600 	and	r0, r1, r0, lsl #12
8780881c:	e0000400 	and	r0, r0, r0, lsl #8
87808820:	20000400 	andcs	r0, r0, r0, lsl #8
87808824:	20000000 	andcs	r0, r0, r0
	...
87808878:	20000002 	andcs	r0, r0, r2
8780887c:	20000002 	andcs	r0, r0, r2
87808880:	20000002 	andcs	r0, r0, r2
87808884:	20000002 	andcs	r0, r0, r2
87808888:	e0ffff03 	rscs	pc, pc, r3, lsl #30
8780888c:	e0ffff07 	rscs	pc, pc, r7, lsl #30
87808890:	20000000 	andcs	r0, r0, r0
87808894:	20000000 	andcs	r0, r0, r0
87808898:	20000000 	andcs	r0, r0, r0
8780889c:	20000000 	andcs	r0, r0, r0
	...
878088f0:	20000400 	andcs	r0, r0, r0, lsl #8
878088f4:	e0ff0700 	rscs	r0, pc, r0, lsl #14
878088f8:	e0ff0f00 	rscs	r0, pc, r0, lsl #30
878088fc:	20000200 	andcs	r0, r0, r0, lsl #4
87808900:	00000400 	andeq	r0, r0, r0, lsl #8
87808904:	20000400 	andcs	r0, r0, r0, lsl #8
87808908:	e0ff0700 	rscs	r0, pc, r0, lsl #14
8780890c:	e0ff0300 	rscs	r0, pc, r0, lsl #6
87808910:	20000200 	andcs	r0, r0, r0, lsl #4
87808914:	00000400 	andeq	r0, r0, r0, lsl #8
87808918:	20000400 	andcs	r0, r0, r0, lsl #8
8780891c:	e0ff0700 	rscs	r0, pc, r0, lsl #14
87808920:	e0ff0300 	rscs	r0, pc, r0, lsl #6
87808924:	20000000 	andcs	r0, r0, r0
	...
87808970:	20000400 	andcs	r0, r0, r0, lsl #8
87808974:	20000400 	andcs	r0, r0, r0, lsl #8
87808978:	e0ff0700 	rscs	r0, pc, r0, lsl #14
8780897c:	e0ff0f00 	rscs	r0, pc, r0, lsl #30
87808980:	20000100 	andcs	r0, r0, r0, lsl #2
87808984:	20000200 	andcs	r0, r0, r0, lsl #4
87808988:	00000200 	andeq	r0, r0, r0, lsl #4
8780898c:	00000400 	andeq	r0, r0, r0, lsl #8
87808990:	00000400 	andeq	r0, r0, r0, lsl #8
87808994:	20000400 	andcs	r0, r0, r0, lsl #8
87808998:	20000600 	andcs	r0, r0, r0, lsl #12
8780899c:	e0ff0300 	rscs	r0, pc, r0, lsl #6
878089a0:	e0ff0100 	rscs	r0, pc, r0, lsl #2
878089a4:	20000000 	andcs	r0, r0, r0
878089a8:	20000000 	andcs	r0, r0, r0
	...
878089f4:	007e0000 	rsbseq	r0, lr, r0
878089f8:	80ff0000 	rscshi	r0, pc, r0
878089fc:	c0810300 	addgt	r0, r1, r0, lsl #6
87808a00:	40000200 	andmi	r0, r0, r0, lsl #4
87808a04:	20000600 	andcs	r0, r0, r0, lsl #12
87808a08:	20000400 	andcs	r0, r0, r0, lsl #8
87808a0c:	20000400 	andcs	r0, r0, r0, lsl #8
87808a10:	20000400 	andcs	r0, r0, r0, lsl #8
87808a14:	20000600 	andcs	r0, r0, r0, lsl #12
87808a18:	40000200 	andmi	r0, r0, r0, lsl #4
87808a1c:	c0810300 	addgt	r0, r1, r0, lsl #6
87808a20:	80ff0100 	rscshi	r0, pc, r0, lsl #2
87808a24:	007e0000 	rsbseq	r0, lr, r0
	...
87808a70:	01000400 	tsteq	r0, r0, lsl #8
87808a74:	01000400 	tsteq	r0, r0, lsl #8
87808a78:	ffff0700 			; <UNDEFINED> instruction: 0xffff0700
87808a7c:	ffff0f00 			; <UNDEFINED> instruction: 0xffff0f00
87808a80:	c1000100 	mrsgt	r0, (UNDEF: 16)
87808a84:	41000200 	mrsmi	r0, R8_usr
87808a88:	20000400 	andcs	r0, r0, r0, lsl #8
87808a8c:	20000400 	andcs	r0, r0, r0, lsl #8
87808a90:	20000400 	andcs	r0, r0, r0, lsl #8
87808a94:	20000400 	andcs	r0, r0, r0, lsl #8
87808a98:	40000600 	andmi	r0, r0, r0, lsl #12
87808a9c:	c0010300 	andgt	r0, r1, r0, lsl #6
87808aa0:	80ff0100 	rscshi	r0, pc, r0, lsl #2
87808aa4:	007e0000 	rsbseq	r0, lr, r0
	...
87808af4:	007e0000 	rsbseq	r0, lr, r0
87808af8:	80ff0100 	rscshi	r0, pc, r0, lsl #2
87808afc:	c0800300 	addgt	r0, r0, r0, lsl #6
87808b00:	60000200 	andvs	r0, r0, r0, lsl #4
87808b04:	20000400 	andcs	r0, r0, r0, lsl #8
87808b08:	20000400 	andcs	r0, r0, r0, lsl #8
87808b0c:	20000400 	andcs	r0, r0, r0, lsl #8
87808b10:	20000400 	andcs	r0, r0, r0, lsl #8
87808b14:	41000200 	mrsmi	r0, R8_usr
87808b18:	c1000300 	mrsgt	r0, LR_irq
87808b1c:	ffff0300 			; <UNDEFINED> instruction: 0xffff0300
87808b20:	ffff0700 			; <UNDEFINED> instruction: 0xffff0700
87808b24:	01000000 	mrseq	r0, (UNDEF: 0)
87808b28:	01000000 	mrseq	r0, (UNDEF: 0)
	...
87808b70:	20000400 	andcs	r0, r0, r0, lsl #8
87808b74:	20000400 	andcs	r0, r0, r0, lsl #8
87808b78:	20000400 	andcs	r0, r0, r0, lsl #8
87808b7c:	20000400 	andcs	r0, r0, r0, lsl #8
87808b80:	e0ff0f00 	rscs	r0, pc, r0, lsl #30
87808b84:	e0ff0f00 	rscs	r0, pc, r0, lsl #30
87808b88:	20c00000 	sbccs	r0, r0, r0
87808b8c:	20000100 	andcs	r0, r0, r0, lsl #2
87808b90:	20000200 	andcs	r0, r0, r0, lsl #4
87808b94:	20000600 	andcs	r0, r0, r0, lsl #12
87808b98:	00000400 	andeq	r0, r0, r0, lsl #8
87808b9c:	00000400 	andeq	r0, r0, r0, lsl #8
87808ba0:	00000700 	andeq	r0, r0, r0, lsl #14
87808ba4:	00000300 	andeq	r0, r0, r0, lsl #6
	...
87808bf4:	e0030000 	and	r0, r3, r0
87808bf8:	e0c00100 	sbc	r0, r0, r0, lsl #2
87808bfc:	40e00300 	rscmi	r0, r0, r0, lsl #6
87808c00:	20300600 	eorscs	r0, r0, r0, lsl #12
87808c04:	20300400 	eorscs	r0, r0, r0, lsl #8
87808c08:	20180400 	andscs	r0, r8, r0, lsl #8
87808c0c:	20180400 	andscs	r0, r8, r0, lsl #8
87808c10:	20180400 	andscs	r0, r8, r0, lsl #8
87808c14:	200c0400 	andcs	r0, ip, r0, lsl #8
87808c18:	600c0200 	andvs	r0, ip, r0, lsl #4
87808c1c:	c0070300 	andgt	r0, r7, r0, lsl #6
87808c20:	80830700 	addhi	r0, r3, r0, lsl #14
	...
87808c74:	00000400 	andeq	r0, r0, r0, lsl #8
87808c78:	00000400 	andeq	r0, r0, r0, lsl #8
87808c7c:	00000400 	andeq	r0, r0, r0, lsl #8
87808c80:	00000c00 	andeq	r0, r0, r0, lsl #24
87808c84:	80ff1f00 	rscshi	r1, pc, r0, lsl #30
87808c88:	c0ffff00 	rscsgt	pc, pc, r0, lsl #30
87808c8c:	60000400 	andvs	r0, r0, r0, lsl #8
87808c90:	20000400 	andcs	r0, r0, r0, lsl #8
87808c94:	20000400 	andcs	r0, r0, r0, lsl #8
87808c98:	20000400 	andcs	r0, r0, r0, lsl #8
87808c9c:	40000400 	andmi	r0, r0, r0, lsl #8
87808ca0:	80010000 	andhi	r0, r1, r0
	...
87808cf0:	00000400 	andeq	r0, r0, r0, lsl #8
87808cf4:	00000400 	andeq	r0, r0, r0, lsl #8
87808cf8:	80ff0700 	rscshi	r0, pc, r0, lsl #14
87808cfc:	c0ff0f00 	rscsgt	r0, pc, r0, lsl #30
87808d00:	60000000 	andvs	r0, r0, r0
87808d04:	20000000 	andcs	r0, r0, r0
87808d08:	20000000 	andcs	r0, r0, r0
87808d0c:	20000000 	andcs	r0, r0, r0
87808d10:	20000000 	andcs	r0, r0, r0
87808d14:	40000400 	andmi	r0, r0, r0, lsl #8
87808d18:	80000400 	andhi	r0, r0, r0, lsl #8
87808d1c:	e0ff0700 	rscs	r0, pc, r0, lsl #14
87808d20:	c0ff0f00 	rscsgt	r0, pc, r0, lsl #30
87808d24:	40000000 	andmi	r0, r0, r0
87808d28:	40000000 	andmi	r0, r0, r0
	...
87808d70:	00000400 	andeq	r0, r0, r0, lsl #8
87808d74:	00000400 	andeq	r0, r0, r0, lsl #8
87808d78:	00800700 	addeq	r0, r0, r0, lsl #14
87808d7c:	00f00700 	rscseq	r0, r0, r0, lsl #14
87808d80:	00fe0400 	rscseq	r0, lr, r0, lsl #8
87808d84:	c01f0400 	andsgt	r0, pc, r0, lsl #8
87808d88:	e0030000 	and	r0, r3, r0
87808d8c:	80030000 	andhi	r0, r3, r0
87808d90:	001c0000 	andseq	r0, ip, r0
87808d94:	00600400 	rsbeq	r0, r0, r0, lsl #8
87808d98:	00800700 	addeq	r0, r0, r0, lsl #14
87808d9c:	00000600 	andeq	r0, r0, r0, lsl #12
87808da0:	00000400 	andeq	r0, r0, r0, lsl #8
	...
87808dec:	00000400 	andeq	r0, r0, r0, lsl #8
87808df0:	00000600 	andeq	r0, r0, r0, lsl #12
87808df4:	00c00700 	sbceq	r0, r0, r0, lsl #14
87808df8:	00fc0700 	rscseq	r0, ip, r0, lsl #14
87808dfc:	803f0400 	eorshi	r0, pc, r0, lsl #8
87808e00:	e0030000 	and	r0, r3, r0
87808e04:	800f0400 	andhi	r0, pc, r0, lsl #8
87808e08:	00f00600 	rscseq	r0, r0, r0, lsl #12
87808e0c:	00f00700 	rscseq	r0, r0, r0, lsl #14
87808e10:	80ff0700 	rscshi	r0, pc, r0, lsl #14
87808e14:	e00f0400 	and	r0, pc, r0, lsl #8
87808e18:	80030000 	andhi	r0, r3, r0
87808e1c:	003c0400 	eorseq	r0, ip, r0, lsl #8
87808e20:	00c00700 	sbceq	r0, r0, r0, lsl #14
87808e24:	00000600 	andeq	r0, r0, r0, lsl #12
87808e28:	00000400 	andeq	r0, r0, r0, lsl #8
	...
87808e70:	20000000 	andcs	r0, r0, r0
87808e74:	20000400 	andcs	r0, r0, r0, lsl #8
87808e78:	60000400 	andvs	r0, r0, r0, lsl #8
87808e7c:	e0000700 	and	r0, r0, r0, lsl #14
87808e80:	20830700 	addcs	r0, r3, r0, lsl #14
87808e84:	00e60700 	rsceq	r0, r6, r0, lsl #14
87808e88:	00f80400 	rscseq	r0, r8, r0, lsl #8
87808e8c:	003c0000 	eorseq	r0, ip, r0
87808e90:	205e0400 	subscs	r0, lr, r0, lsl #8
87808e94:	a0870500 	addge	r0, r7, r0, lsl #10
87808e98:	e0010600 	and	r0, r1, r0, lsl #12
87808e9c:	60000400 	andvs	r0, r0, r0, lsl #8
87808ea0:	20000400 	andcs	r0, r0, r0, lsl #8
87808ea4:	20000000 	andcs	r0, r0, r0
	...
87808ef0:	00000400 	andeq	r0, r0, r0, lsl #8
87808ef4:	03000400 	movweq	r0, #1024	; 0x400
87808ef8:	03000700 	movweq	r0, #1792	; 0x700
87808efc:	01e00700 	mvneq	r0, r0, lsl #14
87808f00:	01f80400 	mvnseq	r0, r0, lsl #8
87808f04:	021f0400 	andseq	r0, pc, #0, 8
87808f08:	fc070000 	stc2	0, cr0, [r7], {-0}
87808f0c:	e0000000 	and	r0, r0, r0
87808f10:	00070000 	andeq	r0, r7, r0
87808f14:	00380400 	eorseq	r0, r8, r0, lsl #8
87808f18:	00c00700 	sbceq	r0, r0, r0, lsl #14
87808f1c:	00000600 	andeq	r0, r0, r0, lsl #12
87808f20:	00000400 	andeq	r0, r0, r0, lsl #8
87808f24:	00000400 	andeq	r0, r0, r0, lsl #8
	...
87808f74:	60800700 	addvs	r0, r0, r0, lsl #14
87808f78:	e0000600 	and	r0, r0, r0, lsl #12
87808f7c:	e0030400 	and	r0, r3, r0, lsl #8
87808f80:	a0070400 	andge	r0, r7, r0, lsl #8
87808f84:	200e0400 	andcs	r0, lr, r0, lsl #8
87808f88:	203c0400 	eorscs	r0, ip, r0, lsl #8
87808f8c:	20700400 	rsbscs	r0, r0, r0, lsl #8
87808f90:	20e00500 	rsccs	r0, r0, r0, lsl #10
87808f94:	20800700 	addcs	r0, r0, r0, lsl #14
87808f98:	60000700 	andvs	r0, r0, r0, lsl #14
87808f9c:	e0000400 	and	r0, r0, r0, lsl #8
87808fa0:	80030000 	andhi	r0, r3, r0
	...
87809008:	00800000 	addeq	r0, r0, r0
8780900c:	00800000 	addeq	r0, r0, r0
87809010:	00400100 	subeq	r0, r0, r0, lsl #2
87809014:	f83ffe07 			; <UNDEFINED> instruction: 0xf83ffe07
87809018:	04000008 	streq	r0, [r0], #-8
8780901c:	02000010 	andeq	r0, r0, #16
87809020:	02000010 	andeq	r0, r0, #16
	...
8780908c:	ffffffff 			; <UNDEFINED> instruction: 0xffffffff
	...
878090f4:	02000010 	andeq	r0, r0, #16
878090f8:	02000010 	andeq	r0, r0, #16
878090fc:	04000008 	streq	r0, [r0], #-8
87809100:	f83ffe07 			; <UNDEFINED> instruction: 0xf83ffe07
87809104:	00400100 	subeq	r0, r0, r0, lsl #2
87809108:	00800000 	addeq	r0, r0, r0
8780910c:	00800000 	addeq	r0, r0, r0
	...
87809170:	00000018 	andeq	r0, r0, r8, lsl r0
87809174:	00000030 	andeq	r0, r0, r0, lsr r0
87809178:	00000040 	andeq	r0, r0, r0, asr #32
8780917c:	00000040 	andeq	r0, r0, r0, asr #32
87809180:	00000040 	andeq	r0, r0, r0, asr #32
87809184:	00000020 	andeq	r0, r0, r0, lsr #32
87809188:	00000030 	andeq	r0, r0, r0, lsr r0
8780918c:	00000008 	andeq	r0, r0, r8
87809190:	00000004 	andeq	r0, r0, r4
87809194:	00000002 	andeq	r0, r0, r2
87809198:	00000002 	andeq	r0, r0, r2
8780919c:	00000002 	andeq	r0, r0, r2
878091a0:	0000000c 	andeq	r0, r0, ip
878091a4:	00000018 	andeq	r0, r0, r8, lsl r0
	...
878091ec:	2044434c 	subcs	r4, r4, ip, asr #6
878091f0:	253d4449 	ldrcs	r4, [sp, #-1097]!	; 0x449
878091f4:	0a0d5823 	beq	87b5f288 <__bss_end+0x355148>
878091f8:	00000000 	andeq	r0, r0, r0

878091fc <.LANCHOR0>:
878091fc:	00000000 	andeq	r0, r0, r0
87809200:	003b001f 	eorseq	r0, fp, pc, lsl r0
87809204:	0078005a 	rsbseq	r0, r8, sl, asr r0
87809208:	00b50097 	umlalseq	r0, r5, r7, r0
8780920c:	1f1c1f00 	svcne	0x001c1f00
87809210:	1f1e1f1e 	svcne	0x001e1f1e
87809214:	1e1f1e1f 	mrcne	14, 0, r1, cr15, cr15, {0}
87809218:	0000001f 	andeq	r0, r0, pc, lsl r0
8780921c:	32337061 	eorscc	r7, r3, #97	; 0x61
87809220:	20633631 	rsbcs	r3, r3, r1, lsr r6
87809224:	74737973 	ldrbtvc	r7, [r3], #-2419	; 0x973
87809228:	63206d65 	teqvs	r0, #6464	; 0x1940
8780922c:	69666e6f 	stmdbvs	r6!, {r0, r1, r2, r3, r5, r6, r9, sl, fp, sp, lr}^
87809230:	65722067 	ldrbvs	r2, [r2, #-103]!	; 0x67
87809234:	25203a67 	strcs	r3, [r0, #-2663]!	; 0xa67
87809238:	00000063 	andeq	r0, r0, r3, rrx
8780923c:	324d4349 	subcc	r4, sp, #603979777	; 0x24000001
87809240:	59475f30 	stmdbpl	r7, {r4, r5, r8, r9, sl, fp, ip, lr}^
87809244:	435f4f52 	cmpmi	pc, #328	; 0x148
87809248:	49464e4f 	stmdbmi	r6, {r0, r1, r2, r3, r6, r9, sl, fp, lr}^
8780924c:	203d2047 	eorscs	r2, sp, r7, asr #32
87809250:	0d782325 	ldcleq	3, cr2, [r8, #-148]!	; 0xffffff6c
87809254:	0000000a 	andeq	r0, r0, sl
87809258:	63756f54 	cmnvs	r5, #84, 30	; 0x150
8780925c:	69462068 	stmdbvs	r6, {r3, r5, r6, sp}^
87809260:	61776d72 	cmnvs	r7, r2, ror sp
87809264:	56206572 			; <UNDEFINED> instruction: 0x56206572
87809268:	69737265 	ldmdbvs	r3!, {r0, r2, r5, r6, r9, ip, sp, lr}^
8780926c:	253a6e6f 	ldrcs	r6, [sl, #-3695]!	; 0xe6f
87809270:	0a0d5823 	beq	87b5f304 <__bss_end+0x3551c4>
87809274:	00000000 	andeq	r0, r0, r0

87809278 <digits.8424>:
87809278:	33323130 	teqcc	r2, #48, 2
8780927c:	37363534 			; <UNDEFINED> instruction: 0x37363534
87809280:	42413938 	submi	r3, r1, #56, 18	; 0xe0000
87809284:	46454443 	strbmi	r4, [r5], -r3, asr #8
87809288:	4c554e3c 	mrrcmi	14, 3, r4, r5, cr12
8780928c:	00003e4c 	andeq	r3, r0, ip, asr #28

Disassembly of section .ARM.exidx:

87809290 <.ARM.exidx>:
87809290:	7fffb5a4 	svcvc	0x00ffb5a4
87809294:	00000001 	andeq	r0, r0, r1

Disassembly of section .data:

87809298 <backclor>:
87809298:	000000ff 	strdeq	r0, [r0], -pc	; <UNPREDICTABLE>
8780929c:	0000ff00 	andeq	pc, r0, r0, lsl #30
878092a0:	00ff0000 	rscseq	r0, pc, r0
878092a4:	0000ffff 	strdeq	pc, [r0], -pc	; <UNPREDICTABLE>
878092a8:	00ffff00 	rscseq	pc, pc, r0, lsl #30
878092ac:	008080ff 	strdeq	r8, [r0], pc	; <UNPREDICTABLE>
878092b0:	00000080 	andeq	r0, r0, r0, lsl #1
878092b4:	00ffffff 	ldrshteq	pc, [pc], #255	; <UNPREDICTABLE>
878092b8:	00000000 	andeq	r0, r0, r0
878092bc:	00ffa500 	rscseq	sl, pc, r0, lsl #10

878092c0 <release.8283>:
878092c0:	00000001 	andeq	r0, r0, r1

878092c4 <_ctype>:
878092c4:	08080808 	stmdaeq	r8, {r3, fp}
878092c8:	08080808 	stmdaeq	r8, {r3, fp}
878092cc:	28282808 	stmdacs	r8!, {r3, fp, sp}
878092d0:	08082828 	stmdaeq	r8, {r3, r5, fp, sp}
878092d4:	08080808 	stmdaeq	r8, {r3, fp}
878092d8:	08080808 	stmdaeq	r8, {r3, fp}
878092dc:	08080808 	stmdaeq	r8, {r3, fp}
878092e0:	08080808 	stmdaeq	r8, {r3, fp}
878092e4:	101010a0 	andsne	r1, r0, r0, lsr #1
878092e8:	10101010 	andsne	r1, r0, r0, lsl r0
878092ec:	10101010 	andsne	r1, r0, r0, lsl r0
878092f0:	10101010 	andsne	r1, r0, r0, lsl r0
878092f4:	04040404 	streq	r0, [r4], #-1028	; 0x404
878092f8:	04040404 	streq	r0, [r4], #-1028	; 0x404
878092fc:	10100404 	andsne	r0, r0, r4, lsl #8
87809300:	10101010 	andsne	r1, r0, r0, lsl r0
87809304:	41414110 	cmpmi	r1, r0, lsl r1
87809308:	01414141 	cmpeq	r1, r1, asr #2
8780930c:	01010101 	tsteq	r1, r1, lsl #2
87809310:	01010101 	tsteq	r1, r1, lsl #2
87809314:	01010101 	tsteq	r1, r1, lsl #2
87809318:	01010101 	tsteq	r1, r1, lsl #2
8780931c:	10010101 	andne	r0, r1, r1, lsl #2
87809320:	10101010 	andsne	r1, r0, r0, lsl r0
87809324:	42424210 	submi	r4, r2, #16, 4
87809328:	02424242 	subeq	r4, r2, #536870916	; 0x20000004
8780932c:	02020202 	andeq	r0, r2, #536870912	; 0x20000000
87809330:	02020202 	andeq	r0, r2, #536870912	; 0x20000000
87809334:	02020202 	andeq	r0, r2, #536870912	; 0x20000000
87809338:	02020202 	andeq	r0, r2, #536870912	; 0x20000000
8780933c:	10020202 	andne	r0, r2, r2, lsl #4
87809340:	08101010 	ldmdaeq	r0, {r4, ip}
	...
87809364:	101010a0 	andsne	r1, r0, r0, lsr #1
87809368:	10101010 	andsne	r1, r0, r0, lsl r0
8780936c:	10101010 	andsne	r1, r0, r0, lsl r0
87809370:	10101010 	andsne	r1, r0, r0, lsl r0
87809374:	10101010 	andsne	r1, r0, r0, lsl r0
87809378:	10101010 	andsne	r1, r0, r0, lsl r0
8780937c:	10101010 	andsne	r1, r0, r0, lsl r0
87809380:	10101010 	andsne	r1, r0, r0, lsl r0
87809384:	01010101 	tsteq	r1, r1, lsl #2
87809388:	01010101 	tsteq	r1, r1, lsl #2
8780938c:	01010101 	tsteq	r1, r1, lsl #2
87809390:	01010101 	tsteq	r1, r1, lsl #2
87809394:	01010101 	tsteq	r1, r1, lsl #2
87809398:	10010101 	andne	r0, r1, r1, lsl #2
8780939c:	01010101 	tsteq	r1, r1, lsl #2
878093a0:	02010101 	andeq	r0, r1, #1073741824	; 0x40000000
878093a4:	02020202 	andeq	r0, r2, #536870912	; 0x20000000
878093a8:	02020202 	andeq	r0, r2, #536870912	; 0x20000000
878093ac:	02020202 	andeq	r0, r2, #536870912	; 0x20000000
878093b0:	02020202 	andeq	r0, r2, #536870912	; 0x20000000
878093b4:	02020202 	andeq	r0, r2, #536870912	; 0x20000000
878093b8:	10020202 	andne	r0, r2, r2, lsl #4
878093bc:	02020202 	andeq	r0, r2, #536870912	; 0x20000000
878093c0:	02020202 	andeq	r0, r2, #536870912	; 0x20000000

Disassembly of section .bss:

878093c4 <__bss_start>:
	...

878098c4 <irqNesting>:
878098c4:	00000000 	andeq	r0, r0, r0

878098c8 <state.8293>:
	...

878098c9 <state.8246>:
	...

878098ca <state.8297>:
	...

878098cc <g_pcOutBuf>:
	...

87809ccc <g_pcInBuf>:
	...

8780a0cc <tftlcd_dev>:
	...

8780a0ec <icm20608_dev>:
	...

8780a124 <ft5426_dev>:
	...

8780a13c <___strtok>:
8780a13c:	00000000 	andeq	r0, r0, r0

Disassembly of section .ARM.attributes:

00000000 <.ARM.attributes>:
   0:	00003241 	andeq	r3, r0, r1, asr #4
   4:	61656100 	cmnvs	r5, r0, lsl #2
   8:	01006962 	tsteq	r0, r2, ror #18
   c:	00000028 	andeq	r0, r0, r8, lsr #32
  10:	412d3705 	teqmi	sp, r5, lsl #14
  14:	070a0600 	streq	r0, [sl, -r0, lsl #12]
  18:	09010841 	stmdbeq	r1, {r0, r6, fp}
  1c:	0c050a02 	stceq	10, cr0, [r5], {2}
  20:	14041202 	strne	r1, [r4], #-514	; 0x202
  24:	17011501 	strne	r1, [r1, -r1, lsl #10]
  28:	1a011803 	bne	4603c <shift+0x4603c>
  2c:	1c031b02 	stcne	11, cr1, [r3], {2}
  30:	地址 0x0000000000000030 越界。


Disassembly of section .comment:

00000000 <.comment>:
   0:	3a434347 	bcc	10d0d24 <shift+0x10d0d24>
   4:	694c2820 	stmdbvs	ip, {r5, fp, sp}^
   8:	6f72616e 	svcvs	0x0072616e
   c:	43434720 	movtmi	r4, #14112	; 0x3720
  10:	392e3420 	stmdbcc	lr!, {r5, sl, ip, sp}
  14:	3130322d 	teqcc	r0, sp, lsr #4
  18:	31302e37 	teqcc	r0, r7, lsr lr
  1c:	2e342029 	cdpcs	0, 3, cr2, cr4, cr9, {1}
  20:	00342e39 	eorseq	r2, r4, r9, lsr lr

Disassembly of section .debug_frame:

00000000 <.debug_frame>:
   0:	0000000c 	andeq	r0, r0, ip
   4:	ffffffff 			; <UNDEFINED> instruction: 0xffffffff
   8:	7c010001 	stcvc	0, cr0, [r1], {1}
   c:	000d0c0e 	andeq	r0, sp, lr, lsl #24
  10:	0000000c 	andeq	r0, r0, ip
  14:	00000000 	andeq	r0, r0, r0
  18:	87804581 	strhi	r4, [r0, r1, lsl #11]
  1c:	0000025c 	andeq	r0, r0, ip, asr r2
  20:	0000000c 	andeq	r0, r0, ip
  24:	ffffffff 			; <UNDEFINED> instruction: 0xffffffff
  28:	7c020001 	stcvc	0, cr0, [r2], {1}
  2c:	000d0c0e 	andeq	r0, sp, lr, lsl #24
  30:	00000018 	andeq	r0, r0, r8, lsl r0
  34:	00000020 	andeq	r0, r0, r0, lsr #32
  38:	878047f8 			; <UNDEFINED> instruction: 0x878047f8
  3c:	00000030 	andeq	r0, r0, r0, lsr r0
  40:	8e100e50 	mrchi	14, 0, r0, cr0, cr0, {2}
  44:	0ece4703 	cdpeq	7, 12, cr4, cr14, cr3, {0}
  48:	00000010 	andeq	r0, r0, r0, lsl r0
  4c:	0000000c 	andeq	r0, r0, ip
  50:	ffffffff 			; <UNDEFINED> instruction: 0xffffffff
  54:	7c020001 	stcvc	0, cr0, [r2], {1}
  58:	000d0c0e 	andeq	r0, sp, lr, lsl #24
  5c:	00000020 	andeq	r0, r0, r0, lsr #32
  60:	0000004c 	andeq	r0, r0, ip, asr #32
  64:	87804834 			; <UNDEFINED> instruction: 0x87804834
  68:	00000116 	andeq	r0, r0, r6, lsl r1
  6c:	841c0e42 	ldrhi	r0, [ip], #-3650	; 0xe42
  70:	86068507 	strhi	r8, [r6], -r7, lsl #10
  74:	88048705 	stmdahi	r4, {r0, r2, r8, r9, sl, pc}
  78:	8e028903 	cdphi	9, 0, cr8, cr2, cr3, {0}
  7c:	00000001 	andeq	r0, r0, r1

Disassembly of section .debug_line:

00000000 <.debug_line>:
   0:	00000100 	andeq	r0, r0, r0, lsl #2
   4:	00c70002 	sbceq	r0, r7, r2
   8:	01020000 	mrseq	r0, (UNDEF: 2)
   c:	000d0efb 	strdeq	r0, [sp], -fp
  10:	01010101 	tsteq	r1, r1, lsl #2
  14:	01000000 	mrseq	r0, (UNDEF: 0)
  18:	2f010000 	svccs	0x00010000
  1c:	656d6f68 	strbvs	r6, [sp, #-3944]!	; 0xf68
  20:	7763742f 	strbvc	r7, [r3, -pc, lsr #8]!
  24:	75622d67 	strbvc	r2, [r2, #-3431]!	; 0xd67
  28:	73646c69 	cmnvc	r4, #26880	; 0x6900
  2c:	6576616c 	ldrbvs	r6, [r6, #-364]!	; 0x16c
  30:	726f772f 	rsbvc	r7, pc, #12320768	; 0xbc0000
  34:	6170736b 	cmnvs	r0, fp, ror #6
  38:	742f6563 	strtvc	r6, [pc], #-1379	; 40 <shift+0x40>
  3c:	2d677763 	stclcs	7, cr7, [r7, #-396]!	; 0xfffffe74
  40:	656b616d 	strbvs	r6, [fp, #-365]!	; 0x16d
  44:	6c65722d 	sfmvs	f7, 2, [r5], #-180	; 0xffffff4c
  48:	65736165 	ldrbvs	r6, [r3, #-357]!	; 0x165
  4c:	62616c2f 	rsbvs	r6, r1, #12032	; 0x2f00
  50:	642f6c65 	strtvs	r6, [pc], #-3173	; 58 <shift+0x58>
  54:	656b636f 	strbvs	r6, [fp, #-879]!	; 0x36f
  58:	72742d72 	rsbsvc	r2, r4, #7296	; 0x1c80
  5c:	79747375 	ldmdbvc	r4!, {r0, r2, r4, r5, r6, r8, r9, ip, sp, lr}^
  60:	646d612d 	strbtvs	r6, [sp], #-301	; 0x12d
  64:	742d3436 	strtvc	r3, [sp], #-1078	; 0x436
  68:	2d677763 	stclcs	7, cr7, [r7, #-396]!	; 0xfffffe74
  6c:	6c697562 	cfstr64vs	mvdx7, [r9], #-392	; 0xfffffe78
  70:	61742f64 	cmnvs	r4, r4, ror #30
  74:	74656772 	strbtvc	r6, [r5], #-1906	; 0x772
  78:	6d72612f 	ldfvse	f6, [r2, #-188]!	; 0xffffff44
  7c:	6e696c2d 	cdpvs	12, 6, cr6, cr9, cr13, {1}
  80:	672d7875 			; <UNDEFINED> instruction: 0x672d7875
  84:	6165756e 	cmnvs	r5, lr, ror #10
  88:	66686962 	strbtvs	r6, [r8], -r2, ror #18
  8c:	616e732f 	cmnvs	lr, pc, lsr #6
  90:	6f687370 	svcvs	0x00687370
  94:	672f7374 			; <UNDEFINED> instruction: 0x672f7374
  98:	6c2d6363 	stcvs	3, cr6, [sp], #-396	; 0xfffffe74
  9c:	72616e69 	rsbvc	r6, r1, #1680	; 0x690
  a0:	2e342d6f 	cdpcs	13, 3, cr2, cr4, cr15, {3}
  a4:	30322d39 	eorscc	r2, r2, r9, lsr sp
  a8:	302e3731 	eorcc	r3, lr, r1, lsr r7
  ac:	696c2f31 	stmdbvs	ip!, {r0, r4, r5, r8, r9, sl, fp, sp}^
  b0:	63636762 	cmnvs	r3, #25690112	; 0x1880000
  b4:	6e6f632f 	cdpvs	3, 6, cr6, cr15, cr15, {1}
  b8:	2f676966 	svccs	0x00676966
  bc:	006d7261 	rsbeq	r7, sp, r1, ror #4
  c0:	62696c00 	rsbvs	r6, r9, #0, 24
  c4:	6e756631 	mrcvs	6, 3, r6, cr5, cr1, {1}
  c8:	532e7363 	teqpl	lr, #-1946157055	; 0x8c000001
  cc:	00000100 	andeq	r0, r0, r0, lsl #2
  d0:	02050000 	andeq	r0, r5, #0
  d4:	87804580 	strhi	r4, [r0, r0, lsl #11]
  d8:	0107cf03 	tsteq	r7, r3, lsl #30
  dc:	2f212121 	svccs	0x00212121
  e0:	30212f21 	eorcc	r2, r1, r1, lsr #30
  e4:	14029102 	strne	r9, [r2], #-258	; 0x102
  e8:	21212221 	teqcs	r1, r1, lsr #4
  ec:	2f4c2221 	svccs	0x004c2221
  f0:	207aeb03 	rsbscs	lr, sl, r3, lsl #22
  f4:	5805af03 	stmdapl	r5, {r0, r1, r8, r9, sl, fp, sp, pc}
  f8:	2f2f2121 	svccs	0x002f2121
  fc:	022f2f2f 	eoreq	r2, pc, #47, 30	; 0xbc
 100:	01010001 	tsteq	r1, r1
 104:	000000dd 	ldrdeq	r0, [r0], -sp
 108:	00c30002 	sbceq	r0, r3, r2
 10c:	01020000 	mrseq	r0, (UNDEF: 2)
 110:	000d0efb 	strdeq	r0, [sp], -fp
 114:	01010101 	tsteq	r1, r1, lsl #2
 118:	01000000 	mrseq	r0, (UNDEF: 0)
 11c:	2f010000 	svccs	0x00010000
 120:	656d6f68 	strbvs	r6, [sp, #-3944]!	; 0xf68
 124:	7763742f 	strbvc	r7, [r3, -pc, lsr #8]!
 128:	75622d67 	strbvc	r2, [r2, #-3431]!	; 0xd67
 12c:	73646c69 	cmnvc	r4, #26880	; 0x6900
 130:	6576616c 	ldrbvs	r6, [r6, #-364]!	; 0x16c
 134:	726f772f 	rsbvc	r7, pc, #12320768	; 0xbc0000
 138:	6170736b 	cmnvs	r0, fp, ror #6
 13c:	742f6563 	strtvc	r6, [pc], #-1379	; 144 <shift+0x144>
 140:	2d677763 	stclcs	7, cr7, [r7, #-396]!	; 0xfffffe74
 144:	656b616d 	strbvs	r6, [fp, #-365]!	; 0x16d
 148:	6c65722d 	sfmvs	f7, 2, [r5], #-180	; 0xffffff4c
 14c:	65736165 	ldrbvs	r6, [r3, #-357]!	; 0x165
 150:	62616c2f 	rsbvs	r6, r1, #12032	; 0x2f00
 154:	642f6c65 	strtvs	r6, [pc], #-3173	; 15c <shift+0x15c>
 158:	656b636f 	strbvs	r6, [fp, #-879]!	; 0x36f
 15c:	72742d72 	rsbsvc	r2, r4, #7296	; 0x1c80
 160:	79747375 	ldmdbvc	r4!, {r0, r2, r4, r5, r6, r8, r9, ip, sp, lr}^
 164:	646d612d 	strbtvs	r6, [sp], #-301	; 0x12d
 168:	742d3436 	strtvc	r3, [sp], #-1078	; 0x436
 16c:	2d677763 	stclcs	7, cr7, [r7, #-396]!	; 0xfffffe74
 170:	6c697562 	cfstr64vs	mvdx7, [r9], #-392	; 0xfffffe78
 174:	61742f64 	cmnvs	r4, r4, ror #30
 178:	74656772 	strbtvc	r6, [r5], #-1906	; 0x772
 17c:	6d72612f 	ldfvse	f6, [r2, #-188]!	; 0xffffff44
 180:	6e696c2d 	cdpvs	12, 6, cr6, cr9, cr13, {1}
 184:	672d7875 			; <UNDEFINED> instruction: 0x672d7875
 188:	6165756e 	cmnvs	r5, lr, ror #10
 18c:	66686962 	strbtvs	r6, [r8], -r2, ror #18
 190:	616e732f 	cmnvs	lr, pc, lsr #6
 194:	6f687370 	svcvs	0x00687370
 198:	672f7374 			; <UNDEFINED> instruction: 0x672f7374
 19c:	6c2d6363 	stcvs	3, cr6, [sp], #-396	; 0xfffffe74
 1a0:	72616e69 	rsbvc	r6, r1, #1680	; 0x690
 1a4:	2e342d6f 	cdpcs	13, 3, cr2, cr4, cr15, {3}
 1a8:	30322d39 	eorscc	r2, r2, r9, lsr sp
 1ac:	302e3731 	eorcc	r3, lr, r1, lsr r7
 1b0:	696c2f31 	stmdbvs	ip!, {r0, r4, r5, r8, r9, sl, fp, sp}^
 1b4:	63636762 	cmnvs	r3, #25690112	; 0x1880000
 1b8:	6e6f632f 	cdpvs	3, 6, cr6, cr15, cr15, {1}
 1bc:	2f676966 	svccs	0x00676966
 1c0:	006d7261 	rsbeq	r7, sp, r1, ror #4
 1c4:	61706200 	cmnvs	r0, r0, lsl #4
 1c8:	532e6962 	teqpl	lr, #1605632	; 0x188000
 1cc:	00000100 	andeq	r0, r0, r0, lsl #2
 1d0:	02050000 	andeq	r0, r5, #0
 1d4:	878047f8 			; <UNDEFINED> instruction: 0x878047f8
 1d8:	0101fd03 	tsteq	r1, r3, lsl #26
 1dc:	592f4cbc 	stmdbpl	pc!, {r2, r3, r4, r5, r7, sl, fp, lr}	; <UNPREDICTABLE>
 1e0:	01000102 	tsteq	r0, r2, lsl #2
 1e4:	0000e301 	andeq	lr, r0, r1, lsl #6
 1e8:	c7000200 	strgt	r0, [r0, -r0, lsl #4]
 1ec:	02000000 	andeq	r0, r0, #0
 1f0:	0d0efb01 	vstreq	d15, [lr, #-4]
 1f4:	01010100 	mrseq	r0, (UNDEF: 17)
 1f8:	00000001 	andeq	r0, r0, r1
 1fc:	01000001 	tsteq	r0, r1
 200:	6d6f682f 	stclvs	8, cr6, [pc, #-188]!	; 14c <shift+0x14c>
 204:	63742f65 	cmnvs	r4, #404	; 0x194
 208:	622d6777 	eorvs	r6, sp, #31195136	; 0x1dc0000
 20c:	646c6975 	strbtvs	r6, [ip], #-2421	; 0x975
 210:	76616c73 			; <UNDEFINED> instruction: 0x76616c73
 214:	6f772f65 	svcvs	0x00772f65
 218:	70736b72 	rsbsvc	r6, r3, r2, ror fp
 21c:	2f656361 	svccs	0x00656361
 220:	67776374 			; <UNDEFINED> instruction: 0x67776374
 224:	6b616d2d 	blvs	185b6e0 <shift+0x185b6e0>
 228:	65722d65 	ldrbvs	r2, [r2, #-3429]!	; 0xd65
 22c:	7361656c 	cmnvc	r1, #108, 10	; 0x1b000000
 230:	616c2f65 	cmnvs	ip, r5, ror #30
 234:	2f6c6562 	svccs	0x006c6562
 238:	6b636f64 	blvs	18dbfd0 <shift+0x18dbfd0>
 23c:	742d7265 	strtvc	r7, [sp], #-613	; 0x265
 240:	74737572 	ldrbtvc	r7, [r3], #-1394	; 0x572
 244:	6d612d79 	stclvs	13, cr2, [r1, #-484]!	; 0xfffffe1c
 248:	2d343664 	ldccs	6, cr3, [r4, #-400]!	; 0xfffffe70
 24c:	67776374 			; <UNDEFINED> instruction: 0x67776374
 250:	6975622d 	ldmdbvs	r5!, {r0, r2, r3, r5, r9, sp, lr}^
 254:	742f646c 	strtvc	r6, [pc], #-1132	; 25c <shift+0x25c>
 258:	65677261 	strbvs	r7, [r7, #-609]!	; 0x261
 25c:	72612f74 	rsbvc	r2, r1, #116, 30	; 0x1d0
 260:	696c2d6d 	stmdbvs	ip!, {r0, r2, r3, r5, r6, r8, sl, fp, sp}^
 264:	2d78756e 	cfldr64cs	mvdx7, [r8, #-440]!	; 0xfffffe48
 268:	65756e67 	ldrbvs	r6, [r5, #-3687]!	; 0xe67
 26c:	68696261 	stmdavs	r9!, {r0, r5, r6, r9, sp, lr}^
 270:	6e732f66 	cdpvs	15, 7, cr2, cr3, cr6, {3}
 274:	68737061 	ldmdavs	r3!, {r0, r5, r6, ip, sp, lr}^
 278:	2f73746f 	svccs	0x0073746f
 27c:	2d636367 	stclcs	3, cr6, [r3, #-412]!	; 0xfffffe64
 280:	616e696c 	cmnvs	lr, ip, ror #18
 284:	342d6f72 	strtcc	r6, [sp], #-3954	; 0xf72
 288:	322d392e 	eorcc	r3, sp, #753664	; 0xb8000
 28c:	2e373130 	mrccs	1, 1, r3, cr7, cr0, {1}
 290:	6c2f3130 	stfvss	f3, [pc], #-192	; 1d8 <shift+0x1d8>
 294:	63676269 	cmnvs	r7, #-1879048186	; 0x90000006
 298:	6f632f63 	svcvs	0x00632f63
 29c:	6769666e 	strbvs	r6, [r9, -lr, ror #12]!
 2a0:	6d72612f 	ldfvse	f6, [r2, #-188]!	; 0xffffff44
 2a4:	696c0000 	stmdbvs	ip!, {}^	; <UNPREDICTABLE>
 2a8:	75663162 	strbvc	r3, [r6, #-354]!	; 0x162
 2ac:	2e73636e 	cdpcs	3, 7, cr6, cr3, cr14, {3}
 2b0:	00010053 	andeq	r0, r1, r3, asr r0
 2b4:	05000000 	streq	r0, [r0, #-0]
 2b8:	80482802 	subhi	r2, r8, r2, lsl #16
 2bc:	0ab00387 	beq	fec010e0 <__bss_end+0x773f6fa0>
 2c0:	032f2101 	teqeq	pc, #1073741824	; 0x40000000
 2c4:	022e77bb 	eoreq	r7, lr, #49020928	; 0x2ec0000
 2c8:	01010001 	tsteq	r1, r1
 2cc:	00000113 	andeq	r0, r0, r3, lsl r1
 2d0:	00c70002 	sbceq	r0, r7, r2
 2d4:	01020000 	mrseq	r0, (UNDEF: 2)
 2d8:	000d0efb 	strdeq	r0, [sp], -fp
 2dc:	01010101 	tsteq	r1, r1, lsl #2
 2e0:	01000000 	mrseq	r0, (UNDEF: 0)
 2e4:	2f010000 	svccs	0x00010000
 2e8:	656d6f68 	strbvs	r6, [sp, #-3944]!	; 0xf68
 2ec:	7763742f 	strbvc	r7, [r3, -pc, lsr #8]!
 2f0:	75622d67 	strbvc	r2, [r2, #-3431]!	; 0xd67
 2f4:	73646c69 	cmnvc	r4, #26880	; 0x6900
 2f8:	6576616c 	ldrbvs	r6, [r6, #-364]!	; 0x16c
 2fc:	726f772f 	rsbvc	r7, pc, #12320768	; 0xbc0000
 300:	6170736b 	cmnvs	r0, fp, ror #6
 304:	742f6563 	strtvc	r6, [pc], #-1379	; 30c <shift+0x30c>
 308:	2d677763 	stclcs	7, cr7, [r7, #-396]!	; 0xfffffe74
 30c:	656b616d 	strbvs	r6, [fp, #-365]!	; 0x16d
 310:	6c65722d 	sfmvs	f7, 2, [r5], #-180	; 0xffffff4c
 314:	65736165 	ldrbvs	r6, [r3, #-357]!	; 0x165
 318:	62616c2f 	rsbvs	r6, r1, #12032	; 0x2f00
 31c:	642f6c65 	strtvs	r6, [pc], #-3173	; 324 <shift+0x324>
 320:	656b636f 	strbvs	r6, [fp, #-879]!	; 0x36f
 324:	72742d72 	rsbsvc	r2, r4, #7296	; 0x1c80
 328:	79747375 	ldmdbvc	r4!, {r0, r2, r4, r5, r6, r8, r9, ip, sp, lr}^
 32c:	646d612d 	strbtvs	r6, [sp], #-301	; 0x12d
 330:	742d3436 	strtvc	r3, [sp], #-1078	; 0x436
 334:	2d677763 	stclcs	7, cr7, [r7, #-396]!	; 0xfffffe74
 338:	6c697562 	cfstr64vs	mvdx7, [r9], #-392	; 0xfffffe78
 33c:	61742f64 	cmnvs	r4, r4, ror #30
 340:	74656772 	strbtvc	r6, [r5], #-1906	; 0x772
 344:	6d72612f 	ldfvse	f6, [r2, #-188]!	; 0xffffff44
 348:	6e696c2d 	cdpvs	12, 6, cr6, cr9, cr13, {1}
 34c:	672d7875 			; <UNDEFINED> instruction: 0x672d7875
 350:	6165756e 	cmnvs	r5, lr, ror #10
 354:	66686962 	strbtvs	r6, [r8], -r2, ror #18
 358:	616e732f 	cmnvs	lr, pc, lsr #6
 35c:	6f687370 	svcvs	0x00687370
 360:	672f7374 			; <UNDEFINED> instruction: 0x672f7374
 364:	6c2d6363 	stcvs	3, cr6, [sp], #-396	; 0xfffffe74
 368:	72616e69 	rsbvc	r6, r1, #1680	; 0x690
 36c:	2e342d6f 	cdpcs	13, 3, cr2, cr4, cr15, {3}
 370:	30322d39 	eorscc	r2, r2, r9, lsr sp
 374:	302e3731 	eorcc	r3, lr, r1, lsr r7
 378:	696c2f31 	stmdbvs	ip!, {r0, r4, r5, r8, r9, sl, fp, sp}^
 37c:	63636762 	cmnvs	r3, #25690112	; 0x1880000
 380:	696c0000 	stmdbvs	ip!, {}^	; <UNPREDICTABLE>
 384:	63636762 	cmnvs	r3, #25690112	; 0x1880000
 388:	00632e32 	rsbeq	r2, r3, r2, lsr lr
 38c:	6c000001 	stcvs	0, cr0, [r0], {1}
 390:	63676269 	cmnvs	r7, #-1879048186	; 0x90000006
 394:	682e3263 	stmdavs	lr!, {r0, r1, r5, r6, r9, ip, sp}
 398:	00000100 	andeq	r0, r0, r0, lsl #2
 39c:	02050000 	andeq	r0, r5, #0
 3a0:	87804834 			; <UNDEFINED> instruction: 0x87804834
 3a4:	0107b003 	tsteq	r7, r3
 3a8:	200c032e 	andcs	r0, ip, lr, lsr #6
 3ac:	03207403 	teqeq	r0, #50331648	; 0x3000000
 3b0:	74033c0c 	strvc	r3, [r3], #-3084	; 0xc0c
 3b4:	0b03212e 	bleq	c8874 <shift+0xc8874>
 3b8:	4c4b223c 	sfmmi	f2, 2, [fp], {60}	; 0x3c
 3bc:	6803f921 	stmdavs	r3, {r0, r5, r8, fp, ip, sp, lr, pc}
 3c0:	3c18033c 	ldccc	3, cr0, [r8], {60}	; 0x3c
 3c4:	81212d23 	teqhi	r1, r3, lsr #26
 3c8:	86523032 			; <UNDEFINED> instruction: 0x86523032
 3cc:	33304d29 	teqcc	r0, #2624	; 0xa40
 3d0:	214921b9 	strhcs	r2, [r9, #-25]	; 0xffffffe7
 3d4:	21320821 	teqcs	r2, r1, lsr #16
 3d8:	2e550330 	mrccs	3, 2, r0, cr5, cr0, {1}
 3dc:	05024b49 	streq	r4, [r2, #-2889]	; 0xb49
 3e0:	地址 0x00000000000003e0 越界。


Disassembly of section .debug_info:

00000000 <.debug_info>:
   0:	000001bb 			; <UNDEFINED> instruction: 0x000001bb
   4:	00000002 	andeq	r0, r0, r2
   8:	01040000 	mrseq	r0, (UNDEF: 4)
   c:	00000000 	andeq	r0, r0, r0
  10:	87804580 	strhi	r4, [r0, r0, lsl #11]
  14:	878047f6 			; <UNDEFINED> instruction: 0x878047f6
  18:	6d6f682f 	stclvs	8, cr6, [pc, #-188]!	; ffffff64 <__bss_end+0x787f5e24>
  1c:	63742f65 	cmnvs	r4, #404	; 0x194
  20:	622d6777 	eorvs	r6, sp, #31195136	; 0x1dc0000
  24:	646c6975 	strbtvs	r6, [ip], #-2421	; 0x975
  28:	76616c73 			; <UNDEFINED> instruction: 0x76616c73
  2c:	6f772f65 	svcvs	0x00772f65
  30:	70736b72 	rsbsvc	r6, r3, r2, ror fp
  34:	2f656361 	svccs	0x00656361
  38:	67776374 			; <UNDEFINED> instruction: 0x67776374
  3c:	6b616d2d 	blvs	185b4f8 <shift+0x185b4f8>
  40:	65722d65 	ldrbvs	r2, [r2, #-3429]!	; 0xd65
  44:	7361656c 	cmnvc	r1, #108, 10	; 0x1b000000
  48:	616c2f65 	cmnvs	ip, r5, ror #30
  4c:	2f6c6562 	svccs	0x006c6562
  50:	6b636f64 	blvs	18dbde8 <shift+0x18dbde8>
  54:	742d7265 	strtvc	r7, [sp], #-613	; 0x265
  58:	74737572 	ldrbtvc	r7, [r3], #-1394	; 0x572
  5c:	6d612d79 	stclvs	13, cr2, [r1, #-484]!	; 0xfffffe1c
  60:	2d343664 	ldccs	6, cr3, [r4, #-400]!	; 0xfffffe70
  64:	67776374 			; <UNDEFINED> instruction: 0x67776374
  68:	6975622d 	ldmdbvs	r5!, {r0, r2, r3, r5, r9, sp, lr}^
  6c:	742f646c 	strtvc	r6, [pc], #-1132	; 74 <shift+0x74>
  70:	65677261 	strbvs	r7, [r7, #-609]!	; 0x261
  74:	72612f74 	rsbvc	r2, r1, #116, 30	; 0x1d0
  78:	696c2d6d 	stmdbvs	ip!, {r0, r2, r3, r5, r6, r8, sl, fp, sp}^
  7c:	2d78756e 	cfldr64cs	mvdx7, [r8, #-440]!	; 0xfffffe48
  80:	65756e67 	ldrbvs	r6, [r5, #-3687]!	; 0xe67
  84:	68696261 	stmdavs	r9!, {r0, r5, r6, r9, sp, lr}^
  88:	6e732f66 	cdpvs	15, 7, cr2, cr3, cr6, {3}
  8c:	68737061 	ldmdavs	r3!, {r0, r5, r6, ip, sp, lr}^
  90:	2f73746f 	svccs	0x0073746f
  94:	2d636367 	stclcs	3, cr6, [r3, #-412]!	; 0xfffffe64
  98:	616e696c 	cmnvs	lr, ip, ror #18
  9c:	342d6f72 	strtcc	r6, [sp], #-3954	; 0xf72
  a0:	322d392e 	eorcc	r3, sp, #753664	; 0xb8000
  a4:	2e373130 	mrccs	1, 1, r3, cr7, cr0, {1}
  a8:	6c2f3130 	stfvss	f3, [pc], #-192	; fffffff0 <__bss_end+0x787f5eb0>
  ac:	63676269 	cmnvs	r7, #-1879048186	; 0x90000006
  b0:	6f632f63 	svcvs	0x00632f63
  b4:	6769666e 	strbvs	r6, [r9, -lr, ror #12]!
  b8:	6d72612f 	ldfvse	f6, [r2, #-188]!	; 0xffffff44
  bc:	62696c2f 	rsbvs	r6, r9, #12032	; 0x2f00
  c0:	6e756631 	mrcvs	6, 3, r6, cr5, cr1, {1}
  c4:	532e7363 	teqpl	lr, #-1946157055	; 0x8c000001
  c8:	6f682f00 	svcvs	0x00682f00
  cc:	742f656d 	strtvc	r6, [pc], #-1389	; d4 <shift+0xd4>
  d0:	2d677763 	stclcs	7, cr7, [r7, #-396]!	; 0xfffffe74
  d4:	6c697562 	cfstr64vs	mvdx7, [r9], #-392	; 0xfffffe78
  d8:	616c7364 	cmnvs	ip, r4, ror #6
  dc:	772f6576 			; <UNDEFINED> instruction: 0x772f6576
  e0:	736b726f 	cmnvc	fp, #-268435450	; 0xf0000006
  e4:	65636170 	strbvs	r6, [r3, #-368]!	; 0x170
  e8:	7763742f 	strbvc	r7, [r3, -pc, lsr #8]!
  ec:	616d2d67 	cmnvs	sp, r7, ror #26
  f0:	722d656b 	eorvc	r6, sp, #448790528	; 0x1ac00000
  f4:	61656c65 	cmnvs	r5, r5, ror #24
  f8:	6c2f6573 	cfstr32vs	mvfx6, [pc], #-460	; ffffff34 <__bss_end+0x787f5df4>
  fc:	6c656261 	sfmvs	f6, 2, [r5], #-388	; 0xfffffe7c
 100:	636f642f 	cmnvs	pc, #788529152	; 0x2f000000
 104:	2d72656b 	cfldr64cs	mvdx6, [r2, #-428]!	; 0xfffffe54
 108:	73757274 	cmnvc	r5, #116, 4	; 0x40000007
 10c:	612d7974 	teqvs	sp, r4, ror r9
 110:	3436646d 	ldrtcc	r6, [r6], #-1133	; 0x46d
 114:	7763742d 	strbvc	r7, [r3, -sp, lsr #8]!
 118:	75622d67 	strbvc	r2, [r2, #-3431]!	; 0xd67
 11c:	2f646c69 	svccs	0x00646c69
 120:	67726174 			; <UNDEFINED> instruction: 0x67726174
 124:	612f7465 	teqvs	pc, r5, ror #8
 128:	6c2d6d72 	stcvs	13, cr6, [sp], #-456	; 0xfffffe38
 12c:	78756e69 	ldmdavc	r5!, {r0, r3, r5, r6, r9, sl, fp, sp, lr}^
 130:	756e672d 	strbvc	r6, [lr, #-1837]!	; 0x72d
 134:	69626165 	stmdbvs	r2!, {r0, r2, r5, r6, r8, sp, lr}^
 138:	5f2f6668 	svcpl	0x002f6668
 13c:	6c697562 	cfstr64vs	mvdx7, [r9], #-392	; 0xfffffe78
 140:	75622f64 	strbvc	r2, [r2, #-3940]!	; 0xf64
 144:	73646c69 	cmnvc	r4, #26880	; 0x6900
 148:	3638782f 	ldrtcc	r7, [r8], -pc, lsr #16
 14c:	2d34365f 	ldccs	6, cr3, [r4, #-380]!	; 0xfffffe84
 150:	6e6b6e75 	mcrvs	14, 3, r6, cr11, cr5, {3}
 154:	2d6e776f 	stclcs	7, cr7, [lr, #-444]!	; 0xfffffe44
 158:	756e696c 	strbvc	r6, [lr, #-2412]!	; 0x96c
 15c:	6e672d78 	mcrvs	13, 3, r2, cr7, cr8, {3}
 160:	72612f75 	rsbvc	r2, r1, #468	; 0x1d4
 164:	696c2d6d 	stmdbvs	ip!, {r0, r2, r3, r5, r6, r8, sl, fp, sp}^
 168:	2d78756e 	cfldr64cs	mvdx7, [r8, #-440]!	; 0xfffffe48
 16c:	65756e67 	ldrbvs	r6, [r5, #-3687]!	; 0xe67
 170:	68696261 	stmdavs	r9!, {r0, r5, r6, r9, sp, lr}^
 174:	63672f66 	cmnvs	r7, #408	; 0x198
 178:	696c2d63 	stmdbvs	ip!, {r0, r1, r5, r6, r8, sl, fp, sp}^
 17c:	6f72616e 	svcvs	0x0072616e
 180:	392e342d 	stmdbcc	lr!, {r0, r2, r3, r5, sl, ip, sp}
 184:	3130322d 	teqcc	r0, sp, lsr #4
 188:	31302e37 	teqcc	r0, r7, lsr lr
 18c:	6174732d 	cmnvs	r4, sp, lsr #6
 190:	2f326567 	svccs	0x00326567
 194:	2d6d7261 	sfmcs	f7, 2, [sp, #-388]!	; 0xfffffe7c
 198:	756e696c 	strbvc	r6, [lr, #-2412]!	; 0x96c
 19c:	6e672d78 	mcrvs	13, 3, r2, cr7, cr8, {3}
 1a0:	62616575 	rsbvs	r6, r1, #490733568	; 0x1d400000
 1a4:	2f666869 	svccs	0x00666869
 1a8:	6762696c 	strbvs	r6, [r2, -ip, ror #18]!
 1ac:	47006363 	strmi	r6, [r0, -r3, ror #6]
 1b0:	4120554e 	teqmi	r0, lr, asr #10
 1b4:	2e322053 	mrccs	0, 1, r2, cr2, cr3, {2}
 1b8:	302e3432 	eorcc	r3, lr, r2, lsr r4
 1bc:	b7800100 	strlt	r0, [r0, r0, lsl #2]
 1c0:	02000001 	andeq	r0, r0, #1
 1c4:	00001400 	andeq	r1, r0, r0, lsl #8
 1c8:	04010400 	streq	r0, [r1], #-1024	; 0x400
 1cc:	f8000001 			; <UNDEFINED> instruction: 0xf8000001
 1d0:	28878047 	stmcs	r7, {r0, r1, r2, r6, pc}
 1d4:	2f878048 	svccs	0x00878048
 1d8:	656d6f68 	strbvs	r6, [sp, #-3944]!	; 0xf68
 1dc:	7763742f 	strbvc	r7, [r3, -pc, lsr #8]!
 1e0:	75622d67 	strbvc	r2, [r2, #-3431]!	; 0xd67
 1e4:	73646c69 	cmnvc	r4, #26880	; 0x6900
 1e8:	6576616c 	ldrbvs	r6, [r6, #-364]!	; 0x16c
 1ec:	726f772f 	rsbvc	r7, pc, #12320768	; 0xbc0000
 1f0:	6170736b 	cmnvs	r0, fp, ror #6
 1f4:	742f6563 	strtvc	r6, [pc], #-1379	; 1fc <shift+0x1fc>
 1f8:	2d677763 	stclcs	7, cr7, [r7, #-396]!	; 0xfffffe74
 1fc:	656b616d 	strbvs	r6, [fp, #-365]!	; 0x16d
 200:	6c65722d 	sfmvs	f7, 2, [r5], #-180	; 0xffffff4c
 204:	65736165 	ldrbvs	r6, [r3, #-357]!	; 0x165
 208:	62616c2f 	rsbvs	r6, r1, #12032	; 0x2f00
 20c:	642f6c65 	strtvs	r6, [pc], #-3173	; 214 <shift+0x214>
 210:	656b636f 	strbvs	r6, [fp, #-879]!	; 0x36f
 214:	72742d72 	rsbsvc	r2, r4, #7296	; 0x1c80
 218:	79747375 	ldmdbvc	r4!, {r0, r2, r4, r5, r6, r8, r9, ip, sp, lr}^
 21c:	646d612d 	strbtvs	r6, [sp], #-301	; 0x12d
 220:	742d3436 	strtvc	r3, [sp], #-1078	; 0x436
 224:	2d677763 	stclcs	7, cr7, [r7, #-396]!	; 0xfffffe74
 228:	6c697562 	cfstr64vs	mvdx7, [r9], #-392	; 0xfffffe78
 22c:	61742f64 	cmnvs	r4, r4, ror #30
 230:	74656772 	strbtvc	r6, [r5], #-1906	; 0x772
 234:	6d72612f 	ldfvse	f6, [r2, #-188]!	; 0xffffff44
 238:	6e696c2d 	cdpvs	12, 6, cr6, cr9, cr13, {1}
 23c:	672d7875 			; <UNDEFINED> instruction: 0x672d7875
 240:	6165756e 	cmnvs	r5, lr, ror #10
 244:	66686962 	strbtvs	r6, [r8], -r2, ror #18
 248:	616e732f 	cmnvs	lr, pc, lsr #6
 24c:	6f687370 	svcvs	0x00687370
 250:	672f7374 			; <UNDEFINED> instruction: 0x672f7374
 254:	6c2d6363 	stcvs	3, cr6, [sp], #-396	; 0xfffffe74
 258:	72616e69 	rsbvc	r6, r1, #1680	; 0x690
 25c:	2e342d6f 	cdpcs	13, 3, cr2, cr4, cr15, {3}
 260:	30322d39 	eorscc	r2, r2, r9, lsr sp
 264:	302e3731 	eorcc	r3, lr, r1, lsr r7
 268:	696c2f31 	stmdbvs	ip!, {r0, r4, r5, r8, r9, sl, fp, sp}^
 26c:	63636762 	cmnvs	r3, #25690112	; 0x1880000
 270:	6e6f632f 	cdpvs	3, 6, cr6, cr15, cr15, {1}
 274:	2f676966 	svccs	0x00676966
 278:	2f6d7261 	svccs	0x006d7261
 27c:	62617062 	rsbvs	r7, r1, #98	; 0x62
 280:	00532e69 	subseq	r2, r3, r9, ror #28
 284:	6d6f682f 	stclvs	8, cr6, [pc, #-188]!	; 1d0 <shift+0x1d0>
 288:	63742f65 	cmnvs	r4, #404	; 0x194
 28c:	622d6777 	eorvs	r6, sp, #31195136	; 0x1dc0000
 290:	646c6975 	strbtvs	r6, [ip], #-2421	; 0x975
 294:	76616c73 			; <UNDEFINED> instruction: 0x76616c73
 298:	6f772f65 	svcvs	0x00772f65
 29c:	70736b72 	rsbsvc	r6, r3, r2, ror fp
 2a0:	2f656361 	svccs	0x00656361
 2a4:	67776374 			; <UNDEFINED> instruction: 0x67776374
 2a8:	6b616d2d 	blvs	185b764 <shift+0x185b764>
 2ac:	65722d65 	ldrbvs	r2, [r2, #-3429]!	; 0xd65
 2b0:	7361656c 	cmnvc	r1, #108, 10	; 0x1b000000
 2b4:	616c2f65 	cmnvs	ip, r5, ror #30
 2b8:	2f6c6562 	svccs	0x006c6562
 2bc:	6b636f64 	blvs	18dc054 <shift+0x18dc054>
 2c0:	742d7265 	strtvc	r7, [sp], #-613	; 0x265
 2c4:	74737572 	ldrbtvc	r7, [r3], #-1394	; 0x572
 2c8:	6d612d79 	stclvs	13, cr2, [r1, #-484]!	; 0xfffffe1c
 2cc:	2d343664 	ldccs	6, cr3, [r4, #-400]!	; 0xfffffe70
 2d0:	67776374 			; <UNDEFINED> instruction: 0x67776374
 2d4:	6975622d 	ldmdbvs	r5!, {r0, r2, r3, r5, r9, sp, lr}^
 2d8:	742f646c 	strtvc	r6, [pc], #-1132	; 2e0 <shift+0x2e0>
 2dc:	65677261 	strbvs	r7, [r7, #-609]!	; 0x261
 2e0:	72612f74 	rsbvc	r2, r1, #116, 30	; 0x1d0
 2e4:	696c2d6d 	stmdbvs	ip!, {r0, r2, r3, r5, r6, r8, sl, fp, sp}^
 2e8:	2d78756e 	cfldr64cs	mvdx7, [r8, #-440]!	; 0xfffffe48
 2ec:	65756e67 	ldrbvs	r6, [r5, #-3687]!	; 0xe67
 2f0:	68696261 	stmdavs	r9!, {r0, r5, r6, r9, sp, lr}^
 2f4:	625f2f66 	subsvs	r2, pc, #408	; 0x198
 2f8:	646c6975 	strbtvs	r6, [ip], #-2421	; 0x975
 2fc:	6975622f 	ldmdbvs	r5!, {r0, r1, r2, r3, r5, r9, sp, lr}^
 300:	2f73646c 	svccs	0x0073646c
 304:	5f363878 	svcpl	0x00363878
 308:	752d3436 	strvc	r3, [sp, #-1078]!	; 0x436
 30c:	6f6e6b6e 	svcvs	0x006e6b6e
 310:	6c2d6e77 	stcvs	14, cr6, [sp], #-476	; 0xfffffe24
 314:	78756e69 	ldmdavc	r5!, {r0, r3, r5, r6, r9, sl, fp, sp, lr}^
 318:	756e672d 	strbvc	r6, [lr, #-1837]!	; 0x72d
 31c:	6d72612f 	ldfvse	f6, [r2, #-188]!	; 0xffffff44
 320:	6e696c2d 	cdpvs	12, 6, cr6, cr9, cr13, {1}
 324:	672d7875 			; <UNDEFINED> instruction: 0x672d7875
 328:	6165756e 	cmnvs	r5, lr, ror #10
 32c:	66686962 	strbtvs	r6, [r8], -r2, ror #18
 330:	6363672f 	cmnvs	r3, #12320768	; 0xbc0000
 334:	6e696c2d 	cdpvs	12, 6, cr6, cr9, cr13, {1}
 338:	2d6f7261 	sfmcs	f7, 2, [pc, #-388]!	; 1bc <shift+0x1bc>
 33c:	2d392e34 	ldccs	14, cr2, [r9, #-208]!	; 0xffffff30
 340:	37313032 			; <UNDEFINED> instruction: 0x37313032
 344:	2d31302e 	ldccs	0, cr3, [r1, #-184]!	; 0xffffff48
 348:	67617473 			; <UNDEFINED> instruction: 0x67617473
 34c:	612f3265 	teqvs	pc, r5, ror #4
 350:	6c2d6d72 	stcvs	13, cr6, [sp], #-456	; 0xfffffe38
 354:	78756e69 	ldmdavc	r5!, {r0, r3, r5, r6, r9, sl, fp, sp, lr}^
 358:	756e672d 	strbvc	r6, [lr, #-1837]!	; 0x72d
 35c:	69626165 	stmdbvs	r2!, {r0, r2, r5, r6, r8, sp, lr}^
 360:	6c2f6668 	stcvs	6, cr6, [pc], #-416	; 1c8 <shift+0x1c8>
 364:	63676269 	cmnvs	r7, #-1879048186	; 0x90000006
 368:	4e470063 	cdpmi	0, 4, cr0, cr7, cr3, {3}
 36c:	53412055 	movtpl	r2, #4181	; 0x1055
 370:	322e3220 	eorcc	r3, lr, #32, 4
 374:	00302e34 	eorseq	r2, r0, r4, lsr lr
 378:	01bb8001 			; <UNDEFINED> instruction: 0x01bb8001
 37c:	00020000 	andeq	r0, r2, r0
 380:	00000028 	andeq	r0, r0, r8, lsr #32
 384:	01e50104 	mvneq	r0, r4, lsl #2
 388:	48280000 	stmdami	r8!, {}	; <UNPREDICTABLE>
 38c:	48348780 	ldmdami	r4!, {r7, r8, r9, sl, pc}
 390:	682f8780 	stmdavs	pc!, {r7, r8, r9, sl, pc}	; <UNPREDICTABLE>
 394:	2f656d6f 	svccs	0x00656d6f
 398:	67776374 			; <UNDEFINED> instruction: 0x67776374
 39c:	6975622d 	ldmdbvs	r5!, {r0, r2, r3, r5, r9, sp, lr}^
 3a0:	6c73646c 	cfldrdvs	mvd6, [r3], #-432	; 0xfffffe50
 3a4:	2f657661 	svccs	0x00657661
 3a8:	6b726f77 	blvs	1c9c18c <shift+0x1c9c18c>
 3ac:	63617073 	cmnvs	r1, #115	; 0x73
 3b0:	63742f65 	cmnvs	r4, #404	; 0x194
 3b4:	6d2d6777 	stcvs	7, cr6, [sp, #-476]!	; 0xfffffe24
 3b8:	2d656b61 	fstmdbxcs	r5!, {d22-d69}	;@ Deprecated
 3bc:	656c6572 	strbvs	r6, [ip, #-1394]!	; 0x572
 3c0:	2f657361 	svccs	0x00657361
 3c4:	6562616c 	strbvs	r6, [r2, #-364]!	; 0x16c
 3c8:	6f642f6c 	svcvs	0x00642f6c
 3cc:	72656b63 	rsbvc	r6, r5, #101376	; 0x18c00
 3d0:	7572742d 	ldrbvc	r7, [r2, #-1069]!	; 0x42d
 3d4:	2d797473 	cfldrdcs	mvd7, [r9, #-460]!	; 0xfffffe34
 3d8:	36646d61 	strbtcc	r6, [r4], -r1, ror #26
 3dc:	63742d34 	cmnvs	r4, #52, 26	; 0xd00
 3e0:	622d6777 	eorvs	r6, sp, #31195136	; 0x1dc0000
 3e4:	646c6975 	strbtvs	r6, [ip], #-2421	; 0x975
 3e8:	7261742f 	rsbvc	r7, r1, #788529152	; 0x2f000000
 3ec:	2f746567 	svccs	0x00746567
 3f0:	2d6d7261 	sfmcs	f7, 2, [sp, #-388]!	; 0xfffffe7c
 3f4:	756e696c 	strbvc	r6, [lr, #-2412]!	; 0x96c
 3f8:	6e672d78 	mcrvs	13, 3, r2, cr7, cr8, {3}
 3fc:	62616575 	rsbvs	r6, r1, #490733568	; 0x1d400000
 400:	2f666869 	svccs	0x00666869
 404:	70616e73 	rsbvc	r6, r1, r3, ror lr
 408:	746f6873 	strbtvc	r6, [pc], #-2163	; 410 <shift+0x410>
 40c:	63672f73 	cmnvs	r7, #460	; 0x1cc
 410:	696c2d63 	stmdbvs	ip!, {r0, r1, r5, r6, r8, sl, fp, sp}^
 414:	6f72616e 	svcvs	0x0072616e
 418:	392e342d 	stmdbcc	lr!, {r0, r2, r3, r5, sl, ip, sp}
 41c:	3130322d 	teqcc	r0, sp, lsr #4
 420:	31302e37 	teqcc	r0, r7, lsr lr
 424:	62696c2f 	rsbvs	r6, r9, #12032	; 0x2f00
 428:	2f636367 	svccs	0x00636367
 42c:	666e6f63 	strbtvs	r6, [lr], -r3, ror #30
 430:	612f6769 	teqvs	pc, r9, ror #14
 434:	6c2f6d72 	stcvs	13, cr6, [pc], #-456	; 274 <shift+0x274>
 438:	66316269 	ldrtvs	r6, [r1], -r9, ror #4
 43c:	73636e75 	cmnvc	r3, #1872	; 0x750
 440:	2f00532e 	svccs	0x0000532e
 444:	656d6f68 	strbvs	r6, [sp, #-3944]!	; 0xf68
 448:	7763742f 	strbvc	r7, [r3, -pc, lsr #8]!
 44c:	75622d67 	strbvc	r2, [r2, #-3431]!	; 0xd67
 450:	73646c69 	cmnvc	r4, #26880	; 0x6900
 454:	6576616c 	ldrbvs	r6, [r6, #-364]!	; 0x16c
 458:	726f772f 	rsbvc	r7, pc, #12320768	; 0xbc0000
 45c:	6170736b 	cmnvs	r0, fp, ror #6
 460:	742f6563 	strtvc	r6, [pc], #-1379	; 468 <shift+0x468>
 464:	2d677763 	stclcs	7, cr7, [r7, #-396]!	; 0xfffffe74
 468:	656b616d 	strbvs	r6, [fp, #-365]!	; 0x16d
 46c:	6c65722d 	sfmvs	f7, 2, [r5], #-180	; 0xffffff4c
 470:	65736165 	ldrbvs	r6, [r3, #-357]!	; 0x165
 474:	62616c2f 	rsbvs	r6, r1, #12032	; 0x2f00
 478:	642f6c65 	strtvs	r6, [pc], #-3173	; 480 <shift+0x480>
 47c:	656b636f 	strbvs	r6, [fp, #-879]!	; 0x36f
 480:	72742d72 	rsbsvc	r2, r4, #7296	; 0x1c80
 484:	79747375 	ldmdbvc	r4!, {r0, r2, r4, r5, r6, r8, r9, ip, sp, lr}^
 488:	646d612d 	strbtvs	r6, [sp], #-301	; 0x12d
 48c:	742d3436 	strtvc	r3, [sp], #-1078	; 0x436
 490:	2d677763 	stclcs	7, cr7, [r7, #-396]!	; 0xfffffe74
 494:	6c697562 	cfstr64vs	mvdx7, [r9], #-392	; 0xfffffe78
 498:	61742f64 	cmnvs	r4, r4, ror #30
 49c:	74656772 	strbtvc	r6, [r5], #-1906	; 0x772
 4a0:	6d72612f 	ldfvse	f6, [r2, #-188]!	; 0xffffff44
 4a4:	6e696c2d 	cdpvs	12, 6, cr6, cr9, cr13, {1}
 4a8:	672d7875 			; <UNDEFINED> instruction: 0x672d7875
 4ac:	6165756e 	cmnvs	r5, lr, ror #10
 4b0:	66686962 	strbtvs	r6, [r8], -r2, ror #18
 4b4:	75625f2f 	strbvc	r5, [r2, #-3887]!	; 0xf2f
 4b8:	2f646c69 	svccs	0x00646c69
 4bc:	6c697562 	cfstr64vs	mvdx7, [r9], #-392	; 0xfffffe78
 4c0:	782f7364 	stmdavc	pc!, {r2, r5, r6, r8, r9, ip, sp, lr}	; <UNPREDICTABLE>
 4c4:	365f3638 			; <UNDEFINED> instruction: 0x365f3638
 4c8:	6e752d34 	mrcvs	13, 3, r2, cr5, cr4, {1}
 4cc:	776f6e6b 	strbvc	r6, [pc, -fp, ror #28]!
 4d0:	696c2d6e 	stmdbvs	ip!, {r1, r2, r3, r5, r6, r8, sl, fp, sp}^
 4d4:	2d78756e 	cfldr64cs	mvdx7, [r8, #-440]!	; 0xfffffe48
 4d8:	2f756e67 	svccs	0x00756e67
 4dc:	2d6d7261 	sfmcs	f7, 2, [sp, #-388]!	; 0xfffffe7c
 4e0:	756e696c 	strbvc	r6, [lr, #-2412]!	; 0x96c
 4e4:	6e672d78 	mcrvs	13, 3, r2, cr7, cr8, {3}
 4e8:	62616575 	rsbvs	r6, r1, #490733568	; 0x1d400000
 4ec:	2f666869 	svccs	0x00666869
 4f0:	2d636367 	stclcs	3, cr6, [r3, #-412]!	; 0xfffffe64
 4f4:	616e696c 	cmnvs	lr, ip, ror #18
 4f8:	342d6f72 	strtcc	r6, [sp], #-3954	; 0xf72
 4fc:	322d392e 	eorcc	r3, sp, #753664	; 0xb8000
 500:	2e373130 	mrccs	1, 1, r3, cr7, cr0, {1}
 504:	732d3130 	teqvc	sp, #48, 2
 508:	65676174 	strbvs	r6, [r7, #-372]!	; 0x174
 50c:	72612f32 	rsbvc	r2, r1, #50, 30	; 0xc8
 510:	696c2d6d 	stmdbvs	ip!, {r0, r2, r3, r5, r6, r8, sl, fp, sp}^
 514:	2d78756e 	cfldr64cs	mvdx7, [r8, #-440]!	; 0xfffffe48
 518:	65756e67 	ldrbvs	r6, [r5, #-3687]!	; 0xe67
 51c:	68696261 	stmdavs	r9!, {r0, r5, r6, r9, sp, lr}^
 520:	696c2f66 	stmdbvs	ip!, {r1, r2, r5, r6, r8, r9, sl, fp, sp}^
 524:	63636762 	cmnvs	r3, #25690112	; 0x1880000
 528:	554e4700 	strbpl	r4, [lr, #-1792]	; 0x700
 52c:	20534120 	subscs	r4, r3, r0, lsr #2
 530:	34322e32 	ldrtcc	r2, [r2], #-3634	; 0xe32
 534:	0100302e 	tsteq	r0, lr, lsr #32
 538:	00015a80 	andeq	r5, r1, r0, lsl #21
 53c:	3c000400 	cfstrscc	mvf0, [r0], {-0}
 540:	04000000 	streq	r0, [r0], #-0
 544:	00012b01 	andeq	r2, r1, r1, lsl #22
 548:	024f0100 	subeq	r0, pc, #0, 2
 54c:	000d0000 	andeq	r0, sp, r0
 550:	48340000 	ldmdami	r4!, {}	; <UNPREDICTABLE>
 554:	01168780 	tsteq	r6, r0, lsl #15
 558:	02cc0000 	sbceq	r0, ip, #0
 55c:	08020000 	stmdaeq	r2, {}	; <UNPREDICTABLE>
 560:	0000f307 	andeq	pc, r0, r7, lsl #6
 564:	05040300 	streq	r0, [r4, #-768]	; 0x300
 568:	00746e69 	rsbseq	r6, r4, r9, ror #28
 56c:	fd070402 	stc2	4, cr0, [r7, #-8]
 570:	02000000 	andeq	r0, r0, #0
 574:	010a0801 	tsteq	sl, r1, lsl #16
 578:	02020000 	andeq	r0, r2, #0
 57c:	00011807 	andeq	r1, r1, r7, lsl #16
 580:	07040200 	streq	r0, [r4, -r0, lsl #4]
 584:	000000f8 	strdeq	r0, [r0], -r8
 588:	0c060102 	stfeqs	f0, [r6], {2}
 58c:	02000001 	andeq	r0, r0, #1
 590:	02360502 	eorseq	r0, r6, #8388608	; 0x800000
 594:	08020000 	stmdaeq	r2, {}	; <UNPREDICTABLE>
 598:	00022005 	andeq	r2, r2, r5
 59c:	05040200 	streq	r0, [r4, #-512]	; 0x200
 5a0:	00000225 	andeq	r0, r0, r5, lsr #4
 5a4:	17070402 	strne	r0, [r7, -r2, lsl #8]
 5a8:	02000002 	andeq	r0, r0, #2
 5ac:	01130801 	tsteq	r3, r1, lsl #16
 5b0:	2e040000 	cdpcs	0, 0, cr0, cr4, cr0, {0}
 5b4:	02000002 	andeq	r0, r0, #2
 5b8:	00003382 	andeq	r3, r0, r2, lsl #7
 5bc:	02010400 	andeq	r0, r1, #0, 8
 5c0:	86020000 	strhi	r0, [r2], -r0
 5c4:	00000025 	andeq	r0, r0, r5, lsr #32
 5c8:	11040402 	tstne	r4, r2, lsl #8
 5cc:	02000002 	andeq	r0, r0, #2
 5d0:	02090308 	andeq	r0, r9, #8, 6	; 0x20000000
 5d4:	08020000 	stmdaeq	r2, {}	; <UNPREDICTABLE>
 5d8:	00024804 	andeq	r4, r2, r4, lsl #16
 5dc:	03100200 	tsteq	r0, #0, 4
 5e0:	00000240 	andeq	r0, r0, r0, asr #4
 5e4:	00000005 	andeq	r0, r0, r5
 5e8:	03b00100 	movseq	r0, #0, 2
 5ec:	00000084 	andeq	r0, r0, r4, lsl #1
 5f0:	87804834 			; <UNDEFINED> instruction: 0x87804834
 5f4:	00000116 	andeq	r0, r0, r6, lsl r1
 5f8:	01579c01 	cmpeq	r7, r1, lsl #24
 5fc:	6e060000 	cdpvs	0, 0, cr0, cr6, cr0, {0}
 600:	03b00100 	movseq	r0, #0, 2
 604:	00000084 	andeq	r0, r0, r4, lsl #1
 608:	00000000 	andeq	r0, r0, r0
 60c:	01006406 	tsteq	r0, r6, lsl #8
 610:	008403b0 			; <UNDEFINED> instruction: 0x008403b0
 614:	00280000 	eoreq	r0, r8, r0
 618:	72060000 	andvc	r0, r6, #0
 61c:	b0010070 	andlt	r0, r1, r0, ror r0
 620:	00015703 	andeq	r5, r1, r3, lsl #14
 624:	00005000 	andeq	r5, r0, r0
 628:	00710700 	rsbseq	r0, r1, r0, lsl #14
 62c:	8403b201 	strhi	fp, [r3], #-513	; 0x201
 630:	70000000 	andvc	r0, r0, r0
 634:	07000000 	streq	r0, [r0, -r0]
 638:	b2010072 	andlt	r0, r1, #114	; 0x72
 63c:	00008403 	andeq	r8, r0, r3, lsl #8
 640:	0000d000 	andeq	sp, r0, r0
 644:	00790700 	rsbseq	r0, r9, r0, lsl #14
 648:	8403b201 	strhi	fp, [r3], #-513	; 0x201
 64c:	28000000 	stmdacs	r0, {}	; <UNPREDICTABLE>
 650:	07000001 	streq	r0, [r0, -r1]
 654:	00317a6c 	eorseq	r7, r1, ip, ror #20
 658:	7903b301 	stmdbvc	r3, {r0, r8, r9, ip, sp, pc}
 65c:	50000000 	andpl	r0, r0, r0
 660:	07000001 	streq	r0, [r0, -r1]
 664:	00327a6c 	eorseq	r7, r2, ip, ror #20
 668:	7903b301 	stmdbvc	r3, {r0, r8, r9, ip, sp, pc}
 66c:	63000000 	movwvs	r0, #0
 670:	07000001 	streq	r0, [r0, -r1]
 674:	b3010069 	movwlt	r0, #4201	; 0x1069
 678:	00007903 	andeq	r7, r0, r3, lsl #18
 67c:	00017600 	andeq	r7, r1, r0, lsl #12
 680:	006b0700 	rsbeq	r0, fp, r0, lsl #14
 684:	7903b301 	stmdbvc	r3, {r0, r8, r9, ip, sp, pc}
 688:	b9000000 	stmdblt	r0, {}	; <UNPREDICTABLE>
 68c:	00000001 	andeq	r0, r0, r1
 690:	00840408 	addeq	r0, r4, r8, lsl #8
 694:	地址 0x0000000000000694 越界。


Disassembly of section .debug_abbrev:

00000000 <.debug_abbrev>:
   0:	10001101 	andne	r1, r0, r1, lsl #2
   4:	12011106 	andne	r1, r1, #-2147483647	; 0x80000001
   8:	1b080301 	blne	200c14 <shift+0x200c14>
   c:	13082508 	movwne	r2, #34056	; 0x8508
  10:	00000005 	andeq	r0, r0, r5
  14:	10001101 	andne	r1, r0, r1, lsl #2
  18:	12011106 	andne	r1, r1, #-2147483647	; 0x80000001
  1c:	1b080301 	blne	200c28 <shift+0x200c28>
  20:	13082508 	movwne	r2, #34056	; 0x8508
  24:	00000005 	andeq	r0, r0, r5
  28:	10001101 	andne	r1, r0, r1, lsl #2
  2c:	12011106 	andne	r1, r1, #-2147483647	; 0x80000001
  30:	1b080301 	blne	200c3c <shift+0x200c3c>
  34:	13082508 	movwne	r2, #34056	; 0x8508
  38:	00000005 	andeq	r0, r0, r5
  3c:	25011101 	strcs	r1, [r1, #-257]	; 0x101
  40:	030b130e 	movweq	r1, #45838	; 0xb30e
  44:	110e1b0e 	tstne	lr, lr, lsl #22
  48:	10061201 	andne	r1, r6, r1, lsl #4
  4c:	02000017 	andeq	r0, r0, #23
  50:	0b0b0024 	bleq	2c00e8 <shift+0x2c00e8>
  54:	0e030b3e 	vmoveq.16	d3[0], r0
  58:	24030000 	strcs	r0, [r3], #-0
  5c:	3e0b0b00 	vmlacc.f64	d0, d11, d0
  60:	0008030b 	andeq	r0, r8, fp, lsl #6
  64:	00160400 	andseq	r0, r6, r0, lsl #8
  68:	0b3a0e03 	bleq	e8387c <shift+0xe8387c>
  6c:	13490b3b 	movtne	r0, #39739	; 0x9b3b
  70:	2e050000 	cdpcs	0, 0, cr0, cr5, cr0, {0}
  74:	03193f01 	tsteq	r9, #1, 30
  78:	3b0b3a0e 	blcc	2ce8b8 <shift+0x2ce8b8>
  7c:	49192705 	ldmdbmi	r9, {r0, r2, r8, r9, sl, sp}
  80:	12011113 	andne	r1, r1, #-1073741820	; 0xc0000004
  84:	97184006 	ldrls	r4, [r8, -r6]
  88:	13011942 	movwne	r1, #6466	; 0x1942
  8c:	05060000 	streq	r0, [r6, #-0]
  90:	3a080300 	bcc	200c98 <shift+0x200c98>
  94:	49053b0b 	stmdbmi	r5, {r0, r1, r3, r8, r9, fp, ip, sp}
  98:	00170213 	andseq	r0, r7, r3, lsl r2
  9c:	00340700 	eorseq	r0, r4, r0, lsl #14
  a0:	0b3a0803 	bleq	e820b4 <shift+0xe820b4>
  a4:	1349053b 	movtne	r0, #38203	; 0x953b
  a8:	00001702 	andeq	r1, r0, r2, lsl #14
  ac:	0b000f08 	bleq	3cd4 <shift+0x3cd4>
  b0:	0013490b 	andseq	r4, r3, fp, lsl #18
	...

Disassembly of section .debug_aranges:

00000000 <.debug_aranges>:
   0:	0000001c 	andeq	r0, r0, ip, lsl r0
   4:	00000002 	andeq	r0, r0, r2
   8:	00040000 	andeq	r0, r4, r0
   c:	00000000 	andeq	r0, r0, r0
  10:	87804580 	strhi	r4, [r0, r0, lsl #11]
  14:	00000276 	andeq	r0, r0, r6, ror r2
	...
  20:	0000001c 	andeq	r0, r0, ip, lsl r0
  24:	01bf0002 			; <UNDEFINED> instruction: 0x01bf0002
  28:	00040000 	andeq	r0, r4, r0
  2c:	00000000 	andeq	r0, r0, r0
  30:	878047f8 			; <UNDEFINED> instruction: 0x878047f8
  34:	00000030 	andeq	r0, r0, r0, lsr r0
	...
  40:	0000001c 	andeq	r0, r0, ip, lsl r0
  44:	037a0002 	cmneq	sl, #2
  48:	00040000 	andeq	r0, r4, r0
  4c:	00000000 	andeq	r0, r0, r0
  50:	87804828 	strhi	r4, [r0, r8, lsr #16]
  54:	0000000c 	andeq	r0, r0, ip
	...
  60:	0000001c 	andeq	r0, r0, ip, lsl r0
  64:	05390002 	ldreq	r0, [r9, #-2]!
  68:	00040000 	andeq	r0, r4, r0
  6c:	00000000 	andeq	r0, r0, r0
  70:	87804834 			; <UNDEFINED> instruction: 0x87804834
  74:	00000116 	andeq	r0, r0, r6, lsl r1
	...

Disassembly of section .debug_loc:

00000000 <.debug_loc>:
   0:	00000000 	andeq	r0, r0, r0
   4:	0000000c 	andeq	r0, r0, ip
   8:	93500006 	cmpls	r0, #6
   c:	04935104 	ldreq	r5, [r3], #260	; 0x104
  10:	0000000c 	andeq	r0, r0, ip
  14:	00000116 	andeq	r0, r0, r6, lsl r1
  18:	03f30006 	mvnseq	r0, #6
  1c:	9f2500f5 	svcls	0x002500f5
	...
  2c:	00000014 	andeq	r0, r0, r4, lsl r0
  30:	93520006 	cmpls	r2, #6
  34:	04935304 	ldreq	r5, [r3], #772	; 0x304
  38:	00000014 	andeq	r0, r0, r4, lsl r0
  3c:	00000116 	andeq	r0, r0, r6, lsl r1
  40:	03f30006 	mvnseq	r0, #6
  44:	9f2502f5 	svcls	0x002502f5
	...
  54:	000000fc 	strdeq	r0, [r0], -ip
  58:	00910002 	addseq	r0, r1, r2
  5c:	000000fc 	strdeq	r0, [r0], -ip
  60:	00000116 	andeq	r0, r0, r6, lsl r1
  64:	00910002 	addseq	r0, r1, r2
	...
  74:	00000076 	andeq	r0, r0, r6, ror r0
  78:	089e000a 	ldmeq	lr, {r1, r3}
	...
  84:	00000076 	andeq	r0, r0, r6, ror r0
  88:	000000c0 	andeq	r0, r0, r0, asr #1
  8c:	93500006 	cmpls	r0, #6
  90:	04935104 	ldreq	r5, [r3], #260	; 0x104
  94:	000000ca 	andeq	r0, r0, sl, asr #1
  98:	000000ea 	andeq	r0, r0, sl, ror #1
  9c:	93500006 	cmpls	r0, #6
  a0:	04935104 	ldreq	r5, [r3], #260	; 0x104
  a4:	000000f2 	strdeq	r0, [r0], -r2
  a8:	000000fc 	strdeq	r0, [r0], -ip
  ac:	93500006 	cmpls	r0, #6
  b0:	04935104 	ldreq	r5, [r3], #260	; 0x104
  b4:	000000fc 	strdeq	r0, [r0], -ip
  b8:	00000116 	andeq	r0, r0, r6, lsl r1
  bc:	089e000a 	ldmeq	lr, {r1, r3}
	...
  d0:	0000000a 	andeq	r0, r0, sl
  d4:	00000062 	andeq	r0, r0, r2, rrx
  d8:	93540006 	cmpls	r4, #6
  dc:	04935504 	ldreq	r5, [r3], #1284	; 0x504
  e0:	00000076 	andeq	r0, r0, r6, ror r0
  e4:	00000084 	andeq	r0, r0, r4, lsl #1
  e8:	93540006 	cmpls	r4, #6
  ec:	04935504 	ldreq	r5, [r3], #1284	; 0x504
  f0:	00000092 	muleq	r0, r2, r0
  f4:	000000a0 	andeq	r0, r0, r0, lsr #1
  f8:	93540006 	cmpls	r4, #6
  fc:	04935504 	ldreq	r5, [r3], #1284	; 0x504
 100:	000000a2 	andeq	r0, r0, r2, lsr #1
 104:	000000c8 	andeq	r0, r0, r8, asr #1
 108:	93540006 	cmpls	r4, #6
 10c:	04935504 	ldreq	r5, [r3], #1284	; 0x504
 110:	000000cc 	andeq	r0, r0, ip, asr #1
 114:	00000116 	andeq	r0, r0, r6, lsl r1
 118:	93540006 	cmpls	r4, #6
 11c:	04935504 	ldreq	r5, [r3], #1284	; 0x504
	...
 128:	0000000e 	andeq	r0, r0, lr
 12c:	00000018 	andeq	r0, r0, r8, lsl r0
 130:	93500006 	cmpls	r0, #6
 134:	04935104 	ldreq	r5, [r3], #260	; 0x104
 138:	0000004e 	andeq	r0, r0, lr, asr #32
 13c:	000000ae 	andeq	r0, r0, lr, lsr #1
 140:	93560006 	cmpls	r6, #6
 144:	04935704 	ldreq	r5, [r3], #1796	; 0x704
	...
 150:	0000010c 	andeq	r0, r0, ip, lsl #2
 154:	00000116 	andeq	r0, r0, r6, lsl r1
 158:	00560001 	subseq	r0, r6, r1
 15c:	00000000 	andeq	r0, r0, r0
 160:	2c000000 	stccs	0, cr0, [r0], {-0}
 164:	2e000000 	cdpcs	0, 0, cr0, cr0, cr0, {0}
 168:	01000000 	mrseq	r0, (UNDEF: 0)
 16c:	00005300 	andeq	r5, r0, r0, lsl #6
 170:	00000000 	andeq	r0, r0, r0
 174:	00800000 	addeq	r0, r0, r0
 178:	00920000 	addseq	r0, r2, r0
 17c:	00010000 	andeq	r0, r1, r0
 180:	00009253 	andeq	r9, r0, r3, asr r2
 184:	00009400 	andeq	r9, r0, r0, lsl #8
 188:	73000300 	movwvc	r0, #768	; 0x300
 18c:	00949f7f 	addseq	r9, r4, pc, ror pc
 190:	00a20000 	adceq	r0, r2, r0
 194:	00010000 	andeq	r0, r1, r0
 198:	0000a253 	andeq	sl, r0, r3, asr r2
 19c:	0000a400 	andeq	sl, r0, r0, lsl #8
 1a0:	73000300 	movwvc	r0, #768	; 0x300
 1a4:	00a49f7f 	adceq	r9, r4, pc, ror pc
 1a8:	00b60000 	adcseq	r0, r6, r0
 1ac:	00010000 	andeq	r0, r1, r0
 1b0:	00000053 	andeq	r0, r0, r3, asr r0
 1b4:	00000000 	andeq	r0, r0, r0
 1b8:	00002e00 	andeq	r2, r0, r0, lsl #28
 1bc:	00008200 	andeq	r8, r0, r0, lsl #4
 1c0:	53000100 	movwpl	r0, #256	; 0x100
 1c4:	00000082 	andeq	r0, r0, r2, lsl #1
 1c8:	000000f2 	strdeq	r0, [r0], -r2
 1cc:	005e0001 	subseq	r0, lr, r1
 1d0:	00000000 	andeq	r0, r0, r0
 1d4:	地址 0x00000000000001d4 越界。


Disassembly of section .debug_str:

00000000 <.debug_str>:
   0:	64755f5f 	ldrbtvs	r5, [r5], #-3935	; 0xf5f
   4:	6f6d7669 	svcvs	0x006d7669
   8:	34696464 	strbtcc	r6, [r9], #-1124	; 0x464
   c:	6f682f00 	svcvs	0x00682f00
  10:	742f656d 	strtvc	r6, [pc], #-1389	; 18 <shift+0x18>
  14:	2d677763 	stclcs	7, cr7, [r7, #-396]!	; 0xfffffe74
  18:	6c697562 	cfstr64vs	mvdx7, [r9], #-392	; 0xfffffe78
  1c:	616c7364 	cmnvs	ip, r4, ror #6
  20:	772f6576 			; <UNDEFINED> instruction: 0x772f6576
  24:	736b726f 	cmnvc	fp, #-268435450	; 0xf0000006
  28:	65636170 	strbvs	r6, [r3, #-368]!	; 0x170
  2c:	7763742f 	strbvc	r7, [r3, -pc, lsr #8]!
  30:	616d2d67 	cmnvs	sp, r7, ror #26
  34:	722d656b 	eorvc	r6, sp, #448790528	; 0x1ac00000
  38:	61656c65 	cmnvs	r5, r5, ror #24
  3c:	6c2f6573 	cfstr32vs	mvfx6, [pc], #-460	; fffffe78 <__bss_end+0x787f5d38>
  40:	6c656261 	sfmvs	f6, 2, [r5], #-388	; 0xfffffe7c
  44:	636f642f 	cmnvs	pc, #788529152	; 0x2f000000
  48:	2d72656b 	cfldr64cs	mvdx6, [r2, #-428]!	; 0xfffffe54
  4c:	73757274 	cmnvc	r5, #116, 4	; 0x40000007
  50:	612d7974 	teqvs	sp, r4, ror r9
  54:	3436646d 	ldrtcc	r6, [r6], #-1133	; 0x46d
  58:	7763742d 	strbvc	r7, [r3, -sp, lsr #8]!
  5c:	75622d67 	strbvc	r2, [r2, #-3431]!	; 0xd67
  60:	2f646c69 	svccs	0x00646c69
  64:	67726174 			; <UNDEFINED> instruction: 0x67726174
  68:	612f7465 	teqvs	pc, r5, ror #8
  6c:	6c2d6d72 	stcvs	13, cr6, [sp], #-456	; 0xfffffe38
  70:	78756e69 	ldmdavc	r5!, {r0, r3, r5, r6, r9, sl, fp, sp, lr}^
  74:	756e672d 	strbvc	r6, [lr, #-1837]!	; 0x72d
  78:	69626165 	stmdbvs	r2!, {r0, r2, r5, r6, r8, sp, lr}^
  7c:	5f2f6668 	svcpl	0x002f6668
  80:	6c697562 	cfstr64vs	mvdx7, [r9], #-392	; 0xfffffe78
  84:	75622f64 	strbvc	r2, [r2, #-3940]!	; 0xf64
  88:	73646c69 	cmnvc	r4, #26880	; 0x6900
  8c:	3638782f 	ldrtcc	r7, [r8], -pc, lsr #16
  90:	2d34365f 	ldccs	6, cr3, [r4, #-380]!	; 0xfffffe84
  94:	6e6b6e75 	mcrvs	14, 3, r6, cr11, cr5, {3}
  98:	2d6e776f 	stclcs	7, cr7, [lr, #-444]!	; 0xfffffe44
  9c:	756e696c 	strbvc	r6, [lr, #-2412]!	; 0x96c
  a0:	6e672d78 	mcrvs	13, 3, r2, cr7, cr8, {3}
  a4:	72612f75 	rsbvc	r2, r1, #468	; 0x1d4
  a8:	696c2d6d 	stmdbvs	ip!, {r0, r2, r3, r5, r6, r8, sl, fp, sp}^
  ac:	2d78756e 	cfldr64cs	mvdx7, [r8, #-440]!	; 0xfffffe48
  b0:	65756e67 	ldrbvs	r6, [r5, #-3687]!	; 0xe67
  b4:	68696261 	stmdavs	r9!, {r0, r5, r6, r9, sp, lr}^
  b8:	63672f66 	cmnvs	r7, #408	; 0x198
  bc:	696c2d63 	stmdbvs	ip!, {r0, r1, r5, r6, r8, sl, fp, sp}^
  c0:	6f72616e 	svcvs	0x0072616e
  c4:	392e342d 	stmdbcc	lr!, {r0, r2, r3, r5, sl, ip, sp}
  c8:	3130322d 	teqcc	r0, sp, lsr #4
  cc:	31302e37 	teqcc	r0, r7, lsr lr
  d0:	6174732d 	cmnvs	r4, sp, lsr #6
  d4:	2f326567 	svccs	0x00326567
  d8:	2d6d7261 	sfmcs	f7, 2, [sp, #-388]!	; 0xfffffe7c
  dc:	756e696c 	strbvc	r6, [lr, #-2412]!	; 0x96c
  e0:	6e672d78 	mcrvs	13, 3, r2, cr7, cr8, {3}
  e4:	62616575 	rsbvs	r6, r1, #490733568	; 0x1d400000
  e8:	2f666869 	svccs	0x00666869
  ec:	6762696c 	strbvs	r6, [r2, -ip, ror #18]!
  f0:	6c006363 	stcvs	3, cr6, [r0], {99}	; 0x63
  f4:	20676e6f 	rsbcs	r6, r7, pc, ror #28
  f8:	676e6f6c 	strbvs	r6, [lr, -ip, ror #30]!
  fc:	736e7520 	cmnvc	lr, #32, 10	; 0x8000000
 100:	656e6769 	strbvs	r6, [lr, #-1897]!	; 0x769
 104:	6e692064 	cdpvs	0, 6, cr2, cr9, cr4, {3}
 108:	6e750074 	mrcvs	0, 3, r0, cr5, cr4, {3}
 10c:	6e676973 	mcrvs	9, 3, r6, cr7, cr3, {3}
 110:	63206465 	teqvs	r0, #1694498816	; 0x65000000
 114:	00726168 	rsbseq	r6, r2, r8, ror #2
 118:	726f6873 	rsbvc	r6, pc, #7536640	; 0x730000
 11c:	6e752074 	mrcvs	0, 3, r2, cr5, cr4, {3}
 120:	6e676973 	mcrvs	9, 3, r6, cr7, cr3, {3}
 124:	69206465 	stmdbvs	r0!, {r0, r2, r5, r6, sl, sp, lr}
 128:	4700746e 	strmi	r7, [r0, -lr, ror #8]
 12c:	4320554e 	teqmi	r0, #327155712	; 0x13800000
 130:	392e3420 	stmdbcc	lr!, {r5, sl, ip, sp}
 134:	2d20342e 	cfstrscs	mvf3, [r0, #-184]!	; 0xffffff48
 138:	6372616d 	cmnvs	r2, #1073741851	; 0x4000001b
 13c:	72613d68 	rsbvc	r3, r1, #104, 26	; 0x1a00
 140:	2d37766d 	ldccs	6, cr7, [r7, #-436]!	; 0xfffffe4c
 144:	6d2d2061 	stcvs	0, cr2, [sp, #-388]!	; 0xfffffe7c
 148:	656e7574 	strbvs	r7, [lr, #-1396]!	; 0x574
 14c:	726f633d 	rsbvc	r6, pc, #-201326592	; 0xf4000000
 150:	2d786574 	cfldr64cs	mvdx6, [r8, #-464]!	; 0xfffffe30
 154:	2d203961 	stccs	9, cr3, [r0, #-388]!	; 0xfffffe7c
 158:	6f6c666d 	svcvs	0x006c666d
 15c:	612d7461 	teqvs	sp, r1, ror #8
 160:	683d6962 	ldmdavs	sp!, {r1, r5, r6, r8, fp, sp, lr}
 164:	20647261 	rsbcs	r7, r4, r1, ror #4
 168:	70666d2d 	rsbvc	r6, r6, sp, lsr #26
 16c:	66763d75 			; <UNDEFINED> instruction: 0x66763d75
 170:	2d337670 	ldccs	6, cr7, [r3, #-448]!	; 0xfffffe40
 174:	20363164 	eorscs	r3, r6, r4, ror #2
 178:	68746d2d 	ldmdavs	r4!, {r0, r2, r3, r5, r8, sl, fp, sp, lr}^
 17c:	20626d75 	rsbcs	r6, r2, r5, ror sp
 180:	6c746d2d 	ldclvs	13, cr6, [r4], #-180	; 0xffffff4c
 184:	69642d73 	stmdbvs	r4!, {r0, r1, r4, r5, r6, r8, sl, fp, sp}^
 188:	63656c61 	cmnvs	r5, #24832	; 0x6100
 18c:	6e673d74 	mcrvs	13, 3, r3, cr7, cr4, {3}
 190:	672d2075 			; <UNDEFINED> instruction: 0x672d2075
 194:	20672d20 	rsbcs	r2, r7, r0, lsr #26
 198:	2d20672d 	stccs	7, cr6, [r0, #-180]!	; 0xffffff4c
 19c:	2d20324f 	sfmcs	f3, 4, [r0, #-316]!	; 0xfffffec4
 1a0:	2d20324f 	sfmcs	f3, 4, [r0, #-316]!	; 0xfffffec4
 1a4:	2d20324f 	sfmcs	f3, 4, [r0, #-316]!	; 0xfffffec4
 1a8:	69756266 	ldmdbvs	r5!, {r1, r2, r5, r6, r9, sp, lr}^
 1ac:	6e69646c 	cdpvs	4, 6, cr6, cr9, cr12, {3}
 1b0:	696c2d67 	stmdbvs	ip!, {r0, r1, r2, r5, r6, r8, sl, fp, sp}^
 1b4:	63636762 	cmnvs	r3, #25690112	; 0x1880000
 1b8:	6e662d20 	cdpvs	13, 6, cr2, cr6, cr0, {1}
 1bc:	74732d6f 	ldrbtvc	r2, [r3], #-3439	; 0xd6f
 1c0:	2d6b6361 	stclcs	3, cr6, [fp, #-388]!	; 0xfffffe7c
 1c4:	746f7270 	strbtvc	r7, [pc], #-624	; 1cc <shift+0x1cc>
 1c8:	6f746365 	svcvs	0x00746365
 1cc:	662d2072 			; <UNDEFINED> instruction: 0x662d2072
 1d0:	20434950 	subcs	r4, r3, r0, asr r9
 1d4:	6f6e662d 	svcvs	0x006e662d
 1d8:	6c6e692d 	stclvs	9, cr6, [lr], #-180	; 0xffffff4c
 1dc:	20656e69 	rsbcs	r6, r5, r9, ror #28
 1e0:	7865662d 	stmdavc	r5!, {r0, r2, r3, r5, r9, sl, sp, lr}^
 1e4:	74706563 	ldrbtvc	r6, [r0], #-1379	; 0x563
 1e8:	736e6f69 	cmnvc	lr, #420	; 0x1a4
 1ec:	76662d20 	strbtvc	r2, [r6], -r0, lsr #26
 1f0:	62697369 	rsbvs	r7, r9, #-1543503871	; 0xa4000001
 1f4:	74696c69 	strbtvc	r6, [r9], #-3177	; 0xc69
 1f8:	69683d79 	stmdbvs	r8!, {r0, r3, r4, r5, r6, r8, sl, fp, ip, sp}^
 1fc:	6e656464 	cdpvs	4, 6, cr6, cr5, cr4, {3}
 200:	49445500 	stmdbmi	r4, {r8, sl, ip, lr}^
 204:	65707974 	ldrbvs	r7, [r0, #-2420]!	; 0x974
 208:	6d6f6300 	stclvs	3, cr6, [pc, #-0]	; 210 <shift+0x210>
 20c:	78656c70 	stmdavc	r5!, {r4, r5, r6, sl, fp, sp, lr}^
 210:	6f6c6620 	svcvs	0x006c6620
 214:	73007461 	movwvc	r7, #1121	; 0x461
 218:	74657a69 	strbtvc	r7, [r5], #-2665	; 0xa69
 21c:	00657079 	rsbeq	r7, r5, r9, ror r0
 220:	676e6f6c 	strbvs	r6, [lr, -ip, ror #30]!
 224:	6e6f6c20 	cdpvs	12, 6, cr6, cr15, cr0, {1}
 228:	6e692067 	cdpvs	0, 6, cr2, cr9, cr7, {3}
 22c:	53550074 	cmppl	r5, #116	; 0x74
 230:	70797449 	rsbsvc	r7, r9, r9, asr #8
 234:	68730065 	ldmdavs	r3!, {r0, r2, r5, r6}^
 238:	2074726f 	rsbscs	r7, r4, pc, ror #4
 23c:	00746e69 	rsbseq	r6, r4, r9, ror #28
 240:	706d6f63 	rsbvc	r6, sp, r3, ror #30
 244:	2078656c 	rsbscs	r6, r8, ip, ror #10
 248:	62756f64 	rsbsvs	r6, r5, #100, 30	; 0x190
 24c:	2f00656c 	svccs	0x0000656c
 250:	656d6f68 	strbvs	r6, [sp, #-3944]!	; 0xf68
 254:	7763742f 	strbvc	r7, [r3, -pc, lsr #8]!
 258:	75622d67 	strbvc	r2, [r2, #-3431]!	; 0xd67
 25c:	73646c69 	cmnvc	r4, #26880	; 0x6900
 260:	6576616c 	ldrbvs	r6, [r6, #-364]!	; 0x16c
 264:	726f772f 	rsbvc	r7, pc, #12320768	; 0xbc0000
 268:	6170736b 	cmnvs	r0, fp, ror #6
 26c:	742f6563 	strtvc	r6, [pc], #-1379	; 274 <shift+0x274>
 270:	2d677763 	stclcs	7, cr7, [r7, #-396]!	; 0xfffffe74
 274:	656b616d 	strbvs	r6, [fp, #-365]!	; 0x16d
 278:	6c65722d 	sfmvs	f7, 2, [r5], #-180	; 0xffffff4c
 27c:	65736165 	ldrbvs	r6, [r3, #-357]!	; 0x165
 280:	62616c2f 	rsbvs	r6, r1, #12032	; 0x2f00
 284:	642f6c65 	strtvs	r6, [pc], #-3173	; 28c <shift+0x28c>
 288:	656b636f 	strbvs	r6, [fp, #-879]!	; 0x36f
 28c:	72742d72 	rsbsvc	r2, r4, #7296	; 0x1c80
 290:	79747375 	ldmdbvc	r4!, {r0, r2, r4, r5, r6, r8, r9, ip, sp, lr}^
 294:	646d612d 	strbtvs	r6, [sp], #-301	; 0x12d
 298:	742d3436 	strtvc	r3, [sp], #-1078	; 0x436
 29c:	2d677763 	stclcs	7, cr7, [r7, #-396]!	; 0xfffffe74
 2a0:	6c697562 	cfstr64vs	mvdx7, [r9], #-392	; 0xfffffe78
 2a4:	61742f64 	cmnvs	r4, r4, ror #30
 2a8:	74656772 	strbtvc	r6, [r5], #-1906	; 0x772
 2ac:	6d72612f 	ldfvse	f6, [r2, #-188]!	; 0xffffff44
 2b0:	6e696c2d 	cdpvs	12, 6, cr6, cr9, cr13, {1}
 2b4:	672d7875 			; <UNDEFINED> instruction: 0x672d7875
 2b8:	6165756e 	cmnvs	r5, lr, ror #10
 2bc:	66686962 	strbtvs	r6, [r8], -r2, ror #18
 2c0:	616e732f 	cmnvs	lr, pc, lsr #6
 2c4:	6f687370 	svcvs	0x00687370
 2c8:	672f7374 			; <UNDEFINED> instruction: 0x672f7374
 2cc:	6c2d6363 	stcvs	3, cr6, [sp], #-396	; 0xfffffe74
 2d0:	72616e69 	rsbvc	r6, r1, #1680	; 0x690
 2d4:	2e342d6f 	cdpcs	13, 3, cr2, cr4, cr15, {3}
 2d8:	30322d39 	eorscc	r2, r2, r9, lsr sp
 2dc:	302e3731 	eorcc	r3, lr, r1, lsr r7
 2e0:	696c2f31 	stmdbvs	ip!, {r0, r4, r5, r8, r9, sl, fp, sp}^
 2e4:	63636762 	cmnvs	r3, #25690112	; 0x1880000
 2e8:	62696c2f 	rsbvs	r6, r9, #12032	; 0x2f00
 2ec:	32636367 	rsbcc	r6, r3, #-1677721599	; 0x9c000001
 2f0:	地址 0x00000000000002f0 越界。

