
backlight.elf：     文件格式 elf32-littlearm


Disassembly of section .text:

87800000 <_start>:
87800000:	e59ff120 	ldr	pc, [pc, #288]	; 87800128 <FIQ_Handler+0x8>
87800004:	e59ff120 	ldr	pc, [pc, #288]	; 8780012c <FIQ_Handler+0xc>
87800008:	e59ff120 	ldr	pc, [pc, #288]	; 87800130 <FIQ_Handler+0x10>
8780000c:	e59ff120 	ldr	pc, [pc, #288]	; 87800134 <FIQ_Handler+0x14>
87800010:	e59ff120 	ldr	pc, [pc, #288]	; 87800138 <FIQ_Handler+0x18>
87800014:	e59ff120 	ldr	pc, [pc, #288]	; 8780013c <FIQ_Handler+0x1c>
87800018:	e59ff120 	ldr	pc, [pc, #288]	; 87800140 <FIQ_Handler+0x20>
8780001c:	e59ff120 	ldr	pc, [pc, #288]	; 87800144 <FIQ_Handler+0x24>

87800020 <Reset_Handler>:
87800020:	f10c0080 	cpsid	i
87800024:	ee110f10 	mrc	15, 0, r0, cr1, cr0, {0}
87800028:	e3c00a01 	bic	r0, r0, #4096	; 0x1000
8780002c:	e3c00b02 	bic	r0, r0, #2048	; 0x800
87800030:	e3c00004 	bic	r0, r0, #4
87800034:	e3c00002 	bic	r0, r0, #2
87800038:	e3c00001 	bic	r0, r0, #1
8780003c:	ee010f10 	mcr	15, 0, r0, cr1, cr0, {0}

87800040 <_bss_start>:
87800040:	87800040 	strhi	r0, [r0, r0, asr #32]

87800044 <_bss_end>:
87800044:	87800044 	strhi	r0, [r0, r4, asr #32]
87800048:	e51f0010 	ldr	r0, [pc, #-16]	; 87800040 <_bss_start>
8780004c:	e51f1010 	ldr	r1, [pc, #-16]	; 87800044 <_bss_end>
87800050:	e3a02000 	mov	r2, #0

87800054 <bss_loop>:
87800054:	e8a00004 	stmia	r0!, {r2}
87800058:	e1500001 	cmp	r0, r1
8780005c:	dafffffc 	ble	87800054 <bss_loop>
87800060:	e10f0000 	mrs	r0, CPSR
87800064:	e3c0001f 	bic	r0, r0, #31
87800068:	e3800012 	orr	r0, r0, #18
8780006c:	e129f000 	msr	CPSR_fc, r0
87800070:	e59fd0d0 	ldr	sp, [pc, #208]	; 87800148 <FIQ_Handler+0x28>
87800074:	e10f0000 	mrs	r0, CPSR
87800078:	e3c0001f 	bic	r0, r0, #31
8780007c:	e380001f 	orr	r0, r0, #31
87800080:	e129f000 	msr	CPSR_fc, r0
87800084:	e59fd0c0 	ldr	sp, [pc, #192]	; 8780014c <FIQ_Handler+0x2c>
87800088:	e10f0000 	mrs	r0, CPSR
8780008c:	e3c0001f 	bic	r0, r0, #31
87800090:	e3800013 	orr	r0, r0, #19
87800094:	e129f000 	msr	CPSR_fc, r0
87800098:	e59fd0b0 	ldr	sp, [pc, #176]	; 87800150 <FIQ_Handler+0x30>
8780009c:	f1080080 	cpsie	i
878000a0:	ea001222 	b	87804930 <__main_from_arm>

878000a4 <Undefined_Handler>:
878000a4:	e59f0080 	ldr	r0, [pc, #128]	; 8780012c <FIQ_Handler+0xc>
878000a8:	e12fff10 	bx	r0

878000ac <SVC_Handler>:
878000ac:	e59f007c 	ldr	r0, [pc, #124]	; 87800130 <FIQ_Handler+0x10>
878000b0:	e12fff10 	bx	r0

878000b4 <PreAbort_Handler>:
878000b4:	e59f0078 	ldr	r0, [pc, #120]	; 87800134 <FIQ_Handler+0x14>
878000b8:	e12fff10 	bx	r0

878000bc <DataAbort_Handler>:
878000bc:	e59f0074 	ldr	r0, [pc, #116]	; 87800138 <FIQ_Handler+0x18>
878000c0:	e12fff10 	bx	r0

878000c4 <NotUsed_Handler>:
878000c4:	e59f0070 	ldr	r0, [pc, #112]	; 8780013c <FIQ_Handler+0x1c>
878000c8:	e12fff10 	bx	r0

878000cc <IRQ_Handler>:
878000cc:	e52de004 	push	{lr}		; (str lr, [sp, #-4]!)
878000d0:	e92d100f 	push	{r0, r1, r2, r3, ip}
878000d4:	e14f0000 	mrs	r0, SPSR
878000d8:	e52d0004 	push	{r0}		; (str r0, [sp, #-4]!)
878000dc:	ee9f1f10 	mrc	15, 4, r1, cr15, cr0, {0}
878000e0:	e2811a02 	add	r1, r1, #8192	; 0x2000
878000e4:	e591000c 	ldr	r0, [r1, #12]
878000e8:	e92d0003 	push	{r0, r1}
878000ec:	f1020013 	cps	#19
878000f0:	e52de004 	push	{lr}		; (str lr, [sp, #-4]!)
878000f4:	e59f2058 	ldr	r2, [pc, #88]	; 87800154 <FIQ_Handler+0x34>
878000f8:	e12fff32 	blx	r2
878000fc:	e49de004 	pop	{lr}		; (ldr lr, [sp], #4)
87800100:	f1020012 	cps	#18
87800104:	e8bd0003 	pop	{r0, r1}
87800108:	e5810010 	str	r0, [r1, #16]
8780010c:	e49d0004 	pop	{r0}		; (ldr r0, [sp], #4)
87800110:	e16ff000 	msr	SPSR_fsxc, r0
87800114:	e8bd100f 	pop	{r0, r1, r2, r3, ip}
87800118:	e49de004 	pop	{lr}		; (ldr lr, [sp], #4)
8780011c:	e25ef004 	subs	pc, lr, #4

87800120 <FIQ_Handler>:
87800120:	e59f001c 	ldr	r0, [pc, #28]	; 87800144 <FIQ_Handler+0x24>
87800124:	e12fff10 	bx	r0
87800128:	87800020 	strhi	r0, [r0, r0, lsr #32]
8780012c:	878000a4 	strhi	r0, [r0, r4, lsr #1]
87800130:	878000ac 	strhi	r0, [r0, ip, lsr #1]
87800134:	878000b4 			; <UNDEFINED> instruction: 0x878000b4
87800138:	878000bc 			; <UNDEFINED> instruction: 0x878000bc
8780013c:	878000c4 	strhi	r0, [r0, r4, asr #1]
87800140:	878000cc 	strhi	r0, [r0, ip, asr #1]
87800144:	87800120 	strhi	r0, [r0, r0, lsr #2]
87800148:	80600000 	rsbhi	r0, r0, r0
8780014c:	80400000 	subhi	r0, r0, r0
87800150:	80200000 	eorhi	r0, r0, r0
87800154:	87800891 			; <UNDEFINED> instruction: 0x87800891
87800158:	00001e41 	andeq	r1, r0, r1, asr #28
8780015c:	61656100 	cmnvs	r5, r0, lsl #2
87800160:	01006962 	tsteq	r0, r2, ror #18
87800164:	00000014 	andeq	r0, r0, r4, lsl r0
87800168:	412d3705 	teqmi	sp, r5, lsl #14
8780016c:	070a0600 	streq	r0, [sl, -r0, lsl #12]
87800170:	09010841 	stmdbeq	r1, {r0, r6, fp}
87800174:	00040a02 	andeq	r0, r4, r2, lsl #20
	...

87800180 <__umodsi3>:
87800180:	e2512001 	subs	r2, r1, #1
87800184:	3a000062 	bcc	87800314 <Ldiv0>
87800188:	11500001 	cmpne	r0, r1
8780018c:	03a00000 	moveq	r0, #0
87800190:	81110002 	tsthi	r1, r2
87800194:	00000002 	andeq	r0, r0, r2
87800198:	91a0f00e 	movls	pc, lr
8780019c:	e3a02000 	mov	r2, #0
878001a0:	e3510201 	cmp	r1, #268435456	; 0x10000000
878001a4:	31510000 	cmpcc	r1, r0
878001a8:	31a01201 	lslcc	r1, r1, #4
878001ac:	32822004 	addcc	r2, r2, #4
878001b0:	3afffffa 	bcc	878001a0 <__umodsi3+0x20>
878001b4:	e3510102 	cmp	r1, #-2147483648	; 0x80000000
878001b8:	31510000 	cmpcc	r1, r0
878001bc:	31a01081 	lslcc	r1, r1, #1
878001c0:	32822001 	addcc	r2, r2, #1
878001c4:	3afffffa 	bcc	878001b4 <__umodsi3+0x34>
878001c8:	e2522003 	subs	r2, r2, #3
878001cc:	ba00000e 	blt	8780020c <__umodsi3+0x8c>
878001d0:	e1500001 	cmp	r0, r1
878001d4:	20400001 	subcs	r0, r0, r1
878001d8:	e15000a1 	cmp	r0, r1, lsr #1
878001dc:	204000a1 	subcs	r0, r0, r1, lsr #1
878001e0:	e1500121 	cmp	r0, r1, lsr #2
878001e4:	20400121 	subcs	r0, r0, r1, lsr #2
878001e8:	e15001a1 	cmp	r0, r1, lsr #3
878001ec:	204001a1 	subcs	r0, r0, r1, lsr #3
878001f0:	e3500001 	cmp	r0, #1
878001f4:	e1a01221 	lsr	r1, r1, #4
878001f8:	a2522004 	subsge	r2, r2, #4
878001fc:	aafffff3 	bge	878001d0 <__umodsi3+0x50>
87800200:	e3120003 	tst	r2, #3
87800204:	13300000 	teqne	r0, #0
87800208:	0a00000a 	beq	87800238 <__umodsi3+0xb8>
8780020c:	e3720002 	cmn	r2, #2
87800210:	ba000006 	blt	87800230 <__umodsi3+0xb0>
87800214:	0a000002 	beq	87800224 <__umodsi3+0xa4>
87800218:	e1500001 	cmp	r0, r1
8780021c:	20400001 	subcs	r0, r0, r1
87800220:	e1a010a1 	lsr	r1, r1, #1
87800224:	e1500001 	cmp	r0, r1
87800228:	20400001 	subcs	r0, r0, r1
8780022c:	e1a010a1 	lsr	r1, r1, #1
87800230:	e1500001 	cmp	r0, r1
87800234:	20400001 	subcs	r0, r0, r1
87800238:	e1a0f00e 	mov	pc, lr
8780023c:	90909090 	umullsls	r9, r0, r0, r0

87800240 <__modsi3>:
87800240:	e3510000 	cmp	r1, #0
87800244:	0a000032 	beq	87800314 <Ldiv0>
87800248:	42611000 	rsbmi	r1, r1, #0
8780024c:	e1b0c000 	movs	ip, r0
87800250:	42600000 	rsbmi	r0, r0, #0
87800254:	e2512001 	subs	r2, r1, #1
87800258:	11500001 	cmpne	r0, r1
8780025c:	03a00000 	moveq	r0, #0
87800260:	81110002 	tsthi	r1, r2
87800264:	00000002 	andeq	r0, r0, r2
87800268:	9a000026 	bls	87800308 <__modsi3+0xc8>
8780026c:	e3a02000 	mov	r2, #0
87800270:	e3510201 	cmp	r1, #268435456	; 0x10000000
87800274:	31510000 	cmpcc	r1, r0
87800278:	31a01201 	lslcc	r1, r1, #4
8780027c:	32822004 	addcc	r2, r2, #4
87800280:	3afffffa 	bcc	87800270 <__modsi3+0x30>
87800284:	e3510102 	cmp	r1, #-2147483648	; 0x80000000
87800288:	31510000 	cmpcc	r1, r0
8780028c:	31a01081 	lslcc	r1, r1, #1
87800290:	32822001 	addcc	r2, r2, #1
87800294:	3afffffa 	bcc	87800284 <__modsi3+0x44>
87800298:	e2522003 	subs	r2, r2, #3
8780029c:	ba00000e 	blt	878002dc <__modsi3+0x9c>
878002a0:	e1500001 	cmp	r0, r1
878002a4:	20400001 	subcs	r0, r0, r1
878002a8:	e15000a1 	cmp	r0, r1, lsr #1
878002ac:	204000a1 	subcs	r0, r0, r1, lsr #1
878002b0:	e1500121 	cmp	r0, r1, lsr #2
878002b4:	20400121 	subcs	r0, r0, r1, lsr #2
878002b8:	e15001a1 	cmp	r0, r1, lsr #3
878002bc:	204001a1 	subcs	r0, r0, r1, lsr #3
878002c0:	e3500001 	cmp	r0, #1
878002c4:	e1a01221 	lsr	r1, r1, #4
878002c8:	a2522004 	subsge	r2, r2, #4
878002cc:	aafffff3 	bge	878002a0 <__modsi3+0x60>
878002d0:	e3120003 	tst	r2, #3
878002d4:	13300000 	teqne	r0, #0
878002d8:	0a00000a 	beq	87800308 <__modsi3+0xc8>
878002dc:	e3720002 	cmn	r2, #2
878002e0:	ba000006 	blt	87800300 <__modsi3+0xc0>
878002e4:	0a000002 	beq	878002f4 <__modsi3+0xb4>
878002e8:	e1500001 	cmp	r0, r1
878002ec:	20400001 	subcs	r0, r0, r1
878002f0:	e1a010a1 	lsr	r1, r1, #1
878002f4:	e1500001 	cmp	r0, r1
878002f8:	20400001 	subcs	r0, r0, r1
878002fc:	e1a010a1 	lsr	r1, r1, #1
87800300:	e1500001 	cmp	r0, r1
87800304:	20400001 	subcs	r0, r0, r1
87800308:	e35c0000 	cmp	ip, #0
8780030c:	42600000 	rsbmi	r0, r0, #0
87800310:	e1a0f00e 	mov	pc, lr

87800314 <Ldiv0>:
87800314:	e52de004 	push	{lr}		; (str lr, [sp, #-4]!)
87800318:	e3a00000 	mov	r0, #0
8780031c:	e49df004 	pop	{pc}		; (ldr pc, [sp], #4)

87800320 <imx6ul_hardfpu_enable>:
87800320:	ee11 3f50 	mrc	15, 0, r3, cr1, cr0, {2}
87800324:	f023 4340 	bic.w	r3, r3, #3221225472	; 0xc0000000
87800328:	f423 0370 	bic.w	r3, r3, #15728640	; 0xf00000
8780032c:	f443 0370 	orr.w	r3, r3, #15728640	; 0xf00000
87800330:	ee01 3f50 	mcr	15, 0, r3, cr1, cr0, {2}
87800334:	eef8 3a10 	vmrs	r3, fpexc
87800338:	f043 4380 	orr.w	r3, r3, #1073741824	; 0x40000000
8780033c:	eee8 3a10 	vmsr	fpexc, r3
87800340:	4770      	bx	lr
87800342:	bf00      	nop

87800344 <clk_enable>:
87800344:	f44f 4380 	mov.w	r3, #16384	; 0x4000
87800348:	f04f 32ff 	mov.w	r2, #4294967295	; 0xffffffff
8780034c:	f2c0 230c 	movt	r3, #524	; 0x20c
87800350:	669a      	str	r2, [r3, #104]	; 0x68
87800352:	66da      	str	r2, [r3, #108]	; 0x6c
87800354:	671a      	str	r2, [r3, #112]	; 0x70
87800356:	675a      	str	r2, [r3, #116]	; 0x74
87800358:	679a      	str	r2, [r3, #120]	; 0x78
8780035a:	67da      	str	r2, [r3, #124]	; 0x7c
8780035c:	f8c3 2080 	str.w	r2, [r3, #128]	; 0x80
87800360:	4770      	bx	lr
87800362:	bf00      	nop

87800364 <imx6u_clkinit>:
87800364:	f44f 4380 	mov.w	r3, #16384	; 0x4000
87800368:	b430      	push	{r4, r5}
8780036a:	f2c0 230c 	movt	r3, #524	; 0x20c
8780036e:	68da      	ldr	r2, [r3, #12]
87800370:	0751      	lsls	r1, r2, #29
87800372:	d407      	bmi.n	87800384 <imx6u_clkinit+0x20>
87800374:	68da      	ldr	r2, [r3, #12]
87800376:	f422 7280 	bic.w	r2, r2, #256	; 0x100
8780037a:	60da      	str	r2, [r3, #12]
8780037c:	68da      	ldr	r2, [r3, #12]
8780037e:	f042 0204 	orr.w	r2, r2, #4
87800382:	60da      	str	r2, [r3, #12]
87800384:	f44f 4200 	mov.w	r2, #32768	; 0x8000
87800388:	f44f 4380 	mov.w	r3, #16384	; 0x4000
8780038c:	f2c0 230c 	movt	r3, #524	; 0x20c
87800390:	f2c0 220c 	movt	r2, #524	; 0x20c
87800394:	f242 0058 	movw	r0, #8280	; 0x2058
87800398:	2101      	movs	r1, #1
8780039a:	6010      	str	r0, [r2, #0]
8780039c:	f241 041b 	movw	r4, #4123	; 0x101b
878003a0:	6119      	str	r1, [r3, #16]
878003a2:	f2c2 0418 	movt	r4, #8216	; 0x2018
878003a6:	68dd      	ldr	r5, [r3, #12]
878003a8:	f241 000c 	movw	r0, #4108	; 0x100c
878003ac:	f2c1 3011 	movt	r0, #4881	; 0x1311
878003b0:	4619      	mov	r1, r3
878003b2:	f025 0504 	bic.w	r5, r5, #4
878003b6:	60dd      	str	r5, [r3, #12]
878003b8:	f8d2 5100 	ldr.w	r5, [r2, #256]	; 0x100
878003bc:	f005 35c0 	and.w	r5, r5, #3233857728	; 0xc0c0c0c0
878003c0:	432c      	orrs	r4, r5
878003c2:	f8c2 4100 	str.w	r4, [r2, #256]	; 0x100
878003c6:	f8d2 40f0 	ldr.w	r4, [r2, #240]	; 0xf0
878003ca:	f004 34c0 	and.w	r4, r4, #3233857728	; 0xc0c0c0c0
878003ce:	4320      	orrs	r0, r4
878003d0:	f8c2 00f0 	str.w	r0, [r2, #240]	; 0xf0
878003d4:	699a      	ldr	r2, [r3, #24]
878003d6:	f422 2240 	bic.w	r2, r2, #786432	; 0xc0000
878003da:	619a      	str	r2, [r3, #24]
878003dc:	699a      	ldr	r2, [r3, #24]
878003de:	f442 2280 	orr.w	r2, r2, #262144	; 0x40000
878003e2:	619a      	str	r2, [r3, #24]
878003e4:	6c8a      	ldr	r2, [r1, #72]	; 0x48
878003e6:	f44f 4380 	mov.w	r3, #16384	; 0x4000
878003ea:	f2c0 230c 	movt	r3, #524	; 0x20c
878003ee:	0692      	lsls	r2, r2, #26
878003f0:	d4f8      	bmi.n	878003e4 <imx6u_clkinit+0x80>
878003f2:	695a      	ldr	r2, [r3, #20]
878003f4:	bc30      	pop	{r4, r5}
878003f6:	f022 7200 	bic.w	r2, r2, #33554432	; 0x2000000
878003fa:	615a      	str	r2, [r3, #20]
878003fc:	695a      	ldr	r2, [r3, #20]
878003fe:	f422 7240 	bic.w	r2, r2, #768	; 0x300
87800402:	615a      	str	r2, [r3, #20]
87800404:	695a      	ldr	r2, [r3, #20]
87800406:	f442 7280 	orr.w	r2, r2, #256	; 0x100
8780040a:	615a      	str	r2, [r3, #20]
8780040c:	69da      	ldr	r2, [r3, #28]
8780040e:	f022 0240 	bic.w	r2, r2, #64	; 0x40
87800412:	61da      	str	r2, [r3, #28]
87800414:	69da      	ldr	r2, [r3, #28]
87800416:	f022 023f 	bic.w	r2, r2, #63	; 0x3f
8780041a:	61da      	str	r2, [r3, #28]
8780041c:	6a5a      	ldr	r2, [r3, #36]	; 0x24
8780041e:	f022 0240 	bic.w	r2, r2, #64	; 0x40
87800422:	625a      	str	r2, [r3, #36]	; 0x24
87800424:	6a5a      	ldr	r2, [r3, #36]	; 0x24
87800426:	f022 023f 	bic.w	r2, r2, #63	; 0x3f
8780042a:	625a      	str	r2, [r3, #36]	; 0x24
8780042c:	6b9a      	ldr	r2, [r3, #56]	; 0x38
8780042e:	f422 2280 	bic.w	r2, r2, #262144	; 0x40000
87800432:	639a      	str	r2, [r3, #56]	; 0x38
87800434:	6b9a      	ldr	r2, [r3, #56]	; 0x38
87800436:	f022 72fc 	bic.w	r2, r2, #33030144	; 0x1f80000
8780043a:	639a      	str	r2, [r3, #56]	; 0x38
8780043c:	4770      	bx	lr
8780043e:	bf00      	nop

87800440 <led_init>:
87800440:	2168      	movs	r1, #104	; 0x68
87800442:	f44f 723d 	mov.w	r2, #756	; 0x2f4
87800446:	f44f 4340 	mov.w	r3, #49152	; 0xc000
8780044a:	b430      	push	{r4, r5}
8780044c:	f2c0 2309 	movt	r3, #521	; 0x209
87800450:	2505      	movs	r5, #5
87800452:	f2c0 220e 	movt	r2, #526	; 0x20e
87800456:	f241 04b0 	movw	r4, #4272	; 0x10b0
8780045a:	2008      	movs	r0, #8
8780045c:	f2c0 210e 	movt	r1, #526	; 0x20e
87800460:	600d      	str	r5, [r1, #0]
87800462:	6014      	str	r4, [r2, #0]
87800464:	6058      	str	r0, [r3, #4]
87800466:	681a      	ldr	r2, [r3, #0]
87800468:	bc30      	pop	{r4, r5}
8780046a:	4302      	orrs	r2, r0
8780046c:	601a      	str	r2, [r3, #0]
8780046e:	4770      	bx	lr

87800470 <led_on>:
87800470:	f44f 4340 	mov.w	r3, #49152	; 0xc000
87800474:	f2c0 2309 	movt	r3, #521	; 0x209
87800478:	681a      	ldr	r2, [r3, #0]
8780047a:	f022 0208 	bic.w	r2, r2, #8
8780047e:	601a      	str	r2, [r3, #0]
87800480:	4770      	bx	lr
87800482:	bf00      	nop

87800484 <led_off>:
87800484:	f44f 4340 	mov.w	r3, #49152	; 0xc000
87800488:	f2c0 2309 	movt	r3, #521	; 0x209
8780048c:	681a      	ldr	r2, [r3, #0]
8780048e:	f042 0208 	orr.w	r2, r2, #8
87800492:	601a      	str	r2, [r3, #0]
87800494:	4770      	bx	lr
87800496:	bf00      	nop

87800498 <led_switch>:
87800498:	b950      	cbnz	r0, 878004b0 <led_switch+0x18>
8780049a:	2901      	cmp	r1, #1
8780049c:	d009      	beq.n	878004b2 <led_switch+0x1a>
8780049e:	b939      	cbnz	r1, 878004b0 <led_switch+0x18>
878004a0:	f44f 4340 	mov.w	r3, #49152	; 0xc000
878004a4:	f2c0 2309 	movt	r3, #521	; 0x209
878004a8:	681a      	ldr	r2, [r3, #0]
878004aa:	f042 0208 	orr.w	r2, r2, #8
878004ae:	601a      	str	r2, [r3, #0]
878004b0:	4770      	bx	lr
878004b2:	f44f 4340 	mov.w	r3, #49152	; 0xc000
878004b6:	f2c0 2309 	movt	r3, #521	; 0x209
878004ba:	681a      	ldr	r2, [r3, #0]
878004bc:	f022 0208 	bic.w	r2, r2, #8
878004c0:	601a      	str	r2, [r3, #0]
878004c2:	4770      	bx	lr

878004c4 <delay_init>:
878004c4:	f44f 4300 	mov.w	r3, #32768	; 0x8000
878004c8:	2200      	movs	r2, #0
878004ca:	f2c0 2309 	movt	r3, #521	; 0x209
878004ce:	601a      	str	r2, [r3, #0]
878004d0:	4619      	mov	r1, r3
878004d2:	689a      	ldr	r2, [r3, #8]
878004d4:	f442 4200 	orr.w	r2, r2, #32768	; 0x8000
878004d8:	609a      	str	r2, [r3, #8]
878004da:	688a      	ldr	r2, [r1, #8]
878004dc:	f44f 4300 	mov.w	r3, #32768	; 0x8000
878004e0:	f2c0 2309 	movt	r3, #521	; 0x209
878004e4:	0412      	lsls	r2, r2, #16
878004e6:	d4f8      	bmi.n	878004da <delay_init+0x16>
878004e8:	681a      	ldr	r2, [r3, #0]
878004ea:	2141      	movs	r1, #65	; 0x41
878004ec:	f042 0242 	orr.w	r2, r2, #66	; 0x42
878004f0:	601a      	str	r2, [r3, #0]
878004f2:	6059      	str	r1, [r3, #4]
878004f4:	681a      	ldr	r2, [r3, #0]
878004f6:	f042 0201 	orr.w	r2, r2, #1
878004fa:	601a      	str	r2, [r3, #0]
878004fc:	4770      	bx	lr
878004fe:	bf00      	nop

87800500 <delay_us>:
87800500:	f44f 4100 	mov.w	r1, #32768	; 0x8000
87800504:	b430      	push	{r4, r5}
87800506:	f2c0 2109 	movt	r1, #521	; 0x209
8780050a:	2400      	movs	r4, #0
8780050c:	6a4a      	ldr	r2, [r1, #36]	; 0x24
8780050e:	6a4b      	ldr	r3, [r1, #36]	; 0x24
87800510:	4293      	cmp	r3, r2
87800512:	d0fc      	beq.n	8780050e <delay_us+0xe>
87800514:	1e65      	subs	r5, r4, #1
87800516:	429a      	cmp	r2, r3
87800518:	eba4 0402 	sub.w	r4, r4, r2
8780051c:	eba5 0502 	sub.w	r5, r5, r2
87800520:	bf34      	ite	cc
87800522:	18e4      	addcc	r4, r4, r3
87800524:	18ec      	addcs	r4, r5, r3
87800526:	4284      	cmp	r4, r0
87800528:	461a      	mov	r2, r3
8780052a:	d3f0      	bcc.n	8780050e <delay_us+0xe>
8780052c:	bc30      	pop	{r4, r5}
8780052e:	4770      	bx	lr

87800530 <delay_ms>:
87800530:	b1d8      	cbz	r0, 8780056a <delay_ms+0x3a>
87800532:	f44f 4100 	mov.w	r1, #32768	; 0x8000
87800536:	b470      	push	{r4, r5, r6}
87800538:	f2c0 2109 	movt	r1, #521	; 0x209
8780053c:	2600      	movs	r6, #0
8780053e:	2400      	movs	r4, #0
87800540:	6a4a      	ldr	r2, [r1, #36]	; 0x24
87800542:	6a4b      	ldr	r3, [r1, #36]	; 0x24
87800544:	4293      	cmp	r3, r2
87800546:	d0fc      	beq.n	87800542 <delay_ms+0x12>
87800548:	1e65      	subs	r5, r4, #1
8780054a:	429a      	cmp	r2, r3
8780054c:	eba4 0402 	sub.w	r4, r4, r2
87800550:	eba5 0502 	sub.w	r5, r5, r2
87800554:	bf34      	ite	cc
87800556:	18e4      	addcc	r4, r4, r3
87800558:	18ec      	addcs	r4, r5, r3
8780055a:	f5b4 7f7a 	cmp.w	r4, #1000	; 0x3e8
8780055e:	461a      	mov	r2, r3
87800560:	d3ef      	bcc.n	87800542 <delay_ms+0x12>
87800562:	3601      	adds	r6, #1
87800564:	4286      	cmp	r6, r0
87800566:	d1ea      	bne.n	8780053e <delay_ms+0xe>
87800568:	bc70      	pop	{r4, r5, r6}
8780056a:	4770      	bx	lr

8780056c <delay_short>:
8780056c:	b082      	sub	sp, #8
8780056e:	9001      	str	r0, [sp, #4]
87800570:	9b01      	ldr	r3, [sp, #4]
87800572:	1e5a      	subs	r2, r3, #1
87800574:	9201      	str	r2, [sp, #4]
87800576:	2b00      	cmp	r3, #0
87800578:	d1fa      	bne.n	87800570 <delay_short+0x4>
8780057a:	b002      	add	sp, #8
8780057c:	4770      	bx	lr
8780057e:	bf00      	nop

87800580 <delay>:
87800580:	b082      	sub	sp, #8
87800582:	9001      	str	r0, [sp, #4]
87800584:	9b01      	ldr	r3, [sp, #4]
87800586:	1e5a      	subs	r2, r3, #1
87800588:	9201      	str	r2, [sp, #4]
8780058a:	b153      	cbz	r3, 878005a2 <delay+0x22>
8780058c:	f240 73ff 	movw	r3, #2047	; 0x7ff
87800590:	461a      	mov	r2, r3
87800592:	3b01      	subs	r3, #1
87800594:	2a00      	cmp	r2, #0
87800596:	d1fb      	bne.n	87800590 <delay+0x10>
87800598:	9b01      	ldr	r3, [sp, #4]
8780059a:	1e5a      	subs	r2, r3, #1
8780059c:	9201      	str	r2, [sp, #4]
8780059e:	2b00      	cmp	r3, #0
878005a0:	d1f4      	bne.n	8780058c <delay+0xc>
878005a2:	b002      	add	sp, #8
878005a4:	4770      	bx	lr
878005a6:	bf00      	nop

878005a8 <beep_init>:
878005a8:	210c      	movs	r1, #12
878005aa:	2250      	movs	r2, #80	; 0x50
878005ac:	b530      	push	{r4, r5, lr}
878005ae:	2301      	movs	r3, #1
878005b0:	b085      	sub	sp, #20
878005b2:	f2c0 2129 	movt	r1, #553	; 0x229
878005b6:	2505      	movs	r5, #5
878005b8:	f2c0 2229 	movt	r2, #553	; 0x229
878005bc:	f241 04b0 	movw	r4, #4272	; 0x10b0
878005c0:	f44f 4040 	mov.w	r0, #49152	; 0xc000
878005c4:	600d      	str	r5, [r1, #0]
878005c6:	f2c0 200a 	movt	r0, #522	; 0x20a
878005ca:	6014      	str	r4, [r2, #0]
878005cc:	4619      	mov	r1, r3
878005ce:	aa01      	add	r2, sp, #4
878005d0:	9301      	str	r3, [sp, #4]
878005d2:	f88d 3008 	strb.w	r3, [sp, #8]
878005d6:	f000 f8db 	bl	87800790 <gpio_init>
878005da:	b005      	add	sp, #20
878005dc:	bd30      	pop	{r4, r5, pc}
878005de:	bf00      	nop

878005e0 <beep_switch>:
878005e0:	4602      	mov	r2, r0
878005e2:	b110      	cbz	r0, 878005ea <beep_switch+0xa>
878005e4:	2801      	cmp	r0, #1
878005e6:	d007      	beq.n	878005f8 <beep_switch+0x18>
878005e8:	4770      	bx	lr
878005ea:	f44f 4040 	mov.w	r0, #49152	; 0xc000
878005ee:	2101      	movs	r1, #1
878005f0:	f2c0 200a 	movt	r0, #522	; 0x20a
878005f4:	f000 b856 	b.w	878006a4 <gpio_PinWrite>
878005f8:	f44f 4040 	mov.w	r0, #49152	; 0xc000
878005fc:	4611      	mov	r1, r2
878005fe:	f2c0 200a 	movt	r0, #522	; 0x20a
87800602:	f000 b84f 	b.w	878006a4 <gpio_PinWrite>
87800606:	bf00      	nop

87800608 <key_init>:
87800608:	b570      	push	{r4, r5, r6, lr}
8780060a:	218c      	movs	r1, #140	; 0x8c
8780060c:	b084      	sub	sp, #16
8780060e:	f44f 7346 	mov.w	r3, #792	; 0x318
87800612:	f2c0 230e 	movt	r3, #526	; 0x20e
87800616:	aa04      	add	r2, sp, #16
87800618:	f2c0 210e 	movt	r1, #526	; 0x20e
8780061c:	2605      	movs	r6, #5
8780061e:	f24f 0580 	movw	r5, #61568	; 0xf080
87800622:	2400      	movs	r4, #0
87800624:	f44f 4040 	mov.w	r0, #49152	; 0xc000
87800628:	600e      	str	r6, [r1, #0]
8780062a:	f2c0 2009 	movt	r0, #521	; 0x209
8780062e:	601d      	str	r5, [r3, #0]
87800630:	2112      	movs	r1, #18
87800632:	f842 4d0c 	str.w	r4, [r2, #-12]!
87800636:	f000 f8ab 	bl	87800790 <gpio_init>
8780063a:	b004      	add	sp, #16
8780063c:	bd70      	pop	{r4, r5, r6, pc}
8780063e:	bf00      	nop

87800640 <read_key>:
87800640:	f44f 4040 	mov.w	r0, #49152	; 0xc000
87800644:	2112      	movs	r1, #18
87800646:	f2c0 2009 	movt	r0, #521	; 0x209
8780064a:	f000 b83b 	b.w	878006c4 <gpio_PinRead>
8780064e:	bf00      	nop

87800650 <key_getValue>:
87800650:	b538      	push	{r3, r4, r5, lr}
87800652:	f249 24ac 	movw	r4, #37548	; 0x92ac
87800656:	f2c8 7480 	movt	r4, #34688	; 0x8780
8780065a:	7823      	ldrb	r3, [r4, #0]
8780065c:	2b01      	cmp	r3, #1
8780065e:	d008      	beq.n	87800672 <key_getValue+0x22>
87800660:	f44f 4040 	mov.w	r0, #49152	; 0xc000
87800664:	2112      	movs	r1, #18
87800666:	f2c0 2009 	movt	r0, #521	; 0x209
8780066a:	f000 f82b 	bl	878006c4 <gpio_PinRead>
8780066e:	2000      	movs	r0, #0
87800670:	bd38      	pop	{r3, r4, r5, pc}
87800672:	f44f 4040 	mov.w	r0, #49152	; 0xc000
87800676:	2112      	movs	r1, #18
87800678:	f2c0 2009 	movt	r0, #521	; 0x209
8780067c:	f000 f822 	bl	878006c4 <gpio_PinRead>
87800680:	4605      	mov	r5, r0
87800682:	2800      	cmp	r0, #0
87800684:	d1ec      	bne.n	87800660 <key_getValue+0x10>
87800686:	200a      	movs	r0, #10
87800688:	f7ff ff7a 	bl	87800580 <delay>
8780068c:	f44f 4040 	mov.w	r0, #49152	; 0xc000
87800690:	2112      	movs	r1, #18
87800692:	f2c0 2009 	movt	r0, #521	; 0x209
87800696:	7025      	strb	r5, [r4, #0]
87800698:	f000 f814 	bl	878006c4 <gpio_PinRead>
8780069c:	fab0 f080 	clz	r0, r0
878006a0:	0940      	lsrs	r0, r0, #5
878006a2:	bd38      	pop	{r3, r4, r5, pc}

878006a4 <gpio_PinWrite>:
878006a4:	b132      	cbz	r2, 878006b4 <gpio_PinWrite+0x10>
878006a6:	2a01      	cmp	r2, #1
878006a8:	bf01      	itttt	eq
878006aa:	6803      	ldreq	r3, [r0, #0]
878006ac:	408a      	lsleq	r2, r1
878006ae:	431a      	orreq	r2, r3
878006b0:	6002      	streq	r2, [r0, #0]
878006b2:	4770      	bx	lr
878006b4:	6802      	ldr	r2, [r0, #0]
878006b6:	2301      	movs	r3, #1
878006b8:	408b      	lsls	r3, r1
878006ba:	ea22 0303 	bic.w	r3, r2, r3
878006be:	6003      	str	r3, [r0, #0]
878006c0:	4770      	bx	lr
878006c2:	bf00      	nop

878006c4 <gpio_PinRead>:
878006c4:	6800      	ldr	r0, [r0, #0]
878006c6:	40c8      	lsrs	r0, r1
878006c8:	f000 0001 	and.w	r0, r0, #1
878006cc:	4770      	bx	lr
878006ce:	bf00      	nop

878006d0 <gpio_enable_int>:
878006d0:	6943      	ldr	r3, [r0, #20]
878006d2:	2201      	movs	r2, #1
878006d4:	408a      	lsls	r2, r1
878006d6:	4313      	orrs	r3, r2
878006d8:	6143      	str	r3, [r0, #20]
878006da:	4770      	bx	lr

878006dc <gpio_disable_int>:
878006dc:	6943      	ldr	r3, [r0, #20]
878006de:	2201      	movs	r2, #1
878006e0:	408a      	lsls	r2, r1
878006e2:	ea23 0302 	bic.w	r3, r3, r2
878006e6:	6143      	str	r3, [r0, #20]
878006e8:	4770      	bx	lr
878006ea:	bf00      	nop

878006ec <gpio_clearintflags>:
878006ec:	6983      	ldr	r3, [r0, #24]
878006ee:	2201      	movs	r2, #1
878006f0:	408a      	lsls	r2, r1
878006f2:	4313      	orrs	r3, r2
878006f4:	6183      	str	r3, [r0, #24]
878006f6:	4770      	bx	lr

878006f8 <gpio_intconfig>:
878006f8:	b430      	push	{r4, r5}
878006fa:	2301      	movs	r3, #1
878006fc:	69c4      	ldr	r4, [r0, #28]
878006fe:	408b      	lsls	r3, r1
87800700:	290f      	cmp	r1, #15
87800702:	f102 32ff 	add.w	r2, r2, #4294967295	; 0xffffffff
87800706:	bf88      	it	hi
87800708:	3910      	subhi	r1, #16
8780070a:	ea24 0403 	bic.w	r4, r4, r3
8780070e:	61c4      	str	r4, [r0, #28]
87800710:	bf94      	ite	ls
87800712:	f100 040c 	addls.w	r4, r0, #12
87800716:	f100 0410 	addhi.w	r4, r0, #16
8780071a:	2a04      	cmp	r2, #4
8780071c:	d810      	bhi.n	87800740 <gpio_intconfig+0x48>
8780071e:	e8df f002 	tbb	[pc, r2]
87800722:	2b26031d 	blcs	8818139e <__bss_end+0x97726e>
87800726:	68200011 	stmdavs	r0!, {r0, r4}
8780072a:	0049      	lsls	r1, r1, #1
8780072c:	2203      	movs	r2, #3
8780072e:	2301      	movs	r3, #1
87800730:	408a      	lsls	r2, r1
87800732:	408b      	lsls	r3, r1
87800734:	ea20 0202 	bic.w	r2, r0, r2
87800738:	6022      	str	r2, [r4, #0]
8780073a:	6822      	ldr	r2, [r4, #0]
8780073c:	4313      	orrs	r3, r2
8780073e:	6023      	str	r3, [r4, #0]
87800740:	bc30      	pop	{r4, r5}
87800742:	4770      	bx	lr
87800744:	0049      	lsls	r1, r1, #1
87800746:	6825      	ldr	r5, [r4, #0]
87800748:	2203      	movs	r2, #3
8780074a:	408a      	lsls	r2, r1
8780074c:	ea25 0202 	bic.w	r2, r5, r2
87800750:	6022      	str	r2, [r4, #0]
87800752:	69c2      	ldr	r2, [r0, #28]
87800754:	bc30      	pop	{r4, r5}
87800756:	4313      	orrs	r3, r2
87800758:	61c3      	str	r3, [r0, #28]
8780075a:	4770      	bx	lr
8780075c:	0049      	lsls	r1, r1, #1
8780075e:	6822      	ldr	r2, [r4, #0]
87800760:	2303      	movs	r3, #3
87800762:	408b      	lsls	r3, r1
87800764:	ea22 0303 	bic.w	r3, r2, r3
87800768:	6023      	str	r3, [r4, #0]
8780076a:	bc30      	pop	{r4, r5}
8780076c:	4770      	bx	lr
8780076e:	0049      	lsls	r1, r1, #1
87800770:	2203      	movs	r2, #3
87800772:	6820      	ldr	r0, [r4, #0]
87800774:	2302      	movs	r3, #2
87800776:	e7db      	b.n	87800730 <gpio_intconfig+0x38>
87800778:	0049      	lsls	r1, r1, #1
8780077a:	6822      	ldr	r2, [r4, #0]
8780077c:	2303      	movs	r3, #3
8780077e:	408b      	lsls	r3, r1
87800780:	ea22 0203 	bic.w	r2, r2, r3
87800784:	6022      	str	r2, [r4, #0]
87800786:	6822      	ldr	r2, [r4, #0]
87800788:	4313      	orrs	r3, r2
8780078a:	6023      	str	r3, [r4, #0]
8780078c:	bc30      	pop	{r4, r5}
8780078e:	4770      	bx	lr

87800790 <gpio_init>:
87800790:	6813      	ldr	r3, [r2, #0]
87800792:	b570      	push	{r4, r5, r6, lr}
87800794:	4615      	mov	r5, r2
87800796:	4604      	mov	r4, r0
87800798:	460e      	mov	r6, r1
8780079a:	b963      	cbnz	r3, 878007b6 <gpio_init+0x26>
8780079c:	6842      	ldr	r2, [r0, #4]
8780079e:	2301      	movs	r3, #1
878007a0:	408b      	lsls	r3, r1
878007a2:	4631      	mov	r1, r6
878007a4:	ea22 0303 	bic.w	r3, r2, r3
878007a8:	68aa      	ldr	r2, [r5, #8]
878007aa:	6043      	str	r3, [r0, #4]
878007ac:	4620      	mov	r0, r4
878007ae:	e8bd 4070 	ldmia.w	sp!, {r4, r5, r6, lr}
878007b2:	f7ff bfa1 	b.w	878006f8 <gpio_intconfig>
878007b6:	6842      	ldr	r2, [r0, #4]
878007b8:	2301      	movs	r3, #1
878007ba:	408b      	lsls	r3, r1
878007bc:	4313      	orrs	r3, r2
878007be:	6043      	str	r3, [r0, #4]
878007c0:	792a      	ldrb	r2, [r5, #4]
878007c2:	f7ff ff6f 	bl	878006a4 <gpio_PinWrite>
878007c6:	68aa      	ldr	r2, [r5, #8]
878007c8:	4631      	mov	r1, r6
878007ca:	4620      	mov	r0, r4
878007cc:	e8bd 4070 	ldmia.w	sp!, {r4, r5, r6, lr}
878007d0:	f7ff bf92 	b.w	878006f8 <gpio_intconfig>

878007d4 <default_irqhandler>:
878007d4:	e7fe      	b.n	878007d4 <default_irqhandler>
878007d6:	bf00      	nop

878007d8 <system_irqTable_init>:
878007d8:	f249 33b0 	movw	r3, #37808	; 0x93b0
878007dc:	f240 72d5 	movw	r2, #2005	; 0x7d5
878007e0:	f2c8 7380 	movt	r3, #34688	; 0x8780
878007e4:	f2c8 7280 	movt	r2, #34688	; 0x8780
878007e8:	f503 60a0 	add.w	r0, r3, #1280	; 0x500
878007ec:	2100      	movs	r1, #0
878007ee:	601a      	str	r2, [r3, #0]
878007f0:	3308      	adds	r3, #8
878007f2:	f843 1c04 	str.w	r1, [r3, #-4]
878007f6:	4283      	cmp	r3, r0
878007f8:	d1f9      	bne.n	878007ee <system_irqTable_init+0x16>
878007fa:	4770      	bx	lr

878007fc <system_register_irqhandler>:
878007fc:	f249 33b0 	movw	r3, #37808	; 0x93b0
87800800:	b410      	push	{r4}
87800802:	f2c8 7380 	movt	r3, #34688	; 0x8780
87800806:	eb03 04c0 	add.w	r4, r3, r0, lsl #3
8780080a:	f843 1030 	str.w	r1, [r3, r0, lsl #3]
8780080e:	6062      	str	r2, [r4, #4]
87800810:	f85d 4b04 	ldr.w	r4, [sp], #4
87800814:	4770      	bx	lr
87800816:	bf00      	nop

87800818 <int_init>:
87800818:	b4f0      	push	{r4, r5, r6, r7}
8780081a:	ee9f 4f10 	mrc	15, 4, r4, cr15, cr0, {0}
8780081e:	0c24      	lsrs	r4, r4, #16
87800820:	f241 0204 	movw	r2, #4100	; 0x1004
87800824:	2300      	movs	r3, #0
87800826:	0424      	lsls	r4, r4, #16
87800828:	f04f 30ff 	mov.w	r0, #4294967295	; 0xffffffff
8780082c:	58a1      	ldr	r1, [r4, r2]
8780082e:	f001 011f 	and.w	r1, r1, #31
87800832:	3101      	adds	r1, #1
87800834:	f503 628c 	add.w	r2, r3, #1120	; 0x460
87800838:	3301      	adds	r3, #1
8780083a:	4299      	cmp	r1, r3
8780083c:	f844 0022 	str.w	r0, [r4, r2, lsl #2]
87800840:	d1f8      	bne.n	87800834 <int_init+0x1c>
87800842:	f249 33b0 	movw	r3, #37808	; 0x93b0
87800846:	f242 0604 	movw	r6, #8196	; 0x2004
8780084a:	27f8      	movs	r7, #248	; 0xf8
8780084c:	f240 72d5 	movw	r2, #2005	; 0x7d5
87800850:	f2c8 7380 	movt	r3, #34688	; 0x8780
87800854:	51a7      	str	r7, [r4, r6]
87800856:	f242 0508 	movw	r5, #8200	; 0x2008
8780085a:	2702      	movs	r7, #2
8780085c:	f2c8 7280 	movt	r2, #34688	; 0x8780
87800860:	f503 60a0 	add.w	r0, r3, #1280	; 0x500
87800864:	2100      	movs	r1, #0
87800866:	5167      	str	r7, [r4, r5]
87800868:	f504 5680 	add.w	r6, r4, #4096	; 0x1000
8780086c:	2501      	movs	r5, #1
8780086e:	f504 5400 	add.w	r4, r4, #8192	; 0x2000
87800872:	6035      	str	r5, [r6, #0]
87800874:	6025      	str	r5, [r4, #0]
87800876:	601a      	str	r2, [r3, #0]
87800878:	3308      	adds	r3, #8
8780087a:	f843 1c04 	str.w	r1, [r3, #-4]
8780087e:	4283      	cmp	r3, r0
87800880:	d1f9      	bne.n	87800876 <int_init+0x5e>
87800882:	2300      	movs	r3, #0
87800884:	f2c8 7380 	movt	r3, #34688	; 0x8780
87800888:	ee0c 3f10 	mcr	15, 0, r3, cr12, cr0, {0}
8780088c:	bcf0      	pop	{r4, r5, r6, r7}
8780088e:	4770      	bx	lr

87800890 <system_irqhandler>:
87800890:	289f      	cmp	r0, #159	; 0x9f
87800892:	d900      	bls.n	87800896 <system_irqhandler+0x6>
87800894:	4770      	bx	lr
87800896:	b510      	push	{r4, lr}
87800898:	f249 34b0 	movw	r4, #37808	; 0x93b0
8780089c:	f2c8 7480 	movt	r4, #34688	; 0x8780
878008a0:	eb04 01c0 	add.w	r1, r4, r0, lsl #3
878008a4:	f8d4 2500 	ldr.w	r2, [r4, #1280]	; 0x500
878008a8:	f854 3030 	ldr.w	r3, [r4, r0, lsl #3]
878008ac:	6849      	ldr	r1, [r1, #4]
878008ae:	3201      	adds	r2, #1
878008b0:	f8c4 2500 	str.w	r2, [r4, #1280]	; 0x500
878008b4:	4798      	blx	r3
878008b6:	f8d4 3500 	ldr.w	r3, [r4, #1280]	; 0x500
878008ba:	3b01      	subs	r3, #1
878008bc:	f8c4 3500 	str.w	r3, [r4, #1280]	; 0x500
878008c0:	bd10      	pop	{r4, pc}
878008c2:	bf00      	nop

878008c4 <gpio1_io18_irqhandler>:
878008c4:	b508      	push	{r3, lr}
878008c6:	200a      	movs	r0, #10
878008c8:	f7ff fe5a 	bl	87800580 <delay>
878008cc:	f44f 4040 	mov.w	r0, #49152	; 0xc000
878008d0:	2112      	movs	r1, #18
878008d2:	f2c0 2009 	movt	r0, #521	; 0x209
878008d6:	f7ff fef5 	bl	878006c4 <gpio_PinRead>
878008da:	b958      	cbnz	r0, 878008f4 <gpio1_io18_irqhandler+0x30>
878008dc:	f649 02b4 	movw	r2, #39092	; 0x98b4
878008e0:	f2c8 7280 	movt	r2, #34688	; 0x8780
878008e4:	7813      	ldrb	r3, [r2, #0]
878008e6:	fab3 f383 	clz	r3, r3
878008ea:	095b      	lsrs	r3, r3, #5
878008ec:	4618      	mov	r0, r3
878008ee:	7013      	strb	r3, [r2, #0]
878008f0:	f7ff fe76 	bl	878005e0 <beep_switch>
878008f4:	f44f 4040 	mov.w	r0, #49152	; 0xc000
878008f8:	2112      	movs	r1, #18
878008fa:	f2c0 2009 	movt	r0, #521	; 0x209
878008fe:	e8bd 4008 	ldmia.w	sp!, {r3, lr}
87800902:	f7ff bef3 	b.w	878006ec <gpio_clearintflags>
87800906:	bf00      	nop

87800908 <exit_init>:
87800908:	228c      	movs	r2, #140	; 0x8c
8780090a:	f44f 7346 	mov.w	r3, #792	; 0x318
8780090e:	b570      	push	{r4, r5, r6, lr}
87800910:	f2c0 220e 	movt	r2, #526	; 0x20e
87800914:	2005      	movs	r0, #5
87800916:	f2c0 230e 	movt	r3, #526	; 0x20e
8780091a:	f24f 0180 	movw	r1, #61568	; 0xf080
8780091e:	f44f 4440 	mov.w	r4, #49152	; 0xc000
87800922:	6010      	str	r0, [r2, #0]
87800924:	b084      	sub	sp, #16
87800926:	6019      	str	r1, [r3, #0]
87800928:	f2c0 2409 	movt	r4, #521	; 0x209
8780092c:	2304      	movs	r3, #4
8780092e:	4620      	mov	r0, r4
87800930:	2500      	movs	r5, #0
87800932:	eb0d 0203 	add.w	r2, sp, r3
87800936:	2112      	movs	r1, #18
87800938:	9501      	str	r5, [sp, #4]
8780093a:	9303      	str	r3, [sp, #12]
8780093c:	f7ff ff28 	bl	87800790 <gpio_init>
87800940:	ee9f 3f10 	mrc	15, 4, r3, cr15, cr0, {0}
87800944:	0c1b      	lsrs	r3, r3, #16
87800946:	f241 100c 	movw	r0, #4364	; 0x110c
8780094a:	2608      	movs	r6, #8
8780094c:	041b      	lsls	r3, r3, #16
8780094e:	f640 01c5 	movw	r1, #2245	; 0x8c5
87800952:	462a      	mov	r2, r5
87800954:	501e      	str	r6, [r3, r0]
87800956:	f2c8 7180 	movt	r1, #34688	; 0x8780
8780095a:	2063      	movs	r0, #99	; 0x63
8780095c:	f7ff ff4e 	bl	878007fc <system_register_irqhandler>
87800960:	4620      	mov	r0, r4
87800962:	2112      	movs	r1, #18
87800964:	f7ff feb4 	bl	878006d0 <gpio_enable_int>
87800968:	b004      	add	sp, #16
8780096a:	bd70      	pop	{r4, r5, r6, pc}

8780096c <epit1_irqhandler>:
8780096c:	b508      	push	{r3, lr}
8780096e:	f649 03b5 	movw	r3, #39093	; 0x98b5
87800972:	f2c8 7380 	movt	r3, #34688	; 0x8780
87800976:	2200      	movs	r2, #0
87800978:	f2c0 220d 	movt	r2, #525	; 0x20d
8780097c:	7819      	ldrb	r1, [r3, #0]
8780097e:	fab1 f181 	clz	r1, r1
87800982:	0949      	lsrs	r1, r1, #5
87800984:	7019      	strb	r1, [r3, #0]
87800986:	6853      	ldr	r3, [r2, #4]
87800988:	07db      	lsls	r3, r3, #31
8780098a:	d502      	bpl.n	87800992 <epit1_irqhandler+0x26>
8780098c:	2000      	movs	r0, #0
8780098e:	f7ff fd83 	bl	87800498 <led_switch>
87800992:	2300      	movs	r3, #0
87800994:	f2c0 230d 	movt	r3, #525	; 0x20d
87800998:	685a      	ldr	r2, [r3, #4]
8780099a:	f042 0201 	orr.w	r2, r2, #1
8780099e:	605a      	str	r2, [r3, #4]
878009a0:	bd08      	pop	{r3, pc}
878009a2:	bf00      	nop

878009a4 <epit1_init>:
878009a4:	b538      	push	{r3, r4, r5, lr}
878009a6:	f640 73ff 	movw	r3, #4095	; 0xfff
878009aa:	4298      	cmp	r0, r3
878009ac:	f04f 0400 	mov.w	r4, #0
878009b0:	bf28      	it	cs
878009b2:	4618      	movcs	r0, r3
878009b4:	f2c0 240d 	movt	r4, #525	; 0x20d
878009b8:	0100      	lsls	r0, r0, #4
878009ba:	2200      	movs	r2, #0
878009bc:	6022      	str	r2, [r4, #0]
878009be:	f040 7080 	orr.w	r0, r0, #16777216	; 0x1000000
878009c2:	f040 000e 	orr.w	r0, r0, #14
878009c6:	6020      	str	r0, [r4, #0]
878009c8:	60a1      	str	r1, [r4, #8]
878009ca:	60e2      	str	r2, [r4, #12]
878009cc:	ee9f 3f10 	mrc	15, 4, r3, cr15, cr0, {0}
878009d0:	0c1b      	lsrs	r3, r3, #16
878009d2:	f241 1008 	movw	r0, #4360	; 0x1108
878009d6:	f04f 7580 	mov.w	r5, #16777216	; 0x1000000
878009da:	041b      	lsls	r3, r3, #16
878009dc:	f640 116d 	movw	r1, #2413	; 0x96d
878009e0:	f2c8 7180 	movt	r1, #34688	; 0x8780
878009e4:	501d      	str	r5, [r3, r0]
878009e6:	2058      	movs	r0, #88	; 0x58
878009e8:	f7ff ff08 	bl	878007fc <system_register_irqhandler>
878009ec:	6823      	ldr	r3, [r4, #0]
878009ee:	f043 0301 	orr.w	r3, r3, #1
878009f2:	6023      	str	r3, [r4, #0]
878009f4:	bd38      	pop	{r3, r4, r5, pc}
878009f6:	bf00      	nop

878009f8 <filtertimer_irqhandler>:
878009f8:	b508      	push	{r3, lr}
878009fa:	2300      	movs	r3, #0
878009fc:	f2c0 230d 	movt	r3, #525	; 0x20d
87800a00:	685a      	ldr	r2, [r3, #4]
87800a02:	07d2      	lsls	r2, r2, #31
87800a04:	d407      	bmi.n	87800a16 <filtertimer_irqhandler+0x1e>
87800a06:	2300      	movs	r3, #0
87800a08:	f2c0 230d 	movt	r3, #525	; 0x20d
87800a0c:	685a      	ldr	r2, [r3, #4]
87800a0e:	f042 0201 	orr.w	r2, r2, #1
87800a12:	605a      	str	r2, [r3, #4]
87800a14:	bd08      	pop	{r3, pc}
87800a16:	681a      	ldr	r2, [r3, #0]
87800a18:	f44f 4040 	mov.w	r0, #49152	; 0xc000
87800a1c:	f2c0 2009 	movt	r0, #521	; 0x209
87800a20:	2112      	movs	r1, #18
87800a22:	f022 0201 	bic.w	r2, r2, #1
87800a26:	601a      	str	r2, [r3, #0]
87800a28:	f7ff fe4c 	bl	878006c4 <gpio_PinRead>
87800a2c:	2800      	cmp	r0, #0
87800a2e:	d1ea      	bne.n	87800a06 <filtertimer_irqhandler+0xe>
87800a30:	f649 02b6 	movw	r2, #39094	; 0x98b6
87800a34:	f2c8 7280 	movt	r2, #34688	; 0x8780
87800a38:	7813      	ldrb	r3, [r2, #0]
87800a3a:	fab3 f383 	clz	r3, r3
87800a3e:	095b      	lsrs	r3, r3, #5
87800a40:	4618      	mov	r0, r3
87800a42:	7013      	strb	r3, [r2, #0]
87800a44:	f7ff fdcc 	bl	878005e0 <beep_switch>
87800a48:	e7dd      	b.n	87800a06 <filtertimer_irqhandler+0xe>
87800a4a:	bf00      	nop

87800a4c <gpio1_io_16_31_irqhandler>:
87800a4c:	2300      	movs	r3, #0
87800a4e:	b410      	push	{r4}
87800a50:	f2c0 230d 	movt	r3, #525	; 0x20d
87800a54:	f44f 5491 	mov.w	r4, #4640	; 0x1220
87800a58:	f2c0 040a 	movt	r4, #10
87800a5c:	f44f 4040 	mov.w	r0, #49152	; 0xc000
87800a60:	681a      	ldr	r2, [r3, #0]
87800a62:	f2c0 2009 	movt	r0, #521	; 0x209
87800a66:	2112      	movs	r1, #18
87800a68:	f022 0201 	bic.w	r2, r2, #1
87800a6c:	601a      	str	r2, [r3, #0]
87800a6e:	609c      	str	r4, [r3, #8]
87800a70:	681a      	ldr	r2, [r3, #0]
87800a72:	f85d 4b04 	ldr.w	r4, [sp], #4
87800a76:	f042 0201 	orr.w	r2, r2, #1
87800a7a:	601a      	str	r2, [r3, #0]
87800a7c:	f7ff be36 	b.w	878006ec <gpio_clearintflags>

87800a80 <filtertimer_init>:
87800a80:	2300      	movs	r3, #0
87800a82:	210e      	movs	r1, #14
87800a84:	f2c0 230d 	movt	r3, #525	; 0x20d
87800a88:	2200      	movs	r2, #0
87800a8a:	f2c0 1100 	movt	r1, #256	; 0x100
87800a8e:	b410      	push	{r4}
87800a90:	601a      	str	r2, [r3, #0]
87800a92:	6019      	str	r1, [r3, #0]
87800a94:	6098      	str	r0, [r3, #8]
87800a96:	60da      	str	r2, [r3, #12]
87800a98:	ee9f 3f10 	mrc	15, 4, r3, cr15, cr0, {0}
87800a9c:	0c1b      	lsrs	r3, r3, #16
87800a9e:	f241 1008 	movw	r0, #4360	; 0x1108
87800aa2:	f04f 7480 	mov.w	r4, #16777216	; 0x1000000
87800aa6:	041b      	lsls	r3, r3, #16
87800aa8:	f640 11f9 	movw	r1, #2553	; 0x9f9
87800aac:	f2c8 7180 	movt	r1, #34688	; 0x8780
87800ab0:	501c      	str	r4, [r3, r0]
87800ab2:	2058      	movs	r0, #88	; 0x58
87800ab4:	f85d 4b04 	ldr.w	r4, [sp], #4
87800ab8:	f7ff bea0 	b.w	878007fc <system_register_irqhandler>

87800abc <key_filter_init>:
87800abc:	228c      	movs	r2, #140	; 0x8c
87800abe:	f44f 7346 	mov.w	r3, #792	; 0x318
87800ac2:	b570      	push	{r4, r5, r6, lr}
87800ac4:	f2c0 220e 	movt	r2, #526	; 0x20e
87800ac8:	2005      	movs	r0, #5
87800aca:	f2c0 230e 	movt	r3, #526	; 0x20e
87800ace:	f24f 0180 	movw	r1, #61568	; 0xf080
87800ad2:	f44f 4440 	mov.w	r4, #49152	; 0xc000
87800ad6:	6010      	str	r0, [r2, #0]
87800ad8:	b084      	sub	sp, #16
87800ada:	6019      	str	r1, [r3, #0]
87800adc:	f2c0 2409 	movt	r4, #521	; 0x209
87800ae0:	2304      	movs	r3, #4
87800ae2:	4620      	mov	r0, r4
87800ae4:	2500      	movs	r5, #0
87800ae6:	eb0d 0203 	add.w	r2, sp, r3
87800aea:	2112      	movs	r1, #18
87800aec:	9501      	str	r5, [sp, #4]
87800aee:	9303      	str	r3, [sp, #12]
87800af0:	f7ff fe4e 	bl	87800790 <gpio_init>
87800af4:	ee9f 3f10 	mrc	15, 4, r3, cr15, cr0, {0}
87800af8:	0c1b      	lsrs	r3, r3, #16
87800afa:	f241 100c 	movw	r0, #4364	; 0x110c
87800afe:	2608      	movs	r6, #8
87800b00:	041b      	lsls	r3, r3, #16
87800b02:	f640 214d 	movw	r1, #2637	; 0xa4d
87800b06:	462a      	mov	r2, r5
87800b08:	501e      	str	r6, [r3, r0]
87800b0a:	f2c8 7180 	movt	r1, #34688	; 0x8780
87800b0e:	2063      	movs	r0, #99	; 0x63
87800b10:	f7ff fe74 	bl	878007fc <system_register_irqhandler>
87800b14:	4620      	mov	r0, r4
87800b16:	2112      	movs	r1, #18
87800b18:	f7ff fdda 	bl	878006d0 <gpio_enable_int>
87800b1c:	f44f 5091 	mov.w	r0, #4640	; 0x1220
87800b20:	f2c0 000a 	movt	r0, #10
87800b24:	f7ff ffac 	bl	87800a80 <filtertimer_init>
87800b28:	b004      	add	sp, #16
87800b2a:	bd70      	pop	{r4, r5, r6, pc}

87800b2c <filtertimer_stop>:
87800b2c:	2300      	movs	r3, #0
87800b2e:	f2c0 230d 	movt	r3, #525	; 0x20d
87800b32:	681a      	ldr	r2, [r3, #0]
87800b34:	f022 0201 	bic.w	r2, r2, #1
87800b38:	601a      	str	r2, [r3, #0]
87800b3a:	4770      	bx	lr

87800b3c <filtertimer_restart>:
87800b3c:	2300      	movs	r3, #0
87800b3e:	f2c0 230d 	movt	r3, #525	; 0x20d
87800b42:	681a      	ldr	r2, [r3, #0]
87800b44:	f022 0201 	bic.w	r2, r2, #1
87800b48:	601a      	str	r2, [r3, #0]
87800b4a:	6098      	str	r0, [r3, #8]
87800b4c:	681a      	ldr	r2, [r3, #0]
87800b4e:	f042 0201 	orr.w	r2, r2, #1
87800b52:	601a      	str	r2, [r3, #0]
87800b54:	4770      	bx	lr
87800b56:	bf00      	nop

87800b58 <uart_io_init>:
87800b58:	b4f0      	push	{r4, r5, r6, r7}
87800b5a:	f240 6024 	movw	r0, #1572	; 0x624
87800b5e:	2684      	movs	r6, #132	; 0x84
87800b60:	2488      	movs	r4, #136	; 0x88
87800b62:	f44f 7144 	mov.w	r1, #784	; 0x310
87800b66:	f44f 7345 	mov.w	r3, #788	; 0x314
87800b6a:	2500      	movs	r5, #0
87800b6c:	f2c0 260e 	movt	r6, #526	; 0x20e
87800b70:	f2c0 240e 	movt	r4, #526	; 0x20e
87800b74:	2703      	movs	r7, #3
87800b76:	f241 02b0 	movw	r2, #4272	; 0x10b0
87800b7a:	f2c0 200e 	movt	r0, #526	; 0x20e
87800b7e:	f2c0 210e 	movt	r1, #526	; 0x20e
87800b82:	f2c0 230e 	movt	r3, #526	; 0x20e
87800b86:	6035      	str	r5, [r6, #0]
87800b88:	6025      	str	r5, [r4, #0]
87800b8a:	6007      	str	r7, [r0, #0]
87800b8c:	600a      	str	r2, [r1, #0]
87800b8e:	bcf0      	pop	{r4, r5, r6, r7}
87800b90:	601a      	str	r2, [r3, #0]
87800b92:	4770      	bx	lr

87800b94 <uart_disable>:
87800b94:	f8d0 3080 	ldr.w	r3, [r0, #128]	; 0x80
87800b98:	f023 0301 	bic.w	r3, r3, #1
87800b9c:	f8c0 3080 	str.w	r3, [r0, #128]	; 0x80
87800ba0:	4770      	bx	lr
87800ba2:	bf00      	nop

87800ba4 <uart_enable>:
87800ba4:	f8d0 3080 	ldr.w	r3, [r0, #128]	; 0x80
87800ba8:	f043 0301 	orr.w	r3, r3, #1
87800bac:	f8c0 3080 	str.w	r3, [r0, #128]	; 0x80
87800bb0:	4770      	bx	lr
87800bb2:	bf00      	nop

87800bb4 <uart_softreset>:
87800bb4:	f8d0 3084 	ldr.w	r3, [r0, #132]	; 0x84
87800bb8:	f023 0301 	bic.w	r3, r3, #1
87800bbc:	f8c0 3084 	str.w	r3, [r0, #132]	; 0x84
87800bc0:	f8d0 3084 	ldr.w	r3, [r0, #132]	; 0x84
87800bc4:	07db      	lsls	r3, r3, #31
87800bc6:	d5fb      	bpl.n	87800bc0 <uart_softreset+0xc>
87800bc8:	4770      	bx	lr
87800bca:	bf00      	nop

87800bcc <putc>:
87800bcc:	2100      	movs	r1, #0
87800bce:	f2c0 2102 	movt	r1, #514	; 0x202
87800bd2:	f8d1 2098 	ldr.w	r2, [r1, #152]	; 0x98
87800bd6:	2300      	movs	r3, #0
87800bd8:	f2c0 2302 	movt	r3, #514	; 0x202
87800bdc:	0712      	lsls	r2, r2, #28
87800bde:	d5f8      	bpl.n	87800bd2 <putc+0x6>
87800be0:	6418      	str	r0, [r3, #64]	; 0x40
87800be2:	4770      	bx	lr

87800be4 <getc>:
87800be4:	2100      	movs	r1, #0
87800be6:	f2c0 2102 	movt	r1, #514	; 0x202
87800bea:	f8d1 2098 	ldr.w	r2, [r1, #152]	; 0x98
87800bee:	2300      	movs	r3, #0
87800bf0:	f2c0 2302 	movt	r3, #514	; 0x202
87800bf4:	07d2      	lsls	r2, r2, #31
87800bf6:	d5f8      	bpl.n	87800bea <getc+0x6>
87800bf8:	6818      	ldr	r0, [r3, #0]
87800bfa:	b2c0      	uxtb	r0, r0
87800bfc:	4770      	bx	lr
87800bfe:	bf00      	nop

87800c00 <puts>:
87800c00:	7801      	ldrb	r1, [r0, #0]
87800c02:	b179      	cbz	r1, 87800c24 <puts+0x24>
87800c04:	2200      	movs	r2, #0
87800c06:	b410      	push	{r4}
87800c08:	f2c0 2202 	movt	r2, #514	; 0x202
87800c0c:	4614      	mov	r4, r2
87800c0e:	f8d2 3098 	ldr.w	r3, [r2, #152]	; 0x98
87800c12:	071b      	lsls	r3, r3, #28
87800c14:	d5fb      	bpl.n	87800c0e <puts+0xe>
87800c16:	6421      	str	r1, [r4, #64]	; 0x40
87800c18:	f810 1f01 	ldrb.w	r1, [r0, #1]!
87800c1c:	2900      	cmp	r1, #0
87800c1e:	d1f6      	bne.n	87800c0e <puts+0xe>
87800c20:	f85d 4b04 	ldr.w	r4, [sp], #4
87800c24:	4770      	bx	lr
87800c26:	bf00      	nop

87800c28 <uart_setbaudrate>:
87800c28:	e92d 4ff0 	stmdb	sp!, {r4, r5, r6, r7, r8, r9, sl, fp, lr}
87800c2c:	010d      	lsls	r5, r1, #4
87800c2e:	b085      	sub	sp, #20
87800c30:	460f      	mov	r7, r1
87800c32:	4682      	mov	sl, r0
87800c34:	4691      	mov	r9, r2
87800c36:	f000 80f2 	beq.w	87800e1e <uart_setbaudrate+0x1f6>
87800c3a:	462c      	mov	r4, r5
87800c3c:	4610      	mov	r0, r2
87800c3e:	e000      	b.n	87800c42 <uart_setbaudrate+0x1a>
87800c40:	460c      	mov	r4, r1
87800c42:	4621      	mov	r1, r4
87800c44:	f003 fdba 	bl	878047bc <__aeabi_uidivmod>
87800c48:	4620      	mov	r0, r4
87800c4a:	2900      	cmp	r1, #0
87800c4c:	d1f8      	bne.n	87800c40 <uart_setbaudrate+0x18>
87800c4e:	4621      	mov	r1, r4
87800c50:	4648      	mov	r0, r9
87800c52:	f003 fc85 	bl	87804560 <__aeabi_uidiv>
87800c56:	4621      	mov	r1, r4
87800c58:	4606      	mov	r6, r0
87800c5a:	4628      	mov	r0, r5
87800c5c:	f003 fc80 	bl	87804560 <__aeabi_uidiv>
87800c60:	f64f 73f9 	movw	r3, #65529	; 0xfff9
87800c64:	4605      	mov	r5, r0
87800c66:	f2c0 0306 	movt	r3, #6
87800c6a:	429e      	cmp	r6, r3
87800c6c:	bf98      	it	ls
87800c6e:	f5b0 3f80 	cmpls.w	r0, #65536	; 0x10000
87800c72:	bf2c      	ite	cs
87800c74:	2301      	movcs	r3, #1
87800c76:	2300      	movcc	r3, #0
87800c78:	d278      	bcs.n	87800d6c <uart_setbaudrate+0x144>
87800c7a:	f248 0101 	movw	r1, #32769	; 0x8001
87800c7e:	1e72      	subs	r2, r6, #1
87800c80:	f2c8 0100 	movt	r1, #32768	; 0x8000
87800c84:	9301      	str	r3, [sp, #4]
87800c86:	fba2 2301 	umull	r2, r3, r2, r1
87800c8a:	ea4f 1b06 	mov.w	fp, r6, lsl #4
87800c8e:	4680      	mov	r8, r0
87800c90:	0bda      	lsrs	r2, r3, #15
87800c92:	1e53      	subs	r3, r2, #1
87800c94:	3201      	adds	r2, #1
87800c96:	9203      	str	r2, [sp, #12]
87800c98:	2b05      	cmp	r3, #5
87800c9a:	4648      	mov	r0, r9
87800c9c:	bf96      	itet	ls
87800c9e:	f644 2280 	movwls	r2, #19072	; 0x4a80
87800ca2:	2305      	movhi	r3, #5
87800ca4:	f2c8 7280 	movtls	r2, #34688	; 0x8780
87800ca8:	f04f 0100 	mov.w	r1, #0
87800cac:	bf98      	it	ls
87800cae:	f852 3023 	ldrls.w	r3, [r2, r3, lsl #2]
87800cb2:	9302      	str	r3, [sp, #8]
87800cb4:	f1bb 0f00 	cmp.w	fp, #0
87800cb8:	f000 80af 	beq.w	87800e1a <uart_setbaudrate+0x1f2>
87800cbc:	465c      	mov	r4, fp
87800cbe:	e000      	b.n	87800cc2 <uart_setbaudrate+0x9a>
87800cc0:	4614      	mov	r4, r2
87800cc2:	4622      	mov	r2, r4
87800cc4:	2300      	movs	r3, #0
87800cc6:	f003 fd87 	bl	878047d8 <__aeabi_uldivmod>
87800cca:	4620      	mov	r0, r4
87800ccc:	2100      	movs	r1, #0
87800cce:	2a00      	cmp	r2, #0
87800cd0:	d1f6      	bne.n	87800cc0 <uart_setbaudrate+0x98>
87800cd2:	4648      	mov	r0, r9
87800cd4:	4621      	mov	r1, r4
87800cd6:	f003 fc43 	bl	87804560 <__aeabi_uidiv>
87800cda:	4603      	mov	r3, r0
87800cdc:	9a01      	ldr	r2, [sp, #4]
87800cde:	fba3 8908 	umull	r8, r9, r3, r8
87800ce2:	4621      	mov	r1, r4
87800ce4:	4658      	mov	r0, fp
87800ce6:	fb03 9902 	mla	r9, r3, r2, r9
87800cea:	f003 fc39 	bl	87804560 <__aeabi_uidiv>
87800cee:	2300      	movs	r3, #0
87800cf0:	4602      	mov	r2, r0
87800cf2:	4649      	mov	r1, r9
87800cf4:	4640      	mov	r0, r8
87800cf6:	f003 fd6f 	bl	878047d8 <__aeabi_uldivmod>
87800cfa:	2300      	movs	r3, #0
87800cfc:	463a      	mov	r2, r7
87800cfe:	4299      	cmp	r1, r3
87800d00:	bf08      	it	eq
87800d02:	42b8      	cmpeq	r0, r7
87800d04:	d32e      	bcc.n	87800d64 <uart_setbaudrate+0x13c>
87800d06:	1a80      	subs	r0, r0, r2
87800d08:	eb61 0103 	sbc.w	r1, r1, r3
87800d0c:	f248 521f 	movw	r2, #34079	; 0x851f
87800d10:	f2c5 12eb 	movt	r2, #20971	; 0x51eb
87800d14:	fba7 2302 	umull	r2, r3, r7, r2
87800d18:	095a      	lsrs	r2, r3, #5
87800d1a:	2300      	movs	r3, #0
87800d1c:	4299      	cmp	r1, r3
87800d1e:	eb02 0242 	add.w	r2, r2, r2, lsl #1
87800d22:	bf08      	it	eq
87800d24:	4290      	cmpeq	r0, r2
87800d26:	d21a      	bcs.n	87800d5e <uart_setbaudrate+0x136>
87800d28:	9b02      	ldr	r3, [sp, #8]
87800d2a:	3d01      	subs	r5, #1
87800d2c:	f8da 1090 	ldr.w	r1, [sl, #144]	; 0x90
87800d30:	b2ad      	uxth	r5, r5
87800d32:	4630      	mov	r0, r6
87800d34:	01db      	lsls	r3, r3, #7
87800d36:	f403 7260 	and.w	r2, r3, #896	; 0x380
87800d3a:	f421 7360 	bic.w	r3, r1, #896	; 0x380
87800d3e:	f8ca 3090 	str.w	r3, [sl, #144]	; 0x90
87800d42:	f8da 3090 	ldr.w	r3, [sl, #144]	; 0x90
87800d46:	9903      	ldr	r1, [sp, #12]
87800d48:	4313      	orrs	r3, r2
87800d4a:	f8ca 3090 	str.w	r3, [sl, #144]	; 0x90
87800d4e:	f8ca 50a4 	str.w	r5, [sl, #164]	; 0xa4
87800d52:	f003 fc05 	bl	87804560 <__aeabi_uidiv>
87800d56:	3801      	subs	r0, #1
87800d58:	b280      	uxth	r0, r0
87800d5a:	f8ca 00a8 	str.w	r0, [sl, #168]	; 0xa8
87800d5e:	b005      	add	sp, #20
87800d60:	e8bd 8ff0 	ldmia.w	sp!, {r4, r5, r6, r7, r8, r9, sl, fp, pc}
87800d64:	1a10      	subs	r0, r2, r0
87800d66:	eb63 0101 	sbc.w	r1, r3, r1
87800d6a:	e7cf      	b.n	87800d0c <uart_setbaudrate+0xe4>
87800d6c:	f646 52b9 	movw	r2, #28089	; 0x6db9
87800d70:	1e71      	subs	r1, r6, #1
87800d72:	f2c2 4293 	movt	r2, #9363	; 0x2493
87800d76:	f248 0401 	movw	r4, #32769	; 0x8001
87800d7a:	fba1 2302 	umull	r2, r3, r1, r2
87800d7e:	f100 3bff 	add.w	fp, r0, #4294967295	; 0xffffffff
87800d82:	f2c8 0400 	movt	r4, #32768	; 0x8000
87800d86:	4630      	mov	r0, r6
87800d88:	fbab bc04 	umull	fp, ip, fp, r4
87800d8c:	1ac9      	subs	r1, r1, r3
87800d8e:	eb03 0351 	add.w	r3, r3, r1, lsr #1
87800d92:	ea4f 38dc 	mov.w	r8, ip, lsr #15
87800d96:	0c9b      	lsrs	r3, r3, #18
87800d98:	f108 0801 	add.w	r8, r8, #1
87800d9c:	3301      	adds	r3, #1
87800d9e:	4598      	cmp	r8, r3
87800da0:	bf38      	it	cc
87800da2:	4698      	movcc	r8, r3
87800da4:	4641      	mov	r1, r8
87800da6:	f003 fbdb 	bl	87804560 <__aeabi_uidiv>
87800daa:	4606      	mov	r6, r0
87800dac:	4641      	mov	r1, r8
87800dae:	4628      	mov	r0, r5
87800db0:	f003 fbd6 	bl	87804560 <__aeabi_uidiv>
87800db4:	4605      	mov	r5, r0
87800db6:	b976      	cbnz	r6, 87800dd6 <uart_setbaudrate+0x1ae>
87800db8:	bb40      	cbnz	r0, 87800e0c <uart_setbaudrate+0x1e4>
87800dba:	f04f 0801 	mov.w	r8, #1
87800dbe:	2305      	movs	r3, #5
87800dc0:	4601      	mov	r1, r0
87800dc2:	9001      	str	r0, [sp, #4]
87800dc4:	4646      	mov	r6, r8
87800dc6:	f8cd 800c 	str.w	r8, [sp, #12]
87800dca:	4645      	mov	r5, r8
87800dcc:	4648      	mov	r0, r9
87800dce:	f04f 0b10 	mov.w	fp, #16
87800dd2:	9302      	str	r3, [sp, #8]
87800dd4:	e772      	b.n	87800cbc <uart_setbaudrate+0x94>
87800dd6:	1e72      	subs	r2, r6, #1
87800dd8:	b158      	cbz	r0, 87800df2 <uart_setbaudrate+0x1ca>
87800dda:	fba2 2304 	umull	r2, r3, r2, r4
87800dde:	ea4f 1b06 	mov.w	fp, r6, lsl #4
87800de2:	0bda      	lsrs	r2, r3, #15
87800de4:	1e53      	subs	r3, r2, #1
87800de6:	3201      	adds	r2, #1
87800de8:	9203      	str	r2, [sp, #12]
87800dea:	2200      	movs	r2, #0
87800dec:	46a8      	mov	r8, r5
87800dee:	9201      	str	r2, [sp, #4]
87800df0:	e752      	b.n	87800c98 <uart_setbaudrate+0x70>
87800df2:	fba2 2304 	umull	r2, r3, r2, r4
87800df6:	f04f 0801 	mov.w	r8, #1
87800dfa:	9001      	str	r0, [sp, #4]
87800dfc:	ea4f 1b06 	mov.w	fp, r6, lsl #4
87800e00:	4645      	mov	r5, r8
87800e02:	0bda      	lsrs	r2, r3, #15
87800e04:	1e53      	subs	r3, r2, #1
87800e06:	4442      	add	r2, r8
87800e08:	9203      	str	r2, [sp, #12]
87800e0a:	e745      	b.n	87800c98 <uart_setbaudrate+0x70>
87800e0c:	2201      	movs	r2, #1
87800e0e:	f04f 0b10 	mov.w	fp, #16
87800e12:	4616      	mov	r6, r2
87800e14:	f04f 33ff 	mov.w	r3, #4294967295	; 0xffffffff
87800e18:	e7e6      	b.n	87800de8 <uart_setbaudrate+0x1c0>
87800e1a:	2401      	movs	r4, #1
87800e1c:	e759      	b.n	87800cd2 <uart_setbaudrate+0xaa>
87800e1e:	2401      	movs	r4, #1
87800e20:	e715      	b.n	87800c4e <uart_setbaudrate+0x26>
87800e22:	bf00      	nop

87800e24 <uart_init>:
87800e24:	b5f8      	push	{r3, r4, r5, r6, r7, lr}
87800e26:	2084      	movs	r0, #132	; 0x84
87800e28:	2300      	movs	r3, #0
87800e2a:	f2c0 200e 	movt	r0, #526	; 0x20e
87800e2e:	461e      	mov	r6, r3
87800e30:	2288      	movs	r2, #136	; 0x88
87800e32:	f240 6524 	movw	r5, #1572	; 0x624
87800e36:	f44f 7444 	mov.w	r4, #784	; 0x310
87800e3a:	f44f 7145 	mov.w	r1, #788	; 0x314
87800e3e:	6006      	str	r6, [r0, #0]
87800e40:	f2c0 2302 	movt	r3, #514	; 0x202
87800e44:	f2c0 220e 	movt	r2, #526	; 0x20e
87800e48:	f2c0 210e 	movt	r1, #526	; 0x20e
87800e4c:	f241 00b0 	movw	r0, #4272	; 0x10b0
87800e50:	f2c0 250e 	movt	r5, #526	; 0x20e
87800e54:	f2c0 240e 	movt	r4, #526	; 0x20e
87800e58:	2703      	movs	r7, #3
87800e5a:	6016      	str	r6, [r2, #0]
87800e5c:	602f      	str	r7, [r5, #0]
87800e5e:	461a      	mov	r2, r3
87800e60:	6020      	str	r0, [r4, #0]
87800e62:	6008      	str	r0, [r1, #0]
87800e64:	f8d3 1080 	ldr.w	r1, [r3, #128]	; 0x80
87800e68:	f021 0101 	bic.w	r1, r1, #1
87800e6c:	f8c3 1080 	str.w	r1, [r3, #128]	; 0x80
87800e70:	f8d3 1084 	ldr.w	r1, [r3, #132]	; 0x84
87800e74:	f021 0101 	bic.w	r1, r1, #1
87800e78:	f8c3 1084 	str.w	r1, [r3, #132]	; 0x84
87800e7c:	f8d2 3084 	ldr.w	r3, [r2, #132]	; 0x84
87800e80:	2400      	movs	r4, #0
87800e82:	f2c0 2402 	movt	r4, #514	; 0x202
87800e86:	07db      	lsls	r3, r3, #31
87800e88:	d5f8      	bpl.n	87800e7c <uart_init+0x58>
87800e8a:	2500      	movs	r5, #0
87800e8c:	f44f 4234 	mov.w	r2, #46080	; 0xb400
87800e90:	f8c4 5080 	str.w	r5, [r4, #128]	; 0x80
87800e94:	f2c0 42c4 	movt	r2, #1220	; 0x4c4
87800e98:	f8c4 5084 	str.w	r5, [r4, #132]	; 0x84
87800e9c:	f44f 31e1 	mov.w	r1, #115200	; 0x1c200
87800ea0:	f8d4 3084 	ldr.w	r3, [r4, #132]	; 0x84
87800ea4:	4620      	mov	r0, r4
87800ea6:	f443 4380 	orr.w	r3, r3, #16384	; 0x4000
87800eaa:	f043 0325 	orr.w	r3, r3, #37	; 0x25
87800eae:	f8c4 3084 	str.w	r3, [r4, #132]	; 0x84
87800eb2:	f8c4 5088 	str.w	r5, [r4, #136]	; 0x88
87800eb6:	f8d4 3088 	ldr.w	r3, [r4, #136]	; 0x88
87800eba:	f043 0304 	orr.w	r3, r3, #4
87800ebe:	f8c4 3088 	str.w	r3, [r4, #136]	; 0x88
87800ec2:	f7ff feb1 	bl	87800c28 <uart_setbaudrate>
87800ec6:	f8d4 3080 	ldr.w	r3, [r4, #128]	; 0x80
87800eca:	f043 0301 	orr.w	r3, r3, #1
87800ece:	f8c4 3080 	str.w	r3, [r4, #128]	; 0x80
87800ed2:	bdf8      	pop	{r3, r4, r5, r6, r7, pc}

87800ed4 <raise>:
87800ed4:	4770      	bx	lr
87800ed6:	bf00      	nop

87800ed8 <lcd_drawline>:
87800ed8:	e92d 4ff0 	stmdb	sp!, {r4, r5, r6, r7, r8, r9, sl, fp, lr}
87800edc:	ebc0 0902 	rsb	r9, r0, r2
87800ee0:	f1b9 0f00 	cmp.w	r9, #0
87800ee4:	b085      	sub	sp, #20
87800ee6:	ebc1 0a03 	rsb	sl, r1, r3
87800eea:	bfc8      	it	gt
87800eec:	2301      	movgt	r3, #1
87800eee:	4607      	mov	r7, r0
87800ef0:	4688      	mov	r8, r1
87800ef2:	bfc8      	it	gt
87800ef4:	9302      	strgt	r3, [sp, #8]
87800ef6:	dd33      	ble.n	87800f60 <lcd_drawline+0x88>
87800ef8:	f1ba 0f00 	cmp.w	sl, #0
87800efc:	bfc4      	itt	gt
87800efe:	2301      	movgt	r3, #1
87800f00:	9303      	strgt	r3, [sp, #12]
87800f02:	dd36      	ble.n	87800f72 <lcd_drawline+0x9a>
87800f04:	2500      	movs	r5, #0
87800f06:	45ca      	cmp	sl, r9
87800f08:	46d3      	mov	fp, sl
87800f0a:	f24a 03b8 	movw	r3, #41144	; 0xa0b8
87800f0e:	bfb8      	it	lt
87800f10:	46cb      	movlt	fp, r9
87800f12:	462e      	mov	r6, r5
87800f14:	462c      	mov	r4, r5
87800f16:	f10b 0201 	add.w	r2, fp, #1
87800f1a:	f2c8 7380 	movt	r3, #34688	; 0x8780
87800f1e:	9200      	str	r2, [sp, #0]
87800f20:	9301      	str	r3, [sp, #4]
87800f22:	9b01      	ldr	r3, [sp, #4]
87800f24:	444e      	add	r6, r9
87800f26:	fa1f f188 	uxth.w	r1, r8
87800f2a:	b2b8      	uxth	r0, r7
87800f2c:	699a      	ldr	r2, [r3, #24]
87800f2e:	4455      	add	r5, sl
87800f30:	f000 fd9a 	bl	87801a68 <lcd_drawpoint>
87800f34:	455e      	cmp	r6, fp
87800f36:	f104 0401 	add.w	r4, r4, #1
87800f3a:	bfc4      	itt	gt
87800f3c:	9b02      	ldrgt	r3, [sp, #8]
87800f3e:	ebcb 0606 	rsbgt	r6, fp, r6
87800f42:	b2a4      	uxth	r4, r4
87800f44:	bfc8      	it	gt
87800f46:	18ff      	addgt	r7, r7, r3
87800f48:	455d      	cmp	r5, fp
87800f4a:	bfc2      	ittt	gt
87800f4c:	9b03      	ldrgt	r3, [sp, #12]
87800f4e:	ebcb 0505 	rsbgt	r5, fp, r5
87800f52:	4498      	addgt	r8, r3
87800f54:	9b00      	ldr	r3, [sp, #0]
87800f56:	429c      	cmp	r4, r3
87800f58:	dde3      	ble.n	87800f22 <lcd_drawline+0x4a>
87800f5a:	b005      	add	sp, #20
87800f5c:	e8bd 8ff0 	ldmia.w	sp!, {r4, r5, r6, r7, r8, r9, sl, fp, pc}
87800f60:	bf1d      	ittte	ne
87800f62:	f04f 33ff 	movne.w	r3, #4294967295	; 0xffffffff
87800f66:	f1c9 0900 	rsbne	r9, r9, #0
87800f6a:	9302      	strne	r3, [sp, #8]
87800f6c:	f8cd 9008 	streq.w	r9, [sp, #8]
87800f70:	e7c2      	b.n	87800ef8 <lcd_drawline+0x20>
87800f72:	bf1d      	ittte	ne
87800f74:	f04f 33ff 	movne.w	r3, #4294967295	; 0xffffffff
87800f78:	f1ca 0a00 	rsbne	sl, sl, #0
87800f7c:	9303      	strne	r3, [sp, #12]
87800f7e:	f8cd a00c 	streq.w	sl, [sp, #12]
87800f82:	e7bf      	b.n	87800f04 <lcd_drawline+0x2c>

87800f84 <lcd_draw_rectangle>:
87800f84:	e92d 41f0 	stmdb	sp!, {r4, r5, r6, r7, r8, lr}
87800f88:	461c      	mov	r4, r3
87800f8a:	4606      	mov	r6, r0
87800f8c:	460d      	mov	r5, r1
87800f8e:	460b      	mov	r3, r1
87800f90:	4617      	mov	r7, r2
87800f92:	f7ff ffa1 	bl	87800ed8 <lcd_drawline>
87800f96:	4623      	mov	r3, r4
87800f98:	4632      	mov	r2, r6
87800f9a:	4629      	mov	r1, r5
87800f9c:	4630      	mov	r0, r6
87800f9e:	f7ff ff9b 	bl	87800ed8 <lcd_drawline>
87800fa2:	4623      	mov	r3, r4
87800fa4:	463a      	mov	r2, r7
87800fa6:	4621      	mov	r1, r4
87800fa8:	4630      	mov	r0, r6
87800faa:	f7ff ff95 	bl	87800ed8 <lcd_drawline>
87800fae:	4623      	mov	r3, r4
87800fb0:	463a      	mov	r2, r7
87800fb2:	4629      	mov	r1, r5
87800fb4:	4638      	mov	r0, r7
87800fb6:	e8bd 41f0 	ldmia.w	sp!, {r4, r5, r6, r7, r8, lr}
87800fba:	f7ff bf8d 	b.w	87800ed8 <lcd_drawline>
87800fbe:	bf00      	nop

87800fc0 <lcd_draw_Circle>:
87800fc0:	4613      	mov	r3, r2
87800fc2:	e92d 4ff0 	stmdb	sp!, {r4, r5, r6, r7, r8, r9, sl, fp, lr}
87800fc6:	f1c2 0201 	rsb	r2, r2, #1
87800fca:	b085      	sub	sp, #20
87800fcc:	9000      	str	r0, [sp, #0]
87800fce:	9201      	str	r2, [sp, #4]
87800fd0:	2b00      	cmp	r3, #0
87800fd2:	d066      	beq.n	878010a2 <lcd_draw_Circle+0xe2>
87800fd4:	f24a 06b8 	movw	r6, #41144	; 0xa0b8
87800fd8:	2700      	movs	r7, #0
87800fda:	f2c8 7680 	movt	r6, #34688	; 0x8780
87800fde:	468b      	mov	fp, r1
87800fe0:	b29d      	uxth	r5, r3
87800fe2:	9303      	str	r3, [sp, #12]
87800fe4:	9b00      	ldr	r3, [sp, #0]
87800fe6:	b2bc      	uxth	r4, r7
87800fe8:	eb05 0a0b 	add.w	sl, r5, fp
87800fec:	69b2      	ldr	r2, [r6, #24]
87800fee:	fa1f fa8a 	uxth.w	sl, sl
87800ff2:	eb0b 0904 	add.w	r9, fp, r4
87800ff6:	18e1      	adds	r1, r4, r3
87800ff8:	fa1f f989 	uxth.w	r9, r9
87800ffc:	b289      	uxth	r1, r1
87800ffe:	4608      	mov	r0, r1
87801000:	9102      	str	r1, [sp, #8]
87801002:	4651      	mov	r1, sl
87801004:	f000 fd30 	bl	87801a68 <lcd_drawpoint>
87801008:	9a00      	ldr	r2, [sp, #0]
8780100a:	4649      	mov	r1, r9
8780100c:	eb05 0802 	add.w	r8, r5, r2
87801010:	69b2      	ldr	r2, [r6, #24]
87801012:	fa1f f888 	uxth.w	r8, r8
87801016:	4640      	mov	r0, r8
87801018:	f000 fd26 	bl	87801a68 <lcd_drawpoint>
8780101c:	9a00      	ldr	r2, [sp, #0]
8780101e:	4651      	mov	r1, sl
87801020:	1b12      	subs	r2, r2, r4
87801022:	ebc4 040b 	rsb	r4, r4, fp
87801026:	fa1f fa82 	uxth.w	sl, r2
8780102a:	69b2      	ldr	r2, [r6, #24]
8780102c:	b2a4      	uxth	r4, r4
8780102e:	4650      	mov	r0, sl
87801030:	f000 fd1a 	bl	87801a68 <lcd_drawpoint>
87801034:	9a00      	ldr	r2, [sp, #0]
87801036:	4649      	mov	r1, r9
87801038:	1b52      	subs	r2, r2, r5
8780103a:	ebc5 050b 	rsb	r5, r5, fp
8780103e:	fa1f f982 	uxth.w	r9, r2
87801042:	b2ad      	uxth	r5, r5
87801044:	69b2      	ldr	r2, [r6, #24]
87801046:	4648      	mov	r0, r9
87801048:	f000 fd0e 	bl	87801a68 <lcd_drawpoint>
8780104c:	4650      	mov	r0, sl
8780104e:	69b2      	ldr	r2, [r6, #24]
87801050:	4629      	mov	r1, r5
87801052:	f000 fd09 	bl	87801a68 <lcd_drawpoint>
87801056:	4648      	mov	r0, r9
87801058:	69b2      	ldr	r2, [r6, #24]
8780105a:	4621      	mov	r1, r4
8780105c:	f000 fd04 	bl	87801a68 <lcd_drawpoint>
87801060:	4629      	mov	r1, r5
87801062:	9802      	ldr	r0, [sp, #8]
87801064:	69b2      	ldr	r2, [r6, #24]
87801066:	f000 fcff 	bl	87801a68 <lcd_drawpoint>
8780106a:	4621      	mov	r1, r4
8780106c:	69b2      	ldr	r2, [r6, #24]
8780106e:	4640      	mov	r0, r8
87801070:	f000 fcfa 	bl	87801a68 <lcd_drawpoint>
87801074:	9901      	ldr	r1, [sp, #4]
87801076:	9b03      	ldr	r3, [sp, #12]
87801078:	2900      	cmp	r1, #0
8780107a:	eba7 0203 	sub.w	r2, r7, r3
8780107e:	bfa8      	it	ge
87801080:	f103 33ff 	addge.w	r3, r3, #4294967295	; 0xffffffff
87801084:	eb01 0242 	add.w	r2, r1, r2, lsl #1
87801088:	bfba      	itte	lt
8780108a:	460a      	movlt	r2, r1
8780108c:	eb02 0247 	addlt.w	r2, r2, r7, lsl #1
87801090:	3205      	addge	r2, #5
87801092:	f107 0701 	add.w	r7, r7, #1
87801096:	bfae      	itee	ge
87801098:	9201      	strge	r2, [sp, #4]
8780109a:	3203      	addlt	r2, #3
8780109c:	9201      	strlt	r2, [sp, #4]
8780109e:	42bb      	cmp	r3, r7
878010a0:	dc9e      	bgt.n	87800fe0 <lcd_draw_Circle+0x20>
878010a2:	b005      	add	sp, #20
878010a4:	e8bd 8ff0 	ldmia.w	sp!, {r4, r5, r6, r7, r8, r9, sl, fp, pc}

878010a8 <lcd_showchar>:
878010a8:	e92d 4ff0 	stmdb	sp!, {r4, r5, r6, r7, r8, r9, sl, fp, lr}
878010ac:	461e      	mov	r6, r3
878010ae:	f013 0307 	ands.w	r3, r3, #7
878010b2:	ea4f 0456 	mov.w	r4, r6, lsr #1
878010b6:	bf18      	it	ne
878010b8:	2301      	movne	r3, #1
878010ba:	eb03 05d6 	add.w	r5, r3, r6, lsr #3
878010be:	4689      	mov	r9, r1
878010c0:	b087      	sub	sp, #28
878010c2:	fb15 f104 	smulbb	r1, r5, r4
878010c6:	3a20      	subs	r2, #32
878010c8:	b2d2      	uxtb	r2, r2
878010ca:	9001      	str	r0, [sp, #4]
878010cc:	f89d b040 	ldrb.w	fp, [sp, #64]	; 0x40
878010d0:	f011 01ff 	ands.w	r1, r1, #255	; 0xff
878010d4:	d06c      	beq.n	878011b0 <lcd_showchar+0x108>
878010d6:	b217      	sxth	r7, r2
878010d8:	483d      	ldr	r0, [pc, #244]	; (878011d0 <lcd_showchar+0x128>)
878010da:	3901      	subs	r1, #1
878010dc:	ea4f 0887 	mov.w	r8, r7, lsl #2
878010e0:	b2c9      	uxtb	r1, r1
878010e2:	013c      	lsls	r4, r7, #4
878010e4:	eb08 1e47 	add.w	lr, r8, r7, lsl #5
878010e8:	f644 2598 	movw	r5, #19096	; 0x4a98
878010ec:	f500 6cbe 	add.w	ip, r0, #1520	; 0x5f0
878010f0:	eb0c 13c7 	add.w	r3, ip, r7, lsl #7
878010f4:	f2c8 7580 	movt	r5, #34688	; 0x8780
878010f8:	f10e 0201 	add.w	r2, lr, #1
878010fc:	440a      	add	r2, r1
878010fe:	f205 4a74 	addw	sl, r5, #1140	; 0x474
87801102:	ebc8 0104 	rsb	r1, r8, r4
87801106:	9302      	str	r3, [sp, #8]
87801108:	eb0a 0302 	add.w	r3, sl, r2
8780110c:	f24a 07b8 	movw	r7, #41144	; 0xa0b8
87801110:	9305      	str	r3, [sp, #20]
87801112:	186b      	adds	r3, r5, r1
87801114:	9303      	str	r3, [sp, #12]
87801116:	1903      	adds	r3, r0, r4
87801118:	44f2      	add	sl, lr
8780111a:	9304      	str	r3, [sp, #16]
8780111c:	465b      	mov	r3, fp
8780111e:	f2c8 7780 	movt	r7, #34688	; 0x8780
87801122:	46d3      	mov	fp, sl
87801124:	464c      	mov	r4, r9
87801126:	469a      	mov	sl, r3
87801128:	2e0c      	cmp	r6, #12
8780112a:	d04a      	beq.n	878011c2 <lcd_showchar+0x11a>
8780112c:	2e10      	cmp	r6, #16
8780112e:	d04b      	beq.n	878011c8 <lcd_showchar+0x120>
87801130:	2e18      	cmp	r6, #24
87801132:	bf08      	it	eq
87801134:	f89b 5000 	ldrbeq.w	r5, [fp]
87801138:	d003      	beq.n	87801142 <lcd_showchar+0x9a>
8780113a:	2e20      	cmp	r6, #32
8780113c:	d138      	bne.n	878011b0 <lcd_showchar+0x108>
8780113e:	9b02      	ldr	r3, [sp, #8]
87801140:	781d      	ldrb	r5, [r3, #0]
87801142:	f104 0808 	add.w	r8, r4, #8
87801146:	fa1f f888 	uxth.w	r8, r8
8780114a:	e00c      	b.n	87801166 <lcd_showchar+0xbe>
8780114c:	3401      	adds	r4, #1
8780114e:	883b      	ldrh	r3, [r7, #0]
87801150:	b2a4      	uxth	r4, r4
87801152:	006d      	lsls	r5, r5, #1
87801154:	42a3      	cmp	r3, r4
87801156:	ebc9 0204 	rsb	r2, r9, r4
8780115a:	b2ed      	uxtb	r5, r5
8780115c:	d928      	bls.n	878011b0 <lcd_showchar+0x108>
8780115e:	42b2      	cmp	r2, r6
87801160:	d00c      	beq.n	8780117c <lcd_showchar+0xd4>
87801162:	4544      	cmp	r4, r8
87801164:	d016      	beq.n	87801194 <lcd_showchar+0xec>
87801166:	062b      	lsls	r3, r5, #24
87801168:	d425      	bmi.n	878011b6 <lcd_showchar+0x10e>
8780116a:	f1ba 0f00 	cmp.w	sl, #0
8780116e:	d1ed      	bne.n	8780114c <lcd_showchar+0xa4>
87801170:	69fa      	ldr	r2, [r7, #28]
87801172:	4621      	mov	r1, r4
87801174:	9801      	ldr	r0, [sp, #4]
87801176:	f000 fc77 	bl	87801a68 <lcd_drawpoint>
8780117a:	e7e7      	b.n	8780114c <lcd_showchar+0xa4>
8780117c:	9b01      	ldr	r3, [sp, #4]
8780117e:	f24a 02b8 	movw	r2, #41144	; 0xa0b8
87801182:	f2c8 7280 	movt	r2, #34688	; 0x8780
87801186:	8852      	ldrh	r2, [r2, #2]
87801188:	3301      	adds	r3, #1
8780118a:	b29b      	uxth	r3, r3
8780118c:	429a      	cmp	r2, r3
8780118e:	9301      	str	r3, [sp, #4]
87801190:	d90e      	bls.n	878011b0 <lcd_showchar+0x108>
87801192:	464c      	mov	r4, r9
87801194:	9b03      	ldr	r3, [sp, #12]
87801196:	f10b 0b01 	add.w	fp, fp, #1
8780119a:	3301      	adds	r3, #1
8780119c:	9303      	str	r3, [sp, #12]
8780119e:	9b04      	ldr	r3, [sp, #16]
878011a0:	3301      	adds	r3, #1
878011a2:	9304      	str	r3, [sp, #16]
878011a4:	9b02      	ldr	r3, [sp, #8]
878011a6:	3301      	adds	r3, #1
878011a8:	9302      	str	r3, [sp, #8]
878011aa:	9b05      	ldr	r3, [sp, #20]
878011ac:	459b      	cmp	fp, r3
878011ae:	d1bb      	bne.n	87801128 <lcd_showchar+0x80>
878011b0:	b007      	add	sp, #28
878011b2:	e8bd 8ff0 	ldmia.w	sp!, {r4, r5, r6, r7, r8, r9, sl, fp, pc}
878011b6:	69ba      	ldr	r2, [r7, #24]
878011b8:	4621      	mov	r1, r4
878011ba:	9801      	ldr	r0, [sp, #4]
878011bc:	f000 fc54 	bl	87801a68 <lcd_drawpoint>
878011c0:	e7c4      	b.n	8780114c <lcd_showchar+0xa4>
878011c2:	9b03      	ldr	r3, [sp, #12]
878011c4:	781d      	ldrb	r5, [r3, #0]
878011c6:	e7bc      	b.n	87801142 <lcd_showchar+0x9a>
878011c8:	9b04      	ldr	r3, [sp, #16]
878011ca:	781d      	ldrb	r5, [r3, #0]
878011cc:	e7b9      	b.n	87801142 <lcd_showchar+0x9a>
878011ce:	bf00      	nop
878011d0:	87805c68 	strhi	r5, [r0, r8, ror #24]

878011d4 <lcd_pow>:
878011d4:	1e4b      	subs	r3, r1, #1
878011d6:	2201      	movs	r2, #1
878011d8:	b2db      	uxtb	r3, r3
878011da:	b129      	cbz	r1, 878011e8 <lcd_pow+0x14>
878011dc:	3b01      	subs	r3, #1
878011de:	fb00 f202 	mul.w	r2, r0, r2
878011e2:	b2db      	uxtb	r3, r3
878011e4:	2bff      	cmp	r3, #255	; 0xff
878011e6:	d1f9      	bne.n	878011dc <lcd_pow+0x8>
878011e8:	4610      	mov	r0, r2
878011ea:	4770      	bx	lr

878011ec <lcd_shownum>:
878011ec:	e92d 4ff0 	stmdb	sp!, {r4, r5, r6, r7, r8, r9, sl, fp, lr}
878011f0:	b087      	sub	sp, #28
878011f2:	f89d a040 	ldrb.w	sl, [sp, #64]	; 0x40
878011f6:	2b00      	cmp	r3, #0
878011f8:	d042      	beq.n	87801280 <lcd_shownum+0x94>
878011fa:	4617      	mov	r7, r2
878011fc:	1e5a      	subs	r2, r3, #1
878011fe:	2500      	movs	r5, #0
87801200:	fa5f f982 	uxtb.w	r9, r2
87801204:	f64c 48cd 	movw	r8, #52429	; 0xcccd
87801208:	ea4f 0b5a 	mov.w	fp, sl, lsr #1
8780120c:	3b02      	subs	r3, #2
8780120e:	9104      	str	r1, [sp, #16]
87801210:	4604      	mov	r4, r0
87801212:	462e      	mov	r6, r5
87801214:	f6cc 48cc 	movt	r8, #52428	; 0xcccc
87801218:	9303      	str	r3, [sp, #12]
8780121a:	f109 0301 	add.w	r3, r9, #1
8780121e:	9205      	str	r2, [sp, #20]
87801220:	9302      	str	r3, [sp, #8]
87801222:	b2ea      	uxtb	r2, r5
87801224:	9b03      	ldr	r3, [sp, #12]
87801226:	2101      	movs	r1, #1
87801228:	454a      	cmp	r2, r9
8780122a:	eba3 0302 	sub.w	r3, r3, r2
8780122e:	b2db      	uxtb	r3, r3
87801230:	d006      	beq.n	87801240 <lcd_shownum+0x54>
87801232:	3b01      	subs	r3, #1
87801234:	00ca      	lsls	r2, r1, #3
87801236:	b2db      	uxtb	r3, r3
87801238:	eb02 0141 	add.w	r1, r2, r1, lsl #1
8780123c:	2bff      	cmp	r3, #255	; 0xff
8780123e:	d1f8      	bne.n	87801232 <lcd_shownum+0x46>
87801240:	4638      	mov	r0, r7
87801242:	f003 f98d 	bl	87804560 <__aeabi_uidiv>
87801246:	fba0 2308 	umull	r2, r3, r0, r8
8780124a:	08db      	lsrs	r3, r3, #3
8780124c:	00da      	lsls	r2, r3, #3
8780124e:	eb02 0343 	add.w	r3, r2, r3, lsl #1
87801252:	1ac3      	subs	r3, r0, r3
87801254:	b2da      	uxtb	r2, r3
87801256:	b91e      	cbnz	r6, 87801260 <lcd_shownum+0x74>
87801258:	9905      	ldr	r1, [sp, #20]
8780125a:	42a9      	cmp	r1, r5
8780125c:	dd01      	ble.n	87801262 <lcd_shownum+0x76>
8780125e:	b193      	cbz	r3, 87801286 <lcd_shownum+0x9a>
87801260:	2601      	movs	r6, #1
87801262:	2300      	movs	r3, #0
87801264:	3230      	adds	r2, #48	; 0x30
87801266:	9300      	str	r3, [sp, #0]
87801268:	b2d2      	uxtb	r2, r2
8780126a:	4653      	mov	r3, sl
8780126c:	9904      	ldr	r1, [sp, #16]
8780126e:	4620      	mov	r0, r4
87801270:	f7ff ff1a 	bl	878010a8 <lcd_showchar>
87801274:	9b02      	ldr	r3, [sp, #8]
87801276:	3501      	adds	r5, #1
87801278:	445c      	add	r4, fp
8780127a:	b2a4      	uxth	r4, r4
8780127c:	429d      	cmp	r5, r3
8780127e:	d1d0      	bne.n	87801222 <lcd_shownum+0x36>
87801280:	b007      	add	sp, #28
87801282:	e8bd 8ff0 	ldmia.w	sp!, {r4, r5, r6, r7, r8, r9, sl, fp, pc}
87801286:	9600      	str	r6, [sp, #0]
87801288:	4653      	mov	r3, sl
8780128a:	2220      	movs	r2, #32
8780128c:	9904      	ldr	r1, [sp, #16]
8780128e:	4620      	mov	r0, r4
87801290:	f7ff ff0a 	bl	878010a8 <lcd_showchar>
87801294:	e7ee      	b.n	87801274 <lcd_shownum+0x88>
87801296:	bf00      	nop

87801298 <lcd_showxnum>:
87801298:	e92d 4ff0 	stmdb	sp!, {r4, r5, r6, r7, r8, r9, sl, fp, lr}
8780129c:	b089      	sub	sp, #36	; 0x24
8780129e:	f89d a048 	ldrb.w	sl, [sp, #72]	; 0x48
878012a2:	f89d e04c 	ldrb.w	lr, [sp, #76]	; 0x4c
878012a6:	2b00      	cmp	r3, #0
878012a8:	d04a      	beq.n	87801340 <lcd_showxnum+0xa8>
878012aa:	4617      	mov	r7, r2
878012ac:	1e5a      	subs	r2, r3, #1
878012ae:	fa5f f982 	uxtb.w	r9, r2
878012b2:	3b02      	subs	r3, #2
878012b4:	2500      	movs	r5, #0
878012b6:	ea4f 0b5a 	mov.w	fp, sl, lsr #1
878012ba:	f64c 48cd 	movw	r8, #52429	; 0xcccd
878012be:	9206      	str	r2, [sp, #24]
878012c0:	9303      	str	r3, [sp, #12]
878012c2:	fa4f f28e 	sxtb.w	r2, lr
878012c6:	f109 0301 	add.w	r3, r9, #1
878012ca:	9105      	str	r1, [sp, #20]
878012cc:	4604      	mov	r4, r0
878012ce:	462e      	mov	r6, r5
878012d0:	f6cc 48cc 	movt	r8, #52428	; 0xcccc
878012d4:	9302      	str	r3, [sp, #8]
878012d6:	f00e 0301 	and.w	r3, lr, #1
878012da:	9207      	str	r2, [sp, #28]
878012dc:	9304      	str	r3, [sp, #16]
878012de:	b2ea      	uxtb	r2, r5
878012e0:	9b03      	ldr	r3, [sp, #12]
878012e2:	2101      	movs	r1, #1
878012e4:	454a      	cmp	r2, r9
878012e6:	eba3 0302 	sub.w	r3, r3, r2
878012ea:	b2db      	uxtb	r3, r3
878012ec:	d006      	beq.n	878012fc <lcd_showxnum+0x64>
878012ee:	3b01      	subs	r3, #1
878012f0:	00ca      	lsls	r2, r1, #3
878012f2:	b2db      	uxtb	r3, r3
878012f4:	eb02 0141 	add.w	r1, r2, r1, lsl #1
878012f8:	2bff      	cmp	r3, #255	; 0xff
878012fa:	d1f8      	bne.n	878012ee <lcd_showxnum+0x56>
878012fc:	4638      	mov	r0, r7
878012fe:	f003 f92f 	bl	87804560 <__aeabi_uidiv>
87801302:	fba0 2308 	umull	r2, r3, r0, r8
87801306:	08db      	lsrs	r3, r3, #3
87801308:	00da      	lsls	r2, r3, #3
8780130a:	eb02 0343 	add.w	r3, r2, r3, lsl #1
8780130e:	1ac3      	subs	r3, r0, r3
87801310:	b2da      	uxtb	r2, r3
87801312:	b9c6      	cbnz	r6, 87801346 <lcd_showxnum+0xae>
87801314:	9906      	ldr	r1, [sp, #24]
87801316:	42a9      	cmp	r1, r5
87801318:	dd16      	ble.n	87801348 <lcd_showxnum+0xb0>
8780131a:	b9a3      	cbnz	r3, 87801346 <lcd_showxnum+0xae>
8780131c:	9b07      	ldr	r3, [sp, #28]
8780131e:	4620      	mov	r0, r4
87801320:	9905      	ldr	r1, [sp, #20]
87801322:	2b00      	cmp	r3, #0
87801324:	9b04      	ldr	r3, [sp, #16]
87801326:	bfb4      	ite	lt
87801328:	2230      	movlt	r2, #48	; 0x30
8780132a:	2220      	movge	r2, #32
8780132c:	9300      	str	r3, [sp, #0]
8780132e:	4653      	mov	r3, sl
87801330:	f7ff feba 	bl	878010a8 <lcd_showchar>
87801334:	9b02      	ldr	r3, [sp, #8]
87801336:	3501      	adds	r5, #1
87801338:	445c      	add	r4, fp
8780133a:	b2a4      	uxth	r4, r4
8780133c:	429d      	cmp	r5, r3
8780133e:	d1ce      	bne.n	878012de <lcd_showxnum+0x46>
87801340:	b009      	add	sp, #36	; 0x24
87801342:	e8bd 8ff0 	ldmia.w	sp!, {r4, r5, r6, r7, r8, r9, sl, fp, pc}
87801346:	2601      	movs	r6, #1
87801348:	9b04      	ldr	r3, [sp, #16]
8780134a:	3230      	adds	r2, #48	; 0x30
8780134c:	b2d2      	uxtb	r2, r2
8780134e:	9905      	ldr	r1, [sp, #20]
87801350:	4620      	mov	r0, r4
87801352:	9300      	str	r3, [sp, #0]
87801354:	4653      	mov	r3, sl
87801356:	f7ff fea7 	bl	878010a8 <lcd_showchar>
8780135a:	e7eb      	b.n	87801334 <lcd_showxnum+0x9c>

8780135c <lcd_show_string>:
8780135c:	e92d 4ff0 	stmdb	sp!, {r4, r5, r6, r7, r8, r9, sl, fp, lr}
87801360:	b085      	sub	sp, #20
87801362:	9f0f      	ldr	r7, [sp, #60]	; 0x3c
87801364:	4402      	add	r2, r0
87801366:	fa1f f882 	uxth.w	r8, r2
8780136a:	440b      	add	r3, r1
8780136c:	fa1f f983 	uxth.w	r9, r3
87801370:	460d      	mov	r5, r1
87801372:	783a      	ldrb	r2, [r7, #0]
87801374:	f89d 6038 	ldrb.w	r6, [sp, #56]	; 0x38
87801378:	f1a2 0320 	sub.w	r3, r2, #32
8780137c:	2b5e      	cmp	r3, #94	; 0x5e
8780137e:	d81e      	bhi.n	878013be <lcd_show_string+0x62>
87801380:	b2c3      	uxtb	r3, r0
87801382:	4604      	mov	r4, r0
87801384:	ea4f 0b56 	mov.w	fp, r6, lsr #1
87801388:	f04f 0a00 	mov.w	sl, #0
8780138c:	9303      	str	r3, [sp, #12]
8780138e:	e00b      	b.n	878013a8 <lcd_show_string+0x4c>
87801390:	f8cd a000 	str.w	sl, [sp]
87801394:	445c      	add	r4, fp
87801396:	f7ff fe87 	bl	878010a8 <lcd_showchar>
8780139a:	f817 2f01 	ldrb.w	r2, [r7, #1]!
8780139e:	b2a4      	uxth	r4, r4
878013a0:	f1a2 0320 	sub.w	r3, r2, #32
878013a4:	2b5e      	cmp	r3, #94	; 0x5e
878013a6:	d80a      	bhi.n	878013be <lcd_show_string+0x62>
878013a8:	45a0      	cmp	r8, r4
878013aa:	eb05 0106 	add.w	r1, r5, r6
878013ae:	bf9c      	itt	ls
878013b0:	b28d      	uxthls	r5, r1
878013b2:	9c03      	ldrls	r4, [sp, #12]
878013b4:	4633      	mov	r3, r6
878013b6:	454d      	cmp	r5, r9
878013b8:	4629      	mov	r1, r5
878013ba:	4620      	mov	r0, r4
878013bc:	d3e8      	bcc.n	87801390 <lcd_show_string+0x34>
878013be:	b005      	add	sp, #20
878013c0:	e8bd 8ff0 	ldmia.w	sp!, {r4, r5, r6, r7, r8, r9, sl, fp, pc}

878013c4 <lcdclk_init>:
878013c4:	b430      	push	{r4, r5}
878013c6:	f44f 4400 	mov.w	r4, #32768	; 0x8000
878013ca:	f2c0 240c 	movt	r4, #524	; 0x20c
878013ce:	2500      	movs	r5, #0
878013d0:	f440 1081 	orr.w	r0, r0, #1056768	; 0x102000
878013d4:	f44f 4380 	mov.w	r3, #16384	; 0x4000
878013d8:	f8c4 50b0 	str.w	r5, [r4, #176]	; 0xb0
878013dc:	f2c0 230c 	movt	r3, #524	; 0x20c
878013e0:	f8c4 50c0 	str.w	r5, [r4, #192]	; 0xc0
878013e4:	3901      	subs	r1, #1
878013e6:	f8c4 00a0 	str.w	r0, [r4, #160]	; 0xa0
878013ea:	3a01      	subs	r2, #1
878013ec:	f8d4 0170 	ldr.w	r0, [r4, #368]	; 0x170
878013f0:	f020 4040 	bic.w	r0, r0, #3221225472	; 0xc0000000
878013f4:	f8c4 0170 	str.w	r0, [r4, #368]	; 0x170
878013f8:	6b98      	ldr	r0, [r3, #56]	; 0x38
878013fa:	bc30      	pop	{r4, r5}
878013fc:	f420 3060 	bic.w	r0, r0, #229376	; 0x38000
87801400:	6398      	str	r0, [r3, #56]	; 0x38
87801402:	6b98      	ldr	r0, [r3, #56]	; 0x38
87801404:	f440 3080 	orr.w	r0, r0, #65536	; 0x10000
87801408:	6398      	str	r0, [r3, #56]	; 0x38
8780140a:	6b98      	ldr	r0, [r3, #56]	; 0x38
8780140c:	f420 40e0 	bic.w	r0, r0, #28672	; 0x7000
87801410:	6398      	str	r0, [r3, #56]	; 0x38
87801412:	6b98      	ldr	r0, [r3, #56]	; 0x38
87801414:	ea40 3101 	orr.w	r1, r0, r1, lsl #12
87801418:	6399      	str	r1, [r3, #56]	; 0x38
8780141a:	6999      	ldr	r1, [r3, #24]
8780141c:	f021 7160 	bic.w	r1, r1, #58720256	; 0x3800000
87801420:	6199      	str	r1, [r3, #24]
87801422:	6999      	ldr	r1, [r3, #24]
87801424:	ea41 52c2 	orr.w	r2, r1, r2, lsl #23
87801428:	619a      	str	r2, [r3, #24]
8780142a:	6b9a      	ldr	r2, [r3, #56]	; 0x38
8780142c:	f422 6260 	bic.w	r2, r2, #3584	; 0xe00
87801430:	639a      	str	r2, [r3, #56]	; 0x38
87801432:	6b9a      	ldr	r2, [r3, #56]	; 0x38
87801434:	639a      	str	r2, [r3, #56]	; 0x38
87801436:	4770      	bx	lr

87801438 <lcd_reset>:
87801438:	f44f 4300 	mov.w	r3, #32768	; 0x8000
8780143c:	f2c0 231c 	movt	r3, #540	; 0x21c
87801440:	681a      	ldr	r2, [r3, #0]
87801442:	f042 4200 	orr.w	r2, r2, #2147483648	; 0x80000000
87801446:	601a      	str	r2, [r3, #0]
87801448:	4770      	bx	lr
8780144a:	bf00      	nop

8780144c <lcd_noreset>:
8780144c:	f44f 4300 	mov.w	r3, #32768	; 0x8000
87801450:	f2c0 231c 	movt	r3, #540	; 0x21c
87801454:	681a      	ldr	r2, [r3, #0]
87801456:	f022 4200 	bic.w	r2, r2, #2147483648	; 0x80000000
8780145a:	601a      	str	r2, [r3, #0]
8780145c:	4770      	bx	lr
8780145e:	bf00      	nop

87801460 <lcd_enable>:
87801460:	f44f 4300 	mov.w	r3, #32768	; 0x8000
87801464:	f2c0 231c 	movt	r3, #540	; 0x21c
87801468:	681a      	ldr	r2, [r3, #0]
8780146a:	f042 0201 	orr.w	r2, r2, #1
8780146e:	601a      	str	r2, [r3, #0]
87801470:	4770      	bx	lr
87801472:	bf00      	nop

87801474 <lcd_read_panelid>:
87801474:	f44f 7288 	mov.w	r2, #272	; 0x110
87801478:	f44f 7367 	mov.w	r3, #924	; 0x39c
8780147c:	b570      	push	{r4, r5, r6, lr}
8780147e:	f2c0 220e 	movt	r2, #526	; 0x20e
87801482:	b084      	sub	sp, #16
87801484:	2405      	movs	r4, #5
87801486:	f2c0 230e 	movt	r3, #526	; 0x20e
8780148a:	f241 01b0 	movw	r1, #4272	; 0x10b0
8780148e:	f44f 4080 	mov.w	r0, #16384	; 0x4000
87801492:	6014      	str	r4, [r2, #0]
87801494:	f2c0 200a 	movt	r0, #522	; 0x20a
87801498:	6019      	str	r1, [r3, #0]
8780149a:	aa01      	add	r2, sp, #4
8780149c:	2301      	movs	r3, #1
8780149e:	2103      	movs	r1, #3
878014a0:	9301      	str	r3, [sp, #4]
878014a2:	f88d 3008 	strb.w	r3, [sp, #8]
878014a6:	f44f 7670 	mov.w	r6, #960	; 0x3c0
878014aa:	f7ff f971 	bl	87800790 <gpio_init>
878014ae:	f44f 739a 	mov.w	r3, #308	; 0x134
878014b2:	f44f 70aa 	mov.w	r0, #340	; 0x154
878014b6:	f2c0 230e 	movt	r3, #526	; 0x20e
878014ba:	f2c0 200e 	movt	r0, #526	; 0x20e
878014be:	f44f 72ba 	mov.w	r2, #372	; 0x174
878014c2:	f44f 7578 	mov.w	r5, #992	; 0x3e0
878014c6:	f44f 6180 	mov.w	r1, #1024	; 0x400
878014ca:	601c      	str	r4, [r3, #0]
878014cc:	f2c0 220e 	movt	r2, #526	; 0x20e
878014d0:	f24f 0380 	movw	r3, #61568	; 0xf080
878014d4:	6004      	str	r4, [r0, #0]
878014d6:	f2c0 250e 	movt	r5, #526	; 0x20e
878014da:	f2c0 210e 	movt	r1, #526	; 0x20e
878014de:	f2c0 260e 	movt	r6, #526	; 0x20e
878014e2:	f44f 4080 	mov.w	r0, #16384	; 0x4000
878014e6:	6014      	str	r4, [r2, #0]
878014e8:	f2c0 200a 	movt	r0, #522	; 0x20a
878014ec:	6033      	str	r3, [r6, #0]
878014ee:	aa01      	add	r2, sp, #4
878014f0:	602b      	str	r3, [r5, #0]
878014f2:	2400      	movs	r4, #0
878014f4:	600b      	str	r3, [r1, #0]
878014f6:	210c      	movs	r1, #12
878014f8:	9401      	str	r4, [sp, #4]
878014fa:	f7ff f949 	bl	87800790 <gpio_init>
878014fe:	f44f 4080 	mov.w	r0, #16384	; 0x4000
87801502:	aa01      	add	r2, sp, #4
87801504:	2114      	movs	r1, #20
87801506:	f2c0 200a 	movt	r0, #522	; 0x20a
8780150a:	f7ff f941 	bl	87800790 <gpio_init>
8780150e:	f44f 4080 	mov.w	r0, #16384	; 0x4000
87801512:	aa01      	add	r2, sp, #4
87801514:	211c      	movs	r1, #28
87801516:	f2c0 200a 	movt	r0, #522	; 0x20a
8780151a:	f7ff f939 	bl	87800790 <gpio_init>
8780151e:	f44f 4080 	mov.w	r0, #16384	; 0x4000
87801522:	211c      	movs	r1, #28
87801524:	f2c0 200a 	movt	r0, #522	; 0x20a
87801528:	f7ff f8cc 	bl	878006c4 <gpio_PinRead>
8780152c:	4604      	mov	r4, r0
8780152e:	f44f 4080 	mov.w	r0, #16384	; 0x4000
87801532:	2114      	movs	r1, #20
87801534:	f2c0 200a 	movt	r0, #522	; 0x20a
87801538:	f7ff f8c4 	bl	878006c4 <gpio_PinRead>
8780153c:	4605      	mov	r5, r0
8780153e:	f44f 4080 	mov.w	r0, #16384	; 0x4000
87801542:	f2c0 200a 	movt	r0, #522	; 0x20a
87801546:	210c      	movs	r1, #12
87801548:	f7ff f8bc 	bl	878006c4 <gpio_PinRead>
8780154c:	b2c0      	uxtb	r0, r0
8780154e:	b2ed      	uxtb	r5, r5
87801550:	0080      	lsls	r0, r0, #2
87801552:	ea40 0045 	orr.w	r0, r0, r5, lsl #1
87801556:	4320      	orrs	r0, r4
87801558:	f010 00ff 	ands.w	r0, r0, #255	; 0xff
8780155c:	bf08      	it	eq
8780155e:	f244 3042 	movweq	r0, #17218	; 0x4342
87801562:	d101      	bne.n	87801568 <lcd_read_panelid+0xf4>
87801564:	b004      	add	sp, #16
87801566:	bd70      	pop	{r4, r5, r6, pc}
87801568:	2801      	cmp	r0, #1
8780156a:	bf08      	it	eq
8780156c:	f247 0084 	movweq	r0, #28804	; 0x7084
87801570:	d0f8      	beq.n	87801564 <lcd_read_panelid+0xf0>
87801572:	2802      	cmp	r0, #2
87801574:	bf08      	it	eq
87801576:	f247 0016 	movweq	r0, #28694	; 0x7016
8780157a:	d0f3      	beq.n	87801564 <lcd_read_panelid+0xf0>
8780157c:	2804      	cmp	r0, #4
8780157e:	bf08      	it	eq
87801580:	f244 3084 	movweq	r0, #17284	; 0x4384
87801584:	d0ee      	beq.n	87801564 <lcd_read_panelid+0xf0>
87801586:	2805      	cmp	r0, #5
87801588:	f241 0018 	movw	r0, #4120	; 0x1018
8780158c:	bf18      	it	ne
8780158e:	2000      	movne	r0, #0
87801590:	e7e8      	b.n	87801564 <lcd_read_panelid+0xf0>
87801592:	bf00      	nop

87801594 <lcdgpio_init>:
87801594:	b5f0      	push	{r4, r5, r6, r7, lr}
87801596:	f44f 758c 	mov.w	r5, #280	; 0x118
8780159a:	2300      	movs	r3, #0
8780159c:	f2c0 250e 	movt	r5, #526	; 0x20e
878015a0:	f44f 708e 	mov.w	r0, #284	; 0x11c
878015a4:	f44f 7790 	mov.w	r7, #288	; 0x120
878015a8:	602b      	str	r3, [r5, #0]
878015aa:	f2c0 200e 	movt	r0, #526	; 0x20e
878015ae:	f44f 7492 	mov.w	r4, #292	; 0x124
878015b2:	f44f 7294 	mov.w	r2, #296	; 0x128
878015b6:	f44f 7196 	mov.w	r1, #300	; 0x12c
878015ba:	f44f 7698 	mov.w	r6, #304	; 0x130
878015be:	f44f 759a 	mov.w	r5, #308	; 0x134
878015c2:	6003      	str	r3, [r0, #0]
878015c4:	f2c0 270e 	movt	r7, #526	; 0x20e
878015c8:	f2c0 240e 	movt	r4, #526	; 0x20e
878015cc:	f2c0 220e 	movt	r2, #526	; 0x20e
878015d0:	f2c0 210e 	movt	r1, #526	; 0x20e
878015d4:	f2c0 260e 	movt	r6, #526	; 0x20e
878015d8:	f2c0 250e 	movt	r5, #526	; 0x20e
878015dc:	f44f 709c 	mov.w	r0, #312	; 0x138
878015e0:	603b      	str	r3, [r7, #0]
878015e2:	f2c0 200e 	movt	r0, #526	; 0x20e
878015e6:	6023      	str	r3, [r4, #0]
878015e8:	f44f 779e 	mov.w	r7, #316	; 0x13c
878015ec:	6013      	str	r3, [r2, #0]
878015ee:	f44f 74a0 	mov.w	r4, #320	; 0x140
878015f2:	600b      	str	r3, [r1, #0]
878015f4:	f44f 72a2 	mov.w	r2, #324	; 0x144
878015f8:	6033      	str	r3, [r6, #0]
878015fa:	f44f 71a4 	mov.w	r1, #328	; 0x148
878015fe:	602b      	str	r3, [r5, #0]
87801600:	f44f 76a6 	mov.w	r6, #332	; 0x14c
87801604:	f44f 75a8 	mov.w	r5, #336	; 0x150
87801608:	6003      	str	r3, [r0, #0]
8780160a:	f2c0 270e 	movt	r7, #526	; 0x20e
8780160e:	f2c0 240e 	movt	r4, #526	; 0x20e
87801612:	f2c0 220e 	movt	r2, #526	; 0x20e
87801616:	f2c0 210e 	movt	r1, #526	; 0x20e
8780161a:	f2c0 260e 	movt	r6, #526	; 0x20e
8780161e:	f2c0 250e 	movt	r5, #526	; 0x20e
87801622:	f44f 70aa 	mov.w	r0, #340	; 0x154
87801626:	603b      	str	r3, [r7, #0]
87801628:	f2c0 200e 	movt	r0, #526	; 0x20e
8780162c:	6023      	str	r3, [r4, #0]
8780162e:	f44f 77ac 	mov.w	r7, #344	; 0x158
87801632:	6013      	str	r3, [r2, #0]
87801634:	f44f 74ae 	mov.w	r4, #348	; 0x15c
87801638:	600b      	str	r3, [r1, #0]
8780163a:	f44f 72b0 	mov.w	r2, #352	; 0x160
8780163e:	6033      	str	r3, [r6, #0]
87801640:	f44f 71b2 	mov.w	r1, #356	; 0x164
87801644:	602b      	str	r3, [r5, #0]
87801646:	f44f 76b4 	mov.w	r6, #360	; 0x168
8780164a:	f44f 75b6 	mov.w	r5, #364	; 0x16c
8780164e:	6003      	str	r3, [r0, #0]
87801650:	f2c0 270e 	movt	r7, #526	; 0x20e
87801654:	f2c0 240e 	movt	r4, #526	; 0x20e
87801658:	f2c0 220e 	movt	r2, #526	; 0x20e
8780165c:	f2c0 210e 	movt	r1, #526	; 0x20e
87801660:	f2c0 260e 	movt	r6, #526	; 0x20e
87801664:	f2c0 250e 	movt	r5, #526	; 0x20e
87801668:	f44f 70b8 	mov.w	r0, #368	; 0x170
8780166c:	603b      	str	r3, [r7, #0]
8780166e:	f2c0 200e 	movt	r0, #526	; 0x20e
87801672:	6023      	str	r3, [r4, #0]
87801674:	f44f 77ba 	mov.w	r7, #372	; 0x174
87801678:	6013      	str	r3, [r2, #0]
8780167a:	f44f 7482 	mov.w	r4, #260	; 0x104
8780167e:	600b      	str	r3, [r1, #0]
87801680:	f44f 7284 	mov.w	r2, #264	; 0x108
87801684:	6033      	str	r3, [r6, #0]
87801686:	f44f 7186 	mov.w	r1, #268	; 0x10c
8780168a:	602b      	str	r3, [r5, #0]
8780168c:	f240 56dc 	movw	r6, #1500	; 0x5dc
87801690:	f44f 7588 	mov.w	r5, #272	; 0x110
87801694:	6003      	str	r3, [r0, #0]
87801696:	f2c0 270e 	movt	r7, #526	; 0x20e
8780169a:	f2c0 240e 	movt	r4, #526	; 0x20e
8780169e:	f2c0 220e 	movt	r2, #526	; 0x20e
878016a2:	f2c0 210e 	movt	r1, #526	; 0x20e
878016a6:	f2c0 260e 	movt	r6, #526	; 0x20e
878016aa:	f2c0 250e 	movt	r5, #526	; 0x20e
878016ae:	f44f 7069 	mov.w	r0, #932	; 0x3a4
878016b2:	603b      	str	r3, [r7, #0]
878016b4:	f2c0 200e 	movt	r0, #526	; 0x20e
878016b8:	6023      	str	r3, [r4, #0]
878016ba:	f44f 776a 	mov.w	r7, #936	; 0x3a8
878016be:	6013      	str	r3, [r2, #0]
878016c0:	f44f 746b 	mov.w	r4, #940	; 0x3ac
878016c4:	600b      	str	r3, [r1, #0]
878016c6:	f44f 726c 	mov.w	r2, #944	; 0x3b0
878016ca:	6033      	str	r3, [r6, #0]
878016cc:	f44f 716d 	mov.w	r1, #948	; 0x3b4
878016d0:	602b      	str	r3, [r5, #0]
878016d2:	f44f 766e 	mov.w	r6, #952	; 0x3b8
878016d6:	23b9      	movs	r3, #185	; 0xb9
878016d8:	f44f 756f 	mov.w	r5, #956	; 0x3bc
878016dc:	6003      	str	r3, [r0, #0]
878016de:	f2c0 270e 	movt	r7, #526	; 0x20e
878016e2:	f2c0 240e 	movt	r4, #526	; 0x20e
878016e6:	f2c0 220e 	movt	r2, #526	; 0x20e
878016ea:	f2c0 210e 	movt	r1, #526	; 0x20e
878016ee:	f2c0 260e 	movt	r6, #526	; 0x20e
878016f2:	f2c0 250e 	movt	r5, #526	; 0x20e
878016f6:	f44f 7070 	mov.w	r0, #960	; 0x3c0
878016fa:	603b      	str	r3, [r7, #0]
878016fc:	f2c0 200e 	movt	r0, #526	; 0x20e
87801700:	6023      	str	r3, [r4, #0]
87801702:	f44f 7771 	mov.w	r7, #964	; 0x3c4
87801706:	6013      	str	r3, [r2, #0]
87801708:	f44f 7472 	mov.w	r4, #968	; 0x3c8
8780170c:	600b      	str	r3, [r1, #0]
8780170e:	f44f 7273 	mov.w	r2, #972	; 0x3cc
87801712:	6033      	str	r3, [r6, #0]
87801714:	f44f 7174 	mov.w	r1, #976	; 0x3d0
87801718:	602b      	str	r3, [r5, #0]
8780171a:	f44f 7675 	mov.w	r6, #980	; 0x3d4
8780171e:	f44f 7576 	mov.w	r5, #984	; 0x3d8
87801722:	6003      	str	r3, [r0, #0]
87801724:	f2c0 270e 	movt	r7, #526	; 0x20e
87801728:	f2c0 240e 	movt	r4, #526	; 0x20e
8780172c:	f2c0 220e 	movt	r2, #526	; 0x20e
87801730:	f2c0 210e 	movt	r1, #526	; 0x20e
87801734:	f2c0 260e 	movt	r6, #526	; 0x20e
87801738:	f2c0 250e 	movt	r5, #526	; 0x20e
8780173c:	f44f 7077 	mov.w	r0, #988	; 0x3dc
87801740:	603b      	str	r3, [r7, #0]
87801742:	f2c0 200e 	movt	r0, #526	; 0x20e
87801746:	6023      	str	r3, [r4, #0]
87801748:	f44f 7778 	mov.w	r7, #992	; 0x3e0
8780174c:	6013      	str	r3, [r2, #0]
8780174e:	f44f 7479 	mov.w	r4, #996	; 0x3e4
87801752:	600b      	str	r3, [r1, #0]
87801754:	f44f 727a 	mov.w	r2, #1000	; 0x3e8
87801758:	6033      	str	r3, [r6, #0]
8780175a:	f44f 717b 	mov.w	r1, #1004	; 0x3ec
8780175e:	602b      	str	r3, [r5, #0]
87801760:	f44f 767c 	mov.w	r6, #1008	; 0x3f0
87801764:	f44f 757d 	mov.w	r5, #1012	; 0x3f4
87801768:	6003      	str	r3, [r0, #0]
8780176a:	f2c0 270e 	movt	r7, #526	; 0x20e
8780176e:	f2c0 240e 	movt	r4, #526	; 0x20e
87801772:	f2c0 220e 	movt	r2, #526	; 0x20e
87801776:	f2c0 210e 	movt	r1, #526	; 0x20e
8780177a:	f2c0 260e 	movt	r6, #526	; 0x20e
8780177e:	f2c0 250e 	movt	r5, #526	; 0x20e
87801782:	f44f 707e 	mov.w	r0, #1016	; 0x3f8
87801786:	603b      	str	r3, [r7, #0]
87801788:	f2c0 200e 	movt	r0, #526	; 0x20e
8780178c:	6023      	str	r3, [r4, #0]
8780178e:	f44f 777f 	mov.w	r7, #1020	; 0x3fc
87801792:	6013      	str	r3, [r2, #0]
87801794:	f44f 6480 	mov.w	r4, #1024	; 0x400
87801798:	600b      	str	r3, [r1, #0]
8780179a:	f44f 7264 	mov.w	r2, #912	; 0x390
8780179e:	6033      	str	r3, [r6, #0]
878017a0:	f44f 7165 	mov.w	r1, #916	; 0x394
878017a4:	602b      	str	r3, [r5, #0]
878017a6:	f44f 7666 	mov.w	r6, #920	; 0x398
878017aa:	f44f 7567 	mov.w	r5, #924	; 0x39c
878017ae:	6003      	str	r3, [r0, #0]
878017b0:	b085      	sub	sp, #20
878017b2:	f2c0 270e 	movt	r7, #526	; 0x20e
878017b6:	f2c0 240e 	movt	r4, #526	; 0x20e
878017ba:	f2c0 220e 	movt	r2, #526	; 0x20e
878017be:	f2c0 210e 	movt	r1, #526	; 0x20e
878017c2:	f2c0 260e 	movt	r6, #526	; 0x20e
878017c6:	f2c0 250e 	movt	r5, #526	; 0x20e
878017ca:	f44f 4040 	mov.w	r0, #49152	; 0xc000
878017ce:	603b      	str	r3, [r7, #0]
878017d0:	f2c0 2009 	movt	r0, #521	; 0x209
878017d4:	6023      	str	r3, [r4, #0]
878017d6:	2401      	movs	r4, #1
878017d8:	6013      	str	r3, [r2, #0]
878017da:	aa01      	add	r2, sp, #4
878017dc:	600b      	str	r3, [r1, #0]
878017de:	2108      	movs	r1, #8
878017e0:	6033      	str	r3, [r6, #0]
878017e2:	602b      	str	r3, [r5, #0]
878017e4:	9401      	str	r4, [sp, #4]
878017e6:	f88d 4008 	strb.w	r4, [sp, #8]
878017ea:	f7fe ffd1 	bl	87800790 <gpio_init>
878017ee:	b005      	add	sp, #20
878017f0:	bdf0      	pop	{r4, r5, r6, r7, pc}
878017f2:	bf00      	nop

878017f4 <lcd_init>:
878017f4:	e92d 4ff8 	stmdb	sp!, {r3, r4, r5, r6, r7, r8, r9, sl, fp, lr}
878017f8:	f44f 4400 	mov.w	r4, #32768	; 0x8000
878017fc:	f7ff fe3a 	bl	87801474 <lcd_read_panelid>
87801800:	4601      	mov	r1, r0
87801802:	4605      	mov	r5, r0
87801804:	f249 10d8 	movw	r0, #37336	; 0x91d8
87801808:	f2c0 241c 	movt	r4, #540	; 0x21c
8780180c:	f2c8 7080 	movt	r0, #34688	; 0x8780
87801810:	f001 fa8e 	bl	87802d30 <printf>
87801814:	f7ff febe 	bl	87801594 <lcdgpio_init>
87801818:	6823      	ldr	r3, [r4, #0]
8780181a:	200a      	movs	r0, #10
8780181c:	f043 4300 	orr.w	r3, r3, #2147483648	; 0x80000000
87801820:	6023      	str	r3, [r4, #0]
87801822:	f7fe fe85 	bl	87800530 <delay_ms>
87801826:	6823      	ldr	r3, [r4, #0]
87801828:	f244 3242 	movw	r2, #17218	; 0x4342
8780182c:	4295      	cmp	r5, r2
8780182e:	f023 4300 	bic.w	r3, r3, #2147483648	; 0x80000000
87801832:	6023      	str	r3, [r4, #0]
87801834:	f000 80d7 	beq.w	878019e6 <lcd_init+0x1f2>
87801838:	f244 3384 	movw	r3, #17284	; 0x4384
8780183c:	429d      	cmp	r5, r3
8780183e:	f000 8084 	beq.w	8780194a <lcd_init+0x156>
87801842:	f247 0384 	movw	r3, #28804	; 0x7084
87801846:	429d      	cmp	r5, r3
87801848:	f000 80a7 	beq.w	8780199a <lcd_init+0x1a6>
8780184c:	f247 0316 	movw	r3, #28694	; 0x7016
87801850:	429d      	cmp	r5, r3
87801852:	f000 80e3 	beq.w	87801a1c <lcd_init+0x228>
87801856:	f24a 04b8 	movw	r4, #41144	; 0xa0b8
8780185a:	f2c8 7480 	movt	r4, #34688	; 0x8780
8780185e:	89a1      	ldrh	r1, [r4, #12]
87801860:	89e6      	ldrh	r6, [r4, #14]
87801862:	f8b4 9002 	ldrh.w	r9, [r4, #2]
87801866:	f8b4 c000 	ldrh.w	ip, [r4]
8780186a:	f8b4 b006 	ldrh.w	fp, [r4, #6]
8780186e:	440e      	add	r6, r1
87801870:	8923      	ldrh	r3, [r4, #8]
87801872:	eb06 0709 	add.w	r7, r6, r9
87801876:	8a22      	ldrh	r2, [r4, #16]
87801878:	f449 2a80 	orr.w	sl, r9, #262144	; 0x40000
8780187c:	f8b4 800a 	ldrh.w	r8, [r4, #10]
87801880:	445b      	add	r3, fp
87801882:	443a      	add	r2, r7
87801884:	ea43 4606 	orr.w	r6, r3, r6, lsl #16
87801888:	ea42 4781 	orr.w	r7, r2, r1, lsl #18
8780188c:	4463      	add	r3, ip
8780188e:	ea4f 4c0c 	mov.w	ip, ip, lsl #16
87801892:	4498      	add	r8, r3
87801894:	f44f 4300 	mov.w	r3, #32768	; 0x8000
87801898:	f2c0 231c 	movt	r3, #540	; 0x21c
8780189c:	2200      	movs	r2, #0
8780189e:	f04f 4e09 	mov.w	lr, #2298478592	; 0x89000000
878018a2:	2104      	movs	r1, #4
878018a4:	f06f 457f 	mvn.w	r5, #4278190080	; 0xff000000
878018a8:	f8c4 e014 	str.w	lr, [r4, #20]
878018ac:	7121      	strb	r1, [r4, #4]
878018ae:	2014      	movs	r0, #20
878018b0:	61a5      	str	r5, [r4, #24]
878018b2:	61e2      	str	r2, [r4, #28]
878018b4:	601a      	str	r2, [r3, #0]
878018b6:	6819      	ldr	r1, [r3, #0]
878018b8:	f441 2120 	orr.w	r1, r1, #655360	; 0xa0000
878018bc:	f441 6172 	orr.w	r1, r1, #3872	; 0xf20
878018c0:	6019      	str	r1, [r3, #0]
878018c2:	611a      	str	r2, [r3, #16]
878018c4:	6919      	ldr	r1, [r3, #16]
878018c6:	f441 21e0 	orr.w	r1, r1, #458752	; 0x70000
878018ca:	6119      	str	r1, [r3, #16]
878018cc:	631a      	str	r2, [r3, #48]	; 0x30
878018ce:	6b19      	ldr	r1, [r3, #48]	; 0x30
878018d0:	ea4c 0101 	orr.w	r1, ip, r1
878018d4:	6319      	str	r1, [r3, #48]	; 0x30
878018d6:	6b19      	ldr	r1, [r3, #48]	; 0x30
878018d8:	ea49 0101 	orr.w	r1, r9, r1
878018dc:	6319      	str	r1, [r3, #48]	; 0x30
878018de:	671a      	str	r2, [r3, #112]	; 0x70
878018e0:	6f1a      	ldr	r2, [r3, #112]	; 0x70
878018e2:	ea4b 0202 	orr.w	r2, fp, r2
878018e6:	671a      	str	r2, [r3, #112]	; 0x70
878018e8:	6f1a      	ldr	r2, [r3, #112]	; 0x70
878018ea:	f442 1280 	orr.w	r2, r2, #1048576	; 0x100000
878018ee:	671a      	str	r2, [r3, #112]	; 0x70
878018f0:	6f1a      	ldr	r2, [r3, #112]	; 0x70
878018f2:	f442 1200 	orr.w	r2, r2, #2097152	; 0x200000
878018f6:	671a      	str	r2, [r3, #112]	; 0x70
878018f8:	6f1a      	ldr	r2, [r3, #112]	; 0x70
878018fa:	f042 7280 	orr.w	r2, r2, #16777216	; 0x1000000
878018fe:	671a      	str	r2, [r3, #112]	; 0x70
87801900:	6f1a      	ldr	r2, [r3, #112]	; 0x70
87801902:	f042 0201 	orr.w	r2, r2, #1
87801906:	671a      	str	r2, [r3, #112]	; 0x70
87801908:	f8c3 8080 	str.w	r8, [r3, #128]	; 0x80
8780190c:	f8c3 7090 	str.w	r7, [r3, #144]	; 0x90
87801910:	f8c3 60a0 	str.w	r6, [r3, #160]	; 0xa0
87801914:	f8c3 a0b0 	str.w	sl, [r3, #176]	; 0xb0
87801918:	f8c3 e040 	str.w	lr, [r3, #64]	; 0x40
8780191c:	f8c3 e050 	str.w	lr, [r3, #80]	; 0x50
87801920:	681a      	ldr	r2, [r3, #0]
87801922:	f042 0201 	orr.w	r2, r2, #1
87801926:	601a      	str	r2, [r3, #0]
87801928:	f7fe fe02 	bl	87800530 <delay_ms>
8780192c:	8821      	ldrh	r1, [r4, #0]
8780192e:	8862      	ldrh	r2, [r4, #2]
87801930:	6963      	ldr	r3, [r4, #20]
87801932:	fb02 f201 	mul.w	r2, r2, r1
87801936:	b132      	cbz	r2, 87801946 <lcd_init+0x152>
87801938:	eb03 0282 	add.w	r2, r3, r2, lsl #2
8780193c:	4629      	mov	r1, r5
8780193e:	f843 1b04 	str.w	r1, [r3], #4
87801942:	4293      	cmp	r3, r2
87801944:	d1fb      	bne.n	8780193e <lcd_init+0x14a>
87801946:	e8bd 8ff8 	ldmia.w	sp!, {r3, r4, r5, r6, r7, r8, r9, sl, fp, pc}
8780194a:	f24a 04b8 	movw	r4, #41144	; 0xa0b8
8780194e:	f44f 7248 	mov.w	r2, #800	; 0x320
87801952:	f2c8 7480 	movt	r4, #34688	; 0x8780
87801956:	2620      	movs	r6, #32
87801958:	270d      	movs	r7, #13
8780195a:	2303      	movs	r3, #3
8780195c:	f44f 7ef0 	mov.w	lr, #480	; 0x1e0
87801960:	2530      	movs	r5, #48	; 0x30
87801962:	2058      	movs	r0, #88	; 0x58
87801964:	2128      	movs	r1, #40	; 0x28
87801966:	4692      	mov	sl, r2
87801968:	8126      	strh	r6, [r4, #8]
8780196a:	8167      	strh	r7, [r4, #10]
8780196c:	2623      	movs	r6, #35	; 0x23
8780196e:	f44f 7774 	mov.w	r7, #976	; 0x3d0
87801972:	f8a4 e000 	strh.w	lr, [r4]
87801976:	81a5      	strh	r5, [r4, #12]
87801978:	f2c0 0a04 	movt	sl, #4
8780197c:	81e0      	strh	r0, [r4, #14]
8780197e:	4691      	mov	r9, r2
87801980:	8221      	strh	r1, [r4, #16]
87801982:	469b      	mov	fp, r3
87801984:	8062      	strh	r2, [r4, #2]
87801986:	f2c0 0688 	movt	r6, #136	; 0x88
8780198a:	80e3      	strh	r3, [r4, #6]
8780198c:	f2c0 07c0 	movt	r7, #192	; 0xc0
87801990:	f44f 7804 	mov.w	r8, #528	; 0x210
87801994:	f04f 7cf0 	mov.w	ip, #31457280	; 0x1e00000
87801998:	e77c      	b.n	87801894 <lcd_init+0xa0>
8780199a:	f24a 04b8 	movw	r4, #41144	; 0xa0b8
8780199e:	f44f 7248 	mov.w	r2, #800	; 0x320
878019a2:	f2c8 7480 	movt	r4, #34688	; 0x8780
878019a6:	f44f 76f0 	mov.w	r6, #480	; 0x1e0
878019aa:	2717      	movs	r7, #23
878019ac:	2301      	movs	r3, #1
878019ae:	2516      	movs	r5, #22
878019b0:	202e      	movs	r0, #46	; 0x2e
878019b2:	21d2      	movs	r1, #210	; 0xd2
878019b4:	4692      	mov	sl, r2
878019b6:	8026      	strh	r6, [r4, #0]
878019b8:	2618      	movs	r6, #24
878019ba:	8127      	strh	r7, [r4, #8]
878019bc:	f240 4721 	movw	r7, #1057	; 0x421
878019c0:	8165      	strh	r5, [r4, #10]
878019c2:	f2c0 0a04 	movt	sl, #4
878019c6:	81e0      	strh	r0, [r4, #14]
878019c8:	4691      	mov	r9, r2
878019ca:	8221      	strh	r1, [r4, #16]
878019cc:	469b      	mov	fp, r3
878019ce:	8062      	strh	r2, [r4, #2]
878019d0:	f2c0 062f 	movt	r6, #47	; 0x2f
878019d4:	80e3      	strh	r3, [r4, #6]
878019d6:	f2c0 0704 	movt	r7, #4
878019da:	81a3      	strh	r3, [r4, #12]
878019dc:	f240 280e 	movw	r8, #526	; 0x20e
878019e0:	f04f 7cf0 	mov.w	ip, #31457280	; 0x1e00000
878019e4:	e756      	b.n	87801894 <lcd_init+0xa0>
878019e6:	f24a 04b8 	movw	r4, #41144	; 0xa0b8
878019ea:	2308      	movs	r3, #8
878019ec:	f2c8 7480 	movt	r4, #34688	; 0x8780
878019f0:	f44f 7088 	mov.w	r0, #272	; 0x110
878019f4:	2501      	movs	r5, #1
878019f6:	f44f 7ef0 	mov.w	lr, #480	; 0x1e0
878019fa:	2728      	movs	r7, #40	; 0x28
878019fc:	2605      	movs	r6, #5
878019fe:	8020      	strh	r0, [r4, #0]
87801a00:	461a      	mov	r2, r3
87801a02:	4619      	mov	r1, r3
87801a04:	201b      	movs	r0, #27
87801a06:	f8a4 e002 	strh.w	lr, [r4, #2]
87801a0a:	81e7      	strh	r7, [r4, #14]
87801a0c:	8226      	strh	r6, [r4, #16]
87801a0e:	8123      	strh	r3, [r4, #8]
87801a10:	8163      	strh	r3, [r4, #10]
87801a12:	80e5      	strh	r5, [r4, #6]
87801a14:	81a5      	strh	r5, [r4, #12]
87801a16:	f7ff fcd5 	bl	878013c4 <lcdclk_init>
87801a1a:	e720      	b.n	8780185e <lcd_init+0x6a>
87801a1c:	f24a 04b8 	movw	r4, #41144	; 0xa0b8
87801a20:	f44f 6180 	mov.w	r1, #1024	; 0x400
87801a24:	f2c8 7480 	movt	r4, #34688	; 0x8780
87801a28:	2203      	movs	r2, #3
87801a2a:	23a0      	movs	r3, #160	; 0xa0
87801a2c:	2617      	movs	r6, #23
87801a2e:	468a      	mov	sl, r1
87801a30:	f44f 67a8 	mov.w	r7, #1344	; 0x540
87801a34:	f363 461f 	bfi	r6, r3, #16, #16
87801a38:	4689      	mov	r9, r1
87801a3a:	f44f 7016 	mov.w	r0, #600	; 0x258
87801a3e:	8061      	strh	r1, [r4, #2]
87801a40:	4693      	mov	fp, r2
87801a42:	210c      	movs	r1, #12
87801a44:	80e2      	strh	r2, [r4, #6]
87801a46:	228c      	movs	r2, #140	; 0x8c
87801a48:	8223      	strh	r3, [r4, #16]
87801a4a:	2314      	movs	r3, #20
87801a4c:	f2c0 0a04 	movt	sl, #4
87801a50:	f2c0 0750 	movt	r7, #80	; 0x50
87801a54:	8020      	strh	r0, [r4, #0]
87801a56:	f240 287b 	movw	r8, #635	; 0x27b
87801a5a:	8161      	strh	r1, [r4, #10]
87801a5c:	f04f 7c16 	mov.w	ip, #39321600	; 0x2580000
87801a60:	81e2      	strh	r2, [r4, #14]
87801a62:	8123      	strh	r3, [r4, #8]
87801a64:	81a3      	strh	r3, [r4, #12]
87801a66:	e715      	b.n	87801894 <lcd_init+0xa0>

87801a68 <lcd_drawpoint>:
87801a68:	b430      	push	{r4, r5}
87801a6a:	f24a 04b8 	movw	r4, #41144	; 0xa0b8
87801a6e:	f2c8 7480 	movt	r4, #34688	; 0x8780
87801a72:	8863      	ldrh	r3, [r4, #2]
87801a74:	7925      	ldrb	r5, [r4, #4]
87801a76:	6964      	ldr	r4, [r4, #20]
87801a78:	fb01 0103 	mla	r1, r1, r3, r0
87801a7c:	fb01 f105 	mul.w	r1, r1, r5
87801a80:	510a      	str	r2, [r1, r4]
87801a82:	bc30      	pop	{r4, r5}
87801a84:	4770      	bx	lr
87801a86:	bf00      	nop

87801a88 <lcd_readpoint>:
87801a88:	f24a 02b8 	movw	r2, #41144	; 0xa0b8
87801a8c:	b410      	push	{r4}
87801a8e:	f2c8 7280 	movt	r2, #34688	; 0x8780
87801a92:	8853      	ldrh	r3, [r2, #2]
87801a94:	7914      	ldrb	r4, [r2, #4]
87801a96:	6952      	ldr	r2, [r2, #20]
87801a98:	fb01 0103 	mla	r1, r1, r3, r0
87801a9c:	fb01 f104 	mul.w	r1, r1, r4
87801aa0:	f85d 4b04 	ldr.w	r4, [sp], #4
87801aa4:	5888      	ldr	r0, [r1, r2]
87801aa6:	4770      	bx	lr

87801aa8 <lcd_clear>:
87801aa8:	f24a 03b8 	movw	r3, #41144	; 0xa0b8
87801aac:	f2c8 7380 	movt	r3, #34688	; 0x8780
87801ab0:	8819      	ldrh	r1, [r3, #0]
87801ab2:	885a      	ldrh	r2, [r3, #2]
87801ab4:	695b      	ldr	r3, [r3, #20]
87801ab6:	fb02 f201 	mul.w	r2, r2, r1
87801aba:	b12a      	cbz	r2, 87801ac8 <lcd_clear+0x20>
87801abc:	eb03 0282 	add.w	r2, r3, r2, lsl #2
87801ac0:	f843 0b04 	str.w	r0, [r3], #4
87801ac4:	4293      	cmp	r3, r2
87801ac6:	d1fb      	bne.n	87801ac0 <lcd_clear+0x18>
87801ac8:	4770      	bx	lr
87801aca:	bf00      	nop

87801acc <lcd_fill>:
87801acc:	e92d 43f0 	stmdb	sp!, {r4, r5, r6, r7, r8, r9, lr}
87801ad0:	f24a 06b8 	movw	r6, #41144	; 0xa0b8
87801ad4:	f2c8 7680 	movt	r6, #34688	; 0x8780
87801ad8:	4699      	mov	r9, r3
87801ada:	f8b6 8002 	ldrh.w	r8, [r6, #2]
87801ade:	8834      	ldrh	r4, [r6, #0]
87801ae0:	9b07      	ldr	r3, [sp, #28]
87801ae2:	4590      	cmp	r8, r2
87801ae4:	bf9c      	itt	ls
87801ae6:	f108 32ff 	addls.w	r2, r8, #4294967295	; 0xffffffff
87801aea:	b292      	uxthls	r2, r2
87801aec:	454c      	cmp	r4, r9
87801aee:	bf9c      	itt	ls
87801af0:	f104 34ff 	addls.w	r4, r4, #4294967295	; 0xffffffff
87801af4:	fa1f f984 	uxthls.w	r9, r4
87801af8:	4589      	cmp	r9, r1
87801afa:	d316      	bcc.n	87801b2a <lcd_fill+0x5e>
87801afc:	4282      	cmp	r2, r0
87801afe:	d30e      	bcc.n	87801b1e <lcd_fill+0x52>
87801b00:	fb01 fc08 	mul.w	ip, r1, r8
87801b04:	4604      	mov	r4, r0
87801b06:	f896 e004 	ldrb.w	lr, [r6, #4]
87801b0a:	eb04 050c 	add.w	r5, r4, ip
87801b0e:	3401      	adds	r4, #1
87801b10:	6977      	ldr	r7, [r6, #20]
87801b12:	b2a4      	uxth	r4, r4
87801b14:	fb05 f50e 	mul.w	r5, r5, lr
87801b18:	42a2      	cmp	r2, r4
87801b1a:	51eb      	str	r3, [r5, r7]
87801b1c:	d2f3      	bcs.n	87801b06 <lcd_fill+0x3a>
87801b1e:	3101      	adds	r1, #1
87801b20:	b289      	uxth	r1, r1
87801b22:	4589      	cmp	r9, r1
87801b24:	d2ea      	bcs.n	87801afc <lcd_fill+0x30>
87801b26:	e8bd 83f0 	ldmia.w	sp!, {r4, r5, r6, r7, r8, r9, pc}
87801b2a:	e8bd 83f0 	ldmia.w	sp!, {r4, r5, r6, r7, r8, r9, pc}
87801b2e:	bf00      	nop

87801b30 <rtc_isleapyear.part.0>:
87801b30:	0783      	lsls	r3, r0, #30
87801b32:	d111      	bne.n	87801b58 <rtc_isleapyear.part.0+0x28>
87801b34:	f248 521f 	movw	r2, #34079	; 0x851f
87801b38:	f2c5 12eb 	movt	r2, #20971	; 0x51eb
87801b3c:	fba0 2302 	umull	r2, r3, r0, r2
87801b40:	095a      	lsrs	r2, r3, #5
87801b42:	0113      	lsls	r3, r2, #4
87801b44:	eb03 0382 	add.w	r3, r3, r2, lsl #2
87801b48:	eb03 0383 	add.w	r3, r3, r3, lsl #2
87801b4c:	1ac0      	subs	r0, r0, r3
87801b4e:	b280      	uxth	r0, r0
87801b50:	3000      	adds	r0, #0
87801b52:	bf18      	it	ne
87801b54:	2001      	movne	r0, #1
87801b56:	4770      	bx	lr
87801b58:	2000      	movs	r0, #0
87801b5a:	4770      	bx	lr

87801b5c <rtc_enable>:
87801b5c:	f44f 4340 	mov.w	r3, #49152	; 0xc000
87801b60:	f2c0 230c 	movt	r3, #524	; 0x20c
87801b64:	6b99      	ldr	r1, [r3, #56]	; 0x38
87801b66:	461a      	mov	r2, r3
87801b68:	f041 0101 	orr.w	r1, r1, #1
87801b6c:	6399      	str	r1, [r3, #56]	; 0x38
87801b6e:	6b93      	ldr	r3, [r2, #56]	; 0x38
87801b70:	07db      	lsls	r3, r3, #31
87801b72:	d5fc      	bpl.n	87801b6e <rtc_enable+0x12>
87801b74:	4770      	bx	lr
87801b76:	bf00      	nop

87801b78 <rtc_disable>:
87801b78:	f44f 4340 	mov.w	r3, #49152	; 0xc000
87801b7c:	f2c0 230c 	movt	r3, #524	; 0x20c
87801b80:	6b99      	ldr	r1, [r3, #56]	; 0x38
87801b82:	461a      	mov	r2, r3
87801b84:	f021 0101 	bic.w	r1, r1, #1
87801b88:	6399      	str	r1, [r3, #56]	; 0x38
87801b8a:	6b93      	ldr	r3, [r2, #56]	; 0x38
87801b8c:	07db      	lsls	r3, r3, #31
87801b8e:	d4fc      	bmi.n	87801b8a <rtc_disable+0x12>
87801b90:	4770      	bx	lr
87801b92:	bf00      	nop

87801b94 <rtc_isleapyear>:
87801b94:	b430      	push	{r4, r5}
87801b96:	f248 541f 	movw	r4, #34079	; 0x851f
87801b9a:	f2c5 14eb 	movt	r4, #20971	; 0x51eb
87801b9e:	fba0 4504 	umull	r4, r5, r0, r4
87801ba2:	09e9      	lsrs	r1, r5, #7
87801ba4:	018a      	lsls	r2, r1, #6
87801ba6:	eb02 1201 	add.w	r2, r2, r1, lsl #4
87801baa:	eb02 0282 	add.w	r2, r2, r2, lsl #2
87801bae:	1a83      	subs	r3, r0, r2
87801bb0:	b29b      	uxth	r3, r3
87801bb2:	b10b      	cbz	r3, 87801bb8 <rtc_isleapyear+0x24>
87801bb4:	bc30      	pop	{r4, r5}
87801bb6:	e7bb      	b.n	87801b30 <rtc_isleapyear.part.0>
87801bb8:	2001      	movs	r0, #1
87801bba:	bc30      	pop	{r4, r5}
87801bbc:	4770      	bx	lr
87801bbe:	bf00      	nop

87801bc0 <rtc_coverdate_to_seconds>:
87801bc0:	e92d 41f0 	stmdb	sp!, {r4, r5, r6, r7, r8, lr}
87801bc4:	f249 13e8 	movw	r3, #37352	; 0x91e8
87801bc8:	8805      	ldrh	r5, [r0, #0]
87801bca:	f2c8 7380 	movt	r3, #34688	; 0x8780
87801bce:	4606      	mov	r6, r0
87801bd0:	f240 74b2 	movw	r4, #1970	; 0x7b2
87801bd4:	6818      	ldr	r0, [r3, #0]
87801bd6:	b084      	sub	sp, #16
87801bd8:	6859      	ldr	r1, [r3, #4]
87801bda:	42a5      	cmp	r5, r4
87801bdc:	689a      	ldr	r2, [r3, #8]
87801bde:	466f      	mov	r7, sp
87801be0:	68db      	ldr	r3, [r3, #12]
87801be2:	c70f      	stmia	r7!, {r0, r1, r2, r3}
87801be4:	d958      	bls.n	87801c98 <rtc_coverdate_to_seconds+0xd8>
87801be6:	f248 581f 	movw	r8, #34079	; 0x851f
87801bea:	2700      	movs	r7, #0
87801bec:	f2c5 18eb 	movt	r8, #20971	; 0x51eb
87801bf0:	e008      	b.n	87801c04 <rtc_coverdate_to_seconds+0x44>
87801bf2:	f7ff ff9d 	bl	87801b30 <rtc_isleapyear.part.0>
87801bf6:	b990      	cbnz	r0, 87801c1e <rtc_coverdate_to_seconds+0x5e>
87801bf8:	3401      	adds	r4, #1
87801bfa:	f207 176d 	addw	r7, r7, #365	; 0x16d
87801bfe:	b2a4      	uxth	r4, r4
87801c00:	42ac      	cmp	r4, r5
87801c02:	d012      	beq.n	87801c2a <rtc_coverdate_to_seconds+0x6a>
87801c04:	fba4 2308 	umull	r2, r3, r4, r8
87801c08:	4620      	mov	r0, r4
87801c0a:	09da      	lsrs	r2, r3, #7
87801c0c:	0193      	lsls	r3, r2, #6
87801c0e:	eb03 1302 	add.w	r3, r3, r2, lsl #4
87801c12:	eb03 0383 	add.w	r3, r3, r3, lsl #2
87801c16:	1ae3      	subs	r3, r4, r3
87801c18:	b29b      	uxth	r3, r3
87801c1a:	2b00      	cmp	r3, #0
87801c1c:	d1e9      	bne.n	87801bf2 <rtc_coverdate_to_seconds+0x32>
87801c1e:	3401      	adds	r4, #1
87801c20:	f507 77b7 	add.w	r7, r7, #366	; 0x16e
87801c24:	b2a4      	uxth	r4, r4
87801c26:	42ac      	cmp	r4, r5
87801c28:	d1ec      	bne.n	87801c04 <rtc_coverdate_to_seconds+0x44>
87801c2a:	f248 521f 	movw	r2, #34079	; 0x851f
87801c2e:	f896 8002 	ldrb.w	r8, [r6, #2]
87801c32:	f2c5 12eb 	movt	r2, #20971	; 0x51eb
87801c36:	a904      	add	r1, sp, #16
87801c38:	fba5 2302 	umull	r2, r3, r5, r2
87801c3c:	eb01 0248 	add.w	r2, r1, r8, lsl #1
87801c40:	f832 0c10 	ldrh.w	r0, [r2, #-16]
87801c44:	09da      	lsrs	r2, r3, #7
87801c46:	0193      	lsls	r3, r2, #6
87801c48:	4407      	add	r7, r0
87801c4a:	eb03 1302 	add.w	r3, r3, r2, lsl #4
87801c4e:	eb03 0383 	add.w	r3, r3, r3, lsl #2
87801c52:	1aeb      	subs	r3, r5, r3
87801c54:	b29b      	uxth	r3, r3
87801c56:	bb3b      	cbnz	r3, 87801ca8 <rtc_coverdate_to_seconds+0xe8>
87801c58:	f1b8 0f02 	cmp.w	r8, #2
87801c5c:	bf88      	it	hi
87801c5e:	3701      	addhi	r7, #1
87801c60:	7932      	ldrb	r2, [r6, #4]
87801c62:	f44f 45a3 	mov.w	r5, #20864	; 0x5180
87801c66:	f896 e005 	ldrb.w	lr, [r6, #5]
87801c6a:	f2c0 0501 	movt	r5, #1
87801c6e:	78f3      	ldrb	r3, [r6, #3]
87801c70:	79b0      	ldrb	r0, [r6, #6]
87801c72:	0211      	lsls	r1, r2, #8
87801c74:	ea4f 148e 	mov.w	r4, lr, lsl #6
87801c78:	3b01      	subs	r3, #1
87801c7a:	eba1 1202 	sub.w	r2, r1, r2, lsl #4
87801c7e:	441f      	add	r7, r3
87801c80:	eba4 038e 	sub.w	r3, r4, lr, lsl #2
87801c84:	2100      	movs	r1, #0
87801c86:	ebc2 1202 	rsb	r2, r2, r2, lsl #4
87801c8a:	441a      	add	r2, r3
87801c8c:	4402      	add	r2, r0
87801c8e:	fb05 2007 	mla	r0, r5, r7, r2
87801c92:	b004      	add	sp, #16
87801c94:	e8bd 81f0 	ldmia.w	sp!, {r4, r5, r6, r7, r8, pc}
87801c98:	f896 8002 	ldrb.w	r8, [r6, #2]
87801c9c:	ab04      	add	r3, sp, #16
87801c9e:	4625      	mov	r5, r4
87801ca0:	eb03 0348 	add.w	r3, r3, r8, lsl #1
87801ca4:	f833 7c10 	ldrh.w	r7, [r3, #-16]
87801ca8:	4628      	mov	r0, r5
87801caa:	f7ff ff41 	bl	87801b30 <rtc_isleapyear.part.0>
87801cae:	2800      	cmp	r0, #0
87801cb0:	d0d6      	beq.n	87801c60 <rtc_coverdate_to_seconds+0xa0>
87801cb2:	e7d1      	b.n	87801c58 <rtc_coverdate_to_seconds+0x98>

87801cb4 <rtc_setdatetime>:
87801cb4:	b538      	push	{r3, r4, r5, lr}
87801cb6:	f44f 4340 	mov.w	r3, #49152	; 0xc000
87801cba:	f2c0 230c 	movt	r3, #524	; 0x20c
87801cbe:	461a      	mov	r2, r3
87801cc0:	6b9d      	ldr	r5, [r3, #56]	; 0x38
87801cc2:	6b99      	ldr	r1, [r3, #56]	; 0x38
87801cc4:	f021 0101 	bic.w	r1, r1, #1
87801cc8:	6399      	str	r1, [r3, #56]	; 0x38
87801cca:	6b93      	ldr	r3, [r2, #56]	; 0x38
87801ccc:	f44f 4440 	mov.w	r4, #49152	; 0xc000
87801cd0:	f2c0 240c 	movt	r4, #524	; 0x20c
87801cd4:	07d9      	lsls	r1, r3, #31
87801cd6:	d4f8      	bmi.n	87801cca <rtc_setdatetime+0x16>
87801cd8:	f7ff ff72 	bl	87801bc0 <rtc_coverdate_to_seconds>
87801cdc:	03c3      	lsls	r3, r0, #15
87801cde:	0c40      	lsrs	r0, r0, #17
87801ce0:	07ea      	lsls	r2, r5, #31
87801ce2:	ea40 30c1 	orr.w	r0, r0, r1, lsl #15
87801ce6:	6520      	str	r0, [r4, #80]	; 0x50
87801ce8:	6563      	str	r3, [r4, #84]	; 0x54
87801cea:	d507      	bpl.n	87801cfc <rtc_setdatetime+0x48>
87801cec:	6ba3      	ldr	r3, [r4, #56]	; 0x38
87801cee:	4622      	mov	r2, r4
87801cf0:	f043 0301 	orr.w	r3, r3, #1
87801cf4:	63a3      	str	r3, [r4, #56]	; 0x38
87801cf6:	6b93      	ldr	r3, [r2, #56]	; 0x38
87801cf8:	07db      	lsls	r3, r3, #31
87801cfa:	d5fc      	bpl.n	87801cf6 <rtc_setdatetime+0x42>
87801cfc:	bd38      	pop	{r3, r4, r5, pc}
87801cfe:	bf00      	nop

87801d00 <rtc_init>:
87801d00:	f44f 4340 	mov.w	r3, #49152	; 0xc000
87801d04:	b5f0      	push	{r4, r5, r6, r7, lr}
87801d06:	f2c0 230c 	movt	r3, #524	; 0x20c
87801d0a:	b083      	sub	sp, #12
87801d0c:	f04f 0e06 	mov.w	lr, #6
87801d10:	2712      	movs	r7, #18
87801d12:	6899      	ldr	r1, [r3, #8]
87801d14:	260c      	movs	r6, #12
87801d16:	252a      	movs	r5, #42	; 0x2a
87801d18:	241e      	movs	r4, #30
87801d1a:	461a      	mov	r2, r3
87801d1c:	f240 70ea 	movw	r0, #2026	; 0x7ea
87801d20:	f041 4100 	orr.w	r1, r1, #2147483648	; 0x80000000
87801d24:	f441 7180 	orr.w	r1, r1, #256	; 0x100
87801d28:	6099      	str	r1, [r3, #8]
87801d2a:	f88d e002 	strb.w	lr, [sp, #2]
87801d2e:	f88d 7003 	strb.w	r7, [sp, #3]
87801d32:	f88d 6004 	strb.w	r6, [sp, #4]
87801d36:	f88d 5005 	strb.w	r5, [sp, #5]
87801d3a:	f88d 4006 	strb.w	r4, [sp, #6]
87801d3e:	6b99      	ldr	r1, [r3, #56]	; 0x38
87801d40:	f8ad 0000 	strh.w	r0, [sp]
87801d44:	f041 0101 	orr.w	r1, r1, #1
87801d48:	6399      	str	r1, [r3, #56]	; 0x38
87801d4a:	6b93      	ldr	r3, [r2, #56]	; 0x38
87801d4c:	07db      	lsls	r3, r3, #31
87801d4e:	d5fc      	bpl.n	87801d4a <rtc_init+0x4a>
87801d50:	4668      	mov	r0, sp
87801d52:	f7ff ffaf 	bl	87801cb4 <rtc_setdatetime>
87801d56:	b003      	add	sp, #12
87801d58:	bdf0      	pop	{r4, r5, r6, r7, pc}
87801d5a:	bf00      	nop

87801d5c <rtc_getseconds>:
87801d5c:	f44f 4240 	mov.w	r2, #49152	; 0xc000
87801d60:	2100      	movs	r1, #0
87801d62:	f2c0 220c 	movt	r2, #524	; 0x20c
87801d66:	6d13      	ldr	r3, [r2, #80]	; 0x50
87801d68:	6d50      	ldr	r0, [r2, #84]	; 0x54
87801d6a:	045b      	lsls	r3, r3, #17
87801d6c:	ea43 30d0 	orr.w	r0, r3, r0, lsr #15
87801d70:	4770      	bx	lr
87801d72:	bf00      	nop

87801d74 <rtc_convertseconds_to_datetime>:
87801d74:	4b53      	ldr	r3, [pc, #332]	; (87801ec4 <rtc_convertseconds_to_datetime+0x150>)
87801d76:	e92d 4ff0 	stmdb	sp!, {r4, r5, r6, r7, r8, r9, sl, fp, lr}
87801d7a:	4615      	mov	r5, r2
87801d7c:	4682      	mov	sl, r0
87801d7e:	468b      	mov	fp, r1
87801d80:	b085      	sub	sp, #20
87801d82:	f248 581f 	movw	r8, #34079	; 0x851f
87801d86:	6818      	ldr	r0, [r3, #0]
87801d88:	466c      	mov	r4, sp
87801d8a:	6859      	ldr	r1, [r3, #4]
87801d8c:	f2c5 18eb 	movt	r8, #20971	; 0x51eb
87801d90:	689a      	ldr	r2, [r3, #8]
87801d92:	7b1e      	ldrb	r6, [r3, #12]
87801d94:	2300      	movs	r3, #0
87801d96:	c407      	stmia	r4!, {r0, r1, r2}
87801d98:	f44f 42a3 	mov.w	r2, #20864	; 0x5180
87801d9c:	7026      	strb	r6, [r4, #0]
87801d9e:	4650      	mov	r0, sl
87801da0:	4659      	mov	r1, fp
87801da2:	f2c0 0201 	movt	r2, #1
87801da6:	f002 fd17 	bl	878047d8 <__aeabi_uldivmod>
87801daa:	f44f 42a3 	mov.w	r2, #20864	; 0x5180
87801dae:	1c46      	adds	r6, r0, #1
87801db0:	f141 0700 	adc.w	r7, r1, #0
87801db4:	4650      	mov	r0, sl
87801db6:	4659      	mov	r1, fp
87801db8:	f2c0 0201 	movt	r2, #1
87801dbc:	2300      	movs	r3, #0
87801dbe:	f002 fd0b 	bl	878047d8 <__aeabi_uldivmod>
87801dc2:	4692      	mov	sl, r2
87801dc4:	469b      	mov	fp, r3
87801dc6:	f44f 6261 	mov.w	r2, #3600	; 0xe10
87801dca:	2300      	movs	r3, #0
87801dcc:	4650      	mov	r0, sl
87801dce:	4659      	mov	r1, fp
87801dd0:	f002 fd02 	bl	878047d8 <__aeabi_uldivmod>
87801dd4:	4659      	mov	r1, fp
87801dd6:	7128      	strb	r0, [r5, #4]
87801dd8:	f44f 6261 	mov.w	r2, #3600	; 0xe10
87801ddc:	4650      	mov	r0, sl
87801dde:	2300      	movs	r3, #0
87801de0:	f002 fcfa 	bl	878047d8 <__aeabi_uldivmod>
87801de4:	4692      	mov	sl, r2
87801de6:	469b      	mov	fp, r3
87801de8:	223c      	movs	r2, #60	; 0x3c
87801dea:	2300      	movs	r3, #0
87801dec:	4650      	mov	r0, sl
87801dee:	4659      	mov	r1, fp
87801df0:	f002 fcf2 	bl	878047d8 <__aeabi_uldivmod>
87801df4:	223c      	movs	r2, #60	; 0x3c
87801df6:	7168      	strb	r0, [r5, #5]
87801df8:	2300      	movs	r3, #0
87801dfa:	4650      	mov	r0, sl
87801dfc:	4659      	mov	r1, fp
87801dfe:	f002 fceb 	bl	878047d8 <__aeabi_uldivmod>
87801e02:	f240 73b2 	movw	r3, #1970	; 0x7b2
87801e06:	f240 116d 	movw	r1, #365	; 0x16d
87801e0a:	461c      	mov	r4, r3
87801e0c:	4689      	mov	r9, r1
87801e0e:	71aa      	strb	r2, [r5, #6]
87801e10:	802b      	strh	r3, [r5, #0]
87801e12:	2300      	movs	r3, #0
87801e14:	460a      	mov	r2, r1
87801e16:	42bb      	cmp	r3, r7
87801e18:	f104 0001 	add.w	r0, r4, #1
87801e1c:	bf08      	it	eq
87801e1e:	42b1      	cmpeq	r1, r6
87801e20:	f44f 71b7 	mov.w	r1, #366	; 0x16e
87801e24:	d219      	bcs.n	87801e5a <rtc_convertseconds_to_datetime+0xe6>
87801e26:	b284      	uxth	r4, r0
87801e28:	1ab6      	subs	r6, r6, r2
87801e2a:	eb67 0703 	sbc.w	r7, r7, r3
87801e2e:	fba4 2308 	umull	r2, r3, r4, r8
87801e32:	4620      	mov	r0, r4
87801e34:	802c      	strh	r4, [r5, #0]
87801e36:	09da      	lsrs	r2, r3, #7
87801e38:	0193      	lsls	r3, r2, #6
87801e3a:	eb03 1302 	add.w	r3, r3, r2, lsl #4
87801e3e:	eb03 0383 	add.w	r3, r3, r3, lsl #2
87801e42:	1ae3      	subs	r3, r4, r3
87801e44:	b29b      	uxth	r3, r3
87801e46:	2b00      	cmp	r3, #0
87801e48:	d0e3      	beq.n	87801e12 <rtc_convertseconds_to_datetime+0x9e>
87801e4a:	f7ff fe71 	bl	87801b30 <rtc_isleapyear.part.0>
87801e4e:	2800      	cmp	r0, #0
87801e50:	bf0c      	ite	eq
87801e52:	4649      	moveq	r1, r9
87801e54:	f44f 71b7 	movne.w	r1, #366	; 0x16e
87801e58:	e7db      	b.n	87801e12 <rtc_convertseconds_to_datetime+0x9e>
87801e5a:	f248 521f 	movw	r2, #34079	; 0x851f
87801e5e:	f2c5 12eb 	movt	r2, #20971	; 0x51eb
87801e62:	fba4 2302 	umull	r2, r3, r4, r2
87801e66:	09da      	lsrs	r2, r3, #7
87801e68:	0193      	lsls	r3, r2, #6
87801e6a:	eb03 1302 	add.w	r3, r3, r2, lsl #4
87801e6e:	eb03 0383 	add.w	r3, r3, r3, lsl #2
87801e72:	1ae3      	subs	r3, r4, r3
87801e74:	b29b      	uxth	r3, r3
87801e76:	b1db      	cbz	r3, 87801eb0 <rtc_convertseconds_to_datetime+0x13c>
87801e78:	4620      	mov	r0, r4
87801e7a:	f7ff fe59 	bl	87801b30 <rtc_isleapyear.part.0>
87801e7e:	b9b8      	cbnz	r0, 87801eb0 <rtc_convertseconds_to_datetime+0x13c>
87801e80:	466c      	mov	r4, sp
87801e82:	2201      	movs	r2, #1
87801e84:	2300      	movs	r3, #0
87801e86:	f814 0f01 	ldrb.w	r0, [r4, #1]!
87801e8a:	2100      	movs	r1, #0
87801e8c:	42b9      	cmp	r1, r7
87801e8e:	bf08      	it	eq
87801e90:	42b0      	cmpeq	r0, r6
87801e92:	d211      	bcs.n	87801eb8 <rtc_convertseconds_to_datetime+0x144>
87801e94:	3201      	adds	r2, #1
87801e96:	f143 0300 	adc.w	r3, r3, #0
87801e9a:	1a36      	subs	r6, r6, r0
87801e9c:	eb67 0701 	sbc.w	r7, r7, r1
87801ea0:	2b00      	cmp	r3, #0
87801ea2:	bf08      	it	eq
87801ea4:	2a0d      	cmpeq	r2, #13
87801ea6:	d1ee      	bne.n	87801e86 <rtc_convertseconds_to_datetime+0x112>
87801ea8:	70ee      	strb	r6, [r5, #3]
87801eaa:	b005      	add	sp, #20
87801eac:	e8bd 8ff0 	ldmia.w	sp!, {r4, r5, r6, r7, r8, r9, sl, fp, pc}
87801eb0:	231d      	movs	r3, #29
87801eb2:	f88d 3002 	strb.w	r3, [sp, #2]
87801eb6:	e7e3      	b.n	87801e80 <rtc_convertseconds_to_datetime+0x10c>
87801eb8:	70aa      	strb	r2, [r5, #2]
87801eba:	70ee      	strb	r6, [r5, #3]
87801ebc:	b005      	add	sp, #20
87801ebe:	e8bd 8ff0 	ldmia.w	sp!, {r4, r5, r6, r7, r8, r9, sl, fp, pc}
87801ec2:	bf00      	nop
87801ec4:	878091f8 			; <UNDEFINED> instruction: 0x878091f8

87801ec8 <rtc_getdatetime>:
87801ec8:	b410      	push	{r4}
87801eca:	f44f 4440 	mov.w	r4, #49152	; 0xc000
87801ece:	f2c0 240c 	movt	r4, #524	; 0x20c
87801ed2:	4602      	mov	r2, r0
87801ed4:	2100      	movs	r1, #0
87801ed6:	6d23      	ldr	r3, [r4, #80]	; 0x50
87801ed8:	6d60      	ldr	r0, [r4, #84]	; 0x54
87801eda:	f85d 4b04 	ldr.w	r4, [sp], #4
87801ede:	045b      	lsls	r3, r3, #17
87801ee0:	ea43 30d0 	orr.w	r0, r3, r0, lsr #15
87801ee4:	f7ff bf46 	b.w	87801d74 <rtc_convertseconds_to_datetime>

87801ee8 <i2c_check_and_clear_error.part.1>:
87801ee8:	4602      	mov	r2, r0
87801eea:	2004      	movs	r0, #4
87801eec:	8993      	ldrh	r3, [r2, #12]
87801eee:	f023 0310 	bic.w	r3, r3, #16
87801ef2:	041b      	lsls	r3, r3, #16
87801ef4:	0c1b      	lsrs	r3, r3, #16
87801ef6:	8193      	strh	r3, [r2, #12]
87801ef8:	8913      	ldrh	r3, [r2, #8]
87801efa:	f023 0380 	bic.w	r3, r3, #128	; 0x80
87801efe:	041b      	lsls	r3, r3, #16
87801f00:	0c1b      	lsrs	r3, r3, #16
87801f02:	8113      	strh	r3, [r2, #8]
87801f04:	8913      	ldrh	r3, [r2, #8]
87801f06:	b29b      	uxth	r3, r3
87801f08:	f043 0380 	orr.w	r3, r3, #128	; 0x80
87801f0c:	8113      	strh	r3, [r2, #8]
87801f0e:	4770      	bx	lr

87801f10 <i2c_init>:
87801f10:	8903      	ldrh	r3, [r0, #8]
87801f12:	2215      	movs	r2, #21
87801f14:	f023 0380 	bic.w	r3, r3, #128	; 0x80
87801f18:	041b      	lsls	r3, r3, #16
87801f1a:	0c1b      	lsrs	r3, r3, #16
87801f1c:	8103      	strh	r3, [r0, #8]
87801f1e:	8082      	strh	r2, [r0, #4]
87801f20:	8903      	ldrh	r3, [r0, #8]
87801f22:	b29b      	uxth	r3, r3
87801f24:	f043 0380 	orr.w	r3, r3, #128	; 0x80
87801f28:	8103      	strh	r3, [r0, #8]
87801f2a:	4770      	bx	lr

87801f2c <i2c_master_start>:
87801f2c:	8983      	ldrh	r3, [r0, #12]
87801f2e:	f003 0320 	and.w	r3, r3, #32
87801f32:	b29b      	uxth	r3, r3
87801f34:	b98b      	cbnz	r3, 87801f5a <i2c_master_start+0x2e>
87801f36:	b410      	push	{r4}
87801f38:	f1a2 0201 	sub.w	r2, r2, #1
87801f3c:	8904      	ldrh	r4, [r0, #8]
87801f3e:	fab2 f282 	clz	r2, r2
87801f42:	0952      	lsrs	r2, r2, #5
87801f44:	ea42 0141 	orr.w	r1, r2, r1, lsl #1
87801f48:	b2a2      	uxth	r2, r4
87801f4a:	f85d 4b04 	ldr.w	r4, [sp], #4
87801f4e:	f042 0230 	orr.w	r2, r2, #48	; 0x30
87801f52:	8102      	strh	r2, [r0, #8]
87801f54:	8201      	strh	r1, [r0, #16]
87801f56:	4618      	mov	r0, r3
87801f58:	4770      	bx	lr
87801f5a:	2301      	movs	r3, #1
87801f5c:	4618      	mov	r0, r3
87801f5e:	4770      	bx	lr

87801f60 <i2c_master_stop>:
87801f60:	8903      	ldrh	r3, [r0, #8]
87801f62:	f64f 72ff 	movw	r2, #65535	; 0xffff
87801f66:	f023 0338 	bic.w	r3, r3, #56	; 0x38
87801f6a:	041b      	lsls	r3, r3, #16
87801f6c:	0c1b      	lsrs	r3, r3, #16
87801f6e:	8103      	strh	r3, [r0, #8]
87801f70:	e000      	b.n	87801f74 <i2c_master_stop+0x14>
87801f72:	b14a      	cbz	r2, 87801f88 <i2c_master_stop+0x28>
87801f74:	8983      	ldrh	r3, [r0, #12]
87801f76:	3a01      	subs	r2, #1
87801f78:	b292      	uxth	r2, r2
87801f7a:	f003 0320 	and.w	r3, r3, #32
87801f7e:	b29b      	uxth	r3, r3
87801f80:	2b00      	cmp	r3, #0
87801f82:	d1f6      	bne.n	87801f72 <i2c_master_stop+0x12>
87801f84:	4618      	mov	r0, r3
87801f86:	4770      	bx	lr
87801f88:	2005      	movs	r0, #5
87801f8a:	4770      	bx	lr

87801f8c <i2c_master_repeated_start>:
87801f8c:	4603      	mov	r3, r0
87801f8e:	8980      	ldrh	r0, [r0, #12]
87801f90:	b410      	push	{r4}
87801f92:	0684      	lsls	r4, r0, #26
87801f94:	d504      	bpl.n	87801fa0 <i2c_master_repeated_start+0x14>
87801f96:	8918      	ldrh	r0, [r3, #8]
87801f98:	0680      	lsls	r0, r0, #26
87801f9a:	bf58      	it	pl
87801f9c:	2001      	movpl	r0, #1
87801f9e:	d50d      	bpl.n	87801fbc <i2c_master_repeated_start+0x30>
87801fa0:	891c      	ldrh	r4, [r3, #8]
87801fa2:	f1a2 0201 	sub.w	r2, r2, #1
87801fa6:	fab2 f282 	clz	r2, r2
87801faa:	2000      	movs	r0, #0
87801fac:	0952      	lsrs	r2, r2, #5
87801fae:	ea42 0141 	orr.w	r1, r2, r1, lsl #1
87801fb2:	b2a2      	uxth	r2, r4
87801fb4:	f042 0214 	orr.w	r2, r2, #20
87801fb8:	811a      	strh	r2, [r3, #8]
87801fba:	8219      	strh	r1, [r3, #16]
87801fbc:	f85d 4b04 	ldr.w	r4, [sp], #4
87801fc0:	4770      	bx	lr
87801fc2:	bf00      	nop

87801fc4 <i2c_check_and_clear_error>:
87801fc4:	06cb      	lsls	r3, r1, #27
87801fc6:	d500      	bpl.n	87801fca <i2c_check_and_clear_error+0x6>
87801fc8:	e78e      	b.n	87801ee8 <i2c_check_and_clear_error.part.1>
87801fca:	f011 0f01 	tst.w	r1, #1
87801fce:	bf14      	ite	ne
87801fd0:	2003      	movne	r0, #3
87801fd2:	2000      	moveq	r0, #0
87801fd4:	4770      	bx	lr
87801fd6:	bf00      	nop

87801fd8 <i2c_master_write>:
87801fd8:	b570      	push	{r4, r5, r6, lr}
87801fda:	4604      	mov	r4, r0
87801fdc:	460d      	mov	r5, r1
87801fde:	89a3      	ldrh	r3, [r4, #12]
87801fe0:	0619      	lsls	r1, r3, #24
87801fe2:	d4fc      	bmi.n	87801fde <i2c_master_write+0x6>
87801fe4:	89a3      	ldrh	r3, [r4, #12]
87801fe6:	18ae      	adds	r6, r5, r2
87801fe8:	f023 0302 	bic.w	r3, r3, #2
87801fec:	041b      	lsls	r3, r3, #16
87801fee:	0c1b      	lsrs	r3, r3, #16
87801ff0:	81a3      	strh	r3, [r4, #12]
87801ff2:	8923      	ldrh	r3, [r4, #8]
87801ff4:	b29b      	uxth	r3, r3
87801ff6:	f043 0310 	orr.w	r3, r3, #16
87801ffa:	8123      	strh	r3, [r4, #8]
87801ffc:	42b5      	cmp	r5, r6
87801ffe:	d011      	beq.n	87802024 <i2c_master_write+0x4c>
87802000:	f815 3b01 	ldrb.w	r3, [r5], #1
87802004:	8223      	strh	r3, [r4, #16]
87802006:	89a3      	ldrh	r3, [r4, #12]
87802008:	079b      	lsls	r3, r3, #30
8780200a:	d4fc      	bmi.n	87802006 <i2c_master_write+0x2e>
8780200c:	89a3      	ldrh	r3, [r4, #12]
8780200e:	f023 0302 	bic.w	r3, r3, #2
87802012:	041b      	lsls	r3, r3, #16
87802014:	0c1b      	lsrs	r3, r3, #16
87802016:	81a3      	strh	r3, [r4, #12]
87802018:	89a3      	ldrh	r3, [r4, #12]
8780201a:	b29b      	uxth	r3, r3
8780201c:	06d8      	lsls	r0, r3, #27
8780201e:	d417      	bmi.n	87802050 <i2c_master_write+0x78>
87802020:	07d9      	lsls	r1, r3, #31
87802022:	d5eb      	bpl.n	87801ffc <i2c_master_write+0x24>
87802024:	89a2      	ldrh	r2, [r4, #12]
87802026:	f64f 73ff 	movw	r3, #65535	; 0xffff
8780202a:	f022 0202 	bic.w	r2, r2, #2
8780202e:	0412      	lsls	r2, r2, #16
87802030:	0c12      	lsrs	r2, r2, #16
87802032:	81a2      	strh	r2, [r4, #12]
87802034:	8922      	ldrh	r2, [r4, #8]
87802036:	f022 0238 	bic.w	r2, r2, #56	; 0x38
8780203a:	0412      	lsls	r2, r2, #16
8780203c:	0c12      	lsrs	r2, r2, #16
8780203e:	8122      	strh	r2, [r4, #8]
87802040:	e000      	b.n	87802044 <i2c_master_write+0x6c>
87802042:	b123      	cbz	r3, 8780204e <i2c_master_write+0x76>
87802044:	89a2      	ldrh	r2, [r4, #12]
87802046:	3b01      	subs	r3, #1
87802048:	b29b      	uxth	r3, r3
8780204a:	0692      	lsls	r2, r2, #26
8780204c:	d4f9      	bmi.n	87802042 <i2c_master_write+0x6a>
8780204e:	bd70      	pop	{r4, r5, r6, pc}
87802050:	4620      	mov	r0, r4
87802052:	f7ff ff49 	bl	87801ee8 <i2c_check_and_clear_error.part.1>
87802056:	2800      	cmp	r0, #0
87802058:	d0d0      	beq.n	87801ffc <i2c_master_write+0x24>
8780205a:	e7e3      	b.n	87802024 <i2c_master_write+0x4c>

8780205c <i2c_master_read>:
8780205c:	b430      	push	{r4, r5}
8780205e:	2300      	movs	r3, #0
87802060:	b082      	sub	sp, #8
87802062:	f88d 3007 	strb.w	r3, [sp, #7]
87802066:	f89d 3007 	ldrb.w	r3, [sp, #7]
8780206a:	3301      	adds	r3, #1
8780206c:	b2db      	uxtb	r3, r3
8780206e:	f88d 3007 	strb.w	r3, [sp, #7]
87802072:	8983      	ldrh	r3, [r0, #12]
87802074:	f003 0380 	and.w	r3, r3, #128	; 0x80
87802078:	b29b      	uxth	r3, r3
8780207a:	2b00      	cmp	r3, #0
8780207c:	d1f9      	bne.n	87802072 <i2c_master_read+0x16>
8780207e:	8984      	ldrh	r4, [r0, #12]
87802080:	2a01      	cmp	r2, #1
87802082:	f024 0402 	bic.w	r4, r4, #2
87802086:	ea4f 4404 	mov.w	r4, r4, lsl #16
8780208a:	ea4f 4414 	mov.w	r4, r4, lsr #16
8780208e:	8184      	strh	r4, [r0, #12]
87802090:	8904      	ldrh	r4, [r0, #8]
87802092:	f024 0418 	bic.w	r4, r4, #24
87802096:	ea4f 4404 	mov.w	r4, r4, lsl #16
8780209a:	ea4f 4414 	mov.w	r4, r4, lsr #16
8780209e:	8104      	strh	r4, [r0, #8]
878020a0:	d02d      	beq.n	878020fe <i2c_master_read+0xa2>
878020a2:	8903      	ldrh	r3, [r0, #8]
878020a4:	1e54      	subs	r4, r2, #1
878020a6:	b2db      	uxtb	r3, r3
878020a8:	f88d 3007 	strb.w	r3, [sp, #7]
878020ac:	b322      	cbz	r2, 878020f8 <i2c_master_read+0x9c>
878020ae:	4622      	mov	r2, r4
878020b0:	460d      	mov	r5, r1
878020b2:	8983      	ldrh	r3, [r0, #12]
878020b4:	079b      	lsls	r3, r3, #30
878020b6:	d5fc      	bpl.n	878020b2 <i2c_master_read+0x56>
878020b8:	8983      	ldrh	r3, [r0, #12]
878020ba:	f023 0302 	bic.w	r3, r3, #2
878020be:	041b      	lsls	r3, r3, #16
878020c0:	0c1b      	lsrs	r3, r3, #16
878020c2:	8183      	strh	r3, [r0, #12]
878020c4:	b132      	cbz	r2, 878020d4 <i2c_master_read+0x78>
878020c6:	2a01      	cmp	r2, #1
878020c8:	d024      	beq.n	87802114 <i2c_master_read+0xb8>
878020ca:	8a03      	ldrh	r3, [r0, #16]
878020cc:	3a01      	subs	r2, #1
878020ce:	f805 3b01 	strb.w	r3, [r5], #1
878020d2:	e7ee      	b.n	878020b2 <i2c_master_read+0x56>
878020d4:	8902      	ldrh	r2, [r0, #8]
878020d6:	190b      	adds	r3, r1, r4
878020d8:	f64f 71ff 	movw	r1, #65535	; 0xffff
878020dc:	f022 0238 	bic.w	r2, r2, #56	; 0x38
878020e0:	0412      	lsls	r2, r2, #16
878020e2:	0c12      	lsrs	r2, r2, #16
878020e4:	8102      	strh	r2, [r0, #8]
878020e6:	e000      	b.n	878020ea <i2c_master_read+0x8e>
878020e8:	b121      	cbz	r1, 878020f4 <i2c_master_read+0x98>
878020ea:	8982      	ldrh	r2, [r0, #12]
878020ec:	3901      	subs	r1, #1
878020ee:	b289      	uxth	r1, r1
878020f0:	0692      	lsls	r2, r2, #26
878020f2:	d4f9      	bmi.n	878020e8 <i2c_master_read+0x8c>
878020f4:	8a02      	ldrh	r2, [r0, #16]
878020f6:	701a      	strb	r2, [r3, #0]
878020f8:	b002      	add	sp, #8
878020fa:	bc30      	pop	{r4, r5}
878020fc:	4770      	bx	lr
878020fe:	8902      	ldrh	r2, [r0, #8]
87802100:	461c      	mov	r4, r3
87802102:	b293      	uxth	r3, r2
87802104:	f043 0308 	orr.w	r3, r3, #8
87802108:	8103      	strh	r3, [r0, #8]
8780210a:	8903      	ldrh	r3, [r0, #8]
8780210c:	b2db      	uxtb	r3, r3
8780210e:	f88d 3007 	strb.w	r3, [sp, #7]
87802112:	e7cc      	b.n	878020ae <i2c_master_read+0x52>
87802114:	8903      	ldrh	r3, [r0, #8]
87802116:	b29b      	uxth	r3, r3
87802118:	f043 0308 	orr.w	r3, r3, #8
8780211c:	8103      	strh	r3, [r0, #8]
8780211e:	e7d4      	b.n	878020ca <i2c_master_read+0x6e>

87802120 <i2c_master_transfer>:
87802120:	b538      	push	{r3, r4, r5, lr}
87802122:	8983      	ldrh	r3, [r0, #12]
87802124:	684a      	ldr	r2, [r1, #4]
87802126:	f023 0312 	bic.w	r3, r3, #18
8780212a:	041b      	lsls	r3, r3, #16
8780212c:	0c1b      	lsrs	r3, r3, #16
8780212e:	8183      	strh	r3, [r0, #12]
87802130:	8983      	ldrh	r3, [r0, #12]
87802132:	061b      	lsls	r3, r3, #24
87802134:	d5fc      	bpl.n	87802130 <i2c_master_transfer+0x10>
87802136:	7b0b      	ldrb	r3, [r1, #12]
87802138:	b14b      	cbz	r3, 8780214e <i2c_master_transfer+0x2e>
8780213a:	8983      	ldrh	r3, [r0, #12]
8780213c:	780c      	ldrb	r4, [r1, #0]
8780213e:	f003 0320 	and.w	r3, r3, #32
87802142:	b29b      	uxth	r3, r3
87802144:	2b00      	cmp	r3, #0
87802146:	f000 8087 	beq.w	87802258 <i2c_master_transfer+0x138>
8780214a:	2001      	movs	r0, #1
8780214c:	bd38      	pop	{r3, r4, r5, pc}
8780214e:	8984      	ldrh	r4, [r0, #12]
87802150:	780b      	ldrb	r3, [r1, #0]
87802152:	06a5      	lsls	r5, r4, #26
87802154:	d4f9      	bmi.n	8780214a <i2c_master_transfer+0x2a>
87802156:	8905      	ldrh	r5, [r0, #8]
87802158:	005c      	lsls	r4, r3, #1
8780215a:	f1a2 0301 	sub.w	r3, r2, #1
8780215e:	fab3 f383 	clz	r3, r3
87802162:	095b      	lsrs	r3, r3, #5
87802164:	b2aa      	uxth	r2, r5
87802166:	f042 0230 	orr.w	r2, r2, #48	; 0x30
8780216a:	8102      	strh	r2, [r0, #8]
8780216c:	4323      	orrs	r3, r4
8780216e:	b29b      	uxth	r3, r3
87802170:	8203      	strh	r3, [r0, #16]
87802172:	8983      	ldrh	r3, [r0, #12]
87802174:	079c      	lsls	r4, r3, #30
87802176:	d5fc      	bpl.n	87802172 <i2c_master_transfer+0x52>
87802178:	8983      	ldrh	r3, [r0, #12]
8780217a:	460d      	mov	r5, r1
8780217c:	4604      	mov	r4, r0
8780217e:	b29b      	uxth	r3, r3
87802180:	06da      	lsls	r2, r3, #27
87802182:	d413      	bmi.n	878021ac <i2c_master_transfer+0x8c>
87802184:	07db      	lsls	r3, r3, #31
87802186:	d515      	bpl.n	878021b4 <i2c_master_transfer+0x94>
87802188:	2003      	movs	r0, #3
8780218a:	8922      	ldrh	r2, [r4, #8]
8780218c:	f64f 73ff 	movw	r3, #65535	; 0xffff
87802190:	f022 0238 	bic.w	r2, r2, #56	; 0x38
87802194:	0412      	lsls	r2, r2, #16
87802196:	0c12      	lsrs	r2, r2, #16
87802198:	8122      	strh	r2, [r4, #8]
8780219a:	e000      	b.n	8780219e <i2c_master_transfer+0x7e>
8780219c:	b12b      	cbz	r3, 878021aa <i2c_master_transfer+0x8a>
8780219e:	89a2      	ldrh	r2, [r4, #12]
878021a0:	3b01      	subs	r3, #1
878021a2:	b29b      	uxth	r3, r3
878021a4:	0695      	lsls	r5, r2, #26
878021a6:	d4f9      	bmi.n	8780219c <i2c_master_transfer+0x7c>
878021a8:	bd38      	pop	{r3, r4, r5, pc}
878021aa:	bd38      	pop	{r3, r4, r5, pc}
878021ac:	f7ff fe9c 	bl	87801ee8 <i2c_check_and_clear_error.part.1>
878021b0:	2800      	cmp	r0, #0
878021b2:	d1ea      	bne.n	8780218a <i2c_master_transfer+0x6a>
878021b4:	7b2b      	ldrb	r3, [r5, #12]
878021b6:	b96b      	cbnz	r3, 878021d4 <i2c_master_transfer+0xb4>
878021b8:	686b      	ldr	r3, [r5, #4]
878021ba:	2b00      	cmp	r3, #0
878021bc:	d141      	bne.n	87802242 <i2c_master_transfer+0x122>
878021be:	696b      	ldr	r3, [r5, #20]
878021c0:	2b00      	cmp	r3, #0
878021c2:	d138      	bne.n	87802236 <i2c_master_transfer+0x116>
878021c4:	2000      	movs	r0, #0
878021c6:	bd38      	pop	{r3, r4, r5, pc}
878021c8:	4620      	mov	r0, r4
878021ca:	f7ff fe8d 	bl	87801ee8 <i2c_check_and_clear_error.part.1>
878021ce:	b9d8      	cbnz	r0, 87802208 <i2c_master_transfer+0xe8>
878021d0:	7b2b      	ldrb	r3, [r5, #12]
878021d2:	b353      	cbz	r3, 8780222a <i2c_master_transfer+0x10a>
878021d4:	89a3      	ldrh	r3, [r4, #12]
878021d6:	68aa      	ldr	r2, [r5, #8]
878021d8:	f023 0302 	bic.w	r3, r3, #2
878021dc:	041b      	lsls	r3, r3, #16
878021de:	0c1b      	lsrs	r3, r3, #16
878021e0:	81a3      	strh	r3, [r4, #12]
878021e2:	7b2b      	ldrb	r3, [r5, #12]
878021e4:	3b01      	subs	r3, #1
878021e6:	b2db      	uxtb	r3, r3
878021e8:	00d9      	lsls	r1, r3, #3
878021ea:	732b      	strb	r3, [r5, #12]
878021ec:	fa22 f301 	lsr.w	r3, r2, r1
878021f0:	b29b      	uxth	r3, r3
878021f2:	8223      	strh	r3, [r4, #16]
878021f4:	89a3      	ldrh	r3, [r4, #12]
878021f6:	0799      	lsls	r1, r3, #30
878021f8:	d5fc      	bpl.n	878021f4 <i2c_master_transfer+0xd4>
878021fa:	89a3      	ldrh	r3, [r4, #12]
878021fc:	b29b      	uxth	r3, r3
878021fe:	06da      	lsls	r2, r3, #27
87802200:	d4e2      	bmi.n	878021c8 <i2c_master_transfer+0xa8>
87802202:	07db      	lsls	r3, r3, #31
87802204:	d5e4      	bpl.n	878021d0 <i2c_master_transfer+0xb0>
87802206:	2003      	movs	r0, #3
87802208:	8922      	ldrh	r2, [r4, #8]
8780220a:	f64f 73ff 	movw	r3, #65535	; 0xffff
8780220e:	f022 0238 	bic.w	r2, r2, #56	; 0x38
87802212:	0412      	lsls	r2, r2, #16
87802214:	0c12      	lsrs	r2, r2, #16
87802216:	8122      	strh	r2, [r4, #8]
87802218:	e001      	b.n	8780221e <i2c_master_transfer+0xfe>
8780221a:	2b00      	cmp	r3, #0
8780221c:	d0c5      	beq.n	878021aa <i2c_master_transfer+0x8a>
8780221e:	89a2      	ldrh	r2, [r4, #12]
87802220:	3b01      	subs	r3, #1
87802222:	b29b      	uxth	r3, r3
87802224:	0695      	lsls	r5, r2, #26
87802226:	d4f8      	bmi.n	8780221a <i2c_master_transfer+0xfa>
87802228:	bd38      	pop	{r3, r4, r5, pc}
8780222a:	686b      	ldr	r3, [r5, #4]
8780222c:	2b01      	cmp	r3, #1
8780222e:	d01a      	beq.n	87802266 <i2c_master_transfer+0x146>
87802230:	2b00      	cmp	r3, #0
87802232:	d0c4      	beq.n	878021be <i2c_master_transfer+0x9e>
87802234:	e7c6      	b.n	878021c4 <i2c_master_transfer+0xa4>
87802236:	6929      	ldr	r1, [r5, #16]
87802238:	4620      	mov	r0, r4
8780223a:	696a      	ldr	r2, [r5, #20]
8780223c:	f7ff fecc 	bl	87801fd8 <i2c_master_write>
87802240:	686b      	ldr	r3, [r5, #4]
87802242:	2b01      	cmp	r3, #1
87802244:	d1be      	bne.n	878021c4 <i2c_master_transfer+0xa4>
87802246:	696b      	ldr	r3, [r5, #20]
87802248:	2b00      	cmp	r3, #0
8780224a:	d0bb      	beq.n	878021c4 <i2c_master_transfer+0xa4>
8780224c:	6929      	ldr	r1, [r5, #16]
8780224e:	4620      	mov	r0, r4
87802250:	696a      	ldr	r2, [r5, #20]
87802252:	f7ff ff03 	bl	8780205c <i2c_master_read>
87802256:	e7b5      	b.n	878021c4 <i2c_master_transfer+0xa4>
87802258:	8902      	ldrh	r2, [r0, #8]
8780225a:	0064      	lsls	r4, r4, #1
8780225c:	b292      	uxth	r2, r2
8780225e:	f042 0230 	orr.w	r2, r2, #48	; 0x30
87802262:	8102      	strh	r2, [r0, #8]
87802264:	e782      	b.n	8780216c <i2c_master_transfer+0x4c>
87802266:	89a3      	ldrh	r3, [r4, #12]
87802268:	f023 0302 	bic.w	r3, r3, #2
8780226c:	041b      	lsls	r3, r3, #16
8780226e:	0c1b      	lsrs	r3, r3, #16
87802270:	81a3      	strh	r3, [r4, #12]
87802272:	89a2      	ldrh	r2, [r4, #12]
87802274:	782b      	ldrb	r3, [r5, #0]
87802276:	0691      	lsls	r1, r2, #26
87802278:	d502      	bpl.n	87802280 <i2c_master_transfer+0x160>
8780227a:	8922      	ldrh	r2, [r4, #8]
8780227c:	0692      	lsls	r2, r2, #26
8780227e:	d508      	bpl.n	87802292 <i2c_master_transfer+0x172>
87802280:	8922      	ldrh	r2, [r4, #8]
87802282:	005b      	lsls	r3, r3, #1
87802284:	f043 0301 	orr.w	r3, r3, #1
87802288:	b292      	uxth	r2, r2
8780228a:	f042 0214 	orr.w	r2, r2, #20
8780228e:	8122      	strh	r2, [r4, #8]
87802290:	8223      	strh	r3, [r4, #16]
87802292:	89a3      	ldrh	r3, [r4, #12]
87802294:	079b      	lsls	r3, r3, #30
87802296:	d5fc      	bpl.n	87802292 <i2c_master_transfer+0x172>
87802298:	89a3      	ldrh	r3, [r4, #12]
8780229a:	b29b      	uxth	r3, r3
8780229c:	06d8      	lsls	r0, r3, #27
8780229e:	d412      	bmi.n	878022c6 <i2c_master_transfer+0x1a6>
878022a0:	07d9      	lsls	r1, r3, #31
878022a2:	d5d0      	bpl.n	87802246 <i2c_master_transfer+0x126>
878022a4:	8922      	ldrh	r2, [r4, #8]
878022a6:	f64f 73ff 	movw	r3, #65535	; 0xffff
878022aa:	f022 0238 	bic.w	r2, r2, #56	; 0x38
878022ae:	0412      	lsls	r2, r2, #16
878022b0:	0c12      	lsrs	r2, r2, #16
878022b2:	8122      	strh	r2, [r4, #8]
878022b4:	e000      	b.n	878022b8 <i2c_master_transfer+0x198>
878022b6:	b123      	cbz	r3, 878022c2 <i2c_master_transfer+0x1a2>
878022b8:	89a2      	ldrh	r2, [r4, #12]
878022ba:	3b01      	subs	r3, #1
878022bc:	b29b      	uxth	r3, r3
878022be:	0692      	lsls	r2, r2, #26
878022c0:	d4f9      	bmi.n	878022b6 <i2c_master_transfer+0x196>
878022c2:	2006      	movs	r0, #6
878022c4:	bd38      	pop	{r3, r4, r5, pc}
878022c6:	4620      	mov	r0, r4
878022c8:	f7ff fe0e 	bl	87801ee8 <i2c_check_and_clear_error.part.1>
878022cc:	2800      	cmp	r0, #0
878022ce:	d1e9      	bne.n	878022a4 <i2c_master_transfer+0x184>
878022d0:	e772      	b.n	878021b8 <i2c_master_transfer+0x98>
878022d2:	bf00      	nop

878022d4 <ap3216c_readonebyte>:
878022d4:	b510      	push	{r4, lr}
878022d6:	b088      	sub	sp, #32
878022d8:	9004      	str	r0, [sp, #16]
878022da:	2000      	movs	r0, #0
878022dc:	2301      	movs	r3, #1
878022de:	2200      	movs	r2, #0
878022e0:	f10d 0407 	add.w	r4, sp, #7
878022e4:	a902      	add	r1, sp, #8
878022e6:	f2c0 201a 	movt	r0, #538	; 0x21a
878022ea:	9406      	str	r4, [sp, #24]
878022ec:	f88d 2007 	strb.w	r2, [sp, #7]
878022f0:	9303      	str	r3, [sp, #12]
878022f2:	f88d 3014 	strb.w	r3, [sp, #20]
878022f6:	9307      	str	r3, [sp, #28]
878022f8:	f7ff ff12 	bl	87802120 <i2c_master_transfer>
878022fc:	b008      	add	sp, #32
878022fe:	bd10      	pop	{r4, pc}

87802300 <ap3216c_writeonebyte>:
87802300:	b530      	push	{r4, r5, lr}
87802302:	b089      	sub	sp, #36	; 0x24
87802304:	9004      	str	r0, [sp, #16]
87802306:	2000      	movs	r0, #0
87802308:	2301      	movs	r3, #1
8780230a:	2400      	movs	r4, #0
8780230c:	f10d 0507 	add.w	r5, sp, #7
87802310:	a902      	add	r1, sp, #8
87802312:	f2c0 201a 	movt	r0, #538	; 0x21a
87802316:	9506      	str	r5, [sp, #24]
87802318:	f88d 2007 	strb.w	r2, [sp, #7]
8780231c:	9403      	str	r4, [sp, #12]
8780231e:	f88d 3014 	strb.w	r3, [sp, #20]
87802322:	9307      	str	r3, [sp, #28]
87802324:	f7ff fefc 	bl	87802120 <i2c_master_transfer>
87802328:	1b00      	subs	r0, r0, r4
8780232a:	bf18      	it	ne
8780232c:	2001      	movne	r0, #1
8780232e:	b009      	add	sp, #36	; 0x24
87802330:	bd30      	pop	{r4, r5, pc}
87802332:	bf00      	nop

87802334 <ap3216c_init>:
87802334:	20b4      	movs	r0, #180	; 0xb4
87802336:	f240 52a4 	movw	r2, #1444	; 0x5a4
8780233a:	b5f8      	push	{r3, r4, r5, r6, r7, lr}
8780233c:	f2c0 200e 	movt	r0, #526	; 0x20e
87802340:	f04f 0e01 	mov.w	lr, #1
87802344:	2612      	movs	r6, #18
87802346:	f2c0 220e 	movt	r2, #526	; 0x20e
8780234a:	25b8      	movs	r5, #184	; 0xb8
8780234c:	f44f 64b5 	mov.w	r4, #1448	; 0x5a8
87802350:	f44f 7150 	mov.w	r1, #832	; 0x340
87802354:	f44f 7351 	mov.w	r3, #836	; 0x344
87802358:	6006      	str	r6, [r0, #0]
8780235a:	f2c0 230e 	movt	r3, #526	; 0x20e
8780235e:	f8c2 e000 	str.w	lr, [r2]
87802362:	f2c0 210e 	movt	r1, #526	; 0x20e
87802366:	f247 02b0 	movw	r2, #28848	; 0x70b0
8780236a:	f2c0 250e 	movt	r5, #526	; 0x20e
8780236e:	f2c0 240e 	movt	r4, #526	; 0x20e
87802372:	2702      	movs	r7, #2
87802374:	2000      	movs	r0, #0
87802376:	602e      	str	r6, [r5, #0]
87802378:	f2c0 201a 	movt	r0, #538	; 0x21a
8780237c:	6027      	str	r7, [r4, #0]
8780237e:	600a      	str	r2, [r1, #0]
87802380:	601a      	str	r2, [r3, #0]
87802382:	f7ff fdc5 	bl	87801f10 <i2c_init>
87802386:	2204      	movs	r2, #4
87802388:	2100      	movs	r1, #0
8780238a:	201e      	movs	r0, #30
8780238c:	f7ff ffb8 	bl	87802300 <ap3216c_writeonebyte>
87802390:	2032      	movs	r0, #50	; 0x32
87802392:	f7fe f8cd 	bl	87800530 <delay_ms>
87802396:	2243      	movs	r2, #67	; 0x43
87802398:	2100      	movs	r1, #0
8780239a:	201e      	movs	r0, #30
8780239c:	f7ff ffb0 	bl	87802300 <ap3216c_writeonebyte>
878023a0:	2100      	movs	r1, #0
878023a2:	201e      	movs	r0, #30
878023a4:	f7ff ff96 	bl	878022d4 <ap3216c_readonebyte>
878023a8:	4604      	mov	r4, r0
878023aa:	4601      	mov	r1, r0
878023ac:	f249 2008 	movw	r0, #37384	; 0x9208
878023b0:	f2c8 7080 	movt	r0, #34688	; 0x8780
878023b4:	f000 fcbc 	bl	87802d30 <printf>
878023b8:	1ee0      	subs	r0, r4, #3
878023ba:	bf18      	it	ne
878023bc:	2001      	movne	r0, #1
878023be:	bdf8      	pop	{r3, r4, r5, r6, r7, pc}

878023c0 <ap3216c_readdate>:
878023c0:	e92d 41f0 	stmdb	sp!, {r4, r5, r6, r7, r8, lr}
878023c4:	b082      	sub	sp, #8
878023c6:	4680      	mov	r8, r0
878023c8:	460f      	mov	r7, r1
878023ca:	4616      	mov	r6, r2
878023cc:	466d      	mov	r5, sp
878023ce:	240a      	movs	r4, #10
878023d0:	4621      	mov	r1, r4
878023d2:	3401      	adds	r4, #1
878023d4:	b2e4      	uxtb	r4, r4
878023d6:	201e      	movs	r0, #30
878023d8:	f7ff ff7c 	bl	878022d4 <ap3216c_readonebyte>
878023dc:	2c10      	cmp	r4, #16
878023de:	f805 0b01 	strb.w	r0, [r5], #1
878023e2:	d1f5      	bne.n	878023d0 <ap3216c_readdate+0x10>
878023e4:	f89d 3000 	ldrb.w	r3, [sp]
878023e8:	061a      	lsls	r2, r3, #24
878023ea:	bf42      	ittt	mi
878023ec:	2300      	movmi	r3, #0
878023ee:	f8a8 3000 	strhmi.w	r3, [r8]
878023f2:	803b      	strhmi	r3, [r7, #0]
878023f4:	d412      	bmi.n	8780241c <ap3216c_readdate+0x5c>
878023f6:	f89d 0001 	ldrb.w	r0, [sp, #1]
878023fa:	f003 0303 	and.w	r3, r3, #3
878023fe:	f89d 1005 	ldrb.w	r1, [sp, #5]
87802402:	f89d 2004 	ldrb.w	r2, [sp, #4]
87802406:	f001 013f 	and.w	r1, r1, #63	; 0x3f
8780240a:	ea43 0380 	orr.w	r3, r3, r0, lsl #2
8780240e:	f002 020f 	and.w	r2, r2, #15
87802412:	ea42 1201 	orr.w	r2, r2, r1, lsl #4
87802416:	f8a8 3000 	strh.w	r3, [r8]
8780241a:	803a      	strh	r2, [r7, #0]
8780241c:	f89d 2003 	ldrb.w	r2, [sp, #3]
87802420:	f89d 3002 	ldrb.w	r3, [sp, #2]
87802424:	ea43 2302 	orr.w	r3, r3, r2, lsl #8
87802428:	8033      	strh	r3, [r6, #0]
8780242a:	b002      	add	sp, #8
8780242c:	e8bd 81f0 	ldmia.w	sp!, {r4, r5, r6, r7, r8, pc}

87802430 <spi_init>:
87802430:	2200      	movs	r2, #0
87802432:	f44f 5100 	mov.w	r1, #8192	; 0x2000
87802436:	6082      	str	r2, [r0, #8]
87802438:	6883      	ldr	r3, [r0, #8]
8780243a:	f443 03e0 	orr.w	r3, r3, #7340032	; 0x700000
8780243e:	f043 0319 	orr.w	r3, r3, #25
87802442:	6083      	str	r3, [r0, #8]
87802444:	60c2      	str	r2, [r0, #12]
87802446:	61c1      	str	r1, [r0, #28]
87802448:	6883      	ldr	r3, [r0, #8]
8780244a:	f423 437f 	bic.w	r3, r3, #65280	; 0xff00
8780244e:	6083      	str	r3, [r0, #8]
87802450:	6883      	ldr	r3, [r0, #8]
87802452:	f443 4310 	orr.w	r3, r3, #36864	; 0x9000
87802456:	6083      	str	r3, [r0, #8]
87802458:	4770      	bx	lr
8780245a:	bf00      	nop

8780245c <spich0_readwrite_byte>:
8780245c:	6883      	ldr	r3, [r0, #8]
8780245e:	f423 2340 	bic.w	r3, r3, #786432	; 0xc0000
87802462:	6083      	str	r3, [r0, #8]
87802464:	6883      	ldr	r3, [r0, #8]
87802466:	6083      	str	r3, [r0, #8]
87802468:	6983      	ldr	r3, [r0, #24]
8780246a:	07da      	lsls	r2, r3, #31
8780246c:	d5fc      	bpl.n	87802468 <spich0_readwrite_byte+0xc>
8780246e:	6041      	str	r1, [r0, #4]
87802470:	6983      	ldr	r3, [r0, #24]
87802472:	071b      	lsls	r3, r3, #28
87802474:	d5fc      	bpl.n	87802470 <spich0_readwrite_byte+0x14>
87802476:	6800      	ldr	r0, [r0, #0]
87802478:	b2c0      	uxtb	r0, r0
8780247a:	4770      	bx	lr
8780247c:	0000      	movs	r0, r0
	...

87802480 <icm20608_read_reg>:
87802480:	b570      	push	{r4, r5, r6, lr}
87802482:	f44f 4440 	mov.w	r4, #49152	; 0xc000
87802486:	f2c0 2409 	movt	r4, #521	; 0x209
8780248a:	2500      	movs	r5, #0
8780248c:	462a      	mov	r2, r5
8780248e:	4606      	mov	r6, r0
87802490:	f2c0 2501 	movt	r5, #513	; 0x201
87802494:	4620      	mov	r0, r4
87802496:	2114      	movs	r1, #20
87802498:	f7fe f904 	bl	878006a4 <gpio_PinWrite>
8780249c:	f046 0180 	orr.w	r1, r6, #128	; 0x80
878024a0:	4628      	mov	r0, r5
878024a2:	f7ff ffdb 	bl	8780245c <spich0_readwrite_byte>
878024a6:	4628      	mov	r0, r5
878024a8:	21ff      	movs	r1, #255	; 0xff
878024aa:	f7ff ffd7 	bl	8780245c <spich0_readwrite_byte>
878024ae:	2201      	movs	r2, #1
878024b0:	4605      	mov	r5, r0
878024b2:	2114      	movs	r1, #20
878024b4:	4620      	mov	r0, r4
878024b6:	f7fe f8f5 	bl	878006a4 <gpio_PinWrite>
878024ba:	4628      	mov	r0, r5
878024bc:	bd70      	pop	{r4, r5, r6, pc}
878024be:	bf00      	nop

878024c0 <icm20608_write_reg>:
878024c0:	b5f8      	push	{r3, r4, r5, r6, r7, lr}
878024c2:	f44f 4440 	mov.w	r4, #49152	; 0xc000
878024c6:	f2c0 2409 	movt	r4, #521	; 0x209
878024ca:	2500      	movs	r5, #0
878024cc:	462a      	mov	r2, r5
878024ce:	4607      	mov	r7, r0
878024d0:	460e      	mov	r6, r1
878024d2:	4620      	mov	r0, r4
878024d4:	f2c0 2501 	movt	r5, #513	; 0x201
878024d8:	2114      	movs	r1, #20
878024da:	f7fe f8e3 	bl	878006a4 <gpio_PinWrite>
878024de:	f007 017f 	and.w	r1, r7, #127	; 0x7f
878024e2:	4628      	mov	r0, r5
878024e4:	f7ff ffba 	bl	8780245c <spich0_readwrite_byte>
878024e8:	4631      	mov	r1, r6
878024ea:	4628      	mov	r0, r5
878024ec:	f7ff ffb6 	bl	8780245c <spich0_readwrite_byte>
878024f0:	4620      	mov	r0, r4
878024f2:	2201      	movs	r2, #1
878024f4:	2114      	movs	r1, #20
878024f6:	e8bd 40f8 	ldmia.w	sp!, {r3, r4, r5, r6, r7, lr}
878024fa:	f7fe b8d3 	b.w	878006a4 <gpio_PinWrite>
878024fe:	bf00      	nop

87802500 <icm20608_init>:
87802500:	b5f0      	push	{r4, r5, r6, r7, lr}
87802502:	2498      	movs	r4, #152	; 0x98
87802504:	2308      	movs	r3, #8
87802506:	f2c0 240e 	movt	r4, #526	; 0x20e
8780250a:	f240 5e54 	movw	lr, #1364	; 0x554
8780250e:	259c      	movs	r5, #156	; 0x9c
87802510:	f240 525c 	movw	r2, #1372	; 0x55c
87802514:	21a0      	movs	r1, #160	; 0xa0
87802516:	6023      	str	r3, [r4, #0]
87802518:	f2c0 2e0e 	movt	lr, #526	; 0x20e
8780251c:	2400      	movs	r4, #0
8780251e:	f2c0 250e 	movt	r5, #526	; 0x20e
87802522:	f2c0 220e 	movt	r2, #526	; 0x20e
87802526:	f2c0 210e 	movt	r1, #526	; 0x20e
8780252a:	f44f 67ab 	mov.w	r7, #1368	; 0x558
8780252e:	f44f 7049 	mov.w	r0, #804	; 0x324
87802532:	f8ce 4000 	str.w	r4, [lr]
87802536:	f2c0 270e 	movt	r7, #526	; 0x20e
8780253a:	602b      	str	r3, [r5, #0]
8780253c:	f2c0 200e 	movt	r0, #526	; 0x20e
87802540:	6014      	str	r4, [r2, #0]
87802542:	f44f 764a 	mov.w	r6, #808	; 0x328
87802546:	600b      	str	r3, [r1, #0]
87802548:	f44f 754b 	mov.w	r5, #812	; 0x32c
8780254c:	f241 03b0 	movw	r3, #4272	; 0x10b0
87802550:	2294      	movs	r2, #148	; 0x94
87802552:	f44f 7148 	mov.w	r1, #800	; 0x320
87802556:	b085      	sub	sp, #20
87802558:	603c      	str	r4, [r7, #0]
8780255a:	f2c0 250e 	movt	r5, #526	; 0x20e
8780255e:	6003      	str	r3, [r0, #0]
87802560:	f2c0 220e 	movt	r2, #526	; 0x20e
87802564:	f2c0 210e 	movt	r1, #526	; 0x20e
87802568:	f2c0 260e 	movt	r6, #526	; 0x20e
8780256c:	2705      	movs	r7, #5
8780256e:	f44f 4040 	mov.w	r0, #49152	; 0xc000
87802572:	6033      	str	r3, [r6, #0]
87802574:	f2c0 2009 	movt	r0, #521	; 0x209
87802578:	602b      	str	r3, [r5, #0]
8780257a:	2501      	movs	r5, #1
8780257c:	6017      	str	r7, [r2, #0]
8780257e:	aa01      	add	r2, sp, #4
87802580:	600b      	str	r3, [r1, #0]
87802582:	2114      	movs	r1, #20
87802584:	f88d 4008 	strb.w	r4, [sp, #8]
87802588:	9501      	str	r5, [sp, #4]
8780258a:	f7fe f901 	bl	87800790 <gpio_init>
8780258e:	4620      	mov	r0, r4
87802590:	f2c0 2001 	movt	r0, #513	; 0x201
87802594:	f7ff ff4c 	bl	87802430 <spi_init>
87802598:	2180      	movs	r1, #128	; 0x80
8780259a:	206b      	movs	r0, #107	; 0x6b
8780259c:	f7ff ff90 	bl	878024c0 <icm20608_write_reg>
878025a0:	2032      	movs	r0, #50	; 0x32
878025a2:	f7fd ffc5 	bl	87800530 <delay_ms>
878025a6:	4629      	mov	r1, r5
878025a8:	206b      	movs	r0, #107	; 0x6b
878025aa:	f7ff ff89 	bl	878024c0 <icm20608_write_reg>
878025ae:	2032      	movs	r0, #50	; 0x32
878025b0:	f7fd ffbe 	bl	87800530 <delay_ms>
878025b4:	2075      	movs	r0, #117	; 0x75
878025b6:	f7ff ff63 	bl	87802480 <icm20608_read_reg>
878025ba:	3052      	adds	r0, #82	; 0x52
878025bc:	b2c0      	uxtb	r0, r0
878025be:	42a8      	cmp	r0, r5
878025c0:	bf88      	it	hi
878025c2:	4628      	movhi	r0, r5
878025c4:	d901      	bls.n	878025ca <icm20608_init+0xca>
878025c6:	b005      	add	sp, #20
878025c8:	bdf0      	pop	{r4, r5, r6, r7, pc}
878025ca:	4621      	mov	r1, r4
878025cc:	2019      	movs	r0, #25
878025ce:	f7ff ff77 	bl	878024c0 <icm20608_write_reg>
878025d2:	2118      	movs	r1, #24
878025d4:	201b      	movs	r0, #27
878025d6:	f7ff ff73 	bl	878024c0 <icm20608_write_reg>
878025da:	2118      	movs	r1, #24
878025dc:	201c      	movs	r0, #28
878025de:	f7ff ff6f 	bl	878024c0 <icm20608_write_reg>
878025e2:	2104      	movs	r1, #4
878025e4:	201a      	movs	r0, #26
878025e6:	f7ff ff6b 	bl	878024c0 <icm20608_write_reg>
878025ea:	2104      	movs	r1, #4
878025ec:	201d      	movs	r0, #29
878025ee:	f7ff ff67 	bl	878024c0 <icm20608_write_reg>
878025f2:	4621      	mov	r1, r4
878025f4:	206c      	movs	r0, #108	; 0x6c
878025f6:	f7ff ff63 	bl	878024c0 <icm20608_write_reg>
878025fa:	4621      	mov	r1, r4
878025fc:	201e      	movs	r0, #30
878025fe:	f7ff ff5f 	bl	878024c0 <icm20608_write_reg>
87802602:	4621      	mov	r1, r4
87802604:	2023      	movs	r0, #35	; 0x23
87802606:	f7ff ff5b 	bl	878024c0 <icm20608_write_reg>
8780260a:	201b      	movs	r0, #27
8780260c:	f7ff ff38 	bl	87802480 <icm20608_read_reg>
87802610:	4601      	mov	r1, r0
87802612:	f249 2028 	movw	r0, #37416	; 0x9228
87802616:	f2c8 7080 	movt	r0, #34688	; 0x8780
8780261a:	f000 fb89 	bl	87802d30 <printf>
8780261e:	4620      	mov	r0, r4
87802620:	b005      	add	sp, #20
87802622:	bdf0      	pop	{r4, r5, r6, r7, pc}

87802624 <icm20608_read_len>:
87802624:	b570      	push	{r4, r5, r6, lr}
87802626:	4606      	mov	r6, r0
87802628:	f44f 4040 	mov.w	r0, #49152	; 0xc000
8780262c:	4615      	mov	r5, r2
8780262e:	f2c0 2009 	movt	r0, #521	; 0x209
87802632:	460c      	mov	r4, r1
87802634:	2200      	movs	r2, #0
87802636:	2114      	movs	r1, #20
87802638:	f7fe f834 	bl	878006a4 <gpio_PinWrite>
8780263c:	2000      	movs	r0, #0
8780263e:	f046 0180 	orr.w	r1, r6, #128	; 0x80
87802642:	f2c0 2001 	movt	r0, #513	; 0x201
87802646:	f7ff ff09 	bl	8780245c <spich0_readwrite_byte>
8780264a:	b155      	cbz	r5, 87802662 <icm20608_read_len+0x3e>
8780264c:	4425      	add	r5, r4
8780264e:	2000      	movs	r0, #0
87802650:	21ff      	movs	r1, #255	; 0xff
87802652:	f2c0 2001 	movt	r0, #513	; 0x201
87802656:	f7ff ff01 	bl	8780245c <spich0_readwrite_byte>
8780265a:	f804 0b01 	strb.w	r0, [r4], #1
8780265e:	42ac      	cmp	r4, r5
87802660:	d1f5      	bne.n	8780264e <icm20608_read_len+0x2a>
87802662:	f44f 4040 	mov.w	r0, #49152	; 0xc000
87802666:	2201      	movs	r2, #1
87802668:	f2c0 2009 	movt	r0, #521	; 0x209
8780266c:	2114      	movs	r1, #20
8780266e:	e8bd 4070 	ldmia.w	sp!, {r4, r5, r6, lr}
87802672:	f7fe b817 	b.w	878006a4 <gpio_PinWrite>
87802676:	bf00      	nop

87802678 <icm20608_gyro_scaleget>:
87802678:	b508      	push	{r3, lr}
8780267a:	201b      	movs	r0, #27
8780267c:	f7ff ff00 	bl	87802480 <icm20608_read_reg>
87802680:	f3c0 00c1 	ubfx	r0, r0, #3, #2
87802684:	2802      	cmp	r0, #2
87802686:	d00a      	beq.n	8780269e <icm20608_gyro_scaleget+0x26>
87802688:	2803      	cmp	r0, #3
8780268a:	d00b      	beq.n	878026a4 <icm20608_gyro_scaleget+0x2c>
8780268c:	eddf 7a07 	vldr	s15, [pc, #28]	; 878026ac <icm20608_gyro_scaleget+0x34>
87802690:	2801      	cmp	r0, #1
87802692:	ed9f 0a07 	vldr	s0, [pc, #28]	; 878026b0 <icm20608_gyro_scaleget+0x38>
87802696:	bf08      	it	eq
87802698:	eeb0 0a67 	vmoveq.f32	s0, s15
8780269c:	bd08      	pop	{r3, pc}
8780269e:	ed9f 0a05 	vldr	s0, [pc, #20]	; 878026b4 <icm20608_gyro_scaleget+0x3c>
878026a2:	bd08      	pop	{r3, pc}
878026a4:	ed9f 0a04 	vldr	s0, [pc, #16]	; 878026b8 <icm20608_gyro_scaleget+0x40>
878026a8:	bd08      	pop	{r3, pc}
878026aa:	bf00      	nop
878026ac:	42830000 	addmi	r0, r3, #0
878026b0:	43030000 	movwmi	r0, #12288	; 0x3000
878026b4:	42033333 	andmi	r3, r3, #-872415232	; 0xcc000000
878026b8:	41833333 	orrmi	r3, r3, r3, lsr r3

878026bc <icm20608_accel_scaleget>:
878026bc:	b508      	push	{r3, lr}
878026be:	201c      	movs	r0, #28
878026c0:	f7ff fede 	bl	87802480 <icm20608_read_reg>
878026c4:	f3c0 00c1 	ubfx	r0, r0, #3, #2
878026c8:	2802      	cmp	r0, #2
878026ca:	d008      	beq.n	878026de <icm20608_accel_scaleget+0x22>
878026cc:	2803      	cmp	r0, #3
878026ce:	d009      	beq.n	878026e4 <icm20608_accel_scaleget+0x28>
878026d0:	2801      	cmp	r0, #1
878026d2:	bf0c      	ite	eq
878026d4:	f44f 5000 	moveq.w	r0, #8192	; 0x2000
878026d8:	f44f 4080 	movne.w	r0, #16384	; 0x4000
878026dc:	bd08      	pop	{r3, pc}
878026de:	f44f 5080 	mov.w	r0, #4096	; 0x1000
878026e2:	bd08      	pop	{r3, pc}
878026e4:	f44f 6000 	mov.w	r0, #2048	; 0x800
878026e8:	bd08      	pop	{r3, pc}
878026ea:	bf00      	nop

878026ec <icm20608_getdata>:
878026ec:	b5f0      	push	{r4, r5, r6, r7, lr}
878026ee:	220e      	movs	r2, #14
878026f0:	ed2d 8b02 	vpush	{d8}
878026f4:	b085      	sub	sp, #20
878026f6:	4669      	mov	r1, sp
878026f8:	203b      	movs	r0, #59	; 0x3b
878026fa:	f7ff ff93 	bl	87802624 <icm20608_read_len>
878026fe:	f7ff ffbb 	bl	87802678 <icm20608_gyro_scaleget>
87802702:	eeb0 8a40 	vmov.f32	s16, s0
87802706:	f7ff ffd9 	bl	878026bc <icm20608_accel_scaleget>
8780270a:	f89d 1007 	ldrb.w	r1, [sp, #7]
8780270e:	f24a 03d8 	movw	r3, #41176	; 0xa0d8
87802712:	f89d 5006 	ldrb.w	r5, [sp, #6]
87802716:	f2c8 7380 	movt	r3, #34688	; 0x8780
8780271a:	ee07 0a90 	vmov	s15, r0
8780271e:	eeb8 4ae7 	vcvt.f32.s32	s8, s15
87802722:	f89d 2009 	ldrb.w	r2, [sp, #9]
87802726:	ea41 2505 	orr.w	r5, r1, r5, lsl #8
8780272a:	f89d e008 	ldrb.w	lr, [sp, #8]
8780272e:	eeb3 7a09 	vmov.f32	s14, #57	; 0x39
87802732:	b22d      	sxth	r5, r5
87802734:	f89d 400c 	ldrb.w	r4, [sp, #12]
87802738:	f89d 100b 	ldrb.w	r1, [sp, #11]
8780273c:	ea42 2e0e 	orr.w	lr, r2, lr, lsl #8
87802740:	f89d 200d 	ldrb.w	r2, [sp, #13]
87802744:	ee07 5a90 	vmov	s15, r5
87802748:	f89d 700a 	ldrb.w	r7, [sp, #10]
8780274c:	fa0f fe8e 	sxth.w	lr, lr
87802750:	eef8 7ae7 	vcvt.f32.s32	s15, s15
87802754:	eddf 2b42 	vldr	d18, [pc, #264]	; 87802860 <icm20608_getdata+0x174>
87802758:	ea42 2404 	orr.w	r4, r2, r4, lsl #8
8780275c:	f89d 6000 	ldrb.w	r6, [sp]
87802760:	f89d 2001 	ldrb.w	r2, [sp, #1]
87802764:	ea41 2707 	orr.w	r7, r1, r7, lsl #8
87802768:	ee77 7ac7 	vsub.f32	s15, s15, s14
8780276c:	b224      	sxth	r4, r4
8780276e:	b23f      	sxth	r7, r7
87802770:	f89d c002 	ldrb.w	ip, [sp, #2]
87802774:	f89d 0003 	ldrb.w	r0, [sp, #3]
87802778:	ea42 2606 	orr.w	r6, r2, r6, lsl #8
8780277c:	f89d 1004 	ldrb.w	r1, [sp, #4]
87802780:	eef7 1ae7 	vcvt.f64.f32	d17, s15
87802784:	f89d 2005 	ldrb.w	r2, [sp, #5]
87802788:	b236      	sxth	r6, r6
8780278a:	ee07 ea10 	vmov	s14, lr
8780278e:	ea40 200c 	orr.w	r0, r0, ip, lsl #8
87802792:	eef8 5ac7 	vcvt.f32.s32	s11, s14
87802796:	eec1 1ba2 	vdiv.f64	d17, d17, d18
8780279a:	b200      	sxth	r0, r0
8780279c:	ee07 7a10 	vmov	s14, r7
878027a0:	ea42 2101 	orr.w	r1, r2, r1, lsl #8
878027a4:	ee07 4a90 	vmov	s15, r4
878027a8:	eeb8 0ae7 	vcvt.f32.s32	s0, s15
878027ac:	b209      	sxth	r1, r1
878027ae:	ee07 6a90 	vmov	s15, r6
878027b2:	eeb8 6ac7 	vcvt.f32.s32	s12, s14
878027b6:	eeb8 7ae7 	vcvt.f32.s32	s14, s15
878027ba:	ee07 0a90 	vmov	s15, r0
878027be:	eeb8 5ae7 	vcvt.f32.s32	s10, s15
878027c2:	ee07 1a90 	vmov	s15, r1
878027c6:	eec7 6a04 	vdiv.f32	s13, s14, s8
878027ca:	ee86 6a08 	vdiv.f32	s12, s12, s16
878027ce:	eeb8 7ae7 	vcvt.f32.s32	s14, s15
878027d2:	eec5 5a88 	vdiv.f32	s11, s11, s16
878027d6:	ee80 0a08 	vdiv.f32	s0, s0, s16
878027da:	ee85 5a04 	vdiv.f32	s10, s10, s8
878027de:	eec7 7a04 	vdiv.f32	s15, s14, s8
878027e2:	eddf 4a23 	vldr	s9, [pc, #140]	; 87802870 <icm20608_getdata+0x184>
878027e6:	eef3 0b09 	vmov.f64	d16, #57	; 0x39
878027ea:	eddf 2b1f 	vldr	d18, [pc, #124]	; 87802868 <icm20608_getdata+0x17c>
878027ee:	619d      	str	r5, [r3, #24]
878027f0:	f8c3 e000 	str.w	lr, [r3]
878027f4:	605f      	str	r7, [r3, #4]
878027f6:	609c      	str	r4, [r3, #8]
878027f8:	60de      	str	r6, [r3, #12]
878027fa:	ee71 0ba0 	vadd.f64	d16, d17, d16
878027fe:	ee26 6a24 	vmul.f32	s12, s12, s9
87802802:	ee26 7aa4 	vmul.f32	s14, s13, s9
87802806:	ee65 5aa4 	vmul.f32	s11, s11, s9
8780280a:	ee60 0ba2 	vmul.f64	d16, d16, d18
8780280e:	eebd 6ac6 	vcvt.s32.f32	s12, s12
87802812:	ee20 0a24 	vmul.f32	s0, s0, s9
87802816:	ee65 6a24 	vmul.f32	s13, s10, s9
8780281a:	ee67 7aa4 	vmul.f32	s15, s15, s9
8780281e:	eefd 5ae5 	vcvt.s32.f32	s11, s11
87802822:	eebd 0ac0 	vcvt.s32.f32	s0, s0
87802826:	eebd 7ac7 	vcvt.s32.f32	s14, s14
8780282a:	ed83 6a08 	vstr	s12, [r3, #32]
8780282e:	eefd 6ae6 	vcvt.s32.f32	s13, s13
87802832:	eebd 6be0 	vcvt.s32.f64	s12, d16
87802836:	eefd 7ae7 	vcvt.s32.f32	s15, s15
8780283a:	edc3 5a07 	vstr	s11, [r3, #28]
8780283e:	ed83 0a09 	vstr	s0, [r3, #36]	; 0x24
87802842:	ed83 7a0a 	vstr	s14, [r3, #40]	; 0x28
87802846:	6118      	str	r0, [r3, #16]
87802848:	edc3 6a0b 	vstr	s13, [r3, #44]	; 0x2c
8780284c:	6159      	str	r1, [r3, #20]
8780284e:	edc3 7a0c 	vstr	s15, [r3, #48]	; 0x30
87802852:	ed83 6a0d 	vstr	s12, [r3, #52]	; 0x34
87802856:	b005      	add	sp, #20
87802858:	ecbd 8b02 	vpop	{d8}
8780285c:	bdf0      	pop	{r4, r5, r6, r7, pc}
8780285e:	bf00      	nop
87802860:	cccccccd 	stclgt	12, cr12, [ip], {205}	; 0xcd
87802864:	40746ccc 	rsbsmi	r6, r4, ip, asr #25
87802868:	00000000 	andeq	r0, r0, r0
8780286c:	40590000 	subsmi	r0, r9, r0
87802870:	42c80000 	sbcmi	r0, r8, #0
87802874:	f3af 8000 	nop.w

87802878 <ft5426_write_byte>:
87802878:	b530      	push	{r4, r5, lr}
8780287a:	b089      	sub	sp, #36	; 0x24
8780287c:	f88d 0008 	strb.w	r0, [sp, #8]
87802880:	f44f 4080 	mov.w	r0, #16384	; 0x4000
87802884:	2301      	movs	r3, #1
87802886:	2400      	movs	r4, #0
87802888:	9104      	str	r1, [sp, #16]
8780288a:	f10d 0507 	add.w	r5, sp, #7
8780288e:	a902      	add	r1, sp, #8
87802890:	f2c0 201a 	movt	r0, #538	; 0x21a
87802894:	9506      	str	r5, [sp, #24]
87802896:	f88d 2007 	strb.w	r2, [sp, #7]
8780289a:	9403      	str	r4, [sp, #12]
8780289c:	f88d 3014 	strb.w	r3, [sp, #20]
878028a0:	9307      	str	r3, [sp, #28]
878028a2:	f7ff fc3d 	bl	87802120 <i2c_master_transfer>
878028a6:	1b00      	subs	r0, r0, r4
878028a8:	bf18      	it	ne
878028aa:	2001      	movne	r0, #1
878028ac:	b009      	add	sp, #36	; 0x24
878028ae:	bd30      	pop	{r4, r5, pc}

878028b0 <ft5426_init>:
878028b0:	e92d 43f0 	stmdb	sp!, {r4, r5, r6, r7, r8, r9, lr}
878028b4:	23bc      	movs	r3, #188	; 0xbc
878028b6:	f240 57ac 	movw	r7, #1452	; 0x5ac
878028ba:	2612      	movs	r6, #18
878028bc:	f04f 0802 	mov.w	r8, #2
878028c0:	f2c0 230e 	movt	r3, #526	; 0x20e
878028c4:	f2c0 270e 	movt	r7, #526	; 0x20e
878028c8:	20c0      	movs	r0, #192	; 0xc0
878028ca:	f44f 64b6 	mov.w	r4, #1456	; 0x5b0
878028ce:	601e      	str	r6, [r3, #0]
878028d0:	f2c0 200e 	movt	r0, #526	; 0x20e
878028d4:	f8c7 8000 	str.w	r8, [r7]
878028d8:	f2c0 240e 	movt	r4, #526	; 0x20e
878028dc:	f44f 7552 	mov.w	r5, #840	; 0x348
878028e0:	f44f 7153 	mov.w	r1, #844	; 0x34c
878028e4:	2280      	movs	r2, #128	; 0x80
878028e6:	f44f 7343 	mov.w	r3, #780	; 0x30c
878028ea:	f44f 4740 	mov.w	r7, #49152	; 0xc000
878028ee:	6006      	str	r6, [r0, #0]
878028f0:	b08f      	sub	sp, #60	; 0x3c
878028f2:	f8c4 8000 	str.w	r8, [r4]
878028f6:	f2c0 230e 	movt	r3, #526	; 0x20e
878028fa:	f247 00b0 	movw	r0, #28848	; 0x70b0
878028fe:	2405      	movs	r4, #5
87802900:	f2c0 250e 	movt	r5, #526	; 0x20e
87802904:	f2c0 210e 	movt	r1, #526	; 0x20e
87802908:	f2c0 220e 	movt	r2, #526	; 0x20e
8780290c:	f2c0 2709 	movt	r7, #521	; 0x209
87802910:	f24f 0680 	movw	r6, #61568	; 0xf080
87802914:	6028      	str	r0, [r5, #0]
87802916:	6008      	str	r0, [r1, #0]
87802918:	2500      	movs	r5, #0
8780291a:	6014      	str	r4, [r2, #0]
8780291c:	4638      	mov	r0, r7
8780291e:	601e      	str	r6, [r3, #0]
87802920:	aa02      	add	r2, sp, #8
87802922:	2109      	movs	r1, #9
87802924:	9404      	str	r4, [sp, #16]
87802926:	9502      	str	r5, [sp, #8]
87802928:	f7fd ff32 	bl	87800790 <gpio_init>
8780292c:	ee9f 3f10 	mrc	15, 4, r3, cr15, cr0, {0}
87802930:	0c1b      	lsrs	r3, r3, #16
87802932:	f241 120c 	movw	r2, #4364	; 0x110c
87802936:	2004      	movs	r0, #4
87802938:	041b      	lsls	r3, r3, #16
8780293a:	f642 21f1 	movw	r1, #10993	; 0x2af1
8780293e:	f2c8 7180 	movt	r1, #34688	; 0x8780
87802942:	5098      	str	r0, [r3, r2]
87802944:	462a      	mov	r2, r5
87802946:	2062      	movs	r0, #98	; 0x62
87802948:	f44f 4640 	mov.w	r6, #49152	; 0xc000
8780294c:	f7fd ff56 	bl	878007fc <system_register_irqhandler>
87802950:	4638      	mov	r0, r7
87802952:	2109      	movs	r1, #9
87802954:	f7fd febc 	bl	878006d0 <gpio_enable_int>
87802958:	222c      	movs	r2, #44	; 0x2c
8780295a:	2370      	movs	r3, #112	; 0x70
8780295c:	f2c0 2329 	movt	r3, #553	; 0x229
87802960:	f2c0 260a 	movt	r6, #522	; 0x20a
87802964:	f2c0 2229 	movt	r2, #553	; 0x229
87802968:	f241 01b0 	movw	r1, #4272	; 0x10b0
8780296c:	6014      	str	r4, [r2, #0]
8780296e:	4630      	mov	r0, r6
87802970:	6019      	str	r1, [r3, #0]
87802972:	2401      	movs	r4, #1
87802974:	aa05      	add	r2, sp, #20
87802976:	2109      	movs	r1, #9
87802978:	9405      	str	r4, [sp, #20]
8780297a:	f44f 4980 	mov.w	r9, #16384	; 0x4000
8780297e:	f88d 4018 	strb.w	r4, [sp, #24]
87802982:	f2c0 291a 	movt	r9, #538	; 0x21a
87802986:	f7fd ff03 	bl	87800790 <gpio_init>
8780298a:	462a      	mov	r2, r5
8780298c:	4630      	mov	r0, r6
8780298e:	2109      	movs	r1, #9
87802990:	2738      	movs	r7, #56	; 0x38
87802992:	f7fd fe87 	bl	878006a4 <gpio_PinWrite>
87802996:	2032      	movs	r0, #50	; 0x32
87802998:	f7fd fdca 	bl	87800530 <delay_ms>
8780299c:	4622      	mov	r2, r4
8780299e:	2109      	movs	r1, #9
878029a0:	4630      	mov	r0, r6
878029a2:	f7fd fe7f 	bl	878006a4 <gpio_PinWrite>
878029a6:	2032      	movs	r0, #50	; 0x32
878029a8:	f7fd fdc2 	bl	87800530 <delay_ms>
878029ac:	4648      	mov	r0, r9
878029ae:	f7ff faaf 	bl	87801f10 <i2c_init>
878029b2:	aa01      	add	r2, sp, #4
878029b4:	23a1      	movs	r3, #161	; 0xa1
878029b6:	a908      	add	r1, sp, #32
878029b8:	4648      	mov	r0, r9
878029ba:	920c      	str	r2, [sp, #48]	; 0x30
878029bc:	930a      	str	r3, [sp, #40]	; 0x28
878029be:	9409      	str	r4, [sp, #36]	; 0x24
878029c0:	f88d 402c 	strb.w	r4, [sp, #44]	; 0x2c
878029c4:	f8cd 8034 	str.w	r8, [sp, #52]	; 0x34
878029c8:	f88d 7020 	strb.w	r7, [sp, #32]
878029cc:	f7ff fba8 	bl	87802120 <i2c_master_transfer>
878029d0:	f89d 3005 	ldrb.w	r3, [sp, #5]
878029d4:	f249 2044 	movw	r0, #37444	; 0x9244
878029d8:	f89d 1004 	ldrb.w	r1, [sp, #4]
878029dc:	f2c8 7080 	movt	r0, #34688	; 0x8780
878029e0:	ea43 2101 	orr.w	r1, r3, r1, lsl #8
878029e4:	f000 f9a4 	bl	87802d30 <printf>
878029e8:	462a      	mov	r2, r5
878029ea:	4629      	mov	r1, r5
878029ec:	4638      	mov	r0, r7
878029ee:	f7ff ff43 	bl	87802878 <ft5426_write_byte>
878029f2:	4622      	mov	r2, r4
878029f4:	4638      	mov	r0, r7
878029f6:	21a4      	movs	r1, #164	; 0xa4
878029f8:	f7ff ff3e 	bl	87802878 <ft5426_write_byte>
878029fc:	f24a 1310 	movw	r3, #41232	; 0xa110
87802a00:	f2c8 7380 	movt	r3, #34688	; 0x8780
87802a04:	701c      	strb	r4, [r3, #0]
87802a06:	b00f      	add	sp, #60	; 0x3c
87802a08:	e8bd 83f0 	ldmia.w	sp!, {r4, r5, r6, r7, r8, r9, pc}

87802a0c <ft5426_read_byte>:
87802a0c:	b510      	push	{r4, lr}
87802a0e:	b088      	sub	sp, #32
87802a10:	f88d 0008 	strb.w	r0, [sp, #8]
87802a14:	f44f 4080 	mov.w	r0, #16384	; 0x4000
87802a18:	2301      	movs	r3, #1
87802a1a:	2200      	movs	r2, #0
87802a1c:	9104      	str	r1, [sp, #16]
87802a1e:	f10d 0407 	add.w	r4, sp, #7
87802a22:	a902      	add	r1, sp, #8
87802a24:	f2c0 201a 	movt	r0, #538	; 0x21a
87802a28:	9406      	str	r4, [sp, #24]
87802a2a:	f88d 2007 	strb.w	r2, [sp, #7]
87802a2e:	9303      	str	r3, [sp, #12]
87802a30:	f88d 3014 	strb.w	r3, [sp, #20]
87802a34:	9307      	str	r3, [sp, #28]
87802a36:	f7ff fb73 	bl	87802120 <i2c_master_transfer>
87802a3a:	f89d 0007 	ldrb.w	r0, [sp, #7]
87802a3e:	b008      	add	sp, #32
87802a40:	bd10      	pop	{r4, pc}
87802a42:	bf00      	nop

87802a44 <ft5426_read_len>:
87802a44:	b510      	push	{r4, lr}
87802a46:	b086      	sub	sp, #24
87802a48:	f88d 0000 	strb.w	r0, [sp]
87802a4c:	f44f 4080 	mov.w	r0, #16384	; 0x4000
87802a50:	2401      	movs	r4, #1
87802a52:	f2c0 201a 	movt	r0, #538	; 0x21a
87802a56:	9102      	str	r1, [sp, #8]
87802a58:	4669      	mov	r1, sp
87802a5a:	9304      	str	r3, [sp, #16]
87802a5c:	9401      	str	r4, [sp, #4]
87802a5e:	9205      	str	r2, [sp, #20]
87802a60:	f88d 400c 	strb.w	r4, [sp, #12]
87802a64:	f7ff fb5c 	bl	87802120 <i2c_master_transfer>
87802a68:	b006      	add	sp, #24
87802a6a:	bd10      	pop	{r4, pc}

87802a6c <ft5426_read_tpcoord>:
87802a6c:	b5f0      	push	{r4, r5, r6, r7, lr}
87802a6e:	f24a 1410 	movw	r4, #41232	; 0xa110
87802a72:	b08f      	sub	sp, #60	; 0x3c
87802a74:	2102      	movs	r1, #2
87802a76:	f2c8 7480 	movt	r4, #34688	; 0x8780
87802a7a:	2038      	movs	r0, #56	; 0x38
87802a7c:	f7ff ffc6 	bl	87802a0c <ft5426_read_byte>
87802a80:	7060      	strb	r0, [r4, #1]
87802a82:	f44f 4080 	mov.w	r0, #16384	; 0x4000
87802a86:	2201      	movs	r2, #1
87802a88:	231e      	movs	r3, #30
87802a8a:	ad06      	add	r5, sp, #24
87802a8c:	f2c0 201a 	movt	r0, #538	; 0x21a
87802a90:	2738      	movs	r7, #56	; 0x38
87802a92:	2603      	movs	r6, #3
87802a94:	4669      	mov	r1, sp
87802a96:	9504      	str	r5, [sp, #16]
87802a98:	9201      	str	r2, [sp, #4]
87802a9a:	f88d 200c 	strb.w	r2, [sp, #12]
87802a9e:	f88d 7000 	strb.w	r7, [sp]
87802aa2:	9602      	str	r6, [sp, #8]
87802aa4:	9305      	str	r3, [sp, #20]
87802aa6:	f7ff fb3b 	bl	87802120 <i2c_master_transfer>
87802aaa:	7862      	ldrb	r2, [r4, #1]
87802aac:	b1ea      	cbz	r2, 87802aea <ft5426_read_tpcoord+0x7e>
87802aae:	1e56      	subs	r6, r2, #1
87802ab0:	462b      	mov	r3, r5
87802ab2:	b2f6      	uxtb	r6, r6
87802ab4:	4620      	mov	r0, r4
87802ab6:	3601      	adds	r6, #1
87802ab8:	00f2      	lsls	r2, r6, #3
87802aba:	eba2 0646 	sub.w	r6, r2, r6, lsl #1
87802abe:	442e      	add	r6, r5
87802ac0:	781d      	ldrb	r5, [r3, #0]
87802ac2:	3306      	adds	r3, #6
87802ac4:	f813 1c05 	ldrb.w	r1, [r3, #-5]
87802ac8:	f813 4c04 	ldrb.w	r4, [r3, #-4]
87802acc:	f813 2c03 	ldrb.w	r2, [r3, #-3]
87802ad0:	42b3      	cmp	r3, r6
87802ad2:	ea41 2105 	orr.w	r1, r1, r5, lsl #8
87802ad6:	ea42 2204 	orr.w	r2, r2, r4, lsl #8
87802ada:	f3c1 010b 	ubfx	r1, r1, #0, #12
87802ade:	f820 1f02 	strh.w	r1, [r0, #2]!
87802ae2:	f3c2 020b 	ubfx	r2, r2, #0, #12
87802ae6:	8142      	strh	r2, [r0, #10]
87802ae8:	d1ea      	bne.n	87802ac0 <ft5426_read_tpcoord+0x54>
87802aea:	b00f      	add	sp, #60	; 0x3c
87802aec:	bdf0      	pop	{r4, r5, r6, r7, pc}
87802aee:	bf00      	nop

87802af0 <gpio1_io09_irqhandler>:
87802af0:	b508      	push	{r3, lr}
87802af2:	f24a 1310 	movw	r3, #41232	; 0xa110
87802af6:	f2c8 7380 	movt	r3, #34688	; 0x8780
87802afa:	781b      	ldrb	r3, [r3, #0]
87802afc:	2b01      	cmp	r3, #1
87802afe:	d008      	beq.n	87802b12 <gpio1_io09_irqhandler+0x22>
87802b00:	f44f 4040 	mov.w	r0, #49152	; 0xc000
87802b04:	2109      	movs	r1, #9
87802b06:	f2c0 2009 	movt	r0, #521	; 0x209
87802b0a:	e8bd 4008 	ldmia.w	sp!, {r3, lr}
87802b0e:	f7fd bded 	b.w	878006ec <gpio_clearintflags>
87802b12:	f7ff ffab 	bl	87802a6c <ft5426_read_tpcoord>
87802b16:	e7f3      	b.n	87802b00 <gpio1_io09_irqhandler+0x10>

87802b18 <pwm1_irqhandler>:
87802b18:	f04f 7302 	mov.w	r3, #34078720	; 0x2080000
87802b1c:	685b      	ldr	r3, [r3, #4]
87802b1e:	4770      	bx	lr

87802b20 <backlight_init>:
87802b20:	217c      	movs	r1, #124	; 0x7c
87802b22:	f44f 7042 	mov.w	r0, #776	; 0x308
87802b26:	b5f0      	push	{r4, r5, r6, r7, lr}
87802b28:	f04f 7302 	mov.w	r3, #34078720	; 0x2080000
87802b2c:	2200      	movs	r2, #0
87802b2e:	f2c0 210e 	movt	r1, #526	; 0x20e
87802b32:	f2c0 200e 	movt	r0, #526	; 0x20e
87802b36:	f24b 0490 	movw	r4, #45200	; 0xb090
87802b3a:	600a      	str	r2, [r1, #0]
87802b3c:	f44f 6182 	mov.w	r1, #1040	; 0x410
87802b40:	6004      	str	r4, [r0, #0]
87802b42:	f2c0 4101 	movt	r1, #1025	; 0x401
87802b46:	601a      	str	r2, [r3, #0]
87802b48:	f24a 1428 	movw	r4, #41256	; 0xa128
87802b4c:	681f      	ldr	r7, [r3, #0]
87802b4e:	b083      	sub	sp, #12
87802b50:	ed9f 7a21 	vldr	s14, [pc, #132]	; 87802bd8 <backlight_init+0xb8>
87802b54:	4618      	mov	r0, r3
87802b56:	2204      	movs	r2, #4
87802b58:	f240 36e6 	movw	r6, #998	; 0x3e6
87802b5c:	f2c8 7480 	movt	r4, #34688	; 0x8780
87802b60:	2532      	movs	r5, #50	; 0x32
87802b62:	4339      	orrs	r1, r7
87802b64:	6019      	str	r1, [r3, #0]
87802b66:	611e      	str	r6, [r3, #16]
87802b68:	7025      	strb	r5, [r4, #0]
87802b6a:	6903      	ldr	r3, [r0, #16]
87802b6c:	3a01      	subs	r2, #1
87802b6e:	f012 02ff 	ands.w	r2, r2, #255	; 0xff
87802b72:	f04f 7402 	mov.w	r4, #34078720	; 0x2080000
87802b76:	f103 0302 	add.w	r3, r3, #2
87802b7a:	b299      	uxth	r1, r3
87802b7c:	ea4f 03c1 	mov.w	r3, r1, lsl #3
87802b80:	eb03 0341 	add.w	r3, r3, r1, lsl #1
87802b84:	eb03 0383 	add.w	r3, r3, r3, lsl #2
87802b88:	ee07 3a90 	vmov	s15, r3
87802b8c:	eef8 7ae7 	vcvt.f32.s32	s15, s15
87802b90:	eec7 7a87 	vdiv.f32	s15, s15, s14
87802b94:	eefc 7ae7 	vcvt.u32.f32	s15, s15
87802b98:	edcd 7a01 	vstr	s15, [sp, #4]
87802b9c:	f8bd 3004 	ldrh.w	r3, [sp, #4]
87802ba0:	60c3      	str	r3, [r0, #12]
87802ba2:	d1e2      	bne.n	87802b6a <backlight_init+0x4a>
87802ba4:	2301      	movs	r3, #1
87802ba6:	60a3      	str	r3, [r4, #8]
87802ba8:	ee9f 3f10 	mrc	15, 4, r3, cr15, cr0, {0}
87802bac:	0c1b      	lsrs	r3, r3, #16
87802bae:	f241 100c 	movw	r0, #4364	; 0x110c
87802bb2:	f44f 2500 	mov.w	r5, #524288	; 0x80000
87802bb6:	041b      	lsls	r3, r3, #16
87802bb8:	f642 3119 	movw	r1, #11033	; 0x2b19
87802bbc:	f2c8 7180 	movt	r1, #34688	; 0x8780
87802bc0:	501d      	str	r5, [r3, r0]
87802bc2:	2073      	movs	r0, #115	; 0x73
87802bc4:	f7fd fe1a 	bl	878007fc <system_register_irqhandler>
87802bc8:	23ff      	movs	r3, #255	; 0xff
87802bca:	6063      	str	r3, [r4, #4]
87802bcc:	6823      	ldr	r3, [r4, #0]
87802bce:	f043 0301 	orr.w	r3, r3, #1
87802bd2:	6023      	str	r3, [r4, #0]
87802bd4:	b003      	add	sp, #12
87802bd6:	bdf0      	pop	{r4, r5, r6, r7, pc}
87802bd8:	42c80000 	sbcmi	r0, r8, #0

87802bdc <pwm1_setperiod_value>:
87802bdc:	2801      	cmp	r0, #1
87802bde:	f04f 7302 	mov.w	r3, #34078720	; 0x2080000
87802be2:	bf8a      	itet	hi
87802be4:	3802      	subhi	r0, #2
87802be6:	2002      	movls	r0, #2
87802be8:	f3c0 0013 	ubfxhi	r0, r0, #0, #20
87802bec:	6118      	str	r0, [r3, #16]
87802bee:	4770      	bx	lr

87802bf0 <pwm1_setduty>:
87802bf0:	f24a 1328 	movw	r3, #41256	; 0xa128
87802bf4:	f04f 7202 	mov.w	r2, #34078720	; 0x2080000
87802bf8:	f2c8 7380 	movt	r3, #34688	; 0x8780
87802bfc:	ed9f 7a0b 	vldr	s14, [pc, #44]	; 87802c2c <pwm1_setduty+0x3c>
87802c00:	7018      	strb	r0, [r3, #0]
87802c02:	b082      	sub	sp, #8
87802c04:	6913      	ldr	r3, [r2, #16]
87802c06:	3302      	adds	r3, #2
87802c08:	b29b      	uxth	r3, r3
87802c0a:	fb00 f303 	mul.w	r3, r0, r3
87802c0e:	ee07 3a90 	vmov	s15, r3
87802c12:	eef8 7ae7 	vcvt.f32.s32	s15, s15
87802c16:	eec7 7a87 	vdiv.f32	s15, s15, s14
87802c1a:	eefc 7ae7 	vcvt.u32.f32	s15, s15
87802c1e:	edcd 7a01 	vstr	s15, [sp, #4]
87802c22:	f8bd 3004 	ldrh.w	r3, [sp, #4]
87802c26:	60d3      	str	r3, [r2, #12]
87802c28:	b002      	add	sp, #8
87802c2a:	4770      	bx	lr
87802c2c:	42c80000 	sbcmi	r0, r8, #0

87802c30 <__div64_32>:
87802c30:	e92d 4ff8 	stmdb	sp!, {r3, r4, r5, r6, r7, r8, r9, sl, fp, lr}
87802c34:	4688      	mov	r8, r1
87802c36:	e9d0 6700 	ldrd	r6, r7, [r0]
87802c3a:	f04f 0b00 	mov.w	fp, #0
87802c3e:	4681      	mov	r9, r0
87802c40:	468a      	mov	sl, r1
87802c42:	4644      	mov	r4, r8
87802c44:	465d      	mov	r5, fp
87802c46:	42b9      	cmp	r1, r7
87802c48:	bf84      	itt	hi
87802c4a:	2200      	movhi	r2, #0
87802c4c:	2300      	movhi	r3, #0
87802c4e:	d80b      	bhi.n	87802c68 <__div64_32+0x38>
87802c50:	4638      	mov	r0, r7
87802c52:	f001 fc85 	bl	87804560 <__aeabi_uidiv>
87802c56:	4686      	mov	lr, r0
87802c58:	2000      	movs	r0, #0
87802c5a:	fb08 f10e 	mul.w	r1, r8, lr
87802c5e:	4602      	mov	r2, r0
87802c60:	4673      	mov	r3, lr
87802c62:	1a36      	subs	r6, r6, r0
87802c64:	eb67 0701 	sbc.w	r7, r7, r1
87802c68:	45bb      	cmp	fp, r7
87802c6a:	bf08      	it	eq
87802c6c:	45b2      	cmpeq	sl, r6
87802c6e:	bf34      	ite	cc
87802c70:	2101      	movcc	r1, #1
87802c72:	2100      	movcs	r1, #0
87802c74:	f1ba 0f01 	cmp.w	sl, #1
87802c78:	f001 0101 	and.w	r1, r1, #1
87802c7c:	f17b 0000 	sbcs.w	r0, fp, #0
87802c80:	f04f 0001 	mov.w	r0, #1
87802c84:	bfb8      	it	lt
87802c86:	2100      	movlt	r1, #0
87802c88:	b371      	cbz	r1, 87802ce8 <__div64_32+0xb8>
87802c8a:	2100      	movs	r1, #0
87802c8c:	1924      	adds	r4, r4, r4
87802c8e:	416d      	adcs	r5, r5
87802c90:	1800      	adds	r0, r0, r0
87802c92:	4149      	adcs	r1, r1
87802c94:	2c01      	cmp	r4, #1
87802c96:	f175 0e00 	sbcs.w	lr, r5, #0
87802c9a:	bfac      	ite	ge
87802c9c:	f04f 0e01 	movge.w	lr, #1
87802ca0:	f04f 0e00 	movlt.w	lr, #0
87802ca4:	42bd      	cmp	r5, r7
87802ca6:	f00e 0e01 	and.w	lr, lr, #1
87802caa:	bf08      	it	eq
87802cac:	42b4      	cmpeq	r4, r6
87802cae:	bf28      	it	cs
87802cb0:	f04f 0e00 	movcs.w	lr, #0
87802cb4:	f1be 0f00 	cmp.w	lr, #0
87802cb8:	d1e8      	bne.n	87802c8c <__div64_32+0x5c>
87802cba:	42af      	cmp	r7, r5
87802cbc:	bf08      	it	eq
87802cbe:	42a6      	cmpeq	r6, r4
87802cc0:	d304      	bcc.n	87802ccc <__div64_32+0x9c>
87802cc2:	1b36      	subs	r6, r6, r4
87802cc4:	eb67 0705 	sbc.w	r7, r7, r5
87802cc8:	1812      	adds	r2, r2, r0
87802cca:	414b      	adcs	r3, r1
87802ccc:	0849      	lsrs	r1, r1, #1
87802cce:	ea4f 0030 	mov.w	r0, r0, rrx
87802cd2:	086d      	lsrs	r5, r5, #1
87802cd4:	ea4f 0434 	mov.w	r4, r4, rrx
87802cd8:	ea50 0e01 	orrs.w	lr, r0, r1
87802cdc:	d1ed      	bne.n	87802cba <__div64_32+0x8a>
87802cde:	e9c9 2300 	strd	r2, r3, [r9]
87802ce2:	4630      	mov	r0, r6
87802ce4:	e8bd 8ff8 	ldmia.w	sp!, {r3, r4, r5, r6, r7, r8, r9, sl, fp, pc}
87802ce8:	2100      	movs	r1, #0
87802cea:	e7e6      	b.n	87802cba <__div64_32+0x8a>

87802cec <__muldi3>:
87802cec:	fb02 f101 	mul.w	r1, r2, r1
87802cf0:	b4f0      	push	{r4, r5, r6, r7}
87802cf2:	4604      	mov	r4, r0
87802cf4:	ea4f 4610 	mov.w	r6, r0, lsr #16
87802cf8:	ea4f 4512 	mov.w	r5, r2, lsr #16
87802cfc:	ea20 4706 	bic.w	r7, r0, r6, lsl #16
87802d00:	ea22 4205 	bic.w	r2, r2, r5, lsl #16
87802d04:	fb07 f002 	mul.w	r0, r7, r2
87802d08:	fb06 f202 	mul.w	r2, r6, r2
87802d0c:	fb05 f707 	mul.w	r7, r5, r7
87802d10:	fb06 f505 	mul.w	r5, r6, r5
87802d14:	19d7      	adds	r7, r2, r7
87802d16:	bf28      	it	cs
87802d18:	f505 3580 	addcs.w	r5, r5, #65536	; 0x10000
87802d1c:	eb10 4007 	adds.w	r0, r0, r7, lsl #16
87802d20:	eb45 4517 	adc.w	r5, r5, r7, lsr #16
87802d24:	fb03 1104 	mla	r1, r3, r4, r1
87802d28:	4429      	add	r1, r5
87802d2a:	bcf0      	pop	{r4, r5, r6, r7}
87802d2c:	4770      	bx	lr
87802d2e:	bf00      	nop

87802d30 <printf>:
87802d30:	b40f      	push	{r0, r1, r2, r3}
87802d32:	f649 00b8 	movw	r0, #39096	; 0x98b8
87802d36:	b570      	push	{r4, r5, r6, lr}
87802d38:	f2c8 7080 	movt	r0, #34688	; 0x8780
87802d3c:	aa05      	add	r2, sp, #20
87802d3e:	2400      	movs	r4, #0
87802d40:	9904      	ldr	r1, [sp, #16]
87802d42:	f001 f923 	bl	87803f8c <vsprintf>
87802d46:	4d0b      	ldr	r5, [pc, #44]	; (87802d74 <printf+0x44>)
87802d48:	4606      	mov	r6, r0
87802d4a:	e003      	b.n	87802d54 <printf+0x24>
87802d4c:	f815 0f01 	ldrb.w	r0, [r5, #1]!
87802d50:	f7fd ff3c 	bl	87800bcc <putc>
87802d54:	f649 00b8 	movw	r0, #39096	; 0x98b8
87802d58:	f2c8 7080 	movt	r0, #34688	; 0x8780
87802d5c:	f000 f8fc 	bl	87802f58 <strlen>
87802d60:	4284      	cmp	r4, r0
87802d62:	f104 0401 	add.w	r4, r4, #1
87802d66:	d3f1      	bcc.n	87802d4c <printf+0x1c>
87802d68:	4630      	mov	r0, r6
87802d6a:	e8bd 4070 	ldmia.w	sp!, {r4, r5, r6, lr}
87802d6e:	b004      	add	sp, #16
87802d70:	4770      	bx	lr
87802d72:	bf00      	nop
87802d74:	878098b7 			; <UNDEFINED> instruction: 0x878098b7

87802d78 <scanf>:
87802d78:	b40f      	push	{r0, r1, r2, r3}
87802d7a:	b570      	push	{r4, r5, r6, lr}
87802d7c:	2500      	movs	r5, #0
87802d7e:	4e10      	ldr	r6, [pc, #64]	; (87802dc0 <scanf+0x48>)
87802d80:	e002      	b.n	87802d88 <scanf+0x10>
87802d82:	3501      	adds	r5, #1
87802d84:	f806 4f01 	strb.w	r4, [r6, #1]!
87802d88:	f7fd ff2c 	bl	87800be4 <getc>
87802d8c:	4604      	mov	r4, r0
87802d8e:	f7fd ff1d 	bl	87800bcc <putc>
87802d92:	2c0d      	cmp	r4, #13
87802d94:	bf18      	it	ne
87802d96:	2c0a      	cmpne	r4, #10
87802d98:	d1f3      	bne.n	87802d82 <scanf+0xa>
87802d9a:	f649 00b8 	movw	r0, #39096	; 0x98b8
87802d9e:	2300      	movs	r3, #0
87802da0:	f2c8 7080 	movt	r0, #34688	; 0x8780
87802da4:	aa05      	add	r2, sp, #20
87802da6:	4405      	add	r5, r0
87802da8:	9904      	ldr	r1, [sp, #16]
87802daa:	f500 6080 	add.w	r0, r0, #1024	; 0x400
87802dae:	f885 3400 	strb.w	r3, [r5, #1024]	; 0x400
87802db2:	f001 f8fd 	bl	87803fb0 <vsscanf>
87802db6:	e8bd 4070 	ldmia.w	sp!, {r4, r5, r6, lr}
87802dba:	b004      	add	sp, #16
87802dbc:	4770      	bx	lr
87802dbe:	bf00      	nop
87802dc0:	87809cb7 			; <UNDEFINED> instruction: 0x87809cb7

87802dc4 <strnicmp>:
87802dc4:	b322      	cbz	r2, 87802e10 <strnicmp+0x4c>
87802dc6:	b5f0      	push	{r4, r5, r6, r7, lr}
87802dc8:	f249 25b0 	movw	r5, #37552	; 0x92b0
87802dcc:	3801      	subs	r0, #1
87802dce:	f2c8 7580 	movt	r5, #34688	; 0x8780
87802dd2:	e008      	b.n	87802de6 <strnicmp+0x22>
87802dd4:	07f6      	lsls	r6, r6, #31
87802dd6:	fa5f f38e 	uxtb.w	r3, lr
87802dda:	d500      	bpl.n	87802dde <strnicmp+0x1a>
87802ddc:	b2fc      	uxtb	r4, r7
87802dde:	42a3      	cmp	r3, r4
87802de0:	d114      	bne.n	87802e0c <strnicmp+0x48>
87802de2:	3a01      	subs	r2, #1
87802de4:	d01a      	beq.n	87802e1c <strnicmp+0x58>
87802de6:	f810 3f01 	ldrb.w	r3, [r0, #1]!
87802dea:	f811 4b01 	ldrb.w	r4, [r1], #1
87802dee:	b18b      	cbz	r3, 87802e14 <strnicmp+0x50>
87802df0:	b194      	cbz	r4, 87802e18 <strnicmp+0x54>
87802df2:	42a3      	cmp	r3, r4
87802df4:	d0f5      	beq.n	87802de2 <strnicmp+0x1e>
87802df6:	5cee      	ldrb	r6, [r5, r3]
87802df8:	f104 0720 	add.w	r7, r4, #32
87802dfc:	f103 0e20 	add.w	lr, r3, #32
87802e00:	f016 0f01 	tst.w	r6, #1
87802e04:	5d2e      	ldrb	r6, [r5, r4]
87802e06:	d1e5      	bne.n	87802dd4 <strnicmp+0x10>
87802e08:	07f6      	lsls	r6, r6, #31
87802e0a:	d4e7      	bmi.n	87802ddc <strnicmp+0x18>
87802e0c:	1b18      	subs	r0, r3, r4
87802e0e:	bdf0      	pop	{r4, r5, r6, r7, pc}
87802e10:	4610      	mov	r0, r2
87802e12:	4770      	bx	lr
87802e14:	4260      	negs	r0, r4
87802e16:	bdf0      	pop	{r4, r5, r6, r7, pc}
87802e18:	4618      	mov	r0, r3
87802e1a:	bdf0      	pop	{r4, r5, r6, r7, pc}
87802e1c:	4610      	mov	r0, r2
87802e1e:	bdf0      	pop	{r4, r5, r6, r7, pc}

87802e20 <strcpy>:
87802e20:	1e42      	subs	r2, r0, #1
87802e22:	f811 3b01 	ldrb.w	r3, [r1], #1
87802e26:	f802 3f01 	strb.w	r3, [r2, #1]!
87802e2a:	2b00      	cmp	r3, #0
87802e2c:	d1f9      	bne.n	87802e22 <strcpy+0x2>
87802e2e:	4770      	bx	lr

87802e30 <strncpy>:
87802e30:	b410      	push	{r4}
87802e32:	440a      	add	r2, r1
87802e34:	1e44      	subs	r4, r0, #1
87802e36:	e004      	b.n	87802e42 <strncpy+0x12>
87802e38:	f811 3b01 	ldrb.w	r3, [r1], #1
87802e3c:	f804 3f01 	strb.w	r3, [r4, #1]!
87802e40:	b10b      	cbz	r3, 87802e46 <strncpy+0x16>
87802e42:	4291      	cmp	r1, r2
87802e44:	d1f8      	bne.n	87802e38 <strncpy+0x8>
87802e46:	f85d 4b04 	ldr.w	r4, [sp], #4
87802e4a:	4770      	bx	lr

87802e4c <strcat>:
87802e4c:	7803      	ldrb	r3, [r0, #0]
87802e4e:	b163      	cbz	r3, 87802e6a <strcat+0x1e>
87802e50:	4603      	mov	r3, r0
87802e52:	f813 2f01 	ldrb.w	r2, [r3, #1]!
87802e56:	2a00      	cmp	r2, #0
87802e58:	d1fb      	bne.n	87802e52 <strcat+0x6>
87802e5a:	3b01      	subs	r3, #1
87802e5c:	f811 2b01 	ldrb.w	r2, [r1], #1
87802e60:	f803 2f01 	strb.w	r2, [r3, #1]!
87802e64:	2a00      	cmp	r2, #0
87802e66:	d1f9      	bne.n	87802e5c <strcat+0x10>
87802e68:	4770      	bx	lr
87802e6a:	4603      	mov	r3, r0
87802e6c:	e7f5      	b.n	87802e5a <strcat+0xe>
87802e6e:	bf00      	nop

87802e70 <strncat>:
87802e70:	b1ba      	cbz	r2, 87802ea2 <strncat+0x32>
87802e72:	7803      	ldrb	r3, [r0, #0]
87802e74:	b430      	push	{r4, r5}
87802e76:	b1bb      	cbz	r3, 87802ea8 <strncat+0x38>
87802e78:	4603      	mov	r3, r0
87802e7a:	f813 4f01 	ldrb.w	r4, [r3, #1]!
87802e7e:	2c00      	cmp	r4, #0
87802e80:	d1fb      	bne.n	87802e7a <strncat+0xa>
87802e82:	f811 4b01 	ldrb.w	r4, [r1], #1
87802e86:	461d      	mov	r5, r3
87802e88:	f803 4b01 	strb.w	r4, [r3], #1
87802e8c:	b144      	cbz	r4, 87802ea0 <strncat+0x30>
87802e8e:	3a01      	subs	r2, #1
87802e90:	d008      	beq.n	87802ea4 <strncat+0x34>
87802e92:	f811 4b01 	ldrb.w	r4, [r1], #1
87802e96:	461d      	mov	r5, r3
87802e98:	f803 4b01 	strb.w	r4, [r3], #1
87802e9c:	2c00      	cmp	r4, #0
87802e9e:	d1f6      	bne.n	87802e8e <strncat+0x1e>
87802ea0:	bc30      	pop	{r4, r5}
87802ea2:	4770      	bx	lr
87802ea4:	706a      	strb	r2, [r5, #1]
87802ea6:	e7fb      	b.n	87802ea0 <strncat+0x30>
87802ea8:	4603      	mov	r3, r0
87802eaa:	e7f2      	b.n	87802e92 <strncat+0x22>

87802eac <strcmp>:
87802eac:	1e42      	subs	r2, r0, #1
87802eae:	e000      	b.n	87802eb2 <strcmp+0x6>
87802eb0:	b148      	cbz	r0, 87802ec6 <strcmp+0x1a>
87802eb2:	f812 0f01 	ldrb.w	r0, [r2, #1]!
87802eb6:	f811 3b01 	ldrb.w	r3, [r1], #1
87802eba:	1ac3      	subs	r3, r0, r3
87802ebc:	f013 03ff 	ands.w	r3, r3, #255	; 0xff
87802ec0:	d0f6      	beq.n	87802eb0 <strcmp+0x4>
87802ec2:	b258      	sxtb	r0, r3
87802ec4:	4770      	bx	lr
87802ec6:	4770      	bx	lr

87802ec8 <strncmp>:
87802ec8:	b302      	cbz	r2, 87802f0c <strncmp+0x44>
87802eca:	b470      	push	{r4, r5, r6}
87802ecc:	1c4d      	adds	r5, r1, #1
87802ece:	7803      	ldrb	r3, [r0, #0]
87802ed0:	780e      	ldrb	r6, [r1, #0]
87802ed2:	1b9e      	subs	r6, r3, r6
87802ed4:	f016 06ff 	ands.w	r6, r6, #255	; 0xff
87802ed8:	bf18      	it	ne
87802eda:	b270      	sxtbne	r0, r6
87802edc:	d10e      	bne.n	87802efc <strncmp+0x34>
87802ede:	b1bb      	cbz	r3, 87802f10 <strncmp+0x48>
87802ee0:	440a      	add	r2, r1
87802ee2:	e008      	b.n	87802ef6 <strncmp+0x2e>
87802ee4:	f810 4f01 	ldrb.w	r4, [r0, #1]!
87802ee8:	f815 3b01 	ldrb.w	r3, [r5], #1
87802eec:	1ae3      	subs	r3, r4, r3
87802eee:	f013 03ff 	ands.w	r3, r3, #255	; 0xff
87802ef2:	d105      	bne.n	87802f00 <strncmp+0x38>
87802ef4:	b13c      	cbz	r4, 87802f06 <strncmp+0x3e>
87802ef6:	4295      	cmp	r5, r2
87802ef8:	d1f4      	bne.n	87802ee4 <strncmp+0x1c>
87802efa:	2000      	movs	r0, #0
87802efc:	bc70      	pop	{r4, r5, r6}
87802efe:	4770      	bx	lr
87802f00:	b258      	sxtb	r0, r3
87802f02:	bc70      	pop	{r4, r5, r6}
87802f04:	4770      	bx	lr
87802f06:	4620      	mov	r0, r4
87802f08:	bc70      	pop	{r4, r5, r6}
87802f0a:	4770      	bx	lr
87802f0c:	4610      	mov	r0, r2
87802f0e:	4770      	bx	lr
87802f10:	4618      	mov	r0, r3
87802f12:	e7f3      	b.n	87802efc <strncmp+0x34>

87802f14 <strchr>:
87802f14:	7803      	ldrb	r3, [r0, #0]
87802f16:	b2c9      	uxtb	r1, r1
87802f18:	428b      	cmp	r3, r1
87802f1a:	d006      	beq.n	87802f2a <strchr+0x16>
87802f1c:	b123      	cbz	r3, 87802f28 <strchr+0x14>
87802f1e:	f810 3f01 	ldrb.w	r3, [r0, #1]!
87802f22:	428b      	cmp	r3, r1
87802f24:	d1fa      	bne.n	87802f1c <strchr+0x8>
87802f26:	4770      	bx	lr
87802f28:	4618      	mov	r0, r3
87802f2a:	4770      	bx	lr

87802f2c <strrchr>:
87802f2c:	7803      	ldrb	r3, [r0, #0]
87802f2e:	b18b      	cbz	r3, 87802f54 <strrchr+0x28>
87802f30:	4603      	mov	r3, r0
87802f32:	f813 2f01 	ldrb.w	r2, [r3, #1]!
87802f36:	2a00      	cmp	r2, #0
87802f38:	d1fb      	bne.n	87802f32 <strrchr+0x6>
87802f3a:	b2c9      	uxtb	r1, r1
87802f3c:	2200      	movs	r2, #0
87802f3e:	e003      	b.n	87802f48 <strrchr+0x1c>
87802f40:	3b01      	subs	r3, #1
87802f42:	4298      	cmp	r0, r3
87802f44:	d804      	bhi.n	87802f50 <strrchr+0x24>
87802f46:	781a      	ldrb	r2, [r3, #0]
87802f48:	428a      	cmp	r2, r1
87802f4a:	d1f9      	bne.n	87802f40 <strrchr+0x14>
87802f4c:	4618      	mov	r0, r3
87802f4e:	4770      	bx	lr
87802f50:	2000      	movs	r0, #0
87802f52:	4770      	bx	lr
87802f54:	4603      	mov	r3, r0
87802f56:	e7f0      	b.n	87802f3a <strrchr+0xe>

87802f58 <strlen>:
87802f58:	7802      	ldrb	r2, [r0, #0]
87802f5a:	b132      	cbz	r2, 87802f6a <strlen+0x12>
87802f5c:	4603      	mov	r3, r0
87802f5e:	f813 1f01 	ldrb.w	r1, [r3, #1]!
87802f62:	2900      	cmp	r1, #0
87802f64:	d1fb      	bne.n	87802f5e <strlen+0x6>
87802f66:	1a18      	subs	r0, r3, r0
87802f68:	4770      	bx	lr
87802f6a:	4610      	mov	r0, r2
87802f6c:	4770      	bx	lr
87802f6e:	bf00      	nop

87802f70 <strnlen>:
87802f70:	b199      	cbz	r1, 87802f9a <strnlen+0x2a>
87802f72:	7803      	ldrb	r3, [r0, #0]
87802f74:	b19b      	cbz	r3, 87802f9e <strnlen+0x2e>
87802f76:	b410      	push	{r4}
87802f78:	4401      	add	r1, r0
87802f7a:	1c43      	adds	r3, r0, #1
87802f7c:	e002      	b.n	87802f84 <strnlen+0x14>
87802f7e:	781c      	ldrb	r4, [r3, #0]
87802f80:	3301      	adds	r3, #1
87802f82:	b134      	cbz	r4, 87802f92 <strnlen+0x22>
87802f84:	428b      	cmp	r3, r1
87802f86:	461a      	mov	r2, r3
87802f88:	d1f9      	bne.n	87802f7e <strnlen+0xe>
87802f8a:	1a18      	subs	r0, r3, r0
87802f8c:	f85d 4b04 	ldr.w	r4, [sp], #4
87802f90:	4770      	bx	lr
87802f92:	1a10      	subs	r0, r2, r0
87802f94:	f85d 4b04 	ldr.w	r4, [sp], #4
87802f98:	4770      	bx	lr
87802f9a:	4608      	mov	r0, r1
87802f9c:	4770      	bx	lr
87802f9e:	4618      	mov	r0, r3
87802fa0:	4770      	bx	lr
87802fa2:	bf00      	nop

87802fa4 <strspn>:
87802fa4:	b470      	push	{r4, r5, r6}
87802fa6:	4605      	mov	r5, r0
87802fa8:	7804      	ldrb	r4, [r0, #0]
87802faa:	b1ac      	cbz	r4, 87802fd8 <strspn+0x34>
87802fac:	780e      	ldrb	r6, [r1, #0]
87802fae:	2000      	movs	r0, #0
87802fb0:	b14e      	cbz	r6, 87802fc6 <strspn+0x22>
87802fb2:	42a6      	cmp	r6, r4
87802fb4:	d009      	beq.n	87802fca <strspn+0x26>
87802fb6:	460a      	mov	r2, r1
87802fb8:	e001      	b.n	87802fbe <strspn+0x1a>
87802fba:	429c      	cmp	r4, r3
87802fbc:	d005      	beq.n	87802fca <strspn+0x26>
87802fbe:	f812 3f01 	ldrb.w	r3, [r2, #1]!
87802fc2:	2b00      	cmp	r3, #0
87802fc4:	d1f9      	bne.n	87802fba <strspn+0x16>
87802fc6:	bc70      	pop	{r4, r5, r6}
87802fc8:	4770      	bx	lr
87802fca:	f815 4f01 	ldrb.w	r4, [r5, #1]!
87802fce:	3001      	adds	r0, #1
87802fd0:	2c00      	cmp	r4, #0
87802fd2:	d1ed      	bne.n	87802fb0 <strspn+0xc>
87802fd4:	bc70      	pop	{r4, r5, r6}
87802fd6:	4770      	bx	lr
87802fd8:	4620      	mov	r0, r4
87802fda:	e7f4      	b.n	87802fc6 <strspn+0x22>

87802fdc <strpbrk>:
87802fdc:	b430      	push	{r4, r5}
87802fde:	7804      	ldrb	r4, [r0, #0]
87802fe0:	b17c      	cbz	r4, 87803002 <strpbrk+0x26>
87802fe2:	780d      	ldrb	r5, [r1, #0]
87802fe4:	b14d      	cbz	r5, 87802ffa <strpbrk+0x1e>
87802fe6:	42a5      	cmp	r5, r4
87802fe8:	d00c      	beq.n	87803004 <strpbrk+0x28>
87802fea:	460a      	mov	r2, r1
87802fec:	e001      	b.n	87802ff2 <strpbrk+0x16>
87802fee:	429c      	cmp	r4, r3
87802ff0:	d008      	beq.n	87803004 <strpbrk+0x28>
87802ff2:	f812 3f01 	ldrb.w	r3, [r2, #1]!
87802ff6:	2b00      	cmp	r3, #0
87802ff8:	d1f9      	bne.n	87802fee <strpbrk+0x12>
87802ffa:	f810 4f01 	ldrb.w	r4, [r0, #1]!
87802ffe:	2c00      	cmp	r4, #0
87803000:	d1f0      	bne.n	87802fe4 <strpbrk+0x8>
87803002:	4620      	mov	r0, r4
87803004:	bc30      	pop	{r4, r5}
87803006:	4770      	bx	lr

87803008 <strtok>:
87803008:	b5f0      	push	{r4, r5, r6, r7, lr}
8780300a:	f24a 1e2c 	movw	lr, #41260	; 0xa12c
8780300e:	f2c8 7e80 	movt	lr, #34688	; 0x8780
87803012:	2800      	cmp	r0, #0
87803014:	d03e      	beq.n	87803094 <strtok+0x8c>
87803016:	7804      	ldrb	r4, [r0, #0]
87803018:	2c00      	cmp	r4, #0
8780301a:	d037      	beq.n	8780308c <strtok+0x84>
8780301c:	780d      	ldrb	r5, [r1, #0]
8780301e:	4607      	mov	r7, r0
87803020:	2600      	movs	r6, #0
87803022:	b14d      	cbz	r5, 87803038 <strtok+0x30>
87803024:	42a5      	cmp	r5, r4
87803026:	d01e      	beq.n	87803066 <strtok+0x5e>
87803028:	460a      	mov	r2, r1
8780302a:	e001      	b.n	87803030 <strtok+0x28>
8780302c:	429c      	cmp	r4, r3
8780302e:	d01a      	beq.n	87803066 <strtok+0x5e>
87803030:	f812 3f01 	ldrb.w	r3, [r2, #1]!
87803034:	2b00      	cmp	r3, #0
87803036:	d1f9      	bne.n	8780302c <strtok+0x24>
87803038:	5d84      	ldrb	r4, [r0, r6]
8780303a:	4430      	add	r0, r6
8780303c:	4606      	mov	r6, r0
8780303e:	b32c      	cbz	r4, 8780308c <strtok+0x84>
87803040:	b14d      	cbz	r5, 87803056 <strtok+0x4e>
87803042:	42a5      	cmp	r5, r4
87803044:	d01a      	beq.n	8780307c <strtok+0x74>
87803046:	460a      	mov	r2, r1
87803048:	e001      	b.n	8780304e <strtok+0x46>
8780304a:	429c      	cmp	r4, r3
8780304c:	d016      	beq.n	8780307c <strtok+0x74>
8780304e:	f812 3f01 	ldrb.w	r3, [r2, #1]!
87803052:	2b00      	cmp	r3, #0
87803054:	d1f9      	bne.n	8780304a <strtok+0x42>
87803056:	f816 4f01 	ldrb.w	r4, [r6, #1]!
8780305a:	2c00      	cmp	r4, #0
8780305c:	d1f0      	bne.n	87803040 <strtok+0x38>
8780305e:	4626      	mov	r6, r4
87803060:	f8ce 6000 	str.w	r6, [lr]
87803064:	bdf0      	pop	{r4, r5, r6, r7, pc}
87803066:	f817 4f01 	ldrb.w	r4, [r7, #1]!
8780306a:	3601      	adds	r6, #1
8780306c:	2c00      	cmp	r4, #0
8780306e:	d1d8      	bne.n	87803022 <strtok+0x1a>
87803070:	5d84      	ldrb	r4, [r0, r6]
87803072:	4430      	add	r0, r6
87803074:	4606      	mov	r6, r0
87803076:	2c00      	cmp	r4, #0
87803078:	d1e2      	bne.n	87803040 <strtok+0x38>
8780307a:	e007      	b.n	8780308c <strtok+0x84>
8780307c:	7833      	ldrb	r3, [r6, #0]
8780307e:	4632      	mov	r2, r6
87803080:	2b00      	cmp	r3, #0
87803082:	d0ed      	beq.n	87803060 <strtok+0x58>
87803084:	2300      	movs	r3, #0
87803086:	3601      	adds	r6, #1
87803088:	7013      	strb	r3, [r2, #0]
8780308a:	e7e9      	b.n	87803060 <strtok+0x58>
8780308c:	2000      	movs	r0, #0
8780308e:	f8ce 0000 	str.w	r0, [lr]
87803092:	bdf0      	pop	{r4, r5, r6, r7, pc}
87803094:	f8de 0000 	ldr.w	r0, [lr]
87803098:	2800      	cmp	r0, #0
8780309a:	d1bc      	bne.n	87803016 <strtok+0xe>
8780309c:	e7e2      	b.n	87803064 <strtok+0x5c>
8780309e:	bf00      	nop

878030a0 <strsep>:
878030a0:	b4f0      	push	{r4, r5, r6, r7}
878030a2:	4607      	mov	r7, r0
878030a4:	6800      	ldr	r0, [r0, #0]
878030a6:	b198      	cbz	r0, 878030d0 <strsep+0x30>
878030a8:	7804      	ldrb	r4, [r0, #0]
878030aa:	b184      	cbz	r4, 878030ce <strsep+0x2e>
878030ac:	780e      	ldrb	r6, [r1, #0]
878030ae:	4605      	mov	r5, r0
878030b0:	b14e      	cbz	r6, 878030c6 <strsep+0x26>
878030b2:	42a6      	cmp	r6, r4
878030b4:	d00e      	beq.n	878030d4 <strsep+0x34>
878030b6:	460a      	mov	r2, r1
878030b8:	e001      	b.n	878030be <strsep+0x1e>
878030ba:	429c      	cmp	r4, r3
878030bc:	d00a      	beq.n	878030d4 <strsep+0x34>
878030be:	f812 3f01 	ldrb.w	r3, [r2, #1]!
878030c2:	2b00      	cmp	r3, #0
878030c4:	d1f9      	bne.n	878030ba <strsep+0x1a>
878030c6:	f815 4f01 	ldrb.w	r4, [r5, #1]!
878030ca:	2c00      	cmp	r4, #0
878030cc:	d1f0      	bne.n	878030b0 <strsep+0x10>
878030ce:	603c      	str	r4, [r7, #0]
878030d0:	bcf0      	pop	{r4, r5, r6, r7}
878030d2:	4770      	bx	lr
878030d4:	2300      	movs	r3, #0
878030d6:	1c6c      	adds	r4, r5, #1
878030d8:	702b      	strb	r3, [r5, #0]
878030da:	e7f8      	b.n	878030ce <strsep+0x2e>

878030dc <memset>:
878030dc:	b132      	cbz	r2, 878030ec <memset+0x10>
878030de:	b2c9      	uxtb	r1, r1
878030e0:	4402      	add	r2, r0
878030e2:	4603      	mov	r3, r0
878030e4:	f803 1b01 	strb.w	r1, [r3], #1
878030e8:	4293      	cmp	r3, r2
878030ea:	d1fb      	bne.n	878030e4 <memset+0x8>
878030ec:	4770      	bx	lr
878030ee:	bf00      	nop

878030f0 <bcopy>:
878030f0:	b13a      	cbz	r2, 87803102 <bcopy+0x12>
878030f2:	3901      	subs	r1, #1
878030f4:	4402      	add	r2, r0
878030f6:	f810 3b01 	ldrb.w	r3, [r0], #1
878030fa:	4290      	cmp	r0, r2
878030fc:	f801 3f01 	strb.w	r3, [r1, #1]!
87803100:	d1f9      	bne.n	878030f6 <bcopy+0x6>
87803102:	4770      	bx	lr

87803104 <memcpy>:
87803104:	b152      	cbz	r2, 8780311c <memcpy+0x18>
87803106:	440a      	add	r2, r1
87803108:	1e43      	subs	r3, r0, #1
8780310a:	b410      	push	{r4}
8780310c:	f811 4b01 	ldrb.w	r4, [r1], #1
87803110:	4291      	cmp	r1, r2
87803112:	f803 4f01 	strb.w	r4, [r3, #1]!
87803116:	d1f9      	bne.n	8780310c <memcpy+0x8>
87803118:	f85d 4b04 	ldr.w	r4, [sp], #4
8780311c:	4770      	bx	lr
8780311e:	bf00      	nop

87803120 <memmove>:
87803120:	4288      	cmp	r0, r1
87803122:	b410      	push	{r4}
87803124:	d80b      	bhi.n	8780313e <memmove+0x1e>
87803126:	b13a      	cbz	r2, 87803138 <memmove+0x18>
87803128:	440a      	add	r2, r1
8780312a:	1e43      	subs	r3, r0, #1
8780312c:	f811 4b01 	ldrb.w	r4, [r1], #1
87803130:	4291      	cmp	r1, r2
87803132:	f803 4f01 	strb.w	r4, [r3, #1]!
87803136:	d1f9      	bne.n	8780312c <memmove+0xc>
87803138:	f85d 4b04 	ldr.w	r4, [sp], #4
8780313c:	4770      	bx	lr
8780313e:	4411      	add	r1, r2
87803140:	1883      	adds	r3, r0, r2
87803142:	2a00      	cmp	r2, #0
87803144:	d0f8      	beq.n	87803138 <memmove+0x18>
87803146:	1a8a      	subs	r2, r1, r2
87803148:	f811 4d01 	ldrb.w	r4, [r1, #-1]!
8780314c:	4291      	cmp	r1, r2
8780314e:	f803 4d01 	strb.w	r4, [r3, #-1]!
87803152:	d1f9      	bne.n	87803148 <memmove+0x28>
87803154:	f85d 4b04 	ldr.w	r4, [sp], #4
87803158:	4770      	bx	lr
8780315a:	bf00      	nop

8780315c <memcmp>:
8780315c:	b1aa      	cbz	r2, 8780318a <memcmp+0x2e>
8780315e:	b430      	push	{r4, r5}
87803160:	4604      	mov	r4, r0
87803162:	7803      	ldrb	r3, [r0, #0]
87803164:	7808      	ldrb	r0, [r1, #0]
87803166:	1a18      	subs	r0, r3, r0
87803168:	d10a      	bne.n	87803180 <memcmp+0x24>
8780316a:	4422      	add	r2, r4
8780316c:	3401      	adds	r4, #1
8780316e:	e005      	b.n	8780317c <memcmp+0x20>
87803170:	f814 3b01 	ldrb.w	r3, [r4], #1
87803174:	f811 5f01 	ldrb.w	r5, [r1, #1]!
87803178:	1b5b      	subs	r3, r3, r5
8780317a:	d103      	bne.n	87803184 <memcmp+0x28>
8780317c:	4294      	cmp	r4, r2
8780317e:	d1f7      	bne.n	87803170 <memcmp+0x14>
87803180:	bc30      	pop	{r4, r5}
87803182:	4770      	bx	lr
87803184:	4618      	mov	r0, r3
87803186:	bc30      	pop	{r4, r5}
87803188:	4770      	bx	lr
8780318a:	4610      	mov	r0, r2
8780318c:	4770      	bx	lr
8780318e:	bf00      	nop

87803190 <memscan>:
87803190:	b182      	cbz	r2, 878031b4 <memscan+0x24>
87803192:	7803      	ldrb	r3, [r0, #0]
87803194:	428b      	cmp	r3, r1
87803196:	d00d      	beq.n	878031b4 <memscan+0x24>
87803198:	b410      	push	{r4}
8780319a:	4402      	add	r2, r0
8780319c:	1c43      	adds	r3, r0, #1
8780319e:	e002      	b.n	878031a6 <memscan+0x16>
878031a0:	7804      	ldrb	r4, [r0, #0]
878031a2:	428c      	cmp	r4, r1
878031a4:	d004      	beq.n	878031b0 <memscan+0x20>
878031a6:	4293      	cmp	r3, r2
878031a8:	4618      	mov	r0, r3
878031aa:	f103 0301 	add.w	r3, r3, #1
878031ae:	d1f7      	bne.n	878031a0 <memscan+0x10>
878031b0:	f85d 4b04 	ldr.w	r4, [sp], #4
878031b4:	4770      	bx	lr
878031b6:	bf00      	nop

878031b8 <strstr>:
878031b8:	b5f0      	push	{r4, r5, r6, r7, lr}
878031ba:	468e      	mov	lr, r1
878031bc:	f891 c000 	ldrb.w	ip, [r1]
878031c0:	f1bc 0f00 	cmp.w	ip, #0
878031c4:	d028      	beq.n	87803218 <strstr+0x60>
878031c6:	460e      	mov	r6, r1
878031c8:	f816 3f01 	ldrb.w	r3, [r6, #1]!
878031cc:	2b00      	cmp	r3, #0
878031ce:	d1fb      	bne.n	878031c8 <strstr+0x10>
878031d0:	ebb6 010e 	subs.w	r1, r6, lr
878031d4:	d020      	beq.n	87803218 <strstr+0x60>
878031d6:	7807      	ldrb	r7, [r0, #0]
878031d8:	b12f      	cbz	r7, 878031e6 <strstr+0x2e>
878031da:	4607      	mov	r7, r0
878031dc:	f817 3f01 	ldrb.w	r3, [r7, #1]!
878031e0:	2b00      	cmp	r3, #0
878031e2:	d1fb      	bne.n	878031dc <strstr+0x24>
878031e4:	1a3f      	subs	r7, r7, r0
878031e6:	42b9      	cmp	r1, r7
878031e8:	dc15      	bgt.n	87803216 <strstr+0x5e>
878031ea:	3f01      	subs	r7, #1
878031ec:	b1a1      	cbz	r1, 87803218 <strstr+0x60>
878031ee:	7803      	ldrb	r3, [r0, #0]
878031f0:	4563      	cmp	r3, ip
878031f2:	d10c      	bne.n	8780320e <strstr+0x56>
878031f4:	4602      	mov	r2, r0
878031f6:	f10e 0301 	add.w	r3, lr, #1
878031fa:	e005      	b.n	87803208 <strstr+0x50>
878031fc:	f813 4b01 	ldrb.w	r4, [r3], #1
87803200:	f812 5f01 	ldrb.w	r5, [r2, #1]!
87803204:	42a5      	cmp	r5, r4
87803206:	d102      	bne.n	8780320e <strstr+0x56>
87803208:	42b3      	cmp	r3, r6
8780320a:	d1f7      	bne.n	878031fc <strstr+0x44>
8780320c:	bdf0      	pop	{r4, r5, r6, r7, pc}
8780320e:	428f      	cmp	r7, r1
87803210:	f100 0001 	add.w	r0, r0, #1
87803214:	dae9      	bge.n	878031ea <strstr+0x32>
87803216:	2000      	movs	r0, #0
87803218:	bdf0      	pop	{r4, r5, r6, r7, pc}
8780321a:	bf00      	nop

8780321c <memchr>:
8780321c:	b410      	push	{r4}
8780321e:	b2c9      	uxtb	r1, r1
87803220:	4402      	add	r2, r0
87803222:	e004      	b.n	8780322e <memchr+0x12>
87803224:	f813 4b01 	ldrb.w	r4, [r3], #1
87803228:	428c      	cmp	r4, r1
8780322a:	d004      	beq.n	87803236 <memchr+0x1a>
8780322c:	4618      	mov	r0, r3
8780322e:	4290      	cmp	r0, r2
87803230:	4603      	mov	r3, r0
87803232:	d1f7      	bne.n	87803224 <memchr+0x8>
87803234:	2000      	movs	r0, #0
87803236:	f85d 4b04 	ldr.w	r4, [sp], #4
8780323a:	4770      	bx	lr

8780323c <number>:
8780323c:	e92d 4ff0 	stmdb	sp!, {r4, r5, r6, r7, r8, r9, sl, fp, lr}
87803240:	b0a7      	sub	sp, #156	; 0x9c
87803242:	460e      	mov	r6, r1
87803244:	9930      	ldr	r1, [sp, #192]	; 0xc0
87803246:	4604      	mov	r4, r0
87803248:	f8dd 80cc 	ldr.w	r8, [sp, #204]	; 0xcc
8780324c:	390a      	subs	r1, #10
8780324e:	bf18      	it	ne
87803250:	2101      	movne	r1, #1
87803252:	f008 0520 	and.w	r5, r8, #32
87803256:	ea01 1058 	and.w	r0, r1, r8, lsr #5
8780325a:	b2ed      	uxtb	r5, r5
8780325c:	9000      	str	r0, [sp, #0]
8780325e:	f018 0010 	ands.w	r0, r8, #16
87803262:	bf18      	it	ne
87803264:	f028 0801 	bicne.w	r8, r8, #1
87803268:	9006      	str	r0, [sp, #24]
8780326a:	f018 0002 	ands.w	r0, r8, #2
8780326e:	d011      	beq.n	87803294 <number+0x58>
87803270:	2a00      	cmp	r2, #0
87803272:	f173 0000 	sbcs.w	r0, r3, #0
87803276:	f2c0 80e6 	blt.w	87803446 <number+0x20a>
8780327a:	f018 0f04 	tst.w	r8, #4
8780327e:	f040 80c7 	bne.w	87803410 <number+0x1d4>
87803282:	f018 0008 	ands.w	r0, r8, #8
87803286:	d005      	beq.n	87803294 <number+0x58>
87803288:	9831      	ldr	r0, [sp, #196]	; 0xc4
8780328a:	3801      	subs	r0, #1
8780328c:	9031      	str	r0, [sp, #196]	; 0xc4
8780328e:	2020      	movs	r0, #32
87803290:	9001      	str	r0, [sp, #4]
87803292:	e000      	b.n	87803296 <number+0x5a>
87803294:	9001      	str	r0, [sp, #4]
87803296:	9800      	ldr	r0, [sp, #0]
87803298:	b130      	cbz	r0, 878032a8 <number+0x6c>
8780329a:	9830      	ldr	r0, [sp, #192]	; 0xc0
8780329c:	2810      	cmp	r0, #16
8780329e:	f000 80c6 	beq.w	8780342e <number+0x1f2>
878032a2:	9831      	ldr	r0, [sp, #196]	; 0xc4
878032a4:	3801      	subs	r0, #1
878032a6:	9031      	str	r0, [sp, #196]	; 0xc4
878032a8:	ea52 0003 	orrs.w	r0, r2, r3
878032ac:	d17c      	bne.n	878033a8 <number+0x16c>
878032ae:	2200      	movs	r2, #0
878032b0:	2701      	movs	r7, #1
878032b2:	2330      	movs	r3, #48	; 0x30
878032b4:	f88d 3034 	strb.w	r3, [sp, #52]	; 0x34
878032b8:	9b32      	ldr	r3, [sp, #200]	; 0xc8
878032ba:	9931      	ldr	r1, [sp, #196]	; 0xc4
878032bc:	42bb      	cmp	r3, r7
878032be:	bfb8      	it	lt
878032c0:	463b      	movlt	r3, r7
878032c2:	f018 0f11 	tst.w	r8, #17
878032c6:	eba1 0003 	sub.w	r0, r1, r3
878032ca:	d110      	bne.n	878032ee <number+0xb2>
878032cc:	f1b0 0c01 	subs.w	ip, r0, #1
878032d0:	f100 81d0 	bmi.w	87803674 <number+0x438>
878032d4:	1821      	adds	r1, r4, r0
878032d6:	f04f 0e20 	mov.w	lr, #32
878032da:	42a6      	cmp	r6, r4
878032dc:	f104 0401 	add.w	r4, r4, #1
878032e0:	bf88      	it	hi
878032e2:	f804 ec01 	strbhi.w	lr, [r4, #-1]
878032e6:	428c      	cmp	r4, r1
878032e8:	d1f7      	bne.n	878032da <number+0x9e>
878032ea:	ebc0 000c 	rsb	r0, r0, ip
878032ee:	9901      	ldr	r1, [sp, #4]
878032f0:	b139      	cbz	r1, 87803302 <number+0xc6>
878032f2:	42b4      	cmp	r4, r6
878032f4:	f104 0401 	add.w	r4, r4, #1
878032f8:	bf3c      	itt	cc
878032fa:	f89d 1004 	ldrbcc.w	r1, [sp, #4]
878032fe:	f804 1c01 	strbcc.w	r1, [r4, #-1]
87803302:	9900      	ldr	r1, [sp, #0]
87803304:	b151      	cbz	r1, 8780331c <number+0xe0>
87803306:	42b4      	cmp	r4, r6
87803308:	f104 0e01 	add.w	lr, r4, #1
8780330c:	bf3c      	itt	cc
8780330e:	2130      	movcc	r1, #48	; 0x30
87803310:	7021      	strbcc	r1, [r4, #0]
87803312:	9930      	ldr	r1, [sp, #192]	; 0xc0
87803314:	2910      	cmp	r1, #16
87803316:	bf18      	it	ne
87803318:	4674      	movne	r4, lr
8780331a:	d07f      	beq.n	8780341c <number+0x1e0>
8780331c:	9906      	ldr	r1, [sp, #24]
8780331e:	b991      	cbnz	r1, 87803346 <number+0x10a>
87803320:	f018 0f01 	tst.w	r8, #1
87803324:	bf14      	ite	ne
87803326:	2130      	movne	r1, #48	; 0x30
87803328:	2120      	moveq	r1, #32
8780332a:	1e45      	subs	r5, r0, #1
8780332c:	f100 81a4 	bmi.w	87803678 <number+0x43c>
87803330:	4420      	add	r0, r4
87803332:	42a6      	cmp	r6, r4
87803334:	f104 0401 	add.w	r4, r4, #1
87803338:	bf88      	it	hi
8780333a:	f804 1c01 	strbhi.w	r1, [r4, #-1]
8780333e:	4284      	cmp	r4, r0
87803340:	d1f7      	bne.n	87803332 <number+0xf6>
87803342:	f04f 30ff 	mov.w	r0, #4294967295	; 0xffffffff
87803346:	429f      	cmp	r7, r3
87803348:	f280 8122 	bge.w	87803590 <number+0x354>
8780334c:	1bdb      	subs	r3, r3, r7
8780334e:	2130      	movs	r1, #48	; 0x30
87803350:	4423      	add	r3, r4
87803352:	42a6      	cmp	r6, r4
87803354:	f104 0401 	add.w	r4, r4, #1
87803358:	bf88      	it	hi
8780335a:	f804 1c01 	strbhi.w	r1, [r4, #-1]
8780335e:	429c      	cmp	r4, r3
87803360:	d1f7      	bne.n	87803352 <number+0x116>
87803362:	2a00      	cmp	r2, #0
87803364:	f2c0 8110 	blt.w	87803588 <number+0x34c>
87803368:	1c51      	adds	r1, r2, #1
8780336a:	ac0d      	add	r4, sp, #52	; 0x34
8780336c:	4422      	add	r2, r4
8780336e:	4419      	add	r1, r3
87803370:	429e      	cmp	r6, r3
87803372:	f103 0301 	add.w	r3, r3, #1
87803376:	bf88      	it	hi
87803378:	7814      	ldrbhi	r4, [r2, #0]
8780337a:	f102 32ff 	add.w	r2, r2, #4294967295	; 0xffffffff
8780337e:	bf88      	it	hi
87803380:	f803 4c01 	strbhi.w	r4, [r3, #-1]
87803384:	428b      	cmp	r3, r1
87803386:	d1f3      	bne.n	87803370 <number+0x134>
87803388:	2800      	cmp	r0, #0
8780338a:	f340 80ff 	ble.w	8780358c <number+0x350>
8780338e:	4408      	add	r0, r1
87803390:	2320      	movs	r3, #32
87803392:	428e      	cmp	r6, r1
87803394:	f101 0101 	add.w	r1, r1, #1
87803398:	bf88      	it	hi
8780339a:	f801 3c01 	strbhi.w	r3, [r1, #-1]
8780339e:	4281      	cmp	r1, r0
878033a0:	d1f7      	bne.n	87803392 <number+0x156>
878033a2:	b027      	add	sp, #156	; 0x9c
878033a4:	e8bd 8ff0 	ldmia.w	sp!, {r4, r5, r6, r7, r8, r9, sl, fp, pc}
878033a8:	2900      	cmp	r1, #0
878033aa:	d055      	beq.n	87803458 <number+0x21c>
878033ac:	9930      	ldr	r1, [sp, #192]	; 0xc0
878033ae:	2910      	cmp	r1, #16
878033b0:	f101 3eff 	add.w	lr, r1, #4294967295	; 0xffffffff
878033b4:	bf12      	itee	ne
878033b6:	f04f 0903 	movne.w	r9, #3
878033ba:	f04f 0e0f 	moveq.w	lr, #15
878033be:	f04f 0904 	moveq.w	r9, #4
878033c2:	f249 2c64 	movw	ip, #37476	; 0x9264
878033c6:	f10d 0033 	add.w	r0, sp, #51	; 0x33
878033ca:	f2c8 7c80 	movt	ip, #34688	; 0x8780
878033ce:	2700      	movs	r7, #0
878033d0:	b2d1      	uxtb	r1, r2
878033d2:	f1c9 0a20 	rsb	sl, r9, #32
878033d6:	f1b9 0b20 	subs.w	fp, r9, #32
878033da:	fa03 fa0a 	lsl.w	sl, r3, sl
878033de:	ea01 010e 	and.w	r1, r1, lr
878033e2:	fa22 f209 	lsr.w	r2, r2, r9
878033e6:	f81c 1001 	ldrb.w	r1, [ip, r1]
878033ea:	bf58      	it	pl
878033ec:	fa43 fb0b 	asrpl.w	fp, r3, fp
878033f0:	ea42 020a 	orr.w	r2, r2, sl
878033f4:	fa43 f309 	asr.w	r3, r3, r9
878033f8:	bf58      	it	pl
878033fa:	ea42 020b 	orrpl.w	r2, r2, fp
878033fe:	4329      	orrs	r1, r5
87803400:	3701      	adds	r7, #1
87803402:	f800 1f01 	strb.w	r1, [r0, #1]!
87803406:	ea52 0103 	orrs.w	r1, r2, r3
8780340a:	d1e1      	bne.n	878033d0 <number+0x194>
8780340c:	1e7a      	subs	r2, r7, #1
8780340e:	e753      	b.n	878032b8 <number+0x7c>
87803410:	9831      	ldr	r0, [sp, #196]	; 0xc4
87803412:	3801      	subs	r0, #1
87803414:	9031      	str	r0, [sp, #196]	; 0xc4
87803416:	202b      	movs	r0, #43	; 0x2b
87803418:	9001      	str	r0, [sp, #4]
8780341a:	e73c      	b.n	87803296 <number+0x5a>
8780341c:	4576      	cmp	r6, lr
8780341e:	f104 0402 	add.w	r4, r4, #2
87803422:	bf84      	itt	hi
87803424:	f045 0558 	orrhi.w	r5, r5, #88	; 0x58
87803428:	f804 5c01 	strbhi.w	r5, [r4, #-1]
8780342c:	e776      	b.n	8780331c <number+0xe0>
8780342e:	9931      	ldr	r1, [sp, #196]	; 0xc4
87803430:	3902      	subs	r1, #2
87803432:	9131      	str	r1, [sp, #196]	; 0xc4
87803434:	ea52 0103 	orrs.w	r1, r2, r3
87803438:	bf1c      	itt	ne
8780343a:	f04f 0e0f 	movne.w	lr, #15
8780343e:	f04f 0904 	movne.w	r9, #4
87803442:	d1be      	bne.n	878033c2 <number+0x186>
87803444:	e733      	b.n	878032ae <number+0x72>
87803446:	9831      	ldr	r0, [sp, #196]	; 0xc4
87803448:	4252      	negs	r2, r2
8780344a:	eb63 0343 	sbc.w	r3, r3, r3, lsl #1
8780344e:	3801      	subs	r0, #1
87803450:	9031      	str	r0, [sp, #196]	; 0xc4
87803452:	202d      	movs	r0, #45	; 0x2d
87803454:	9001      	str	r0, [sp, #4]
87803456:	e71e      	b.n	87803296 <number+0x5a>
87803458:	4610      	mov	r0, r2
8780345a:	4619      	mov	r1, r3
8780345c:	f248 629f 	movw	r2, #34463	; 0x869f
87803460:	2300      	movs	r3, #0
87803462:	f2c0 0201 	movt	r2, #1
87803466:	428b      	cmp	r3, r1
87803468:	bf08      	it	eq
8780346a:	4282      	cmpeq	r2, r0
8780346c:	e9cd 0104 	strd	r0, r1, [sp, #16]
87803470:	e9cd 010a 	strd	r0, r1, [sp, #40]	; 0x28
87803474:	f080 8102 	bcs.w	8780367c <number+0x440>
87803478:	f248 61a0 	movw	r1, #34464	; 0x86a0
8780347c:	f645 20c5 	movw	r0, #23237	; 0x5ac5
87803480:	f2c0 0101 	movt	r1, #1
87803484:	f6c0 207c 	movt	r0, #2684	; 0xa7c
87803488:	9507      	str	r5, [sp, #28]
8780348a:	f10d 0939 	add.w	r9, sp, #57	; 0x39
8780348e:	9609      	str	r6, [sp, #36]	; 0x24
87803490:	4605      	mov	r5, r0
87803492:	f8cd 80cc 	str.w	r8, [sp, #204]	; 0xcc
87803496:	4688      	mov	r8, r1
87803498:	e9cd 2302 	strd	r2, r3, [sp, #8]
8780349c:	9408      	str	r4, [sp, #32]
8780349e:	e9dd 6704 	ldrd	r6, r7, [sp, #16]
878034a2:	e05f      	b.n	87803564 <number+0x328>
878034a4:	09d8      	lsrs	r0, r3, #7
878034a6:	2700      	movs	r7, #0
878034a8:	4603      	mov	r3, r0
878034aa:	fb08 6010 	mls	r0, r8, r0, r6
878034ae:	461e      	mov	r6, r3
878034b0:	e9cd 670a 	strd	r6, r7, [sp, #40]	; 0x28
878034b4:	f3c0 1a03 	ubfx	sl, r0, #4, #4
878034b8:	f3c0 2303 	ubfx	r3, r0, #8, #4
878034bc:	0b02      	lsrs	r2, r0, #12
878034be:	eb0a 0103 	add.w	r1, sl, r3
878034c2:	f000 0e0f 	and.w	lr, r0, #15
878034c6:	eb03 0c83 	add.w	ip, r3, r3, lsl #2
878034ca:	4411      	add	r1, r2
878034cc:	eb02 00c2 	add.w	r0, r2, r2, lsl #3
878034d0:	00cc      	lsls	r4, r1, #3
878034d2:	46cb      	mov	fp, r9
878034d4:	4450      	add	r0, sl
878034d6:	eba4 0141 	sub.w	r1, r4, r1, lsl #1
878034da:	24cd      	movs	r4, #205	; 0xcd
878034dc:	4460      	add	r0, ip
878034de:	4471      	add	r1, lr
878034e0:	f109 0905 	add.w	r9, r9, #5
878034e4:	fb04 fa01 	mul.w	sl, r4, r1
878034e8:	ea4f 2ada 	mov.w	sl, sl, lsr #11
878034ec:	4450      	add	r0, sl
878034ee:	ea4f 0eca 	mov.w	lr, sl, lsl #3
878034f2:	fb04 fc00 	mul.w	ip, r4, r0
878034f6:	eb0e 0e4a 	add.w	lr, lr, sl, lsl #1
878034fa:	ebce 0101 	rsb	r1, lr, r1
878034fe:	ea4f 2cdc 	mov.w	ip, ip, lsr #11
87803502:	3130      	adds	r1, #48	; 0x30
87803504:	f809 1c0a 	strb.w	r1, [r9, #-10]
87803508:	eb0c 0343 	add.w	r3, ip, r3, lsl #1
8780350c:	ea4f 0ecc 	mov.w	lr, ip, lsl #3
87803510:	0119      	lsls	r1, r3, #4
87803512:	eb0e 0c4c 	add.w	ip, lr, ip, lsl #1
87803516:	eba1 0183 	sub.w	r1, r1, r3, lsl #2
8780351a:	ebcc 0c00 	rsb	ip, ip, r0
8780351e:	f10c 0030 	add.w	r0, ip, #48	; 0x30
87803522:	4419      	add	r1, r3
87803524:	f809 0c09 	strb.w	r0, [r9, #-9]
87803528:	09c9      	lsrs	r1, r1, #7
8780352a:	eb01 0282 	add.w	r2, r1, r2, lsl #2
8780352e:	00c8      	lsls	r0, r1, #3
87803530:	fb04 f402 	mul.w	r4, r4, r2
87803534:	eb00 0141 	add.w	r1, r0, r1, lsl #1
87803538:	1a5b      	subs	r3, r3, r1
8780353a:	3330      	adds	r3, #48	; 0x30
8780353c:	0ae4      	lsrs	r4, r4, #11
8780353e:	f809 3c08 	strb.w	r3, [r9, #-8]
87803542:	00e3      	lsls	r3, r4, #3
87803544:	f104 0130 	add.w	r1, r4, #48	; 0x30
87803548:	f809 1c06 	strb.w	r1, [r9, #-6]
8780354c:	eb03 0444 	add.w	r4, r3, r4, lsl #1
87803550:	1b12      	subs	r2, r2, r4
87803552:	e9dd 3402 	ldrd	r3, r4, [sp, #8]
87803556:	3230      	adds	r2, #48	; 0x30
87803558:	f809 2c07 	strb.w	r2, [r9, #-7]
8780355c:	42bc      	cmp	r4, r7
8780355e:	bf08      	it	eq
87803560:	42b3      	cmpeq	r3, r6
87803562:	d217      	bcs.n	87803594 <number+0x358>
87803564:	0038      	movs	r0, r7
87803566:	2100      	movs	r1, #0
87803568:	0972      	lsrs	r2, r6, #5
8780356a:	ea50 0301 	orrs.w	r3, r0, r1
8780356e:	fba2 2305 	umull	r2, r3, r2, r5
87803572:	d097      	beq.n	878034a4 <number+0x268>
87803574:	f248 61a0 	movw	r1, #34464	; 0x86a0
87803578:	a80a      	add	r0, sp, #40	; 0x28
8780357a:	f2c0 0101 	movt	r1, #1
8780357e:	f7ff fb57 	bl	87802c30 <__div64_32>
87803582:	e9dd 670a 	ldrd	r6, r7, [sp, #40]	; 0x28
87803586:	e795      	b.n	878034b4 <number+0x278>
87803588:	4619      	mov	r1, r3
8780358a:	e6fd      	b.n	87803388 <number+0x14c>
8780358c:	4608      	mov	r0, r1
8780358e:	e708      	b.n	878033a2 <number+0x166>
87803590:	4623      	mov	r3, r4
87803592:	e6e6      	b.n	87803362 <number+0x126>
87803594:	e9cd 6704 	strd	r6, r7, [sp, #16]
87803598:	f10d 0e34 	add.w	lr, sp, #52	; 0x34
8780359c:	9d07      	ldr	r5, [sp, #28]
8780359e:	9c08      	ldr	r4, [sp, #32]
878035a0:	9e09      	ldr	r6, [sp, #36]	; 0x24
878035a2:	f8dd 80cc 	ldr.w	r8, [sp, #204]	; 0xcc
878035a6:	e9dd 0104 	ldrd	r0, r1, [sp, #16]
878035aa:	f04f 0acd 	mov.w	sl, #205	; 0xcd
878035ae:	f3c0 1303 	ubfx	r3, r0, #4, #4
878035b2:	f3c0 2903 	ubfx	r9, r0, #8, #4
878035b6:	ea4f 3c10 	mov.w	ip, r0, lsr #12
878035ba:	eb03 0209 	add.w	r2, r3, r9
878035be:	f000 010f 	and.w	r1, r0, #15
878035c2:	eb09 0789 	add.w	r7, r9, r9, lsl #2
878035c6:	4462      	add	r2, ip
878035c8:	9102      	str	r1, [sp, #8]
878035ca:	00d1      	lsls	r1, r2, #3
878035cc:	eb0c 00cc 	add.w	r0, ip, ip, lsl #3
878035d0:	eba1 0142 	sub.w	r1, r1, r2, lsl #1
878035d4:	9a02      	ldr	r2, [sp, #8]
878035d6:	4403      	add	r3, r0
878035d8:	443b      	add	r3, r7
878035da:	4411      	add	r1, r2
878035dc:	fb0a f201 	mul.w	r2, sl, r1
878035e0:	0ad2      	lsrs	r2, r2, #11
878035e2:	00d0      	lsls	r0, r2, #3
878035e4:	eb00 0042 	add.w	r0, r0, r2, lsl #1
878035e8:	189a      	adds	r2, r3, r2
878035ea:	bf08      	it	eq
878035ec:	f10b 0701 	addeq.w	r7, fp, #1
878035f0:	eba1 0100 	sub.w	r1, r1, r0
878035f4:	f101 0130 	add.w	r1, r1, #48	; 0x30
878035f8:	f88b 1000 	strb.w	r1, [fp]
878035fc:	d037      	beq.n	8780366e <number+0x432>
878035fe:	fb0a f102 	mul.w	r1, sl, r2
87803602:	0ac9      	lsrs	r1, r1, #11
87803604:	00c8      	lsls	r0, r1, #3
87803606:	eb01 0349 	add.w	r3, r1, r9, lsl #1
8780360a:	eb00 0141 	add.w	r1, r0, r1, lsl #1
8780360e:	1a52      	subs	r2, r2, r1
87803610:	3230      	adds	r2, #48	; 0x30
87803612:	f88b 2001 	strb.w	r2, [fp, #1]
87803616:	ea53 020c 	orrs.w	r2, r3, ip
8780361a:	bf08      	it	eq
8780361c:	f10b 0702 	addeq.w	r7, fp, #2
87803620:	d025      	beq.n	8780366e <number+0x432>
87803622:	011a      	lsls	r2, r3, #4
87803624:	eba2 0283 	sub.w	r2, r2, r3, lsl #2
87803628:	441a      	add	r2, r3
8780362a:	09d2      	lsrs	r2, r2, #7
8780362c:	00d1      	lsls	r1, r2, #3
8780362e:	eb01 0142 	add.w	r1, r1, r2, lsl #1
87803632:	eb12 028c 	adds.w	r2, r2, ip, lsl #2
87803636:	eba3 0301 	sub.w	r3, r3, r1
8780363a:	bf08      	it	eq
8780363c:	f10b 0703 	addeq.w	r7, fp, #3
87803640:	f103 0330 	add.w	r3, r3, #48	; 0x30
87803644:	f88b 3002 	strb.w	r3, [fp, #2]
87803648:	d011      	beq.n	8780366e <number+0x432>
8780364a:	fb0a f302 	mul.w	r3, sl, r2
8780364e:	f10b 0704 	add.w	r7, fp, #4
87803652:	0adb      	lsrs	r3, r3, #11
87803654:	00d9      	lsls	r1, r3, #3
87803656:	eb01 0143 	add.w	r1, r1, r3, lsl #1
8780365a:	1a52      	subs	r2, r2, r1
8780365c:	3230      	adds	r2, #48	; 0x30
8780365e:	f88b 2003 	strb.w	r2, [fp, #3]
87803662:	b123      	cbz	r3, 8780366e <number+0x432>
87803664:	f10b 0705 	add.w	r7, fp, #5
87803668:	3330      	adds	r3, #48	; 0x30
8780366a:	f88b 3004 	strb.w	r3, [fp, #4]
8780366e:	ebce 0707 	rsb	r7, lr, r7
87803672:	e6cb      	b.n	8780340c <number+0x1d0>
87803674:	4660      	mov	r0, ip
87803676:	e63a      	b.n	878032ee <number+0xb2>
87803678:	4628      	mov	r0, r5
8780367a:	e664      	b.n	87803346 <number+0x10a>
8780367c:	f10d 0e34 	add.w	lr, sp, #52	; 0x34
87803680:	46f3      	mov	fp, lr
87803682:	e790      	b.n	878035a6 <number+0x36a>

87803684 <simple_strtoul>:
87803684:	b5f0      	push	{r4, r5, r6, r7, lr}
87803686:	4606      	mov	r6, r0
87803688:	b96a      	cbnz	r2, 878036a6 <simple_strtoul+0x22>
8780368a:	7804      	ldrb	r4, [r0, #0]
8780368c:	2c30      	cmp	r4, #48	; 0x30
8780368e:	d043      	beq.n	87803718 <simple_strtoul+0x94>
87803690:	f249 27b0 	movw	r7, #37552	; 0x92b0
87803694:	4623      	mov	r3, r4
87803696:	f2c8 7780 	movt	r7, #34688	; 0x8780
8780369a:	220a      	movs	r2, #10
8780369c:	f817 e004 	ldrb.w	lr, [r7, r4]
878036a0:	f00e 0544 	and.w	r5, lr, #68	; 0x44
878036a4:	e00b      	b.n	878036be <simple_strtoul+0x3a>
878036a6:	2a10      	cmp	r2, #16
878036a8:	d029      	beq.n	878036fe <simple_strtoul+0x7a>
878036aa:	7803      	ldrb	r3, [r0, #0]
878036ac:	f249 27b0 	movw	r7, #37552	; 0x92b0
878036b0:	f2c8 7780 	movt	r7, #34688	; 0x8780
878036b4:	f817 e003 	ldrb.w	lr, [r7, r3]
878036b8:	461c      	mov	r4, r3
878036ba:	f00e 0544 	and.w	r5, lr, #68	; 0x44
878036be:	4628      	mov	r0, r5
878036c0:	b1d5      	cbz	r5, 878036f8 <simple_strtoul+0x74>
878036c2:	2000      	movs	r0, #0
878036c4:	e009      	b.n	878036da <simple_strtoul+0x56>
878036c6:	f816 3f01 	ldrb.w	r3, [r6, #1]!
878036ca:	fb02 4000 	mla	r0, r2, r0, r4
878036ce:	f817 e003 	ldrb.w	lr, [r7, r3]
878036d2:	461c      	mov	r4, r3
878036d4:	f01e 0f44 	tst.w	lr, #68	; 0x44
878036d8:	d00e      	beq.n	878036f8 <simple_strtoul+0x74>
878036da:	f01e 0f04 	tst.w	lr, #4
878036de:	f1a4 0430 	sub.w	r4, r4, #48	; 0x30
878036e2:	d107      	bne.n	878036f4 <simple_strtoul+0x70>
878036e4:	f1a3 0420 	sub.w	r4, r3, #32
878036e8:	f01e 0f02 	tst.w	lr, #2
878036ec:	bf18      	it	ne
878036ee:	b2e3      	uxtbne	r3, r4
878036f0:	f1a3 0437 	sub.w	r4, r3, #55	; 0x37
878036f4:	4294      	cmp	r4, r2
878036f6:	d3e6      	bcc.n	878036c6 <simple_strtoul+0x42>
878036f8:	b101      	cbz	r1, 878036fc <simple_strtoul+0x78>
878036fa:	600e      	str	r6, [r1, #0]
878036fc:	bdf0      	pop	{r4, r5, r6, r7, pc}
878036fe:	7804      	ldrb	r4, [r0, #0]
87803700:	2c30      	cmp	r4, #48	; 0x30
87803702:	d020      	beq.n	87803746 <simple_strtoul+0xc2>
87803704:	f249 27b0 	movw	r7, #37552	; 0x92b0
87803708:	4623      	mov	r3, r4
8780370a:	f2c8 7780 	movt	r7, #34688	; 0x8780
8780370e:	f817 e004 	ldrb.w	lr, [r7, r4]
87803712:	f00e 0544 	and.w	r5, lr, #68	; 0x44
87803716:	e7d2      	b.n	878036be <simple_strtoul+0x3a>
87803718:	7843      	ldrb	r3, [r0, #1]
8780371a:	f249 27b0 	movw	r7, #37552	; 0x92b0
8780371e:	f2c8 7780 	movt	r7, #34688	; 0x8780
87803722:	3001      	adds	r0, #1
87803724:	f817 e003 	ldrb.w	lr, [r7, r3]
87803728:	461c      	mov	r4, r3
8780372a:	f01e 0f02 	tst.w	lr, #2
8780372e:	bf16      	itet	ne
87803730:	f1a3 0220 	subne.w	r2, r3, #32
87803734:	461a      	moveq	r2, r3
87803736:	b2d2      	uxtbne	r2, r2
87803738:	2a58      	cmp	r2, #88	; 0x58
8780373a:	d01d      	beq.n	87803778 <simple_strtoul+0xf4>
8780373c:	4606      	mov	r6, r0
8780373e:	f00e 0544 	and.w	r5, lr, #68	; 0x44
87803742:	2208      	movs	r2, #8
87803744:	e7bb      	b.n	878036be <simple_strtoul+0x3a>
87803746:	7843      	ldrb	r3, [r0, #1]
87803748:	f249 27b0 	movw	r7, #37552	; 0x92b0
8780374c:	f2c8 7780 	movt	r7, #34688	; 0x8780
87803750:	5cf8      	ldrb	r0, [r7, r3]
87803752:	0780      	lsls	r0, r0, #30
87803754:	bf44      	itt	mi
87803756:	3b20      	submi	r3, #32
87803758:	b2db      	uxtbmi	r3, r3
8780375a:	2b58      	cmp	r3, #88	; 0x58
8780375c:	bf0f      	iteee	eq
8780375e:	78b3      	ldrbeq	r3, [r6, #2]
87803760:	2430      	movne	r4, #48	; 0x30
87803762:	f897 e030 	ldrbne.w	lr, [r7, #48]	; 0x30
87803766:	4623      	movne	r3, r4
87803768:	bf02      	ittt	eq
8780376a:	3602      	addeq	r6, #2
8780376c:	f817 e003 	ldrbeq.w	lr, [r7, r3]
87803770:	461c      	moveq	r4, r3
87803772:	f00e 0544 	and.w	r5, lr, #68	; 0x44
87803776:	e7a2      	b.n	878036be <simple_strtoul+0x3a>
87803778:	78b5      	ldrb	r5, [r6, #2]
8780377a:	5d7a      	ldrb	r2, [r7, r5]
8780377c:	f012 0f44 	tst.w	r2, #68	; 0x44
87803780:	d0dc      	beq.n	8780373c <simple_strtoul+0xb8>
87803782:	4696      	mov	lr, r2
87803784:	462c      	mov	r4, r5
87803786:	3602      	adds	r6, #2
87803788:	462b      	mov	r3, r5
8780378a:	2210      	movs	r2, #16
8780378c:	e799      	b.n	878036c2 <simple_strtoul+0x3e>
8780378e:	bf00      	nop

87803790 <simple_strtol>:
87803790:	b510      	push	{r4, lr}
87803792:	7804      	ldrb	r4, [r0, #0]
87803794:	2c2d      	cmp	r4, #45	; 0x2d
87803796:	d003      	beq.n	878037a0 <simple_strtol+0x10>
87803798:	e8bd 4010 	ldmia.w	sp!, {r4, lr}
8780379c:	f7ff bf72 	b.w	87803684 <simple_strtoul>
878037a0:	3001      	adds	r0, #1
878037a2:	f7ff ff6f 	bl	87803684 <simple_strtoul>
878037a6:	4240      	negs	r0, r0
878037a8:	bd10      	pop	{r4, pc}
878037aa:	bf00      	nop

878037ac <simple_strtoull>:
878037ac:	e92d 4ff0 	stmdb	sp!, {r4, r5, r6, r7, r8, r9, sl, fp, lr}
878037b0:	4684      	mov	ip, r0
878037b2:	468a      	mov	sl, r1
878037b4:	4616      	mov	r6, r2
878037b6:	2a00      	cmp	r2, #0
878037b8:	d13f      	bne.n	8780383a <simple_strtoull+0x8e>
878037ba:	7802      	ldrb	r2, [r0, #0]
878037bc:	2a30      	cmp	r2, #48	; 0x30
878037be:	d056      	beq.n	8780386e <simple_strtoull+0xc2>
878037c0:	f249 2bb0 	movw	fp, #37552	; 0x92b0
878037c4:	4613      	mov	r3, r2
878037c6:	f2c8 7b80 	movt	fp, #34688	; 0x8780
878037ca:	260a      	movs	r6, #10
878037cc:	f81b e002 	ldrb.w	lr, [fp, r2]
878037d0:	f00e 0144 	and.w	r1, lr, #68	; 0x44
878037d4:	2900      	cmp	r1, #0
878037d6:	d061      	beq.n	8780389c <simple_strtoull+0xf0>
878037d8:	2700      	movs	r7, #0
878037da:	2000      	movs	r0, #0
878037dc:	2100      	movs	r1, #0
878037de:	e00e      	b.n	878037fe <simple_strtoull+0x52>
878037e0:	fb06 3101 	mla	r1, r6, r1, r3
878037e4:	f81c 3f01 	ldrb.w	r3, [ip, #1]!
878037e8:	eb14 0008 	adds.w	r0, r4, r8
878037ec:	f81b e003 	ldrb.w	lr, [fp, r3]
878037f0:	461a      	mov	r2, r3
878037f2:	4489      	add	r9, r1
878037f4:	eb45 0109 	adc.w	r1, r5, r9
878037f8:	f01e 0f44 	tst.w	lr, #68	; 0x44
878037fc:	d016      	beq.n	8780382c <simple_strtoull+0x80>
878037fe:	f01e 0f04 	tst.w	lr, #4
87803802:	f1a2 0430 	sub.w	r4, r2, #48	; 0x30
87803806:	d108      	bne.n	8780381a <simple_strtoull+0x6e>
87803808:	3b20      	subs	r3, #32
8780380a:	f01e 0f02 	tst.w	lr, #2
8780380e:	b2db      	uxtb	r3, r3
87803810:	f1a2 0437 	sub.w	r4, r2, #55	; 0x37
87803814:	bf18      	it	ne
87803816:	f1a3 0437 	subne.w	r4, r3, #55	; 0x37
8780381a:	17e5      	asrs	r5, r4, #31
8780381c:	fb00 f307 	mul.w	r3, r0, r7
87803820:	42bd      	cmp	r5, r7
87803822:	fba0 8906 	umull	r8, r9, r0, r6
87803826:	bf08      	it	eq
87803828:	42b4      	cmpeq	r4, r6
8780382a:	d3d9      	bcc.n	878037e0 <simple_strtoull+0x34>
8780382c:	f1ba 0f00 	cmp.w	sl, #0
87803830:	d001      	beq.n	87803836 <simple_strtoull+0x8a>
87803832:	f8ca c000 	str.w	ip, [sl]
87803836:	e8bd 8ff0 	ldmia.w	sp!, {r4, r5, r6, r7, r8, r9, sl, fp, pc}
8780383a:	2a10      	cmp	r2, #16
8780383c:	d00a      	beq.n	87803854 <simple_strtoull+0xa8>
8780383e:	7803      	ldrb	r3, [r0, #0]
87803840:	f249 2bb0 	movw	fp, #37552	; 0x92b0
87803844:	f2c8 7b80 	movt	fp, #34688	; 0x8780
87803848:	f81b e003 	ldrb.w	lr, [fp, r3]
8780384c:	461a      	mov	r2, r3
8780384e:	f00e 0144 	and.w	r1, lr, #68	; 0x44
87803852:	e7bf      	b.n	878037d4 <simple_strtoull+0x28>
87803854:	7802      	ldrb	r2, [r0, #0]
87803856:	2a30      	cmp	r2, #48	; 0x30
87803858:	d031      	beq.n	878038be <simple_strtoull+0x112>
8780385a:	f249 2bb0 	movw	fp, #37552	; 0x92b0
8780385e:	4613      	mov	r3, r2
87803860:	f2c8 7b80 	movt	fp, #34688	; 0x8780
87803864:	f81b e002 	ldrb.w	lr, [fp, r2]
87803868:	f00e 0144 	and.w	r1, lr, #68	; 0x44
8780386c:	e7b2      	b.n	878037d4 <simple_strtoull+0x28>
8780386e:	7843      	ldrb	r3, [r0, #1]
87803870:	f249 2bb0 	movw	fp, #37552	; 0x92b0
87803874:	f2c8 7b80 	movt	fp, #34688	; 0x8780
87803878:	3001      	adds	r0, #1
8780387a:	f81b e003 	ldrb.w	lr, [fp, r3]
8780387e:	461a      	mov	r2, r3
87803880:	f01e 0f02 	tst.w	lr, #2
87803884:	bf16      	itet	ne
87803886:	f1a3 0120 	subne.w	r1, r3, #32
8780388a:	4619      	moveq	r1, r3
8780388c:	b2c9      	uxtbne	r1, r1
8780388e:	2958      	cmp	r1, #88	; 0x58
87803890:	d007      	beq.n	878038a2 <simple_strtoull+0xf6>
87803892:	4684      	mov	ip, r0
87803894:	f00e 0144 	and.w	r1, lr, #68	; 0x44
87803898:	2608      	movs	r6, #8
8780389a:	e79b      	b.n	878037d4 <simple_strtoull+0x28>
8780389c:	2000      	movs	r0, #0
8780389e:	2100      	movs	r1, #0
878038a0:	e7c4      	b.n	8780382c <simple_strtoull+0x80>
878038a2:	f89c 4002 	ldrb.w	r4, [ip, #2]
878038a6:	f81b 1004 	ldrb.w	r1, [fp, r4]
878038aa:	f011 0f44 	tst.w	r1, #68	; 0x44
878038ae:	d0f0      	beq.n	87803892 <simple_strtoull+0xe6>
878038b0:	4622      	mov	r2, r4
878038b2:	f10c 0c02 	add.w	ip, ip, #2
878038b6:	468e      	mov	lr, r1
878038b8:	4623      	mov	r3, r4
878038ba:	2610      	movs	r6, #16
878038bc:	e78c      	b.n	878037d8 <simple_strtoull+0x2c>
878038be:	7843      	ldrb	r3, [r0, #1]
878038c0:	f249 2bb0 	movw	fp, #37552	; 0x92b0
878038c4:	f2c8 7b80 	movt	fp, #34688	; 0x8780
878038c8:	f81b 2003 	ldrb.w	r2, [fp, r3]
878038cc:	0792      	lsls	r2, r2, #30
878038ce:	bf44      	itt	mi
878038d0:	3b20      	submi	r3, #32
878038d2:	b2db      	uxtbmi	r3, r3
878038d4:	2b58      	cmp	r3, #88	; 0x58
878038d6:	bf0f      	iteee	eq
878038d8:	7883      	ldrbeq	r3, [r0, #2]
878038da:	2230      	movne	r2, #48	; 0x30
878038dc:	f89b e030 	ldrbne.w	lr, [fp, #48]	; 0x30
878038e0:	4613      	movne	r3, r2
878038e2:	bf02      	ittt	eq
878038e4:	f100 0c02 	addeq.w	ip, r0, #2
878038e8:	f81b e003 	ldrbeq.w	lr, [fp, r3]
878038ec:	461a      	moveq	r2, r3
878038ee:	f00e 0144 	and.w	r1, lr, #68	; 0x44
878038f2:	e76f      	b.n	878037d4 <simple_strtoull+0x28>

878038f4 <simple_strtoll>:
878038f4:	b510      	push	{r4, lr}
878038f6:	7804      	ldrb	r4, [r0, #0]
878038f8:	2c2d      	cmp	r4, #45	; 0x2d
878038fa:	d003      	beq.n	87803904 <simple_strtoll+0x10>
878038fc:	e8bd 4010 	ldmia.w	sp!, {r4, lr}
87803900:	f7ff bf54 	b.w	878037ac <simple_strtoull>
87803904:	3001      	adds	r0, #1
87803906:	f7ff ff51 	bl	878037ac <simple_strtoull>
8780390a:	4240      	negs	r0, r0
8780390c:	eb61 0141 	sbc.w	r1, r1, r1, lsl #1
87803910:	bd10      	pop	{r4, pc}
87803912:	bf00      	nop

87803914 <vsnprintf>:
87803914:	e92d 4ff0 	stmdb	sp!, {r4, r5, r6, r7, r8, r9, sl, fp, lr}
87803918:	f1b1 0a00 	subs.w	sl, r1, #0
8780391c:	b089      	sub	sp, #36	; 0x24
8780391e:	f2c0 82fc 	blt.w	87803f1a <vsnprintf+0x606>
87803922:	f10a 37ff 	add.w	r7, sl, #4294967295	; 0xffffffff
87803926:	4699      	mov	r9, r3
87803928:	4407      	add	r7, r0
8780392a:	1e43      	subs	r3, r0, #1
8780392c:	429f      	cmp	r7, r3
8780392e:	4604      	mov	r4, r0
87803930:	4616      	mov	r6, r2
87803932:	7810      	ldrb	r0, [r2, #0]
87803934:	f0c0 81c4 	bcc.w	87803cc0 <vsnprintf+0x3ac>
87803938:	2800      	cmp	r0, #0
8780393a:	f000 82f9 	beq.w	87803f30 <vsnprintf+0x61c>
8780393e:	9405      	str	r4, [sp, #20]
87803940:	f249 28b0 	movw	r8, #37552	; 0x92b0
87803944:	f249 2b74 	movw	fp, #37492	; 0x9274
87803948:	f2c8 7880 	movt	r8, #34688	; 0x8780
8780394c:	f2c8 7b80 	movt	fp, #34688	; 0x8780
87803950:	e008      	b.n	87803964 <vsnprintf+0x50>
87803952:	42a7      	cmp	r7, r4
87803954:	bf28      	it	cs
87803956:	7020      	strbcs	r0, [r4, #0]
87803958:	7870      	ldrb	r0, [r6, #1]
8780395a:	3401      	adds	r4, #1
8780395c:	3601      	adds	r6, #1
8780395e:	2800      	cmp	r0, #0
87803960:	f000 813f 	beq.w	87803be2 <vsnprintf+0x2ce>
87803964:	2825      	cmp	r0, #37	; 0x25
87803966:	bf08      	it	eq
87803968:	2300      	moveq	r3, #0
8780396a:	d1f2      	bne.n	87803952 <vsnprintf+0x3e>
8780396c:	7875      	ldrb	r5, [r6, #1]
8780396e:	1c70      	adds	r0, r6, #1
87803970:	f1a5 0220 	sub.w	r2, r5, #32
87803974:	2a10      	cmp	r2, #16
87803976:	d81e      	bhi.n	878039b6 <vsnprintf+0xa2>
87803978:	e8df f002 	tbb	[pc, r2]
8780397c:	151d1d19 	ldrne	r1, [sp, #-3353]	; 0xd19
87803980:	1d1d1d1d 	ldcne	13, cr1, [sp, #-116]	; 0xffffff8c
87803984:	111d1d1d 	tstne	sp, sp, lsl sp
87803988:	1d1d0d1d 	ldcne	13, cr0, [sp, #-116]	; 0xffffff8c
8780398c:	f0430009 			; <UNDEFINED> instruction: 0xf0430009
87803990:	0301      	lsls	r1, r0, #12
87803992:	4606      	mov	r6, r0
87803994:	e7ea      	b.n	8780396c <vsnprintf+0x58>
87803996:	f043 0310 	orr.w	r3, r3, #16
8780399a:	4606      	mov	r6, r0
8780399c:	e7e6      	b.n	8780396c <vsnprintf+0x58>
8780399e:	f043 0304 	orr.w	r3, r3, #4
878039a2:	4606      	mov	r6, r0
878039a4:	e7e2      	b.n	8780396c <vsnprintf+0x58>
878039a6:	f043 0320 	orr.w	r3, r3, #32
878039aa:	4606      	mov	r6, r0
878039ac:	e7de      	b.n	8780396c <vsnprintf+0x58>
878039ae:	f043 0308 	orr.w	r3, r3, #8
878039b2:	4606      	mov	r6, r0
878039b4:	e7da      	b.n	8780396c <vsnprintf+0x58>
878039b6:	f818 2005 	ldrb.w	r2, [r8, r5]
878039ba:	4629      	mov	r1, r5
878039bc:	0752      	lsls	r2, r2, #29
878039be:	f140 80dc 	bpl.w	87803b7a <vsnprintf+0x266>
878039c2:	2500      	movs	r5, #0
878039c4:	00ea      	lsls	r2, r5, #3
878039c6:	eb02 0545 	add.w	r5, r2, r5, lsl #1
878039ca:	440d      	add	r5, r1
878039cc:	f810 1f01 	ldrb.w	r1, [r0, #1]!
878039d0:	3d30      	subs	r5, #48	; 0x30
878039d2:	f818 2001 	ldrb.w	r2, [r8, r1]
878039d6:	0752      	lsls	r2, r2, #29
878039d8:	d4f4      	bmi.n	878039c4 <vsnprintf+0xb0>
878039da:	292e      	cmp	r1, #46	; 0x2e
878039dc:	bf18      	it	ne
878039de:	f04f 3eff 	movne.w	lr, #4294967295	; 0xffffffff
878039e2:	f000 80e2 	beq.w	87803baa <vsnprintf+0x296>
878039e6:	f001 02df 	and.w	r2, r1, #223	; 0xdf
878039ea:	2a5a      	cmp	r2, #90	; 0x5a
878039ec:	bf18      	it	ne
878039ee:	2a4c      	cmpne	r2, #76	; 0x4c
878039f0:	bf0c      	ite	eq
878039f2:	2201      	moveq	r2, #1
878039f4:	2200      	movne	r2, #0
878039f6:	2968      	cmp	r1, #104	; 0x68
878039f8:	bf08      	it	eq
878039fa:	f042 0201 	orreq.w	r2, r2, #1
878039fe:	2a00      	cmp	r2, #0
87803a00:	d15b      	bne.n	87803aba <vsnprintf+0x1a6>
87803a02:	f04f 32ff 	mov.w	r2, #4294967295	; 0xffffffff
87803a06:	3925      	subs	r1, #37	; 0x25
87803a08:	2953      	cmp	r1, #83	; 0x53
87803a0a:	f200 823c 	bhi.w	87803e86 <vsnprintf+0x572>
87803a0e:	e8df f011 	tbh	[pc, r1, lsl #1]
87803a12:	023a01ec 	eorseq	r0, sl, #236, 2	; 0x3b
87803a16:	023a023a 	eorseq	r0, sl, #-1610612733	; 0xa0000003
87803a1a:	023a023a 	eorseq	r0, sl, #-1610612733	; 0xa0000003
87803a1e:	023a023a 	eorseq	r0, sl, #-1610612733	; 0xa0000003
87803a22:	023a023a 	eorseq	r0, sl, #-1610612733	; 0xa0000003
87803a26:	023a023a 	eorseq	r0, sl, #-1610612733	; 0xa0000003
87803a2a:	023a023a 	eorseq	r0, sl, #-1610612733	; 0xa0000003
87803a2e:	023a023a 	eorseq	r0, sl, #-1610612733	; 0xa0000003
87803a32:	023a023a 	eorseq	r0, sl, #-1610612733	; 0xa0000003
87803a36:	023a023a 	eorseq	r0, sl, #-1610612733	; 0xa0000003
87803a3a:	023a023a 	eorseq	r0, sl, #-1610612733	; 0xa0000003
87803a3e:	023a023a 	eorseq	r0, sl, #-1610612733	; 0xa0000003
87803a42:	023a023a 	eorseq	r0, sl, #-1610612733	; 0xa0000003
87803a46:	023a023a 	eorseq	r0, sl, #-1610612733	; 0xa0000003
87803a4a:	023a023a 	eorseq	r0, sl, #-1610612733	; 0xa0000003
87803a4e:	023a023a 	eorseq	r0, sl, #-1610612733	; 0xa0000003
87803a52:	023a023a 	eorseq	r0, sl, #-1610612733	; 0xa0000003
87803a56:	023a023a 	eorseq	r0, sl, #-1610612733	; 0xa0000003
87803a5a:	023a023a 	eorseq	r0, sl, #-1610612733	; 0xa0000003
87803a5e:	023a023a 	eorseq	r0, sl, #-1610612733	; 0xa0000003
87803a62:	023a023a 	eorseq	r0, sl, #-1610612733	; 0xa0000003
87803a66:	023a023a 	eorseq	r0, sl, #-1610612733	; 0xa0000003
87803a6a:	023a023a 	eorseq	r0, sl, #-1610612733	; 0xa0000003
87803a6e:	023a023a 	eorseq	r0, sl, #-1610612733	; 0xa0000003
87803a72:	023a023a 	eorseq	r0, sl, #-1610612733	; 0xa0000003
87803a76:	016f023a 	cmneq	pc, sl, lsr r2	; <UNPREDICTABLE>
87803a7a:	023a023a 	eorseq	r0, sl, #-1610612733	; 0xa0000003
87803a7e:	023a023a 	eorseq	r0, sl, #-1610612733	; 0xa0000003
87803a82:	023a023a 	eorseq	r0, sl, #-1610612733	; 0xa0000003
87803a86:	023a023a 	eorseq	r0, sl, #-1610612733	; 0xa0000003
87803a8a:	023a023a 	eorseq	r0, sl, #-1610612733	; 0xa0000003
87803a8e:	01b801be 			; <UNDEFINED> instruction: 0x01b801be
87803a92:	023a023a 	eorseq	r0, sl, #-1610612733	; 0xa0000003
87803a96:	023a023a 	eorseq	r0, sl, #-1610612733	; 0xa0000003
87803a9a:	023a01b8 	eorseq	r0, sl, #184, 2	; 0x2e
87803a9e:	023a023a 	eorseq	r0, sl, #-1610612733	; 0xa0000003
87803aa2:	0262023a 	rsbeq	r0, r2, #-1610612733	; 0xa0000003
87803aa6:	019b01b4 			; <UNDEFINED> instruction: 0x019b01b4
87803aaa:	023a023a 	eorseq	r0, sl, #-1610612733	; 0xa0000003
87803aae:	023a01f2 	eorseq	r0, sl, #-2147483588	; 0x8000003c
87803ab2:	023a0274 	eorseq	r0, sl, #116, 4	; 0x40000007
87803ab6:	0272023a 	rsbseq	r0, r2, #-1610612733	; 0xa0000003
87803aba:	460a      	mov	r2, r1
87803abc:	1c46      	adds	r6, r0, #1
87803abe:	2a6c      	cmp	r2, #108	; 0x6c
87803ac0:	7841      	ldrb	r1, [r0, #1]
87803ac2:	f000 809b 	beq.w	87803bfc <vsnprintf+0x2e8>
87803ac6:	3925      	subs	r1, #37	; 0x25
87803ac8:	2953      	cmp	r1, #83	; 0x53
87803aca:	f200 81dd 	bhi.w	87803e88 <vsnprintf+0x574>
87803ace:	e8df f011 	tbh	[pc, r1, lsl #1]
87803ad2:	01db018d 	bicseq	r0, fp, sp, lsl #3
87803ad6:	01db01db 	ldrsbeq	r0, [fp, #27]
87803ada:	01db01db 	ldrsbeq	r0, [fp, #27]
87803ade:	01db01db 	ldrsbeq	r0, [fp, #27]
87803ae2:	01db01db 	ldrsbeq	r0, [fp, #27]
87803ae6:	01db01db 	ldrsbeq	r0, [fp, #27]
87803aea:	01db01db 	ldrsbeq	r0, [fp, #27]
87803aee:	01db01db 	ldrsbeq	r0, [fp, #27]
87803af2:	01db01db 	ldrsbeq	r0, [fp, #27]
87803af6:	01db01db 	ldrsbeq	r0, [fp, #27]
87803afa:	01db01db 	ldrsbeq	r0, [fp, #27]
87803afe:	01db01db 	ldrsbeq	r0, [fp, #27]
87803b02:	01db01db 	ldrsbeq	r0, [fp, #27]
87803b06:	01db01db 	ldrsbeq	r0, [fp, #27]
87803b0a:	01db01db 	ldrsbeq	r0, [fp, #27]
87803b0e:	01db01db 	ldrsbeq	r0, [fp, #27]
87803b12:	01db01db 	ldrsbeq	r0, [fp, #27]
87803b16:	01db01db 	ldrsbeq	r0, [fp, #27]
87803b1a:	01db01db 	ldrsbeq	r0, [fp, #27]
87803b1e:	01db01db 	ldrsbeq	r0, [fp, #27]
87803b22:	01db01db 	ldrsbeq	r0, [fp, #27]
87803b26:	01db01db 	ldrsbeq	r0, [fp, #27]
87803b2a:	01db01db 	ldrsbeq	r0, [fp, #27]
87803b2e:	01db01db 	ldrsbeq	r0, [fp, #27]
87803b32:	01db01db 	ldrsbeq	r0, [fp, #27]
87803b36:	011001db 			; <UNDEFINED> instruction: 0x011001db
87803b3a:	01db01db 	ldrsbeq	r0, [fp, #27]
87803b3e:	01db01db 	ldrsbeq	r0, [fp, #27]
87803b42:	01db01db 	ldrsbeq	r0, [fp, #27]
87803b46:	01db01db 	ldrsbeq	r0, [fp, #27]
87803b4a:	01db01db 	ldrsbeq	r0, [fp, #27]
87803b4e:	0159015f 	cmpeq	r9, pc, asr r1
87803b52:	01db01db 	ldrsbeq	r0, [fp, #27]
87803b56:	01db01db 	ldrsbeq	r0, [fp, #27]
87803b5a:	01db0159 	bicseq	r0, fp, r9, asr r1
87803b5e:	01db01db 	ldrsbeq	r0, [fp, #27]
87803b62:	020301db 	andeq	r0, r3, #-1073741770	; 0xc0000036
87803b66:	013c0155 	teqeq	ip, r5, asr r1
87803b6a:	01db01db 	ldrsbeq	r0, [fp, #27]
87803b6e:	01db0193 			; <UNDEFINED> instruction: 0x01db0193
87803b72:	01db0132 	bicseq	r0, fp, r2, lsr r1
87803b76:	011201db 			; <UNDEFINED> instruction: 0x011201db
87803b7a:	2d2a      	cmp	r5, #42	; 0x2a
87803b7c:	bf1c      	itt	ne
87803b7e:	4629      	movne	r1, r5
87803b80:	f04f 35ff 	movne.w	r5, #4294967295	; 0xffffffff
87803b84:	f47f af29 	bne.w	878039da <vsnprintf+0xc6>
87803b88:	f8d9 5000 	ldr.w	r5, [r9]
87803b8c:	1cb0      	adds	r0, r6, #2
87803b8e:	78b1      	ldrb	r1, [r6, #2]
87803b90:	f109 0904 	add.w	r9, r9, #4
87803b94:	2d00      	cmp	r5, #0
87803b96:	bfbc      	itt	lt
87803b98:	426d      	neglt	r5, r5
87803b9a:	f043 0310 	orrlt.w	r3, r3, #16
87803b9e:	292e      	cmp	r1, #46	; 0x2e
87803ba0:	bf18      	it	ne
87803ba2:	f04f 3eff 	movne.w	lr, #4294967295	; 0xffffffff
87803ba6:	f47f af1e 	bne.w	878039e6 <vsnprintf+0xd2>
87803baa:	7841      	ldrb	r1, [r0, #1]
87803bac:	f100 0c01 	add.w	ip, r0, #1
87803bb0:	f818 6001 	ldrb.w	r6, [r8, r1]
87803bb4:	f006 0604 	and.w	r6, r6, #4
87803bb8:	f006 02ff 	and.w	r2, r6, #255	; 0xff
87803bbc:	2e00      	cmp	r6, #0
87803bbe:	f000 8088 	beq.w	87803cd2 <vsnprintf+0x3be>
87803bc2:	4660      	mov	r0, ip
87803bc4:	2200      	movs	r2, #0
87803bc6:	00d6      	lsls	r6, r2, #3
87803bc8:	eb06 0242 	add.w	r2, r6, r2, lsl #1
87803bcc:	440a      	add	r2, r1
87803bce:	f810 1f01 	ldrb.w	r1, [r0, #1]!
87803bd2:	3a30      	subs	r2, #48	; 0x30
87803bd4:	f818 6001 	ldrb.w	r6, [r8, r1]
87803bd8:	0776      	lsls	r6, r6, #29
87803bda:	d4f4      	bmi.n	87803bc6 <vsnprintf+0x2b2>
87803bdc:	ea22 7ee2 	bic.w	lr, r2, r2, asr #31
87803be0:	e701      	b.n	878039e6 <vsnprintf+0xd2>
87803be2:	4623      	mov	r3, r4
87803be4:	9a05      	ldr	r2, [sp, #20]
87803be6:	1aa0      	subs	r0, r4, r2
87803be8:	42bb      	cmp	r3, r7
87803bea:	d964      	bls.n	87803cb6 <vsnprintf+0x3a2>
87803bec:	f1ba 0f00 	cmp.w	sl, #0
87803bf0:	d001      	beq.n	87803bf6 <vsnprintf+0x2e2>
87803bf2:	2300      	movs	r3, #0
87803bf4:	703b      	strb	r3, [r7, #0]
87803bf6:	b009      	add	sp, #36	; 0x24
87803bf8:	e8bd 8ff0 	ldmia.w	sp!, {r4, r5, r6, r7, r8, r9, sl, fp, pc}
87803bfc:	296c      	cmp	r1, #108	; 0x6c
87803bfe:	f000 8174 	beq.w	87803eea <vsnprintf+0x5d6>
87803c02:	3925      	subs	r1, #37	; 0x25
87803c04:	2953      	cmp	r1, #83	; 0x53
87803c06:	f200 813f 	bhi.w	87803e88 <vsnprintf+0x574>
87803c0a:	e8df f011 	tbh	[pc, r1, lsl #1]
87803c0e:	013d00ef 	teqeq	sp, pc, ror #1
87803c12:	013d013d 	teqeq	sp, sp, lsr r1
87803c16:	013d013d 	teqeq	sp, sp, lsr r1
87803c1a:	013d013d 	teqeq	sp, sp, lsr r1
87803c1e:	013d013d 	teqeq	sp, sp, lsr r1
87803c22:	013d013d 	teqeq	sp, sp, lsr r1
87803c26:	013d013d 	teqeq	sp, sp, lsr r1
87803c2a:	013d013d 	teqeq	sp, sp, lsr r1
87803c2e:	013d013d 	teqeq	sp, sp, lsr r1
87803c32:	013d013d 	teqeq	sp, sp, lsr r1
87803c36:	013d013d 	teqeq	sp, sp, lsr r1
87803c3a:	013d013d 	teqeq	sp, sp, lsr r1
87803c3e:	013d013d 	teqeq	sp, sp, lsr r1
87803c42:	013d013d 	teqeq	sp, sp, lsr r1
87803c46:	013d013d 	teqeq	sp, sp, lsr r1
87803c4a:	013d013d 	teqeq	sp, sp, lsr r1
87803c4e:	013d013d 	teqeq	sp, sp, lsr r1
87803c52:	013d013d 	teqeq	sp, sp, lsr r1
87803c56:	013d013d 	teqeq	sp, sp, lsr r1
87803c5a:	013d013d 	teqeq	sp, sp, lsr r1
87803c5e:	013d013d 	teqeq	sp, sp, lsr r1
87803c62:	013d013d 	teqeq	sp, sp, lsr r1
87803c66:	013d013d 	teqeq	sp, sp, lsr r1
87803c6a:	013d013d 	teqeq	sp, sp, lsr r1
87803c6e:	013d013d 	teqeq	sp, sp, lsr r1
87803c72:	0072013d 	rsbseq	r0, r2, sp, lsr r1
87803c76:	013d013d 	teqeq	sp, sp, lsr r1
87803c7a:	013d013d 	teqeq	sp, sp, lsr r1
87803c7e:	013d013d 	teqeq	sp, sp, lsr r1
87803c82:	013d013d 	teqeq	sp, sp, lsr r1
87803c86:	013d013d 	teqeq	sp, sp, lsr r1
87803c8a:	00bb00c1 	adcseq	r0, fp, r1, asr #1
87803c8e:	013d013d 	teqeq	sp, sp, lsr r1
87803c92:	013d013d 	teqeq	sp, sp, lsr r1
87803c96:	013d00bb 	ldrheq	r0, [sp, -fp]!
87803c9a:	013d013d 	teqeq	sp, sp, lsr r1
87803c9e:	017d013d 	cmneq	sp, sp, lsr r1
87803ca2:	009e00b7 	ldrheq	r0, [lr], r7
87803ca6:	013d013d 	teqeq	sp, sp, lsr r1
87803caa:	013d00f5 	ldrsheq	r0, [sp, -r5]!
87803cae:	013d0158 	teqeq	sp, r8, asr r1
87803cb2:	0074013d 	rsbseq	r0, r4, sp, lsr r1
87803cb6:	2200      	movs	r2, #0
87803cb8:	701a      	strb	r2, [r3, #0]
87803cba:	b009      	add	sp, #36	; 0x24
87803cbc:	e8bd 8ff0 	ldmia.w	sp!, {r4, r5, r6, r7, r8, r9, sl, fp, pc}
87803cc0:	9405      	str	r4, [sp, #20]
87803cc2:	f1c4 0a00 	rsb	sl, r4, #0
87803cc6:	4623      	mov	r3, r4
87803cc8:	2800      	cmp	r0, #0
87803cca:	d0f4      	beq.n	87803cb6 <vsnprintf+0x3a2>
87803ccc:	f04f 37ff 	mov.w	r7, #4294967295	; 0xffffffff
87803cd0:	e636      	b.n	87803940 <vsnprintf+0x2c>
87803cd2:	292a      	cmp	r1, #42	; 0x2a
87803cd4:	bf1c      	itt	ne
87803cd6:	4660      	movne	r0, ip
87803cd8:	4696      	movne	lr, r2
87803cda:	f47f ae84 	bne.w	878039e6 <vsnprintf+0xd2>
87803cde:	f8d9 2000 	ldr.w	r2, [r9]
87803ce2:	3002      	adds	r0, #2
87803ce4:	7801      	ldrb	r1, [r0, #0]
87803ce6:	f109 0904 	add.w	r9, r9, #4
87803cea:	ea22 7ee2 	bic.w	lr, r2, r2, asr #31
87803cee:	e67a      	b.n	878039e6 <vsnprintf+0xd2>
87803cf0:	4606      	mov	r6, r0
87803cf2:	f043 0340 	orr.w	r3, r3, #64	; 0x40
87803cf6:	f04f 0c10 	mov.w	ip, #16
87803cfa:	2a4c      	cmp	r2, #76	; 0x4c
87803cfc:	d01f      	beq.n	87803d3e <vsnprintf+0x42a>
87803cfe:	2a6c      	cmp	r2, #108	; 0x6c
87803d00:	f000 80df 	beq.w	87803ec2 <vsnprintf+0x5ae>
87803d04:	f022 0120 	bic.w	r1, r2, #32
87803d08:	295a      	cmp	r1, #90	; 0x5a
87803d0a:	f040 80cc 	bne.w	87803ea6 <vsnprintf+0x592>
87803d0e:	f8d9 0000 	ldr.w	r0, [r9]
87803d12:	f109 0904 	add.w	r9, r9, #4
87803d16:	2100      	movs	r1, #0
87803d18:	9303      	str	r3, [sp, #12]
87803d1a:	4602      	mov	r2, r0
87803d1c:	460b      	mov	r3, r1
87803d1e:	4620      	mov	r0, r4
87803d20:	f8cd e008 	str.w	lr, [sp, #8]
87803d24:	4639      	mov	r1, r7
87803d26:	9501      	str	r5, [sp, #4]
87803d28:	f8cd c000 	str.w	ip, [sp]
87803d2c:	f7ff fa86 	bl	8780323c <number>
87803d30:	4604      	mov	r4, r0
87803d32:	7870      	ldrb	r0, [r6, #1]
87803d34:	e612      	b.n	8780395c <vsnprintf+0x48>
87803d36:	2a4c      	cmp	r2, #76	; 0x4c
87803d38:	f04f 0c0a 	mov.w	ip, #10
87803d3c:	d1df      	bne.n	87803cfe <vsnprintf+0x3ea>
87803d3e:	e9d9 0100 	ldrd	r0, r1, [r9]
87803d42:	f109 0908 	add.w	r9, r9, #8
87803d46:	e7e7      	b.n	87803d18 <vsnprintf+0x404>
87803d48:	4606      	mov	r6, r0
87803d4a:	1c69      	adds	r1, r5, #1
87803d4c:	f04f 0110 	mov.w	r1, #16
87803d50:	bf04      	itt	eq
87803d52:	f043 0301 	orreq.w	r3, r3, #1
87803d56:	2508      	moveq	r5, #8
87803d58:	f8d9 2000 	ldr.w	r2, [r9]
87803d5c:	4620      	mov	r0, r4
87803d5e:	9303      	str	r3, [sp, #12]
87803d60:	2300      	movs	r3, #0
87803d62:	e88d 0022 	stmia.w	sp, {r1, r5}
87803d66:	4639      	mov	r1, r7
87803d68:	f8cd e008 	str.w	lr, [sp, #8]
87803d6c:	f109 0904 	add.w	r9, r9, #4
87803d70:	f7ff fa64 	bl	8780323c <number>
87803d74:	4604      	mov	r4, r0
87803d76:	7870      	ldrb	r0, [r6, #1]
87803d78:	e5f0      	b.n	8780395c <vsnprintf+0x48>
87803d7a:	4606      	mov	r6, r0
87803d7c:	f04f 0c08 	mov.w	ip, #8
87803d80:	e7bb      	b.n	87803cfa <vsnprintf+0x3e6>
87803d82:	4606      	mov	r6, r0
87803d84:	f043 0302 	orr.w	r3, r3, #2
87803d88:	f04f 0c0a 	mov.w	ip, #10
87803d8c:	e7b5      	b.n	87803cfa <vsnprintf+0x3e6>
87803d8e:	4606      	mov	r6, r0
87803d90:	06d8      	lsls	r0, r3, #27
87803d92:	d40d      	bmi.n	87803db0 <vsnprintf+0x49c>
87803d94:	3d01      	subs	r5, #1
87803d96:	2d00      	cmp	r5, #0
87803d98:	dd0a      	ble.n	87803db0 <vsnprintf+0x49c>
87803d9a:	1963      	adds	r3, r4, r5
87803d9c:	2220      	movs	r2, #32
87803d9e:	42a7      	cmp	r7, r4
87803da0:	f104 0401 	add.w	r4, r4, #1
87803da4:	bf28      	it	cs
87803da6:	f804 2c01 	strbcs.w	r2, [r4, #-1]
87803daa:	429c      	cmp	r4, r3
87803dac:	d1f7      	bne.n	87803d9e <vsnprintf+0x48a>
87803dae:	2500      	movs	r5, #0
87803db0:	f8d9 3000 	ldr.w	r3, [r9]
87803db4:	42bc      	cmp	r4, r7
87803db6:	f104 0101 	add.w	r1, r4, #1
87803dba:	f109 0004 	add.w	r0, r9, #4
87803dbe:	bf98      	it	ls
87803dc0:	7023      	strbls	r3, [r4, #0]
87803dc2:	2d01      	cmp	r5, #1
87803dc4:	bfc2      	ittt	gt
87803dc6:	1964      	addgt	r4, r4, r5
87803dc8:	460b      	movgt	r3, r1
87803dca:	2220      	movgt	r2, #32
87803dcc:	f340 80b4 	ble.w	87803f38 <vsnprintf+0x624>
87803dd0:	429f      	cmp	r7, r3
87803dd2:	f103 0301 	add.w	r3, r3, #1
87803dd6:	bf28      	it	cs
87803dd8:	f803 2c01 	strbcs.w	r2, [r3, #-1]
87803ddc:	42a3      	cmp	r3, r4
87803dde:	d1f7      	bne.n	87803dd0 <vsnprintf+0x4bc>
87803de0:	1e6c      	subs	r4, r5, #1
87803de2:	4681      	mov	r9, r0
87803de4:	440c      	add	r4, r1
87803de6:	7870      	ldrb	r0, [r6, #1]
87803de8:	e5b8      	b.n	8780395c <vsnprintf+0x48>
87803dea:	4606      	mov	r6, r0
87803dec:	42a7      	cmp	r7, r4
87803dee:	bf24      	itt	cs
87803df0:	2325      	movcs	r3, #37	; 0x25
87803df2:	7023      	strbcs	r3, [r4, #0]
87803df4:	e5b0      	b.n	87803958 <vsnprintf+0x44>
87803df6:	4606      	mov	r6, r0
87803df8:	f8d9 2000 	ldr.w	r2, [r9]
87803dfc:	4671      	mov	r1, lr
87803dfe:	9307      	str	r3, [sp, #28]
87803e00:	f109 0904 	add.w	r9, r9, #4
87803e04:	f5b2 6f80 	cmp.w	r2, #1024	; 0x400
87803e08:	bf38      	it	cc
87803e0a:	465a      	movcc	r2, fp
87803e0c:	4610      	mov	r0, r2
87803e0e:	9206      	str	r2, [sp, #24]
87803e10:	f7ff f8ae 	bl	87802f70 <strnlen>
87803e14:	9b07      	ldr	r3, [sp, #28]
87803e16:	9a06      	ldr	r2, [sp, #24]
87803e18:	f013 0f10 	tst.w	r3, #16
87803e1c:	d112      	bne.n	87803e44 <vsnprintf+0x530>
87803e1e:	4285      	cmp	r5, r0
87803e20:	f105 3eff 	add.w	lr, r5, #4294967295	; 0xffffffff
87803e24:	f340 808c 	ble.w	87803f40 <vsnprintf+0x62c>
87803e28:	1a2b      	subs	r3, r5, r0
87803e2a:	2120      	movs	r1, #32
87803e2c:	4423      	add	r3, r4
87803e2e:	42a7      	cmp	r7, r4
87803e30:	f104 0401 	add.w	r4, r4, #1
87803e34:	bf28      	it	cs
87803e36:	f804 1c01 	strbcs.w	r1, [r4, #-1]
87803e3a:	429c      	cmp	r4, r3
87803e3c:	d1f7      	bne.n	87803e2e <vsnprintf+0x51a>
87803e3e:	ebc5 050e 	rsb	r5, r5, lr
87803e42:	4405      	add	r5, r0
87803e44:	2800      	cmp	r0, #0
87803e46:	dd75      	ble.n	87803f34 <vsnprintf+0x620>
87803e48:	1823      	adds	r3, r4, r0
87803e4a:	42a7      	cmp	r7, r4
87803e4c:	f104 0401 	add.w	r4, r4, #1
87803e50:	bf28      	it	cs
87803e52:	7811      	ldrbcs	r1, [r2, #0]
87803e54:	f102 0201 	add.w	r2, r2, #1
87803e58:	bf28      	it	cs
87803e5a:	f804 1c01 	strbcs.w	r1, [r4, #-1]
87803e5e:	429c      	cmp	r4, r3
87803e60:	d1f3      	bne.n	87803e4a <vsnprintf+0x536>
87803e62:	4285      	cmp	r5, r0
87803e64:	bfdc      	itt	le
87803e66:	461c      	movle	r4, r3
87803e68:	7870      	ldrble	r0, [r6, #1]
87803e6a:	f77f ad77 	ble.w	8780395c <vsnprintf+0x48>
87803e6e:	1a28      	subs	r0, r5, r0
87803e70:	2220      	movs	r2, #32
87803e72:	181c      	adds	r4, r3, r0
87803e74:	429f      	cmp	r7, r3
87803e76:	f103 0301 	add.w	r3, r3, #1
87803e7a:	bf28      	it	cs
87803e7c:	f803 2c01 	strbcs.w	r2, [r3, #-1]
87803e80:	42a3      	cmp	r3, r4
87803e82:	d1f7      	bne.n	87803e74 <vsnprintf+0x560>
87803e84:	e755      	b.n	87803d32 <vsnprintf+0x41e>
87803e86:	4606      	mov	r6, r0
87803e88:	42a7      	cmp	r7, r4
87803e8a:	bf24      	itt	cs
87803e8c:	2325      	movcs	r3, #37	; 0x25
87803e8e:	7023      	strbcs	r3, [r4, #0]
87803e90:	1c63      	adds	r3, r4, #1
87803e92:	7832      	ldrb	r2, [r6, #0]
87803e94:	b36a      	cbz	r2, 87803ef2 <vsnprintf+0x5de>
87803e96:	42bb      	cmp	r3, r7
87803e98:	f104 0402 	add.w	r4, r4, #2
87803e9c:	bf98      	it	ls
87803e9e:	f804 2c01 	strbls.w	r2, [r4, #-1]
87803ea2:	7870      	ldrb	r0, [r6, #1]
87803ea4:	e55a      	b.n	8780395c <vsnprintf+0x48>
87803ea6:	2a68      	cmp	r2, #104	; 0x68
87803ea8:	f109 0204 	add.w	r2, r9, #4
87803eac:	f8d9 0000 	ldr.w	r0, [r9]
87803eb0:	4691      	mov	r9, r2
87803eb2:	d036      	beq.n	87803f22 <vsnprintf+0x60e>
87803eb4:	079a      	lsls	r2, r3, #30
87803eb6:	f57f af2e 	bpl.w	87803d16 <vsnprintf+0x402>
87803eba:	17c1      	asrs	r1, r0, #31
87803ebc:	e72c      	b.n	87803d18 <vsnprintf+0x404>
87803ebe:	f04f 0c0a 	mov.w	ip, #10
87803ec2:	f109 0204 	add.w	r2, r9, #4
87803ec6:	f8d9 0000 	ldr.w	r0, [r9]
87803eca:	4691      	mov	r9, r2
87803ecc:	079a      	lsls	r2, r3, #30
87803ece:	f57f af22 	bpl.w	87803d16 <vsnprintf+0x402>
87803ed2:	17c1      	asrs	r1, r0, #31
87803ed4:	e720      	b.n	87803d18 <vsnprintf+0x404>
87803ed6:	4606      	mov	r6, r0
87803ed8:	9a05      	ldr	r2, [sp, #20]
87803eda:	f109 0904 	add.w	r9, r9, #4
87803ede:	f859 3c04 	ldr.w	r3, [r9, #-4]
87803ee2:	1aa2      	subs	r2, r4, r2
87803ee4:	601a      	str	r2, [r3, #0]
87803ee6:	7870      	ldrb	r0, [r6, #1]
87803ee8:	e538      	b.n	8780395c <vsnprintf+0x48>
87803eea:	7881      	ldrb	r1, [r0, #2]
87803eec:	224c      	movs	r2, #76	; 0x4c
87803eee:	3002      	adds	r0, #2
87803ef0:	e589      	b.n	87803a06 <vsnprintf+0xf2>
87803ef2:	461c      	mov	r4, r3
87803ef4:	e676      	b.n	87803be4 <vsnprintf+0x2d0>
87803ef6:	4606      	mov	r6, r0
87803ef8:	e6fd      	b.n	87803cf6 <vsnprintf+0x3e2>
87803efa:	2a4c      	cmp	r2, #76	; 0x4c
87803efc:	4606      	mov	r6, r0
87803efe:	f04f 0c0a 	mov.w	ip, #10
87803f02:	f47f aeff 	bne.w	87803d04 <vsnprintf+0x3f0>
87803f06:	e71a      	b.n	87803d3e <vsnprintf+0x42a>
87803f08:	9a05      	ldr	r2, [sp, #20]
87803f0a:	f109 0904 	add.w	r9, r9, #4
87803f0e:	f859 3c04 	ldr.w	r3, [r9, #-4]
87803f12:	1aa2      	subs	r2, r4, r2
87803f14:	601a      	str	r2, [r3, #0]
87803f16:	7880      	ldrb	r0, [r0, #2]
87803f18:	e520      	b.n	8780395c <vsnprintf+0x48>
87803f1a:	2000      	movs	r0, #0
87803f1c:	b009      	add	sp, #36	; 0x24
87803f1e:	e8bd 8ff0 	ldmia.w	sp!, {r4, r5, r6, r7, r8, r9, sl, fp, pc}
87803f22:	0799      	lsls	r1, r3, #30
87803f24:	bf4d      	iteet	mi
87803f26:	b200      	sxthmi	r0, r0
87803f28:	b280      	uxthpl	r0, r0
87803f2a:	2100      	movpl	r1, #0
87803f2c:	17c1      	asrmi	r1, r0, #31
87803f2e:	e6f3      	b.n	87803d18 <vsnprintf+0x404>
87803f30:	4623      	mov	r3, r4
87803f32:	e659      	b.n	87803be8 <vsnprintf+0x2d4>
87803f34:	4623      	mov	r3, r4
87803f36:	e794      	b.n	87803e62 <vsnprintf+0x54e>
87803f38:	4681      	mov	r9, r0
87803f3a:	460c      	mov	r4, r1
87803f3c:	7870      	ldrb	r0, [r6, #1]
87803f3e:	e50d      	b.n	8780395c <vsnprintf+0x48>
87803f40:	4675      	mov	r5, lr
87803f42:	e77f      	b.n	87803e44 <vsnprintf+0x530>

87803f44 <vscnprintf>:
87803f44:	b510      	push	{r4, lr}
87803f46:	460c      	mov	r4, r1
87803f48:	f7ff fce4 	bl	87803914 <vsnprintf>
87803f4c:	4284      	cmp	r4, r0
87803f4e:	bf98      	it	ls
87803f50:	f104 30ff 	addls.w	r0, r4, #4294967295	; 0xffffffff
87803f54:	bd10      	pop	{r4, pc}
87803f56:	bf00      	nop

87803f58 <snprintf>:
87803f58:	b40c      	push	{r2, r3}
87803f5a:	b508      	push	{r3, lr}
87803f5c:	ab03      	add	r3, sp, #12
87803f5e:	9a02      	ldr	r2, [sp, #8]
87803f60:	f7ff fcd8 	bl	87803914 <vsnprintf>
87803f64:	e8bd 4008 	ldmia.w	sp!, {r3, lr}
87803f68:	b002      	add	sp, #8
87803f6a:	4770      	bx	lr

87803f6c <scnprintf>:
87803f6c:	b40c      	push	{r2, r3}
87803f6e:	b510      	push	{r4, lr}
87803f70:	460c      	mov	r4, r1
87803f72:	ab03      	add	r3, sp, #12
87803f74:	9a02      	ldr	r2, [sp, #8]
87803f76:	f7ff fccd 	bl	87803914 <vsnprintf>
87803f7a:	4284      	cmp	r4, r0
87803f7c:	bf98      	it	ls
87803f7e:	f104 30ff 	addls.w	r0, r4, #4294967295	; 0xffffffff
87803f82:	e8bd 4010 	ldmia.w	sp!, {r4, lr}
87803f86:	b002      	add	sp, #8
87803f88:	4770      	bx	lr
87803f8a:	bf00      	nop

87803f8c <vsprintf>:
87803f8c:	4613      	mov	r3, r2
87803f8e:	460a      	mov	r2, r1
87803f90:	f06f 4100 	mvn.w	r1, #2147483648	; 0x80000000
87803f94:	f7ff bcbe 	b.w	87803914 <vsnprintf>

87803f98 <sprintf>:
87803f98:	b40e      	push	{r1, r2, r3}
87803f9a:	f06f 4100 	mvn.w	r1, #2147483648	; 0x80000000
87803f9e:	b500      	push	{lr}
87803fa0:	ab02      	add	r3, sp, #8
87803fa2:	9a01      	ldr	r2, [sp, #4]
87803fa4:	f7ff fcb6 	bl	87803914 <vsnprintf>
87803fa8:	f85d eb04 	ldr.w	lr, [sp], #4
87803fac:	b003      	add	sp, #12
87803fae:	4770      	bx	lr

87803fb0 <vsscanf>:
87803fb0:	e92d 4ff0 	stmdb	sp!, {r4, r5, r6, r7, r8, r9, sl, fp, lr}
87803fb4:	f249 24b0 	movw	r4, #37552	; 0x92b0
87803fb8:	780b      	ldrb	r3, [r1, #0]
87803fba:	f2c8 7480 	movt	r4, #34688	; 0x8780
87803fbe:	b083      	sub	sp, #12
87803fc0:	4607      	mov	r7, r0
87803fc2:	460d      	mov	r5, r1
87803fc4:	4696      	mov	lr, r2
87803fc6:	46a0      	mov	r8, r4
87803fc8:	2600      	movs	r6, #0
87803fca:	b143      	cbz	r3, 87803fde <vsscanf+0x2e>
87803fcc:	7801      	ldrb	r1, [r0, #0]
87803fce:	b131      	cbz	r1, 87803fde <vsscanf+0x2e>
87803fd0:	5ce2      	ldrb	r2, [r4, r3]
87803fd2:	0692      	lsls	r2, r2, #26
87803fd4:	d407      	bmi.n	87803fe6 <vsscanf+0x36>
87803fd6:	2b25      	cmp	r3, #37	; 0x25
87803fd8:	d020      	beq.n	8780401c <vsscanf+0x6c>
87803fda:	428b      	cmp	r3, r1
87803fdc:	d018      	beq.n	87804010 <vsscanf+0x60>
87803fde:	4630      	mov	r0, r6
87803fe0:	b003      	add	sp, #12
87803fe2:	e8bd 8ff0 	ldmia.w	sp!, {r4, r5, r6, r7, r8, r9, sl, fp, pc}
87803fe6:	f815 3f01 	ldrb.w	r3, [r5, #1]!
87803fea:	5ce2      	ldrb	r2, [r4, r3]
87803fec:	0692      	lsls	r2, r2, #26
87803fee:	d4fa      	bmi.n	87803fe6 <vsscanf+0x36>
87803ff0:	f818 2001 	ldrb.w	r2, [r8, r1]
87803ff4:	0691      	lsls	r1, r2, #26
87803ff6:	d504      	bpl.n	87804002 <vsscanf+0x52>
87803ff8:	f810 2f01 	ldrb.w	r2, [r0, #1]!
87803ffc:	5ca2      	ldrb	r2, [r4, r2]
87803ffe:	0692      	lsls	r2, r2, #26
87804000:	d4fa      	bmi.n	87803ff8 <vsscanf+0x48>
87804002:	2b00      	cmp	r3, #0
87804004:	bf18      	it	ne
87804006:	2b25      	cmpne	r3, #37	; 0x25
87804008:	d006      	beq.n	87804018 <vsscanf+0x68>
8780400a:	7801      	ldrb	r1, [r0, #0]
8780400c:	428b      	cmp	r3, r1
8780400e:	d1e6      	bne.n	87803fde <vsscanf+0x2e>
87804010:	786b      	ldrb	r3, [r5, #1]
87804012:	3001      	adds	r0, #1
87804014:	3501      	adds	r5, #1
87804016:	e7d8      	b.n	87803fca <vsscanf+0x1a>
87804018:	2b00      	cmp	r3, #0
8780401a:	d0e0      	beq.n	87803fde <vsscanf+0x2e>
8780401c:	786b      	ldrb	r3, [r5, #1]
8780401e:	3501      	adds	r5, #1
87804020:	2b2a      	cmp	r3, #42	; 0x2a
87804022:	f000 80f1 	beq.w	87804208 <vsscanf+0x258>
87804026:	5ce2      	ldrb	r2, [r4, r3]
87804028:	4619      	mov	r1, r3
8780402a:	0752      	lsls	r2, r2, #29
8780402c:	bf5c      	itt	pl
8780402e:	4619      	movpl	r1, r3
87804030:	f04f 33ff 	movpl.w	r3, #4294967295	; 0xffffffff
87804034:	d50a      	bpl.n	8780404c <vsscanf+0x9c>
87804036:	2300      	movs	r3, #0
87804038:	00da      	lsls	r2, r3, #3
8780403a:	eb02 0343 	add.w	r3, r2, r3, lsl #1
8780403e:	440b      	add	r3, r1
87804040:	f815 1f01 	ldrb.w	r1, [r5, #1]!
87804044:	3b30      	subs	r3, #48	; 0x30
87804046:	5c62      	ldrb	r2, [r4, r1]
87804048:	0752      	lsls	r2, r2, #29
8780404a:	d4f5      	bmi.n	87804038 <vsscanf+0x88>
8780404c:	f001 02df 	and.w	r2, r1, #223	; 0xdf
87804050:	46a9      	mov	r9, r5
87804052:	2a5a      	cmp	r2, #90	; 0x5a
87804054:	bf18      	it	ne
87804056:	2a4c      	cmpne	r2, #76	; 0x4c
87804058:	f04f 3cff 	mov.w	ip, #4294967295	; 0xffffffff
8780405c:	bf0c      	ite	eq
8780405e:	2201      	moveq	r2, #1
87804060:	2200      	movne	r2, #0
87804062:	2968      	cmp	r1, #104	; 0x68
87804064:	bf08      	it	eq
87804066:	f042 0201 	orreq.w	r2, r2, #1
8780406a:	2a00      	cmp	r2, #0
8780406c:	f040 80b8 	bne.w	878041e0 <vsscanf+0x230>
87804070:	2900      	cmp	r1, #0
87804072:	d0b4      	beq.n	87803fde <vsscanf+0x2e>
87804074:	f890 a000 	ldrb.w	sl, [r0]
87804078:	f1ba 0f00 	cmp.w	sl, #0
8780407c:	d0af      	beq.n	87803fde <vsscanf+0x2e>
8780407e:	3925      	subs	r1, #37	; 0x25
87804080:	f109 0501 	add.w	r5, r9, #1
87804084:	2953      	cmp	r1, #83	; 0x53
87804086:	d8aa      	bhi.n	87803fde <vsscanf+0x2e>
87804088:	a201      	add	r2, pc, #4	; (adr r2, 87804090 <vsscanf+0xe0>)
8780408a:	f852 f021 	ldr.w	pc, [r2, r1, lsl #2]
8780408e:	bf00      	nop
87804090:	8780430d 	strhi	r4, [r0, sp, lsl #6]
87804094:	87803fdf 			; <UNDEFINED> instruction: 0x87803fdf
87804098:	87803fdf 			; <UNDEFINED> instruction: 0x87803fdf
8780409c:	87803fdf 			; <UNDEFINED> instruction: 0x87803fdf
878040a0:	87803fdf 			; <UNDEFINED> instruction: 0x87803fdf
878040a4:	87803fdf 			; <UNDEFINED> instruction: 0x87803fdf
878040a8:	87803fdf 			; <UNDEFINED> instruction: 0x87803fdf
878040ac:	87803fdf 			; <UNDEFINED> instruction: 0x87803fdf
878040b0:	87803fdf 			; <UNDEFINED> instruction: 0x87803fdf
878040b4:	87803fdf 			; <UNDEFINED> instruction: 0x87803fdf
878040b8:	87803fdf 			; <UNDEFINED> instruction: 0x87803fdf
878040bc:	87803fdf 			; <UNDEFINED> instruction: 0x87803fdf
878040c0:	87803fdf 			; <UNDEFINED> instruction: 0x87803fdf
878040c4:	87803fdf 			; <UNDEFINED> instruction: 0x87803fdf
878040c8:	87803fdf 			; <UNDEFINED> instruction: 0x87803fdf
878040cc:	87803fdf 			; <UNDEFINED> instruction: 0x87803fdf
878040d0:	87803fdf 			; <UNDEFINED> instruction: 0x87803fdf
878040d4:	87803fdf 			; <UNDEFINED> instruction: 0x87803fdf
878040d8:	87803fdf 			; <UNDEFINED> instruction: 0x87803fdf
878040dc:	87803fdf 			; <UNDEFINED> instruction: 0x87803fdf
878040e0:	87803fdf 			; <UNDEFINED> instruction: 0x87803fdf
878040e4:	87803fdf 			; <UNDEFINED> instruction: 0x87803fdf
878040e8:	87803fdf 			; <UNDEFINED> instruction: 0x87803fdf
878040ec:	87803fdf 			; <UNDEFINED> instruction: 0x87803fdf
878040f0:	87803fdf 			; <UNDEFINED> instruction: 0x87803fdf
878040f4:	87803fdf 			; <UNDEFINED> instruction: 0x87803fdf
878040f8:	87803fdf 			; <UNDEFINED> instruction: 0x87803fdf
878040fc:	87803fdf 			; <UNDEFINED> instruction: 0x87803fdf
87804100:	87803fdf 			; <UNDEFINED> instruction: 0x87803fdf
87804104:	87803fdf 			; <UNDEFINED> instruction: 0x87803fdf
87804108:	87803fdf 			; <UNDEFINED> instruction: 0x87803fdf
8780410c:	87803fdf 			; <UNDEFINED> instruction: 0x87803fdf
87804110:	87803fdf 			; <UNDEFINED> instruction: 0x87803fdf
87804114:	87803fdf 			; <UNDEFINED> instruction: 0x87803fdf
87804118:	87803fdf 			; <UNDEFINED> instruction: 0x87803fdf
8780411c:	87803fdf 			; <UNDEFINED> instruction: 0x87803fdf
87804120:	87803fdf 			; <UNDEFINED> instruction: 0x87803fdf
87804124:	87803fdf 			; <UNDEFINED> instruction: 0x87803fdf
87804128:	87803fdf 			; <UNDEFINED> instruction: 0x87803fdf
8780412c:	87803fdf 			; <UNDEFINED> instruction: 0x87803fdf
87804130:	87803fdf 			; <UNDEFINED> instruction: 0x87803fdf
87804134:	87803fdf 			; <UNDEFINED> instruction: 0x87803fdf
87804138:	87803fdf 			; <UNDEFINED> instruction: 0x87803fdf
8780413c:	87803fdf 			; <UNDEFINED> instruction: 0x87803fdf
87804140:	87803fdf 			; <UNDEFINED> instruction: 0x87803fdf
87804144:	87803fdf 			; <UNDEFINED> instruction: 0x87803fdf
87804148:	87803fdf 			; <UNDEFINED> instruction: 0x87803fdf
8780414c:	87803fdf 			; <UNDEFINED> instruction: 0x87803fdf
87804150:	87803fdf 			; <UNDEFINED> instruction: 0x87803fdf
87804154:	87803fdf 			; <UNDEFINED> instruction: 0x87803fdf
87804158:	87803fdf 			; <UNDEFINED> instruction: 0x87803fdf
8780415c:	8780431d 	usada8hi	r0, sp, r3, r4
87804160:	87803fdf 			; <UNDEFINED> instruction: 0x87803fdf
87804164:	87803fdf 			; <UNDEFINED> instruction: 0x87803fdf
87804168:	87803fdf 			; <UNDEFINED> instruction: 0x87803fdf
8780416c:	87803fdf 			; <UNDEFINED> instruction: 0x87803fdf
87804170:	87803fdf 			; <UNDEFINED> instruction: 0x87803fdf
87804174:	87803fdf 			; <UNDEFINED> instruction: 0x87803fdf
87804178:	87803fdf 			; <UNDEFINED> instruction: 0x87803fdf
8780417c:	87803fdf 			; <UNDEFINED> instruction: 0x87803fdf
87804180:	87803fdf 			; <UNDEFINED> instruction: 0x87803fdf
87804184:	87803fdf 			; <UNDEFINED> instruction: 0x87803fdf
87804188:	878043ed 	strhi	r4, [r0, sp, ror #7]
8780418c:	8780441f 	usada8hi	r0, pc, r4, r4	; <UNPREDICTABLE>
87804190:	87803fdf 			; <UNDEFINED> instruction: 0x87803fdf
87804194:	87803fdf 			; <UNDEFINED> instruction: 0x87803fdf
87804198:	87803fdf 			; <UNDEFINED> instruction: 0x87803fdf
8780419c:	87803fdf 			; <UNDEFINED> instruction: 0x87803fdf
878041a0:	87804243 	strhi	r4, [r0, r3, asr #4]
878041a4:	87803fdf 			; <UNDEFINED> instruction: 0x87803fdf
878041a8:	87803fdf 			; <UNDEFINED> instruction: 0x87803fdf
878041ac:	87803fdf 			; <UNDEFINED> instruction: 0x87803fdf
878041b0:	87803fdf 			; <UNDEFINED> instruction: 0x87803fdf
878041b4:	878043db 			; <UNDEFINED> instruction: 0x878043db
878041b8:	87804351 			; <UNDEFINED> instruction: 0x87804351
878041bc:	87803fdf 			; <UNDEFINED> instruction: 0x87803fdf
878041c0:	87803fdf 			; <UNDEFINED> instruction: 0x87803fdf
878041c4:	87803fdf 			; <UNDEFINED> instruction: 0x87803fdf
878041c8:	8780437f 			; <UNDEFINED> instruction: 0x8780437f
878041cc:	87803fdf 			; <UNDEFINED> instruction: 0x87803fdf
878041d0:	87804337 			; <UNDEFINED> instruction: 0x87804337
878041d4:	87803fdf 			; <UNDEFINED> instruction: 0x87803fdf
878041d8:	87803fdf 			; <UNDEFINED> instruction: 0x87803fdf
878041dc:	8780431d 	usada8hi	r0, sp, r3, r4
878041e0:	786a      	ldrb	r2, [r5, #1]
878041e2:	468c      	mov	ip, r1
878041e4:	f105 0901 	add.w	r9, r5, #1
878041e8:	4291      	cmp	r1, r2
878041ea:	bf18      	it	ne
878041ec:	4611      	movne	r1, r2
878041ee:	f47f af3f 	bne.w	87804070 <vsscanf+0xc0>
878041f2:	2968      	cmp	r1, #104	; 0x68
878041f4:	f000 8199 	beq.w	8780452a <vsscanf+0x57a>
878041f8:	296c      	cmp	r1, #108	; 0x6c
878041fa:	bf02      	ittt	eq
878041fc:	f105 0902 	addeq.w	r9, r5, #2
87804200:	78a9      	ldrbeq	r1, [r5, #2]
87804202:	f04f 0c4c 	moveq.w	ip, #76	; 0x4c
87804206:	e733      	b.n	87804070 <vsscanf+0xc0>
87804208:	f894 202a 	ldrb.w	r2, [r4, #42]	; 0x2a
8780420c:	0691      	lsls	r1, r2, #26
8780420e:	d40a      	bmi.n	87804226 <vsscanf+0x276>
87804210:	f815 3f01 	ldrb.w	r3, [r5, #1]!
87804214:	5ce2      	ldrb	r2, [r4, r3]
87804216:	1c19      	adds	r1, r3, #0
87804218:	bf18      	it	ne
8780421a:	2101      	movne	r1, #1
8780421c:	f082 0220 	eor.w	r2, r2, #32
87804220:	ea11 1252 	ands.w	r2, r1, r2, lsr #5
87804224:	d1f4      	bne.n	87804210 <vsscanf+0x260>
87804226:	7802      	ldrb	r2, [r0, #0]
87804228:	e001      	b.n	8780422e <vsscanf+0x27e>
8780422a:	f810 2f01 	ldrb.w	r2, [r0, #1]!
8780422e:	5ca1      	ldrb	r1, [r4, r2]
87804230:	3200      	adds	r2, #0
87804232:	bf18      	it	ne
87804234:	2201      	movne	r2, #1
87804236:	f081 0120 	eor.w	r1, r1, #32
8780423a:	ea12 1251 	ands.w	r2, r2, r1, lsr #5
8780423e:	d1f4      	bne.n	8780422a <vsscanf+0x27a>
87804240:	e6c3      	b.n	87803fca <vsscanf+0x1a>
87804242:	2200      	movs	r2, #0
87804244:	f814 300a 	ldrb.w	r3, [r4, sl]
87804248:	0699      	lsls	r1, r3, #26
8780424a:	bf44      	itt	mi
8780424c:	2101      	movmi	r1, #1
8780424e:	468b      	movmi	fp, r1
87804250:	f140 8171 	bpl.w	87804536 <vsscanf+0x586>
87804254:	f810 3f01 	ldrb.w	r3, [r0, #1]!
87804258:	f814 a003 	ldrb.w	sl, [r4, r3]
8780425c:	f01a 0f20 	tst.w	sl, #32
87804260:	d1f8      	bne.n	87804254 <vsscanf+0x2a4>
87804262:	2b2d      	cmp	r3, #45	; 0x2d
87804264:	bf14      	ite	ne
87804266:	2100      	movne	r1, #0
87804268:	f001 0101 	andeq.w	r1, r1, #1
8780426c:	469a      	mov	sl, r3
8780426e:	b109      	cbz	r1, 87804274 <vsscanf+0x2c4>
87804270:	f890 a001 	ldrb.w	sl, [r0, #1]
87804274:	f1ba 0f00 	cmp.w	sl, #0
87804278:	f43f aeb1 	beq.w	87803fde <vsscanf+0x2e>
8780427c:	2a10      	cmp	r2, #16
8780427e:	f000 8120 	beq.w	878044c2 <vsscanf+0x512>
87804282:	2a0a      	cmp	r2, #10
87804284:	d002      	beq.n	8780428c <vsscanf+0x2dc>
87804286:	2a08      	cmp	r2, #8
87804288:	d06b      	beq.n	87804362 <vsscanf+0x3b2>
8780428a:	b922      	cbnz	r2, 87804296 <vsscanf+0x2e6>
8780428c:	f814 300a 	ldrb.w	r3, [r4, sl]
87804290:	0759      	lsls	r1, r3, #29
87804292:	f57f aea4 	bpl.w	87803fde <vsscanf+0x2e>
87804296:	f1ac 0c48 	sub.w	ip, ip, #72	; 0x48
8780429a:	f1bc 0f32 	cmp.w	ip, #50	; 0x32
8780429e:	f200 810a 	bhi.w	878044b6 <vsscanf+0x506>
878042a2:	e8df f01c 	tbh	[pc, ip, lsl #1]
878042a6:	010800ec 	smlatteq	r8, ip, r0, r0
878042aa:	01080108 	tsteq	r8, r8, lsl #2
878042ae:	010800fa 	strdeq	r0, [r8, -sl]
878042b2:	01080108 	tsteq	r8, r8, lsl #2
878042b6:	01080108 	tsteq	r8, r8, lsl #2
878042ba:	01080108 	tsteq	r8, r8, lsl #2
878042be:	01080108 	tsteq	r8, r8, lsl #2
878042c2:	01080108 	tsteq	r8, r8, lsl #2
878042c6:	01080108 	tsteq	r8, r8, lsl #2
878042ca:	010800da 	ldrdeq	r0, [r8, -sl]
878042ce:	01080108 	tsteq	r8, r8, lsl #2
878042d2:	01080108 	tsteq	r8, r8, lsl #2
878042d6:	01080108 	tsteq	r8, r8, lsl #2
878042da:	01080108 	tsteq	r8, r8, lsl #2
878042de:	01080108 	tsteq	r8, r8, lsl #2
878042e2:	01080108 	tsteq	r8, r8, lsl #2
878042e6:	010800cc 	smlabteq	r8, ip, r0, r0
878042ea:	01080108 	tsteq	r8, r8, lsl #2
878042ee:	010800be 	strheq	r0, [r8, -lr]
878042f2:	01080108 	tsteq	r8, r8, lsl #2
878042f6:	01080108 	tsteq	r8, r8, lsl #2
878042fa:	01080108 	tsteq	r8, r8, lsl #2
878042fe:	01080108 	tsteq	r8, r8, lsl #2
87804302:	01080108 	tsteq	r8, r8, lsl #2
87804306:	01080108 	tsteq	r8, r8, lsl #2
8780430a:	f1ba00da 			; <UNDEFINED> instruction: 0xf1ba00da
8780430e:	0f25      	lsrs	r5, r4, #28
87804310:	f47f ae65 	bne.w	87803fde <vsscanf+0x2e>
87804314:	3001      	adds	r0, #1
87804316:	f899 3001 	ldrb.w	r3, [r9, #1]
8780431a:	e656      	b.n	87803fca <vsscanf+0x1a>
8780431c:	f814 300a 	ldrb.w	r3, [r4, sl]
87804320:	2210      	movs	r2, #16
87804322:	f003 0320 	and.w	r3, r3, #32
87804326:	f003 0bff 	and.w	fp, r3, #255	; 0xff
8780432a:	2b00      	cmp	r3, #0
8780432c:	f000 80c9 	beq.w	878044c2 <vsscanf+0x512>
87804330:	2100      	movs	r1, #0
87804332:	468b      	mov	fp, r1
87804334:	e78e      	b.n	87804254 <vsscanf+0x2a4>
87804336:	f814 300a 	ldrb.w	r3, [r4, sl]
8780433a:	220a      	movs	r2, #10
8780433c:	f003 0320 	and.w	r3, r3, #32
87804340:	f003 0bff 	and.w	fp, r3, #255	; 0xff
87804344:	2b00      	cmp	r3, #0
87804346:	d0a1      	beq.n	8780428c <vsscanf+0x2dc>
87804348:	2100      	movs	r1, #0
8780434a:	220a      	movs	r2, #10
8780434c:	468b      	mov	fp, r1
8780434e:	e781      	b.n	87804254 <vsscanf+0x2a4>
87804350:	f814 300a 	ldrb.w	r3, [r4, sl]
87804354:	2208      	movs	r2, #8
87804356:	f003 0320 	and.w	r3, r3, #32
8780435a:	f003 0bff 	and.w	fp, r3, #255	; 0xff
8780435e:	2b00      	cmp	r3, #0
87804360:	d1e6      	bne.n	87804330 <vsscanf+0x380>
87804362:	f814 300a 	ldrb.w	r3, [r4, sl]
87804366:	f083 0304 	eor.w	r3, r3, #4
8780436a:	f3c3 0380 	ubfx	r3, r3, #2, #1
8780436e:	f1ba 0f37 	cmp.w	sl, #55	; 0x37
87804372:	bf88      	it	hi
87804374:	f043 0301 	orrhi.w	r3, r3, #1
87804378:	2b00      	cmp	r3, #0
8780437a:	d08c      	beq.n	87804296 <vsscanf+0x2e6>
8780437c:	e62f      	b.n	87803fde <vsscanf+0x2e>
8780437e:	1c5a      	adds	r2, r3, #1
87804380:	f10e 0c04 	add.w	ip, lr, #4
87804384:	f8de 1000 	ldr.w	r1, [lr]
87804388:	f000 80a2 	beq.w	878044d0 <vsscanf+0x520>
8780438c:	f814 200a 	ldrb.w	r2, [r4, sl]
87804390:	0692      	lsls	r2, r2, #26
87804392:	bf58      	it	pl
87804394:	4652      	movpl	r2, sl
87804396:	d507      	bpl.n	878043a8 <vsscanf+0x3f8>
87804398:	f810 af01 	ldrb.w	sl, [r0, #1]!
8780439c:	f814 200a 	ldrb.w	r2, [r4, sl]
878043a0:	0692      	lsls	r2, r2, #26
878043a2:	d4f9      	bmi.n	87804398 <vsscanf+0x3e8>
878043a4:	4652      	mov	r2, sl
878043a6:	b18a      	cbz	r2, 878043cc <vsscanf+0x41c>
878043a8:	b183      	cbz	r3, 878043cc <vsscanf+0x41c>
878043aa:	f100 0e01 	add.w	lr, r0, #1
878043ae:	e006      	b.n	878043be <vsscanf+0x40e>
878043b0:	f814 a002 	ldrb.w	sl, [r4, r2]
878043b4:	f01a 0f20 	tst.w	sl, #32
878043b8:	d108      	bne.n	878043cc <vsscanf+0x41c>
878043ba:	3b01      	subs	r3, #1
878043bc:	d006      	beq.n	878043cc <vsscanf+0x41c>
878043be:	f801 2b01 	strb.w	r2, [r1], #1
878043c2:	4670      	mov	r0, lr
878043c4:	f81e 2b01 	ldrb.w	r2, [lr], #1
878043c8:	2a00      	cmp	r2, #0
878043ca:	d1f1      	bne.n	878043b0 <vsscanf+0x400>
878043cc:	2300      	movs	r3, #0
878043ce:	3601      	adds	r6, #1
878043d0:	700b      	strb	r3, [r1, #0]
878043d2:	46e6      	mov	lr, ip
878043d4:	f899 3001 	ldrb.w	r3, [r9, #1]
878043d8:	e5f7      	b.n	87803fca <vsscanf+0x1a>
878043da:	f8de 3000 	ldr.w	r3, [lr]
878043de:	1bc2      	subs	r2, r0, r7
878043e0:	f10e 0e04 	add.w	lr, lr, #4
878043e4:	601a      	str	r2, [r3, #0]
878043e6:	f899 3001 	ldrb.w	r3, [r9, #1]
878043ea:	e5ee      	b.n	87803fca <vsscanf+0x1a>
878043ec:	f8de 1000 	ldr.w	r1, [lr]
878043f0:	1c5a      	adds	r2, r3, #1
878043f2:	bf08      	it	eq
878043f4:	2301      	moveq	r3, #1
878043f6:	1c42      	adds	r2, r0, #1
878043f8:	f10e 0e04 	add.w	lr, lr, #4
878043fc:	f101 3cff 	add.w	ip, r1, #4294967295	; 0xffffffff
87804400:	e003      	b.n	8780440a <vsscanf+0x45a>
87804402:	f812 1b01 	ldrb.w	r1, [r2], #1
87804406:	468a      	mov	sl, r1
87804408:	b129      	cbz	r1, 87804416 <vsscanf+0x466>
8780440a:	3b01      	subs	r3, #1
8780440c:	f80c af01 	strb.w	sl, [ip, #1]!
87804410:	2b00      	cmp	r3, #0
87804412:	4610      	mov	r0, r2
87804414:	dcf5      	bgt.n	87804402 <vsscanf+0x452>
87804416:	3601      	adds	r6, #1
87804418:	f899 3001 	ldrb.w	r3, [r9, #1]
8780441c:	e5d5      	b.n	87803fca <vsscanf+0x1a>
8780441e:	220a      	movs	r2, #10
87804420:	e710      	b.n	87804244 <vsscanf+0x294>
87804422:	f8de a000 	ldr.w	sl, [lr]
87804426:	f1bb 0f00 	cmp.w	fp, #0
8780442a:	d018      	beq.n	8780445e <vsscanf+0x4ae>
8780442c:	f10e 0b04 	add.w	fp, lr, #4
87804430:	a901      	add	r1, sp, #4
87804432:	f7ff f9ad 	bl	87803790 <simple_strtol>
87804436:	46de      	mov	lr, fp
87804438:	f8ca 0000 	str.w	r0, [sl]
8780443c:	e017      	b.n	8780446e <vsscanf+0x4be>
8780443e:	f8de a000 	ldr.w	sl, [lr]
87804442:	f1bb 0f00 	cmp.w	fp, #0
87804446:	d05c      	beq.n	87804502 <vsscanf+0x552>
87804448:	f10e 0b04 	add.w	fp, lr, #4
8780444c:	a901      	add	r1, sp, #4
8780444e:	f7ff f99f 	bl	87803790 <simple_strtol>
87804452:	46de      	mov	lr, fp
87804454:	f8aa 0000 	strh.w	r0, [sl]
87804458:	e009      	b.n	8780446e <vsscanf+0x4be>
8780445a:	f8de a000 	ldr.w	sl, [lr]
8780445e:	f10e 0b04 	add.w	fp, lr, #4
87804462:	a901      	add	r1, sp, #4
87804464:	f7ff f90e 	bl	87803684 <simple_strtoul>
87804468:	46de      	mov	lr, fp
8780446a:	f8ca 0000 	str.w	r0, [sl]
8780446e:	9801      	ldr	r0, [sp, #4]
87804470:	3601      	adds	r6, #1
87804472:	2800      	cmp	r0, #0
87804474:	f43f adb3 	beq.w	87803fde <vsscanf+0x2e>
87804478:	f899 3001 	ldrb.w	r3, [r9, #1]
8780447c:	e5a5      	b.n	87803fca <vsscanf+0x1a>
8780447e:	f8de a000 	ldr.w	sl, [lr]
87804482:	f1bb 0f00 	cmp.w	fp, #0
87804486:	d033      	beq.n	878044f0 <vsscanf+0x540>
87804488:	f10e 0b04 	add.w	fp, lr, #4
8780448c:	a901      	add	r1, sp, #4
8780448e:	f7ff f97f 	bl	87803790 <simple_strtol>
87804492:	46de      	mov	lr, fp
87804494:	f88a 0000 	strb.w	r0, [sl]
87804498:	e7e9      	b.n	8780446e <vsscanf+0x4be>
8780449a:	f8de a000 	ldr.w	sl, [lr]
8780449e:	f1bb 0f00 	cmp.w	fp, #0
878044a2:	d01c      	beq.n	878044de <vsscanf+0x52e>
878044a4:	f10e 0b04 	add.w	fp, lr, #4
878044a8:	a901      	add	r1, sp, #4
878044aa:	f7ff fa23 	bl	878038f4 <simple_strtoll>
878044ae:	46de      	mov	lr, fp
878044b0:	e9ca 0100 	strd	r0, r1, [sl]
878044b4:	e7db      	b.n	8780446e <vsscanf+0x4be>
878044b6:	f1bb 0f00 	cmp.w	fp, #0
878044ba:	d02b      	beq.n	87804514 <vsscanf+0x564>
878044bc:	f8de a000 	ldr.w	sl, [lr]
878044c0:	e7b4      	b.n	8780442c <vsscanf+0x47c>
878044c2:	f814 300a 	ldrb.w	r3, [r4, sl]
878044c6:	f013 0f44 	tst.w	r3, #68	; 0x44
878044ca:	f47f aee4 	bne.w	87804296 <vsscanf+0x2e6>
878044ce:	e586      	b.n	87803fde <vsscanf+0x2e>
878044d0:	f814 300a 	ldrb.w	r3, [r4, sl]
878044d4:	069b      	lsls	r3, r3, #26
878044d6:	d535      	bpl.n	87804544 <vsscanf+0x594>
878044d8:	f06f 4300 	mvn.w	r3, #2147483648	; 0x80000000
878044dc:	e75c      	b.n	87804398 <vsscanf+0x3e8>
878044de:	f10e 0b04 	add.w	fp, lr, #4
878044e2:	a901      	add	r1, sp, #4
878044e4:	f7ff f962 	bl	878037ac <simple_strtoull>
878044e8:	46de      	mov	lr, fp
878044ea:	e9ca 0100 	strd	r0, r1, [sl]
878044ee:	e7be      	b.n	8780446e <vsscanf+0x4be>
878044f0:	f10e 0b04 	add.w	fp, lr, #4
878044f4:	a901      	add	r1, sp, #4
878044f6:	f7ff f8c5 	bl	87803684 <simple_strtoul>
878044fa:	46de      	mov	lr, fp
878044fc:	f88a 0000 	strb.w	r0, [sl]
87804500:	e7b5      	b.n	8780446e <vsscanf+0x4be>
87804502:	f10e 0b04 	add.w	fp, lr, #4
87804506:	a901      	add	r1, sp, #4
87804508:	f7ff f8bc 	bl	87803684 <simple_strtoul>
8780450c:	46de      	mov	lr, fp
8780450e:	f8aa 0000 	strh.w	r0, [sl]
87804512:	e7ac      	b.n	8780446e <vsscanf+0x4be>
87804514:	f8de a000 	ldr.w	sl, [lr]
87804518:	f10e 0b04 	add.w	fp, lr, #4
8780451c:	a901      	add	r1, sp, #4
8780451e:	f7ff f8b1 	bl	87803684 <simple_strtoul>
87804522:	46de      	mov	lr, fp
87804524:	f8ca 0000 	str.w	r0, [sl]
87804528:	e7a1      	b.n	8780446e <vsscanf+0x4be>
8780452a:	f105 0902 	add.w	r9, r5, #2
8780452e:	78a9      	ldrb	r1, [r5, #2]
87804530:	f04f 0c48 	mov.w	ip, #72	; 0x48
87804534:	e59c      	b.n	87804070 <vsscanf+0xc0>
87804536:	f1ba 0f2d 	cmp.w	sl, #45	; 0x2d
8780453a:	f04f 0b01 	mov.w	fp, #1
8780453e:	f43f ae97 	beq.w	87804270 <vsscanf+0x2c0>
87804542:	e69e      	b.n	87804282 <vsscanf+0x2d2>
87804544:	4652      	mov	r2, sl
87804546:	f06f 4300 	mvn.w	r3, #2147483648	; 0x80000000
8780454a:	e72e      	b.n	878043aa <vsscanf+0x3fa>

8780454c <sscanf>:
8780454c:	b40e      	push	{r1, r2, r3}
8780454e:	b500      	push	{lr}
87804550:	aa02      	add	r2, sp, #8
87804552:	9901      	ldr	r1, [sp, #4]
87804554:	f7ff fd2c 	bl	87803fb0 <vsscanf>
87804558:	f85d eb04 	ldr.w	lr, [sp], #4
8780455c:	b003      	add	sp, #12
8780455e:	4770      	bx	lr

87804560 <__aeabi_uidiv>:
87804560:	1e4a      	subs	r2, r1, #1
87804562:	bf08      	it	eq
87804564:	4770      	bxeq	lr
87804566:	f0c0 8124 	bcc.w	878047b2 <__aeabi_uidiv+0x252>
8780456a:	4288      	cmp	r0, r1
8780456c:	f240 8116 	bls.w	8780479c <__aeabi_uidiv+0x23c>
87804570:	4211      	tst	r1, r2
87804572:	f000 8117 	beq.w	878047a4 <__aeabi_uidiv+0x244>
87804576:	fab0 f380 	clz	r3, r0
8780457a:	fab1 f281 	clz	r2, r1
8780457e:	eba2 0303 	sub.w	r3, r2, r3
87804582:	f1c3 031f 	rsb	r3, r3, #31
87804586:	a204      	add	r2, pc, #16	; (adr r2, 87804598 <__aeabi_uidiv+0x38>)
87804588:	eb02 1303 	add.w	r3, r2, r3, lsl #4
8780458c:	f04f 0200 	mov.w	r2, #0
87804590:	469f      	mov	pc, r3
87804592:	bf00      	nop
87804594:	f3af 8000 	nop.w
87804598:	ebb0 7fc1 	cmp.w	r0, r1, lsl #31
8780459c:	bf00      	nop
8780459e:	eb42 0202 	adc.w	r2, r2, r2
878045a2:	bf28      	it	cs
878045a4:	eba0 70c1 	subcs.w	r0, r0, r1, lsl #31
878045a8:	ebb0 7f81 	cmp.w	r0, r1, lsl #30
878045ac:	bf00      	nop
878045ae:	eb42 0202 	adc.w	r2, r2, r2
878045b2:	bf28      	it	cs
878045b4:	eba0 7081 	subcs.w	r0, r0, r1, lsl #30
878045b8:	ebb0 7f41 	cmp.w	r0, r1, lsl #29
878045bc:	bf00      	nop
878045be:	eb42 0202 	adc.w	r2, r2, r2
878045c2:	bf28      	it	cs
878045c4:	eba0 7041 	subcs.w	r0, r0, r1, lsl #29
878045c8:	ebb0 7f01 	cmp.w	r0, r1, lsl #28
878045cc:	bf00      	nop
878045ce:	eb42 0202 	adc.w	r2, r2, r2
878045d2:	bf28      	it	cs
878045d4:	eba0 7001 	subcs.w	r0, r0, r1, lsl #28
878045d8:	ebb0 6fc1 	cmp.w	r0, r1, lsl #27
878045dc:	bf00      	nop
878045de:	eb42 0202 	adc.w	r2, r2, r2
878045e2:	bf28      	it	cs
878045e4:	eba0 60c1 	subcs.w	r0, r0, r1, lsl #27
878045e8:	ebb0 6f81 	cmp.w	r0, r1, lsl #26
878045ec:	bf00      	nop
878045ee:	eb42 0202 	adc.w	r2, r2, r2
878045f2:	bf28      	it	cs
878045f4:	eba0 6081 	subcs.w	r0, r0, r1, lsl #26
878045f8:	ebb0 6f41 	cmp.w	r0, r1, lsl #25
878045fc:	bf00      	nop
878045fe:	eb42 0202 	adc.w	r2, r2, r2
87804602:	bf28      	it	cs
87804604:	eba0 6041 	subcs.w	r0, r0, r1, lsl #25
87804608:	ebb0 6f01 	cmp.w	r0, r1, lsl #24
8780460c:	bf00      	nop
8780460e:	eb42 0202 	adc.w	r2, r2, r2
87804612:	bf28      	it	cs
87804614:	eba0 6001 	subcs.w	r0, r0, r1, lsl #24
87804618:	ebb0 5fc1 	cmp.w	r0, r1, lsl #23
8780461c:	bf00      	nop
8780461e:	eb42 0202 	adc.w	r2, r2, r2
87804622:	bf28      	it	cs
87804624:	eba0 50c1 	subcs.w	r0, r0, r1, lsl #23
87804628:	ebb0 5f81 	cmp.w	r0, r1, lsl #22
8780462c:	bf00      	nop
8780462e:	eb42 0202 	adc.w	r2, r2, r2
87804632:	bf28      	it	cs
87804634:	eba0 5081 	subcs.w	r0, r0, r1, lsl #22
87804638:	ebb0 5f41 	cmp.w	r0, r1, lsl #21
8780463c:	bf00      	nop
8780463e:	eb42 0202 	adc.w	r2, r2, r2
87804642:	bf28      	it	cs
87804644:	eba0 5041 	subcs.w	r0, r0, r1, lsl #21
87804648:	ebb0 5f01 	cmp.w	r0, r1, lsl #20
8780464c:	bf00      	nop
8780464e:	eb42 0202 	adc.w	r2, r2, r2
87804652:	bf28      	it	cs
87804654:	eba0 5001 	subcs.w	r0, r0, r1, lsl #20
87804658:	ebb0 4fc1 	cmp.w	r0, r1, lsl #19
8780465c:	bf00      	nop
8780465e:	eb42 0202 	adc.w	r2, r2, r2
87804662:	bf28      	it	cs
87804664:	eba0 40c1 	subcs.w	r0, r0, r1, lsl #19
87804668:	ebb0 4f81 	cmp.w	r0, r1, lsl #18
8780466c:	bf00      	nop
8780466e:	eb42 0202 	adc.w	r2, r2, r2
87804672:	bf28      	it	cs
87804674:	eba0 4081 	subcs.w	r0, r0, r1, lsl #18
87804678:	ebb0 4f41 	cmp.w	r0, r1, lsl #17
8780467c:	bf00      	nop
8780467e:	eb42 0202 	adc.w	r2, r2, r2
87804682:	bf28      	it	cs
87804684:	eba0 4041 	subcs.w	r0, r0, r1, lsl #17
87804688:	ebb0 4f01 	cmp.w	r0, r1, lsl #16
8780468c:	bf00      	nop
8780468e:	eb42 0202 	adc.w	r2, r2, r2
87804692:	bf28      	it	cs
87804694:	eba0 4001 	subcs.w	r0, r0, r1, lsl #16
87804698:	ebb0 3fc1 	cmp.w	r0, r1, lsl #15
8780469c:	bf00      	nop
8780469e:	eb42 0202 	adc.w	r2, r2, r2
878046a2:	bf28      	it	cs
878046a4:	eba0 30c1 	subcs.w	r0, r0, r1, lsl #15
878046a8:	ebb0 3f81 	cmp.w	r0, r1, lsl #14
878046ac:	bf00      	nop
878046ae:	eb42 0202 	adc.w	r2, r2, r2
878046b2:	bf28      	it	cs
878046b4:	eba0 3081 	subcs.w	r0, r0, r1, lsl #14
878046b8:	ebb0 3f41 	cmp.w	r0, r1, lsl #13
878046bc:	bf00      	nop
878046be:	eb42 0202 	adc.w	r2, r2, r2
878046c2:	bf28      	it	cs
878046c4:	eba0 3041 	subcs.w	r0, r0, r1, lsl #13
878046c8:	ebb0 3f01 	cmp.w	r0, r1, lsl #12
878046cc:	bf00      	nop
878046ce:	eb42 0202 	adc.w	r2, r2, r2
878046d2:	bf28      	it	cs
878046d4:	eba0 3001 	subcs.w	r0, r0, r1, lsl #12
878046d8:	ebb0 2fc1 	cmp.w	r0, r1, lsl #11
878046dc:	bf00      	nop
878046de:	eb42 0202 	adc.w	r2, r2, r2
878046e2:	bf28      	it	cs
878046e4:	eba0 20c1 	subcs.w	r0, r0, r1, lsl #11
878046e8:	ebb0 2f81 	cmp.w	r0, r1, lsl #10
878046ec:	bf00      	nop
878046ee:	eb42 0202 	adc.w	r2, r2, r2
878046f2:	bf28      	it	cs
878046f4:	eba0 2081 	subcs.w	r0, r0, r1, lsl #10
878046f8:	ebb0 2f41 	cmp.w	r0, r1, lsl #9
878046fc:	bf00      	nop
878046fe:	eb42 0202 	adc.w	r2, r2, r2
87804702:	bf28      	it	cs
87804704:	eba0 2041 	subcs.w	r0, r0, r1, lsl #9
87804708:	ebb0 2f01 	cmp.w	r0, r1, lsl #8
8780470c:	bf00      	nop
8780470e:	eb42 0202 	adc.w	r2, r2, r2
87804712:	bf28      	it	cs
87804714:	eba0 2001 	subcs.w	r0, r0, r1, lsl #8
87804718:	ebb0 1fc1 	cmp.w	r0, r1, lsl #7
8780471c:	bf00      	nop
8780471e:	eb42 0202 	adc.w	r2, r2, r2
87804722:	bf28      	it	cs
87804724:	eba0 10c1 	subcs.w	r0, r0, r1, lsl #7
87804728:	ebb0 1f81 	cmp.w	r0, r1, lsl #6
8780472c:	bf00      	nop
8780472e:	eb42 0202 	adc.w	r2, r2, r2
87804732:	bf28      	it	cs
87804734:	eba0 1081 	subcs.w	r0, r0, r1, lsl #6
87804738:	ebb0 1f41 	cmp.w	r0, r1, lsl #5
8780473c:	bf00      	nop
8780473e:	eb42 0202 	adc.w	r2, r2, r2
87804742:	bf28      	it	cs
87804744:	eba0 1041 	subcs.w	r0, r0, r1, lsl #5
87804748:	ebb0 1f01 	cmp.w	r0, r1, lsl #4
8780474c:	bf00      	nop
8780474e:	eb42 0202 	adc.w	r2, r2, r2
87804752:	bf28      	it	cs
87804754:	eba0 1001 	subcs.w	r0, r0, r1, lsl #4
87804758:	ebb0 0fc1 	cmp.w	r0, r1, lsl #3
8780475c:	bf00      	nop
8780475e:	eb42 0202 	adc.w	r2, r2, r2
87804762:	bf28      	it	cs
87804764:	eba0 00c1 	subcs.w	r0, r0, r1, lsl #3
87804768:	ebb0 0f81 	cmp.w	r0, r1, lsl #2
8780476c:	bf00      	nop
8780476e:	eb42 0202 	adc.w	r2, r2, r2
87804772:	bf28      	it	cs
87804774:	eba0 0081 	subcs.w	r0, r0, r1, lsl #2
87804778:	ebb0 0f41 	cmp.w	r0, r1, lsl #1
8780477c:	bf00      	nop
8780477e:	eb42 0202 	adc.w	r2, r2, r2
87804782:	bf28      	it	cs
87804784:	eba0 0041 	subcs.w	r0, r0, r1, lsl #1
87804788:	ebb0 0f01 	cmp.w	r0, r1
8780478c:	bf00      	nop
8780478e:	eb42 0202 	adc.w	r2, r2, r2
87804792:	bf28      	it	cs
87804794:	eba0 0001 	subcs.w	r0, r0, r1
87804798:	4610      	mov	r0, r2
8780479a:	4770      	bx	lr
8780479c:	bf0c      	ite	eq
8780479e:	2001      	moveq	r0, #1
878047a0:	2000      	movne	r0, #0
878047a2:	4770      	bx	lr
878047a4:	fab1 f281 	clz	r2, r1
878047a8:	f1c2 021f 	rsb	r2, r2, #31
878047ac:	fa20 f002 	lsr.w	r0, r0, r2
878047b0:	4770      	bx	lr
878047b2:	b108      	cbz	r0, 878047b8 <__aeabi_uidiv+0x258>
878047b4:	f04f 30ff 	mov.w	r0, #4294967295	; 0xffffffff
878047b8:	f000 b826 	b.w	87804808 <__aeabi_idiv0>

878047bc <__aeabi_uidivmod>:
878047bc:	2900      	cmp	r1, #0
878047be:	d0f8      	beq.n	878047b2 <__aeabi_uidiv+0x252>
878047c0:	e92d 4003 	stmdb	sp!, {r0, r1, lr}
878047c4:	f7ff fecc 	bl	87804560 <__aeabi_uidiv>
878047c8:	e8bd 4006 	ldmia.w	sp!, {r1, r2, lr}
878047cc:	fb02 f300 	mul.w	r3, r2, r0
878047d0:	eba1 0103 	sub.w	r1, r1, r3
878047d4:	4770      	bx	lr
878047d6:	bf00      	nop

878047d8 <__aeabi_uldivmod>:
878047d8:	b953      	cbnz	r3, 878047f0 <__aeabi_uldivmod+0x18>
878047da:	b94a      	cbnz	r2, 878047f0 <__aeabi_uldivmod+0x18>
878047dc:	2900      	cmp	r1, #0
878047de:	bf08      	it	eq
878047e0:	2800      	cmpeq	r0, #0
878047e2:	bf1c      	itt	ne
878047e4:	f04f 31ff 	movne.w	r1, #4294967295	; 0xffffffff
878047e8:	f04f 30ff 	movne.w	r0, #4294967295	; 0xffffffff
878047ec:	f000 b80c 	b.w	87804808 <__aeabi_idiv0>
878047f0:	f1ad 0c08 	sub.w	ip, sp, #8
878047f4:	e96d ce04 	strd	ip, lr, [sp, #-16]!
878047f8:	f000 f80c 	bl	87804814 <__udivmoddi4>
878047fc:	f8dd e004 	ldr.w	lr, [sp, #4]
87804800:	e9dd 2302 	ldrd	r2, r3, [sp, #8]
87804804:	b004      	add	sp, #16
87804806:	4770      	bx	lr

87804808 <__aeabi_idiv0>:
87804808:	b502      	push	{r1, lr}
8780480a:	f04f 0008 	mov.w	r0, #8
8780480e:	f7fc fb61 	bl	87800ed4 <raise>
87804812:	bd02      	pop	{r1, pc}

87804814 <__udivmoddi4>:
87804814:	e92d 43f0 	stmdb	sp!, {r4, r5, r6, r7, r8, r9, lr}
87804818:	460d      	mov	r5, r1
8780481a:	429d      	cmp	r5, r3
8780481c:	4604      	mov	r4, r0
8780481e:	4610      	mov	r0, r2
87804820:	4619      	mov	r1, r3
87804822:	bf08      	it	eq
87804824:	4284      	cmpeq	r4, r0
87804826:	9a07      	ldr	r2, [sp, #28]
87804828:	bf3c      	itt	cc
8780482a:	2000      	movcc	r0, #0
8780482c:	2100      	movcc	r1, #0
8780482e:	d36a      	bcc.n	87804906 <__udivmoddi4+0xf2>
87804830:	fab1 f681 	clz	r6, r1
87804834:	2900      	cmp	r1, #0
87804836:	d06f      	beq.n	87804918 <__udivmoddi4+0x104>
87804838:	fab5 f385 	clz	r3, r5
8780483c:	2d00      	cmp	r5, #0
8780483e:	d067      	beq.n	87804910 <__udivmoddi4+0xfc>
87804840:	1af3      	subs	r3, r6, r3
87804842:	f1a3 0c20 	sub.w	ip, r3, #32
87804846:	fa01 f703 	lsl.w	r7, r1, r3
8780484a:	fa00 fe0c 	lsl.w	lr, r0, ip
8780484e:	f1c3 0820 	rsb	r8, r3, #32
87804852:	fa20 f108 	lsr.w	r1, r0, r8
87804856:	fa00 f603 	lsl.w	r6, r0, r3
8780485a:	ea47 070e 	orr.w	r7, r7, lr
8780485e:	469e      	mov	lr, r3
87804860:	430f      	orrs	r7, r1
87804862:	42bd      	cmp	r5, r7
87804864:	bf08      	it	eq
87804866:	42b4      	cmpeq	r4, r6
87804868:	bf3c      	itt	cc
8780486a:	2000      	movcc	r0, #0
8780486c:	2100      	movcc	r1, #0
8780486e:	d30c      	bcc.n	8780488a <__udivmoddi4+0x76>
87804870:	f04f 0901 	mov.w	r9, #1
87804874:	1ba4      	subs	r4, r4, r6
87804876:	fa29 f808 	lsr.w	r8, r9, r8
8780487a:	fa09 f10c 	lsl.w	r1, r9, ip
8780487e:	fa09 f003 	lsl.w	r0, r9, r3
87804882:	ea41 0108 	orr.w	r1, r1, r8
87804886:	eb65 0507 	sbc.w	r5, r5, r7
8780488a:	2b00      	cmp	r3, #0
8780488c:	d03b      	beq.n	87804906 <__udivmoddi4+0xf2>
8780488e:	087f      	lsrs	r7, r7, #1
87804890:	ea4f 0636 	mov.w	r6, r6, rrx
87804894:	e009      	b.n	878048aa <__udivmoddi4+0x96>
87804896:	1ba4      	subs	r4, r4, r6
87804898:	eb65 0507 	sbc.w	r5, r5, r7
8780489c:	1924      	adds	r4, r4, r4
8780489e:	416d      	adcs	r5, r5
878048a0:	3401      	adds	r4, #1
878048a2:	f145 0500 	adc.w	r5, r5, #0
878048a6:	3b01      	subs	r3, #1
878048a8:	d007      	beq.n	878048ba <__udivmoddi4+0xa6>
878048aa:	42bd      	cmp	r5, r7
878048ac:	bf08      	it	eq
878048ae:	42b4      	cmpeq	r4, r6
878048b0:	d2f1      	bcs.n	87804896 <__udivmoddi4+0x82>
878048b2:	1924      	adds	r4, r4, r4
878048b4:	416d      	adcs	r5, r5
878048b6:	3b01      	subs	r3, #1
878048b8:	d1f7      	bne.n	878048aa <__udivmoddi4+0x96>
878048ba:	f1ce 0720 	rsb	r7, lr, #32
878048be:	fa24 f60e 	lsr.w	r6, r4, lr
878048c2:	fa05 f707 	lsl.w	r7, r5, r7
878048c6:	f1ae 0320 	sub.w	r3, lr, #32
878048ca:	fa25 f303 	lsr.w	r3, r5, r3
878048ce:	fa25 fc0e 	lsr.w	ip, r5, lr
878048d2:	1900      	adds	r0, r0, r4
878048d4:	ea46 0607 	orr.w	r6, r6, r7
878048d8:	ea46 0403 	orr.w	r4, r6, r3
878048dc:	4169      	adcs	r1, r5
878048de:	4665      	mov	r5, ip
878048e0:	f1ae 0c20 	sub.w	ip, lr, #32
878048e4:	fa05 f70e 	lsl.w	r7, r5, lr
878048e8:	fa04 fc0c 	lsl.w	ip, r4, ip
878048ec:	fa04 f60e 	lsl.w	r6, r4, lr
878048f0:	f1ce 0320 	rsb	r3, lr, #32
878048f4:	fa24 f303 	lsr.w	r3, r4, r3
878048f8:	ea47 070c 	orr.w	r7, r7, ip
878048fc:	1b80      	subs	r0, r0, r6
878048fe:	ea47 0703 	orr.w	r7, r7, r3
87804902:	eb61 0107 	sbc.w	r1, r1, r7
87804906:	b10a      	cbz	r2, 8780490c <__udivmoddi4+0xf8>
87804908:	e9c2 4500 	strd	r4, r5, [r2]
8780490c:	e8bd 83f0 	ldmia.w	sp!, {r4, r5, r6, r7, r8, r9, pc}
87804910:	fab4 f384 	clz	r3, r4
87804914:	3320      	adds	r3, #32
87804916:	e793      	b.n	87804840 <__udivmoddi4+0x2c>
87804918:	fab0 f380 	clz	r3, r0
8780491c:	f103 0620 	add.w	r6, r3, #32
87804920:	fab5 f385 	clz	r3, r5
87804924:	2d00      	cmp	r5, #0
87804926:	d18b      	bne.n	87804840 <__udivmoddi4+0x2c>
87804928:	e7f2      	b.n	87804910 <__udivmoddi4+0xfc>
8780492a:	bf00      	nop
8780492c:	0000      	movs	r0, r0
	...

87804930 <__main_from_arm>:
87804930:	e51ff004 	ldr	pc, [pc, #-4]	; 87804934 <__main_from_arm+0x4>
87804934:	87804939 			; <UNDEFINED> instruction: 0x87804939

Disassembly of section .text.startup:

87804938 <main>:
87804938:	b570      	push	{r4, r5, r6, lr}
8780493a:	b082      	sub	sp, #8
8780493c:	ee11 3f50 	mrc	15, 0, r3, cr1, cr0, {2}
87804940:	f023 4340 	bic.w	r3, r3, #3221225472	; 0xc0000000
87804944:	f423 0370 	bic.w	r3, r3, #15728640	; 0xf00000
87804948:	f443 0370 	orr.w	r3, r3, #15728640	; 0xf00000
8780494c:	ee01 3f50 	mcr	15, 0, r3, cr1, cr0, {2}
87804950:	eef8 3a10 	vmrs	r3, fpexc
87804954:	f043 4380 	orr.w	r3, r3, #1073741824	; 0x40000000
87804958:	eee8 3a10 	vmsr	fpexc, r3
8780495c:	f7fb ff5c 	bl	87800818 <int_init>
87804960:	f24a 04b8 	movw	r4, #41144	; 0xa0b8
87804964:	f44f 057f 	mov.w	r5, #16711680	; 0xff0000
87804968:	f7fb fcfc 	bl	87800364 <imx6u_clkinit>
8780496c:	f7fb fdaa 	bl	878004c4 <delay_init>
87804970:	f7fb fce8 	bl	87800344 <clk_enable>
87804974:	f7fb fd64 	bl	87800440 <led_init>
87804978:	f7fb fe16 	bl	878005a8 <beep_init>
8780497c:	f7fc fa52 	bl	87800e24 <uart_init>
87804980:	f7fc ff38 	bl	878017f4 <lcd_init>
87804984:	f7fe f8cc 	bl	87802b20 <backlight_init>
87804988:	f644 2334 	movw	r3, #18996	; 0x4a34
8780498c:	2218      	movs	r2, #24
8780498e:	f2c8 7380 	movt	r3, #34688	; 0x8780
87804992:	f2c8 7480 	movt	r4, #34688	; 0x8780
87804996:	9301      	str	r3, [sp, #4]
87804998:	210a      	movs	r1, #10
8780499a:	9200      	str	r2, [sp, #0]
8780499c:	4613      	mov	r3, r2
8780499e:	61a5      	str	r5, [r4, #24]
878049a0:	f44f 72c8 	mov.w	r2, #400	; 0x190
878049a4:	2032      	movs	r0, #50	; 0x32
878049a6:	2610      	movs	r6, #16
878049a8:	f7fc fcd8 	bl	8780135c <lcd_show_string>
878049ac:	f644 2240 	movw	r2, #19008	; 0x4a40
878049b0:	4633      	mov	r3, r6
878049b2:	f2c8 7280 	movt	r2, #34688	; 0x8780
878049b6:	9600      	str	r6, [sp, #0]
878049b8:	9201      	str	r2, [sp, #4]
878049ba:	2128      	movs	r1, #40	; 0x28
878049bc:	22c8      	movs	r2, #200	; 0xc8
878049be:	2032      	movs	r0, #50	; 0x32
878049c0:	f7fc fccc 	bl	8780135c <lcd_show_string>
878049c4:	f644 2250 	movw	r2, #19024	; 0x4a50
878049c8:	4633      	mov	r3, r6
878049ca:	f2c8 7280 	movt	r2, #34688	; 0x8780
878049ce:	9600      	str	r6, [sp, #0]
878049d0:	9201      	str	r2, [sp, #4]
878049d2:	213c      	movs	r1, #60	; 0x3c
878049d4:	22c8      	movs	r2, #200	; 0xc8
878049d6:	2032      	movs	r0, #50	; 0x32
878049d8:	f7fc fcc0 	bl	8780135c <lcd_show_string>
878049dc:	f644 2260 	movw	r2, #19040	; 0x4a60
878049e0:	2400      	movs	r4, #0
878049e2:	f2c8 7280 	movt	r2, #34688	; 0x8780
878049e6:	9600      	str	r6, [sp, #0]
878049e8:	9201      	str	r2, [sp, #4]
878049ea:	4633      	mov	r3, r6
878049ec:	22c8      	movs	r2, #200	; 0xc8
878049ee:	2150      	movs	r1, #80	; 0x50
878049f0:	2032      	movs	r0, #50	; 0x32
878049f2:	4625      	mov	r5, r4
878049f4:	f7fc fcb2 	bl	8780135c <lcd_show_string>
878049f8:	e008      	b.n	87804a0c <main+0xd4>
878049fa:	2032      	movs	r0, #50	; 0x32
878049fc:	f084 0401 	eor.w	r4, r4, #1
87804a00:	f7fb fd96 	bl	87800530 <delay_ms>
87804a04:	4621      	mov	r1, r4
87804a06:	2000      	movs	r0, #0
87804a08:	f7fb fd46 	bl	87800498 <led_switch>
87804a0c:	f7fb fe20 	bl	87800650 <key_getValue>
87804a10:	b2c0      	uxtb	r0, r0
87804a12:	2801      	cmp	r0, #1
87804a14:	d1f1      	bne.n	878049fa <main+0xc2>
87804a16:	350a      	adds	r5, #10
87804a18:	f644 206c 	movw	r0, #19052	; 0x4a6c
87804a1c:	b2ed      	uxtb	r5, r5
87804a1e:	f2c8 7080 	movt	r0, #34688	; 0x8780
87804a22:	2d63      	cmp	r5, #99	; 0x63
87804a24:	4629      	mov	r1, r5
87804a26:	bf84      	itt	hi
87804a28:	2500      	movhi	r5, #0
87804a2a:	4629      	movhi	r1, r5
87804a2c:	f7fe f980 	bl	87802d30 <printf>
87804a30:	e7e3      	b.n	878049fa <main+0xc2>
87804a32:	bf00      	nop

Disassembly of section .rodata:

87804a34 <CSWTCH.15-0x4c>:
87804a34:	48504c41 	ldmdami	r0, {r0, r6, sl, fp, lr}^
87804a38:	4d492d41 	stclmi	13, cr2, [r9, #-260]	; 0xfffffefc
87804a3c:	20553658 	subscs	r3, r5, r8, asr r6
87804a40:	6b636162 	blvs	890dcfd0 <__bss_end+0x18d2ea0>
87804a44:	6867696c 	stmdavs	r7!, {r2, r3, r5, r6, r8, fp, sp, lr}^
87804a48:	45542074 	ldrbmi	r2, [r4, #-116]	; 0x74
87804a4c:	00005453 	andeq	r5, r0, r3, asr r4
87804a50:	4d4f5441 	cfstrdmi	mvd5, [pc, #-260]	; 87804954 <main+0x1c>
87804a54:	494c4140 	stmdbmi	ip, {r6, r8, lr}^
87804a58:	45544e45 	ldrbmi	r4, [r4, #-3653]	; 0xe45
87804a5c:	0000004b 	andeq	r0, r0, fp, asr #32
87804a60:	36323032 			; <UNDEFINED> instruction: 0x36323032
87804a64:	322f362f 	eorcc	r3, pc, #49283072	; 0x2f00000
87804a68:	00000030 	andeq	r0, r0, r0, lsr r0
87804a6c:	316d7770 	smccc	55152	; 0xd770
87804a70:	74756420 	ldrbtvc	r6, [r5], #-1056	; 0x420
87804a74:	25203a79 	strcs	r3, [r0, #-2681]!	; 0xa79
87804a78:	0d252564 	cfstr32eq	mvfx2, [r5, #-400]!	; 0xfffffe70
87804a7c:	0000000a 	andeq	r0, r0, sl

87804a80 <CSWTCH.15>:
87804a80:	00000004 	andeq	r0, r0, r4
87804a84:	00000003 	andeq	r0, r0, r3
87804a88:	00000002 	andeq	r0, r0, r2
87804a8c:	00000001 	andeq	r0, r0, r1
87804a90:	00000000 	andeq	r0, r0, r0
87804a94:	00000006 	andeq	r0, r0, r6

87804a98 <asc2_1206>:
	...
87804aa8:	0000403f 	andeq	r4, r0, pc, lsr r0
87804aac:	00000000 	andeq	r0, r0, r0
87804ab0:	00300000 	eorseq	r0, r0, r0
87804ab4:	00300040 	eorseq	r0, r0, r0, asr #32
87804ab8:	00000040 	andeq	r0, r0, r0, asr #32
87804abc:	c00b0009 	andgt	r0, fp, r9
87804ac0:	c00b003d 	andgt	r0, fp, sp, lsr r0
87804ac4:	0009003d 	andeq	r0, r9, sp, lsr r0
87804ac8:	4024c018 	eormi	ip, r4, r8, lsl r0
87804acc:	4022e07f 	eormi	lr, r2, pc, ror r0
87804ad0:	00008031 	andeq	r8, r0, r1, lsr r0
87804ad4:	c0240018 	eorgt	r0, r4, r8, lsl r0
87804ad8:	800d001b 	andhi	r0, sp, fp, lsl r0
87804adc:	80014032 	andhi	r4, r1, r2, lsr r0
87804ae0:	401c8003 	andsmi	r8, ip, r3
87804ae4:	801c4027 	andshi	r4, ip, r7, lsr #32
87804ae8:	40004007 	andmi	r4, r0, r7
87804aec:	00600010 	rsbeq	r0, r0, r0, lsl r0
	...
87804afc:	801f0000 	andshi	r0, pc, r0
87804b00:	20404020 	subcs	r4, r0, r0, lsr #32
87804b04:	20400000 	subcs	r0, r0, r0
87804b08:	801f4020 	andshi	r4, pc, r0, lsr #32
87804b0c:	00000000 	andeq	r0, r0, r0
87804b10:	00060009 	andeq	r0, r6, r9
87804b14:	0006801f 	andeq	r8, r6, pc, lsl r0
87804b18:	00000009 	andeq	r0, r0, r9
87804b1c:	00040004 	andeq	r0, r4, r4
87804b20:	0004803f 	andeq	r8, r4, pc, lsr r0
87804b24:	00000004 	andeq	r0, r0, r4
87804b28:	60001000 	andvs	r1, r0, r0
	...
87804b34:	00040004 	andeq	r0, r4, r4
87804b38:	00040004 	andeq	r0, r4, r4
87804b3c:	00000004 	andeq	r0, r0, r4
87804b40:	40000000 	andmi	r0, r0, r0
	...
87804b4c:	c0012000 	andgt	r2, r1, r0
87804b50:	00380006 	eorseq	r0, r8, r6
87804b54:	00000040 	andeq	r0, r0, r0, asr #32
87804b58:	4020801f 	eormi	r8, r0, pc, lsl r0
87804b5c:	40204020 	eormi	r4, r0, r0, lsr #32
87804b60:	0000801f 	andeq	r8, r0, pc, lsl r0
87804b64:	40100000 	andsmi	r0, r0, r0
87804b68:	4000c03f 	andmi	ip, r0, pc, lsr r0
87804b6c:	00000000 	andeq	r0, r0, r0
87804b70:	4021c018 	eormi	ip, r1, r8, lsl r0
87804b74:	40244022 	eormi	r4, r4, r2, lsr #32
87804b78:	00004018 	andeq	r4, r0, r8, lsl r0
87804b7c:	40208010 	eormi	r8, r0, r0, lsl r0
87804b80:	40244024 	eormi	r4, r4, r4, lsr #32
87804b84:	0000801b 	andeq	r8, r0, fp, lsl r0
87804b88:	000d0002 	andeq	r0, sp, r2
87804b8c:	c03f0011 	eorsgt	r0, pc, r1, lsl r0	; <UNPREDICTABLE>
87804b90:	00004001 	andeq	r4, r0, r1
87804b94:	4024803c 	eormi	r8, r4, ip, lsr r0
87804b98:	40244024 	eormi	r4, r4, r4, lsr #32
87804b9c:	00008023 	andeq	r8, r0, r3, lsr #32
87804ba0:	4024801f 	eormi	r8, r4, pc, lsl r0
87804ba4:	40344024 	eorsmi	r4, r4, r4, lsr #32
87804ba8:	00008003 	andeq	r8, r0, r3
87804bac:	00200030 	eoreq	r0, r0, r0, lsr r0
87804bb0:	0038c027 	eorseq	ip, r8, r7, lsr #32
87804bb4:	00000020 	andeq	r0, r0, r0, lsr #32
87804bb8:	4024801b 	eormi	r8, r4, fp, lsl r0
87804bbc:	40244024 	eormi	r4, r4, r4, lsr #32
87804bc0:	0000801b 	andeq	r8, r0, fp, lsl r0
87804bc4:	c022001c 	eorgt	r0, r2, ip, lsl r0
87804bc8:	40224022 	eormi	r4, r2, r2, lsr #32
87804bcc:	0000801f 	andeq	r8, r0, pc, lsl r0
87804bd0:	00000000 	andeq	r0, r0, r0
87804bd4:	00004008 	andeq	r4, r0, r8
	...
87804be0:	00006004 	andeq	r6, r0, r4
87804be4:	00000000 	andeq	r0, r0, r0
87804be8:	00040000 	andeq	r0, r4, r0
87804bec:	0011000a 	andseq	r0, r1, sl
87804bf0:	40408020 	submi	r8, r0, r0, lsr #32
87804bf4:	00090009 	andeq	r0, r9, r9
87804bf8:	00090009 	andeq	r0, r9, r9
87804bfc:	00000009 	andeq	r0, r0, r9
87804c00:	40400000 	submi	r0, r0, r0
87804c04:	00118020 	andseq	r8, r1, r0, lsr #32
87804c08:	0004000a 	andeq	r0, r4, sl
87804c0c:	00200018 	eoreq	r0, r0, r8, lsl r0
87804c10:	00244023 	eoreq	r4, r4, r3, lsr #32
87804c14:	00000018 	andeq	r0, r0, r8, lsl r0
87804c18:	4020801f 	eormi	r8, r0, pc, lsl r0
87804c1c:	40294027 	eormi	r4, r9, r7, lsr #32
87804c20:	0000401f 	andeq	r4, r0, pc, lsl r0
87804c24:	c0074000 	andgt	r4, r7, r0
87804c28:	000f0039 	andeq	r0, pc, r9, lsr r0	; <UNPREDICTABLE>
87804c2c:	4000c001 	andmi	ip, r0, r1
87804c30:	c03f4020 	eorsgt	r4, pc, r0, lsr #32
87804c34:	40244024 	eormi	r4, r4, r4, lsr #32
87804c38:	0000801b 	andeq	r8, r0, fp, lsl r0
87804c3c:	4020801f 	eormi	r8, r0, pc, lsl r0
87804c40:	40204020 	eormi	r4, r0, r0, lsr #32
87804c44:	00008030 	andeq	r8, r0, r0, lsr r0
87804c48:	c03f4020 	eorsgt	r4, pc, r0, lsr #32
87804c4c:	40204020 	eormi	r4, r0, r0, lsr #32
87804c50:	0000801f 	andeq	r8, r0, pc, lsl r0
87804c54:	c03f4020 	eorsgt	r4, pc, r0, lsr #32
87804c58:	402e4024 	eormi	r4, lr, r4, lsr #32
87804c5c:	0000c030 	andeq	ip, r0, r0, lsr r0
87804c60:	c03f4020 	eorsgt	r4, pc, r0, lsr #32
87804c64:	002e4024 	eoreq	r4, lr, r4, lsr #32
87804c68:	00000030 	andeq	r0, r0, r0, lsr r0
87804c6c:	8010000f 	andshi	r0, r0, pc
87804c70:	40224020 	eormi	r4, r2, r0, lsr #32
87804c74:	00028033 	andeq	r8, r2, r3, lsr r0
87804c78:	c03f4020 	eorsgt	r4, pc, r0, lsr #32
87804c7c:	00040004 	andeq	r0, r4, r4
87804c80:	4020c03f 	eormi	ip, r0, pc, lsr r0
87804c84:	40204020 	eormi	r4, r0, r0, lsr #32
87804c88:	4020c03f 	eormi	ip, r0, pc, lsr r0
87804c8c:	00004020 	andeq	r4, r0, r0, lsr #32
87804c90:	20206000 	eorcs	r6, r0, r0
87804c94:	c03f2020 	eorsgt	r2, pc, r0, lsr #32
87804c98:	00200020 	eoreq	r0, r0, r0, lsr #32
87804c9c:	c03f4020 	eorsgt	r4, pc, r0, lsr #32
87804ca0:	000b4024 	andeq	r4, fp, r4, lsr #32
87804ca4:	4020c030 	eormi	ip, r0, r0, lsr r0
87804ca8:	c03f4020 	eorsgt	r4, pc, r0, lsr #32
87804cac:	40004020 	andmi	r4, r0, r0, lsr #32
87804cb0:	c0004000 	andgt	r4, r0, r0
87804cb4:	003cc03f 	eorseq	ip, ip, pc, lsr r0
87804cb8:	003cc003 	eorseq	ip, ip, r3
87804cbc:	0000c03f 	andeq	ip, r0, pc, lsr r0
87804cc0:	c03f4020 	eorsgt	r4, pc, r0, lsr #32
87804cc4:	0023400c 	eoreq	r4, r3, ip
87804cc8:	0020c03f 	eoreq	ip, r0, pc, lsr r0
87804ccc:	4020801f 	eormi	r8, r0, pc, lsl r0
87804cd0:	40204020 	eormi	r4, r0, r0, lsr #32
87804cd4:	0000801f 	andeq	r8, r0, pc, lsl r0
87804cd8:	c03f4020 	eorsgt	r4, pc, r0, lsr #32
87804cdc:	00244024 	eoreq	r4, r4, r4, lsr #32
87804ce0:	00000018 	andeq	r0, r0, r8, lsl r0
87804ce4:	4021801f 	eormi	r8, r1, pc, lsl r0
87804ce8:	e0204021 	eor	r4, r0, r1, lsr #32
87804cec:	0000a01f 	andeq	sl, r0, pc, lsl r0
87804cf0:	c03f4020 	eorsgt	r4, pc, r0, lsr #32
87804cf4:	00264024 	eoreq	r4, r6, r4, lsr #32
87804cf8:	4000c019 	andmi	ip, r0, r9, lsl r0
87804cfc:	4024c018 	eormi	ip, r4, r8, lsl r0
87804d00:	40224024 	eormi	r4, r2, r4, lsr #32
87804d04:	00008031 	andeq	r8, r0, r1, lsr r0
87804d08:	40200030 	eormi	r0, r0, r0, lsr r0
87804d0c:	4020c03f 	eormi	ip, r0, pc, lsr r0
87804d10:	00000030 	andeq	r0, r0, r0, lsr r0
87804d14:	803f0020 	eorshi	r0, pc, r0, lsr #32
87804d18:	40004000 	andmi	r4, r0, r0
87804d1c:	0020803f 	eoreq	r8, r0, pc, lsr r0
87804d20:	003e0020 	eorseq	r0, lr, r0, lsr #32
87804d24:	0007c001 	andeq	ip, r7, r1
87804d28:	00200038 	eoreq	r0, r0, r8, lsr r0
87804d2c:	c0070038 	andgt	r0, r7, r8, lsr r0
87804d30:	c007003c 	andgt	r0, r7, ip, lsr r0
87804d34:	00000038 	andeq	r0, r0, r8, lsr r0
87804d38:	c0394020 	eorsgt	r4, r9, r0, lsr #32
87804d3c:	c0390006 	eorsgt	r0, r9, r6
87804d40:	00004020 	andeq	r4, r0, r0, lsr #32
87804d44:	40380020 	eorsmi	r0, r8, r0, lsr #32
87804d48:	4038c007 	eorsmi	ip, r8, r7
87804d4c:	00000020 	andeq	r0, r0, r0, lsr #32
87804d50:	c0214030 	eorgt	r4, r1, r0, lsr r0
87804d54:	40384026 	eorsmi	r4, r8, r6, lsr #32
87804d58:	0000c020 	andeq	ip, r0, r0, lsr #32
87804d5c:	00000000 	andeq	r0, r0, r0
87804d60:	2040e07f 	subcs	lr, r0, pc, ror r0
87804d64:	00002040 	andeq	r2, r0, r0, asr #32
87804d68:	00700000 	rsbseq	r0, r0, r0
87804d6c:	8003000c 	andhi	r0, r3, ip
87804d70:	00004000 	andeq	r4, r0, r0
87804d74:	20400000 	subcs	r0, r0, r0
87804d78:	e07f2040 	rsbs	r2, pc, r0, asr #32
87804d7c:	00000000 	andeq	r0, r0, r0
87804d80:	00200000 	eoreq	r0, r0, r0
87804d84:	00200040 	eoreq	r0, r0, r0, asr #32
87804d88:	00000000 	andeq	r0, r0, r0
87804d8c:	10001000 	andne	r1, r0, r0
87804d90:	10001000 	andne	r1, r0, r0
87804d94:	10001000 	andne	r1, r0, r0
87804d98:	00000000 	andeq	r0, r0, r0
87804d9c:	00000040 	andeq	r0, r0, r0, asr #32
87804da0:	00000000 	andeq	r0, r0, r0
87804da4:	80020000 	andhi	r0, r2, r0
87804da8:	40054005 	andmi	r4, r5, r5
87804dac:	4000c003 	andmi	ip, r0, r3
87804db0:	c03f0020 	eorsgt	r0, pc, r0, lsr #32
87804db4:	40044004 	andmi	r4, r4, r4
87804db8:	00008003 	andeq	r8, r0, r3
87804dbc:	80030000 	andhi	r0, r3, r0
87804dc0:	40044004 	andmi	r4, r4, r4
87804dc4:	00004006 	andeq	r4, r0, r6
87804dc8:	80030000 	andhi	r0, r3, r0
87804dcc:	40244004 	eormi	r4, r4, r4
87804dd0:	4000c03f 	andmi	ip, r0, pc, lsr r0
87804dd4:	80030000 	andhi	r0, r3, r0
87804dd8:	40054005 	andmi	r4, r5, r5
87804ddc:	00004003 	andeq	r4, r0, r3
87804de0:	40040000 	andmi	r0, r4, r0
87804de4:	4024c01f 	eormi	ip, r4, pc, lsl r0
87804de8:	00204024 	eoreq	r4, r0, r4, lsr #32
87804dec:	e0020000 	and	r0, r2, r0
87804df0:	50055005 	andpl	r5, r5, r5
87804df4:	20045006 	andcs	r5, r4, r6
87804df8:	c03f4020 	eorsgt	r4, pc, r0, lsr #32
87804dfc:	00044004 	andeq	r4, r4, r4
87804e00:	4000c003 	andmi	ip, r0, r3
87804e04:	40040000 	andmi	r0, r4, r0
87804e08:	4000c027 	andmi	ip, r0, r7, lsr #32
87804e0c:	00000000 	andeq	r0, r0, r0
87804e10:	10001000 	andne	r1, r0, r0
87804e14:	e0271004 	eor	r1, r7, r4
87804e18:	00000000 	andeq	r0, r0, r0
87804e1c:	c03f4020 	eorsgt	r4, pc, r0, lsr #32
87804e20:	00074001 	andeq	r4, r7, r1
87804e24:	4004c004 	andmi	ip, r4, r4
87804e28:	40204020 	eormi	r4, r0, r0, lsr #32
87804e2c:	4000c03f 	andmi	ip, r0, pc, lsr r0
87804e30:	00004000 	andeq	r4, r0, r0
87804e34:	0004c007 	andeq	ip, r4, r7
87804e38:	0004c007 	andeq	ip, r4, r7
87804e3c:	0000c003 	andeq	ip, r0, r3
87804e40:	c0074004 	andgt	r4, r7, r4
87804e44:	00044004 	andeq	r4, r4, r4
87804e48:	4000c003 	andmi	ip, r0, r3
87804e4c:	80030000 	andhi	r0, r3, r0
87804e50:	40044004 	andmi	r4, r4, r4
87804e54:	00008003 	andeq	r8, r0, r3
87804e58:	f0071004 			; <UNDEFINED> instruction: 0xf0071004
87804e5c:	40045004 	andmi	r5, r4, r4
87804e60:	00008003 	andeq	r8, r0, r3
87804e64:	80030000 	andhi	r0, r3, r0
87804e68:	50044004 	andpl	r4, r4, r4
87804e6c:	1000f007 	andne	pc, r0, r7
87804e70:	c0074004 	andgt	r4, r7, r4
87804e74:	00044002 	andeq	r4, r4, r2
87804e78:	00000004 	andeq	r0, r0, r4
87804e7c:	40060000 	andmi	r0, r6, r0
87804e80:	40054005 	andmi	r4, r5, r5
87804e84:	0000c004 	andeq	ip, r0, r4
87804e88:	00040000 	andeq	r0, r4, r0
87804e8c:	4004801f 	andmi	r8, r4, pc, lsl r0
87804e90:	00004000 	andeq	r4, r0, r0
87804e94:	80070004 	andhi	r0, r7, r4
87804e98:	40044000 	andmi	r4, r4, r0
87804e9c:	4000c007 	andmi	ip, r0, r7
87804ea0:	00070004 	andeq	r0, r7, r4
87804ea4:	8001c004 	andhi	ip, r1, r4
87804ea8:	00040006 	andeq	r0, r4, r6
87804eac:	c0010006 	andgt	r0, r1, r6
87804eb0:	c0010007 	andgt	r0, r1, r7
87804eb4:	00000006 	andeq	r0, r0, r6
87804eb8:	c0064004 	andgt	r4, r6, r4
87804ebc:	c0060001 	andgt	r0, r6, r1
87804ec0:	00004004 	andeq	r4, r0, r4
87804ec4:	10071004 	andne	r1, r7, r4
87804ec8:	8001e004 	andhi	lr, r1, r4
87804ecc:	00040006 	andeq	r0, r4, r6
87804ed0:	40040000 	andmi	r0, r4, r0
87804ed4:	4006c005 	andmi	ip, r6, r5
87804ed8:	00004004 	andeq	r4, r0, r4
87804edc:	00000000 	andeq	r0, r0, r0
87804ee0:	e07b0004 	rsbs	r0, fp, r4
87804ee4:	00002040 	andeq	r2, r0, r0, asr #32
87804ee8:	00000000 	andeq	r0, r0, r0
87804eec:	f0ff0000 			; <UNDEFINED> instruction: 0xf0ff0000
87804ef0:	00000000 	andeq	r0, r0, r0
87804ef4:	20400000 	subcs	r0, r0, r0
87804ef8:	0004e07b 	andeq	lr, r4, fp, ror r0
87804efc:	00000000 	andeq	r0, r0, r0
87804f00:	00800040 	addeq	r0, r0, r0, asr #32
87804f04:	00200040 	eoreq	r0, r0, r0, asr #32
87804f08:	00400020 	subeq	r0, r0, r0, lsr #32

87804f0c <asc2_2412>:
	...
87804f3c:	0f000000 	svceq	0x00000000
87804f40:	fe0f3880 	cdp2	8, 0, cr3, cr15, cr0, {4}
87804f44:	38800f38 	stmcc	r0, {r3, r4, r5, r8, r9, sl, fp}
	...
87804f58:	00010000 	andeq	r0, r1, r0
87804f5c:	00000600 	andeq	r0, r0, r0, lsl #12
87804f60:	3800000c 	stmdacc	r0, {r2, r3}
87804f64:	00310000 	eorseq	r0, r1, r0
87804f68:	00000600 	andeq	r0, r0, r0, lsl #12
87804f6c:	3800000c 	stmdacc	r0, {r2, r3}
87804f70:	00300000 	eorseq	r0, r0, r0
	...
87804f7c:	67008061 	strvs	r8, [r0, -r1, rrx]
87804f80:	80f907f8 	ldrshthi	r0, [r9], #120	; 0x78
87804f84:	00806100 	addeq	r6, r0, r0, lsl #2
87804f88:	61008061 	tstvs	r0, r1, rrx
87804f8c:	80610080 	rsbhi	r0, r1, r0, lsl #1
87804f90:	07f86700 	ldrbeq	r6, [r8, r0, lsl #14]!
87804f94:	610080f9 	strdvs	r8, [r0, -r9]
87804f98:	00000080 	andeq	r0, r0, r0, lsl #1
87804f9c:	00000000 	andeq	r0, r0, r0
87804fa0:	c0010000 	andgt	r0, r1, r0
87804fa4:	f0e003e0 			; <UNDEFINED> instruction: 0xf0e003e0
87804fa8:	04083006 	streq	r3, [r8], #-6
87804fac:	ff1f0818 			; <UNDEFINED> instruction: 0xff1f0818
87804fb0:	080e04fe 	stmdaeq	lr, {r1, r2, r3, r4, r5, r6, r7, sl}
87804fb4:	03f08707 	mvnseq	r8, #1835008	; 0x1c0000
87804fb8:	0000e081 	andeq	lr, r0, r1, lsl #1
87804fbc:	00000000 	andeq	r0, r0, r0
87804fc0:	0600f001 	streq	pc, [r0], -r1
87804fc4:	0404000c 	streq	r0, [r4], #-12
87804fc8:	700c0608 	andvc	r0, ip, r8, lsl #12
87804fcc:	00c0f901 	sbceq	pc, r0, r1, lsl #18
87804fd0:	3b00000e 	blcc	87805010 <asc2_2412+0x104>
87804fd4:	18ec00e0 	stmiane	ip!, {r5, r6, r7}^
87804fd8:	04080807 	streq	r0, [r8], #-2055	; 0x807
87804fdc:	0300180c 	movweq	r1, #2060	; 0x80c
87804fe0:	000000e0 	andeq	r0, r0, r0, ror #1
87804fe4:	00e00100 	rsceq	r0, r0, r0, lsl #2
87804fe8:	f803f007 			; <UNDEFINED> instruction: 0xf803f007
87804fec:	081c0418 	ldmdaeq	ip, {r3, r4, sl}
87804ff0:	07081704 	streq	r1, [r8, -r4, lsl #14]
87804ff4:	c003d0e1 	andgt	sp, r3, r1, ror #1
87804ff8:	b02300e0 	eorlt	r0, r3, r0, ror #1
87804ffc:	00083c00 	andeq	r3, r8, r0, lsl #24
87805000:	00000820 	andeq	r0, r0, r0, lsr #16
87805004:	00000010 	andeq	r0, r0, r0, lsl r0
87805008:	01000000 	mrseq	r0, (UNDEF: 0)
8780500c:	00310000 	eorseq	r0, r1, r0
87805010:	00003200 	andeq	r3, r0, r0, lsl #4
87805014:	0000001c 	andeq	r0, r0, ip, lsl r0
	...
8780503c:	ff01007f 			; <UNDEFINED> instruction: 0xff01007f
87805040:	f08007c0 			; <UNDEFINED> instruction: 0xf08007c0
87805044:	1018000c 	andsne	r0, r8, ip
87805048:	00200400 	eoreq	r0, r0, r0, lsl #8
8780504c:	00000002 	andeq	r0, r0, r2
87805050:	20000000 	andcs	r0, r0, r0
87805054:	00100200 	andseq	r0, r0, r0, lsl #4
87805058:	18000c04 	stmdane	r0, {r2, sl, fp}
8780505c:	01f08007 	mvnseq	r8, r7
87805060:	7f00c0ff 	svcvc	0x0000c0ff
	...
87805078:	66000042 	strvs	r0, [r0], -r2, asr #32
8780507c:	00660000 	rsbeq	r0, r6, r0
87805080:	00003c00 	andeq	r3, r0, r0, lsl #24
87805084:	ff030018 			; <UNDEFINED> instruction: 0xff030018
87805088:	001800c0 	andseq	r0, r8, r0, asr #1
8780508c:	00003c00 	andeq	r3, r0, r0, lsl #24
87805090:	66000066 	strvs	r0, [r0], -r6, rrx
87805094:	00420000 	subeq	r0, r2, r0
87805098:	00000000 	andeq	r0, r0, r0
8780509c:	08000008 	stmdaeq	r0, {r3}
878050a0:	00080000 	andeq	r0, r8, r0
878050a4:	00000800 	andeq	r0, r0, r0, lsl #16
878050a8:	ff010008 			; <UNDEFINED> instruction: 0xff010008
878050ac:	000800c0 	andeq	r0, r8, r0, asr #1
878050b0:	00000800 	andeq	r0, r0, r0, lsl #16
878050b4:	08000008 	stmdaeq	r0, {r3}
878050b8:	00080000 	andeq	r0, r8, r0
878050bc:	00000000 	andeq	r0, r0, r0
878050c0:	00000100 	andeq	r0, r0, r0, lsl #2
878050c4:	32000031 	andcc	r0, r0, #49	; 0x31
878050c8:	001c0000 	andseq	r0, ip, r0
	...
878050e4:	08000008 	stmdaeq	r0, {r3}
878050e8:	00080000 	andeq	r0, r8, r0
878050ec:	00000800 	andeq	r0, r0, r0, lsl #16
878050f0:	08000008 	stmdaeq	r0, {r3}
878050f4:	00080000 	andeq	r0, r8, r0
878050f8:	00000800 	andeq	r0, r0, r0, lsl #16
878050fc:	08000008 	stmdaeq	r0, {r3}
	...
8780510c:	38000038 	stmdacc	r0, {r3, r4, r5}
87805110:	00380000 	eorseq	r0, r8, r0
	...
8780512c:	00000600 	andeq	r0, r0, r0, lsl #12
87805130:	7000001c 	andvc	r0, r0, ip, lsl r0
87805134:	00800100 	addeq	r0, r0, r0, lsl #2
87805138:	3800000e 	stmdacc	r0, {r1, r2, r3}
8780513c:	00c00000 	sbceq	r0, r0, r0
87805140:	1c000007 	stcne	0, cr0, [r0], {7}
87805144:	00300000 	eorseq	r0, r0, r0
	...
87805150:	ff01807f 			; <UNDEFINED> instruction: 0xff01807f
87805154:	708003e0 	addvc	r0, r0, r0, ror #7
87805158:	04180006 	ldreq	r0, [r8], #-6
8780515c:	00040800 	andeq	r0, r4, r0, lsl #16
87805160:	18000608 	stmdane	r0, {r3, r9, sl}
87805164:	01708003 	cmneq	r0, r3
87805168:	7f00e0ff 	svcvc	0x0000e0ff
8780516c:	00000080 	andeq	r0, r0, r0, lsl #1
87805170:	00000000 	andeq	r0, r0, r0
87805174:	00010000 	andeq	r0, r1, r0
87805178:	08000108 	stmdaeq	r0, {r3, r8}
8780517c:	03080001 	movweq	r0, #32769	; 0x8001
87805180:	ff07f8ff 			; <UNDEFINED> instruction: 0xff07f8ff
87805184:	080000f8 	stmdaeq	r0, {r3, r4, r5, r6, r7}
87805188:	00080000 	andeq	r0, r8, r0
8780518c:	00000800 	andeq	r0, r0, r0, lsl #16
87805190:	00000000 	andeq	r0, r0, r0
87805194:	01000000 	mrseq	r0, (UNDEF: 0)
87805198:	c00238c0 	andgt	r3, r2, r0, asr #17
8780519c:	98000458 	stmdals	r0, {r3, r4, r6, sl}
878051a0:	04180104 	ldreq	r0, [r8], #-260	; 0x104
878051a4:	04041802 	streq	r1, [r4], #-2050	; 0x802
878051a8:	181c0618 	ldmdane	ip, {r3, r4, r9, sl}
878051ac:	0118f803 	tsteq	r8, r3, lsl #16
878051b0:	0000f8e0 	andeq	pc, r0, r0, ror #17
878051b4:	00000000 	andeq	r0, r0, r0
878051b8:	01000000 	mrseq	r0, (UNDEF: 0)
878051bc:	c003e0c0 	andgt	lr, r3, r0, asr #1
878051c0:	080004f0 	stmdaeq	r0, {r4, r5, r6, r7, sl}
878051c4:	04080804 	streq	r0, [r8], #-2052	; 0x804
878051c8:	18060808 	stmdane	r6, {r3, fp}
878051cc:	18f40308 	ldmne	r4!, {r3, r8, r9}^
878051d0:	00f0e701 	rscseq	lr, r0, r1, lsl #14
878051d4:	0000e001 	andeq	lr, r0, r1
	...
878051e0:	0d000003 	stceq	0, cr0, [r0, #-12]
878051e4:	00110000 	andseq	r0, r1, r0
878051e8:	00006100 	andeq	r6, r0, r0, lsl #2
878051ec:	01030881 	smlabbeq	r3, r1, r8, r0
878051f0:	f8ff0708 			; <UNDEFINED> instruction: 0xf8ff0708
878051f4:	00f8ff0f 	rscseq	pc, r8, pc, lsl #30
878051f8:	01000801 	tsteq	r0, r1, lsl #16
878051fc:	00000008 	andeq	r0, r0, r8
87805200:	00000000 	andeq	r0, r0, r0
87805204:	fc07e000 	stc2	0, cr14, [r7], {-0}
87805208:	080806d0 	stmdaeq	r8, {r4, r6, r7, r9, sl}
8780520c:	06081006 	streq	r1, [r8], -r6
87805210:	10060810 	andne	r0, r6, r0, lsl r8
87805214:	38180608 	ldmdacc	r8, {r3, r9, sl}
87805218:	06f00f06 	ldrbteq	r0, [r0], r6, lsl #30
8780521c:	0000c007 	andeq	ip, r0, r7
	...
87805228:	ff01803f 			; <UNDEFINED> instruction: 0xff01803f
8780522c:	308403e0 	addcc	r0, r4, r0, ror #7
87805230:	04180802 	ldreq	r0, [r8], #-2050	; 0x802
87805234:	10040810 	andne	r0, r4, r0, lsl r8
87805238:	08100408 	ldmdaeq	r0, {r3, sl}
8780523c:	03101807 	tsteq	r0, #458752	; 0x70000
87805240:	0700f00f 	streq	pc, [r0, -pc]
87805244:	000000c0 	andeq	r0, r0, r0, asr #1
87805248:	00000000 	andeq	r0, r0, r0
8780524c:	c0030000 	andgt	r0, r3, r0
87805250:	00000700 	andeq	r0, r0, r0, lsl #14
87805254:	06000006 	streq	r0, [r0], -r6
87805258:	0706f800 	streq	pc, [r6, -r0, lsl #16]
8780525c:	001806f8 			; <UNDEFINED> instruction: 0x001806f8
87805260:	0700e006 	streq	lr, [r0, -r6]
87805264:	00060000 	andeq	r0, r6, r0
87805268:	00000000 	andeq	r0, r0, r0
8780526c:	01000000 	mrseq	r0, (UNDEF: 0)
87805270:	f703e0e1 			; <UNDEFINED> instruction: 0xf703e0e1
87805274:	103406f0 	ldrshtne	r0, [r4], -r0
87805278:	04081804 	streq	r1, [r8], #-2052	; 0x804
8780527c:	0c040818 	stceq	8, cr0, [r4], {24}
87805280:	080c0408 	stmdaeq	ip, {r3, sl}
87805284:	03181606 	tsteq	r8, #6291456	; 0x600000
87805288:	c101f0f3 	strdgt	pc, [r1, -r3]
8780528c:	000000e0 	andeq	r0, r0, r0, ror #1
87805290:	00000000 	andeq	r0, r0, r0
87805294:	fc0300f8 	stc2	0, cr0, [r3], {248}	; 0xf8
87805298:	38060330 	stmdacc	r6, {r4, r5, r8, r9}
8780529c:	04080204 	streq	r0, [r8], #-516	; 0x204
878052a0:	02040802 	andeq	r0, r4, #131072	; 0x20000
878052a4:	10040408 	andne	r0, r4, r8, lsl #8
878052a8:	01f00803 	mvnseq	r0, r3, lsl #16
878052ac:	7f00c0ff 	svcvc	0x0000c0ff
	...
878052c4:	70003870 	andvc	r3, r0, r0, ror r8
878052c8:	38700038 	ldmdacc	r0!, {r3, r4, r5}^
	...
878052e8:	30001a30 	andcc	r1, r0, r0, lsr sl
878052ec:	0000001c 	andeq	r0, r0, ip, lsl r0
	...
87805300:	08000000 	stmdaeq	r0, {}	; <UNPREDICTABLE>
87805304:	00140000 	andseq	r0, r4, r0
87805308:	00002200 	andeq	r2, r0, r0, lsl #4
8780530c:	80000041 	andhi	r0, r0, r1, asr #32
87805310:	40000180 	andmi	r0, r0, r0, lsl #3
87805314:	04200002 	strteq	r0, [r0], #-2
87805318:	00081000 	andeq	r1, r8, r0
8780531c:	00000008 	andeq	r0, r0, r8
87805320:	00000000 	andeq	r0, r0, r0
87805324:	21000021 	tstcs	r0, r1, lsr #32
87805328:	00210000 	eoreq	r0, r1, r0
8780532c:	00002100 	andeq	r2, r0, r0, lsl #2
87805330:	21000021 	tstcs	r0, r1, lsr #32
87805334:	00210000 	eoreq	r0, r1, r0
87805338:	00002100 	andeq	r2, r0, r0, lsl #2
8780533c:	21000021 	tstcs	r0, r1, lsr #32
	...
87805348:	00080000 	andeq	r0, r8, r0
8780534c:	10000408 	andne	r0, r0, r8, lsl #8
87805350:	01200002 	teqeq	r0, r2
87805354:	80004000 	andhi	r4, r0, r0
87805358:	00410080 	subeq	r0, r1, r0, lsl #1
8780535c:	00002200 	andeq	r2, r0, r0, lsl #4
87805360:	08000014 	stmdaeq	r0, {r2, r4}
87805364:	00000000 	andeq	r0, r0, r0
87805368:	03000000 	movweq	r0, #0
8780536c:	c00400c0 	andgt	r0, r4, r0, asr #1
87805370:	00000400 	andeq	r0, r0, r0, lsl #8
87805374:	08380008 	ldmdaeq	r8!, {r3}
87805378:	0808380f 	stmdaeq	r8, {r0, r1, r2, r3, fp, ip, sp}
8780537c:	00100838 	andseq	r0, r0, r8, lsr r8
87805380:	0700300c 	streq	r3, [r0, -ip]
87805384:	c00300e0 	andgt	r0, r3, r0, ror #1
	...
87805390:	ff00803f 			; <UNDEFINED> instruction: 0xff00803f
87805394:	708003e0 	addvc	r0, r0, r0, ror #7
87805398:	06100f02 	ldreq	r0, [r0], -r2, lsl #30
8780539c:	c0048870 	andgt	r8, r4, r0, ror r8
878053a0:	08830488 	stmeq	r3, {r3, r7, sl}
878053a4:	02887f04 	addeq	r7, r8, #4, 30
878053a8:	010390c0 	smlabteq	r3, r0, r0, r9
878053ac:	40fe0020 	rscsmi	r0, lr, r0, lsr #32
878053b0:	00080000 	andeq	r0, r8, r0
878053b4:	01001800 	tsteq	r0, r0, lsl #16
878053b8:	083e00f8 	ldmdaeq	lr!, {r3, r4, r5, r6, r7}
878053bc:	0700c201 	streq	ip, [r0, -r1, lsl #4]
878053c0:	e2070002 	and	r0, r7, #2
878053c4:	00fe0000 	rscseq	r0, lr, r0
878053c8:	00c81f00 	sbceq	r1, r8, r0, lsl #30
878053cc:	0000f801 	andeq	pc, r0, r1, lsl #16
878053d0:	08000038 	stmdaeq	r0, {r3, r4, r5}
878053d4:	07080004 	streq	r0, [r8, -r4]
878053d8:	ff07f8ff 			; <UNDEFINED> instruction: 0xff07f8ff
878053dc:	080804f8 	stmdaeq	r8, {r3, r4, r5, r6, r7, sl}
878053e0:	04080804 	streq	r0, [r8], #-2052	; 0x804
878053e4:	08040808 	stmdaeq	r4, {r3, fp}
878053e8:	08180608 	ldmdaeq	r8, {r3, r9, sl}
878053ec:	0118f403 	tsteq	r8, r3, lsl #8
878053f0:	0100f0e7 	smlatteq	r0, r7, r0, pc	; <UNPREDICTABLE>
878053f4:	000000e0 	andeq	r0, r0, r0, ror #1
878053f8:	00000000 	andeq	r0, r0, r0
878053fc:	ff01803f 			; <UNDEFINED> instruction: 0xff01803f
87805400:	708003e0 	addvc	r0, r0, r0, ror #7
87805404:	04180002 	ldreq	r0, [r8], #-2
87805408:	00040800 	andeq	r0, r4, r0, lsl #16
8780540c:	08000408 	stmdaeq	r0, {r3, sl}
87805410:	06100004 	ldreq	r0, [r0], -r4
87805414:	80072000 	andhi	r2, r7, r0
87805418:	000000c0 	andeq	r0, r0, r0, asr #1
8780541c:	07080004 	streq	r0, [r8, -r4]
87805420:	ff07f8ff 			; <UNDEFINED> instruction: 0xff07f8ff
87805424:	080004f8 	stmdaeq	r0, {r3, r4, r5, r6, r7, sl}
87805428:	04080004 	streq	r0, [r8], #-4
8780542c:	00040800 	andeq	r0, r4, r0, lsl #16
87805430:	10000218 	andne	r0, r0, r8, lsl r2
87805434:	01708003 	cmneq	r0, r3
87805438:	7f00e0ff 	svcvc	0x0000e0ff
8780543c:	00000080 	andeq	r0, r0, r0, lsl #1
87805440:	07080004 	streq	r0, [r8, -r4]
87805444:	ff07f8ff 			; <UNDEFINED> instruction: 0xff07f8ff
87805448:	080804f8 	stmdaeq	r8, {r3, r4, r5, r6, r7, sl}
8780544c:	04080804 	streq	r0, [r8], #-2052	; 0x804
87805450:	08040808 	stmdaeq	r4, {r3, fp}
87805454:	083e0408 	ldmdaeq	lr!, {r3, sl}
87805458:	06080004 	streq	r0, [r8], -r4
8780545c:	00011800 	andeq	r1, r1, r0, lsl #16
87805460:	00000060 	andeq	r0, r0, r0, rrx
87805464:	07080004 	streq	r0, [r8, -r4]
87805468:	ff07f8ff 			; <UNDEFINED> instruction: 0xff07f8ff
8780546c:	080804f8 	stmdaeq	r8, {r3, r4, r5, r6, r7, sl}
87805470:	04000804 	streq	r0, [r0], #-2052	; 0x804
87805474:	08040008 	stmdaeq	r4, {r3}
87805478:	003e0400 	eorseq	r0, lr, r0, lsl #8
8780547c:	06000006 	streq	r0, [r0], -r6
87805480:	80010000 	andhi	r0, r1, r0
	...
8780548c:	ff01803f 			; <UNDEFINED> instruction: 0xff01803f
87805490:	708003e0 	addvc	r0, r0, r0, ror #7
87805494:	04180006 	ldreq	r0, [r8], #-6
87805498:	02040800 	andeq	r0, r4, #0, 16
8780549c:	08020408 	stmdaeq	r2, {r3, sl}
878054a0:	07f00302 	ldrbeq	r0, [r0, r2, lsl #6]!
878054a4:	0200f083 	andeq	pc, r0, #131	; 0x83
878054a8:	00020000 	andeq	r0, r2, r0
878054ac:	07080004 	streq	r0, [r8, -r4]
878054b0:	ff07f8ff 			; <UNDEFINED> instruction: 0xff07f8ff
878054b4:	080804f8 	stmdaeq	r8, {r3, r4, r5, r6, r7, sl}
878054b8:	00000800 	andeq	r0, r0, r0, lsl #16
878054bc:	08000008 	stmdaeq	r0, {r3}
878054c0:	00080000 	andeq	r0, r8, r0
878054c4:	07080804 	streq	r0, [r8, -r4, lsl #16]
878054c8:	ff07f8ff 			; <UNDEFINED> instruction: 0xff07f8ff
878054cc:	080004f8 	stmdaeq	r0, {r3, r4, r5, r6, r7, sl}
878054d0:	00000000 	andeq	r0, r0, r0
878054d4:	00040000 	andeq	r0, r4, r0
878054d8:	08000408 	stmdaeq	r0, {r3, sl}
878054dc:	07080004 	streq	r0, [r8, -r4]
878054e0:	ff07f8ff 			; <UNDEFINED> instruction: 0xff07f8ff
878054e4:	080004f8 	stmdaeq	r0, {r3, r4, r5, r6, r7, sl}
878054e8:	04080004 	streq	r0, [r8], #-4
878054ec:	00000800 	andeq	r0, r0, r0, lsl #16
	...
878054f8:	00000600 	andeq	r0, r0, r0, lsl #12
878054fc:	01000007 	tsteq	r0, r7
87805500:	04010004 	streq	r0, [r1], #-4
87805504:	00040100 	andeq	r0, r4, r0, lsl #2
87805508:	feff0703 	cdp2	7, 15, cr0, cr15, cr3, {0}
8780550c:	04fcff07 	ldrbteq	pc, [ip], #3847	; 0xf07	; <UNPREDICTABLE>
87805510:	00040000 	andeq	r0, r4, r0
87805514:	00000400 	andeq	r0, r0, r0, lsl #8
87805518:	07080004 	streq	r0, [r8, -r4]
8780551c:	ff07f8ff 			; <UNDEFINED> instruction: 0xff07f8ff
87805520:	080c04f8 	stmdaeq	ip, {r3, r4, r5, r6, r7, sl}
87805524:	00001800 	andeq	r1, r0, r0, lsl #16
87805528:	c704003e 	smladxgt	r4, lr, r0, r0
8780552c:	c8030580 	stmdagt	r3, {r7, r8, sl}
87805530:	04f80006 	ldrbteq	r0, [r8], #6
87805534:	00043800 	andeq	r3, r4, r0, lsl #16
87805538:	08000018 	stmdaeq	r0, {r3, r4}
8780553c:	07080004 	streq	r0, [r8, -r4]
87805540:	ff07f8ff 			; <UNDEFINED> instruction: 0xff07f8ff
87805544:	080004f8 	stmdaeq	r0, {r3, r4, r5, r6, r7, sl}
87805548:	00080000 	andeq	r0, r8, r0
8780554c:	00000800 	andeq	r0, r0, r0, lsl #16
87805550:	08000008 	stmdaeq	r0, {r3}
87805554:	00080000 	andeq	r0, r8, r0
87805558:	00001800 	andeq	r1, r0, r0, lsl #16
8780555c:	00000060 	andeq	r0, r0, r0, rrx
87805560:	07080004 	streq	r0, [r8, -r4]
87805564:	8007f8ff 	strdhi	pc, [r7], -pc	; <UNPREDICTABLE>
87805568:	00fc0708 	rscseq	r0, ip, r8, lsl #14
8780556c:	00c07f00 	sbceq	r7, r0, r0, lsl #30
87805570:	0700f803 	streq	pc, [r0, -r3, lsl #16]
87805574:	007800c0 	rsbseq	r0, r8, r0, asr #1
87805578:	07088007 	streq	r8, [r8, -r7]
8780557c:	ff07f8ff 			; <UNDEFINED> instruction: 0xff07f8ff
87805580:	080004f8 	stmdaeq	r0, {r3, r4, r5, r6, r7, sl}
87805584:	07080004 	streq	r0, [r8, -r4]
87805588:	0007f8ff 	strdeq	pc, [r7], -pc	; <UNPREDICTABLE>
8780558c:	00c00308 	sbceq	r0, r0, r8, lsl #6
87805590:	0000e000 	andeq	lr, r0, r0
87805594:	1e000038 	mcrne	0, 0, r0, cr0, cr8, {1}
87805598:	00070000 	andeq	r0, r7, r0
8780559c:	04c00100 	strbeq	r0, [r0], #256	; 0x100
878055a0:	ff07f000 			; <UNDEFINED> instruction: 0xff07f000
878055a4:	000004f8 	strdeq	r0, [r0], -r8
878055a8:	00000000 	andeq	r0, r0, r0
878055ac:	ff01807f 			; <UNDEFINED> instruction: 0xff01807f
878055b0:	708003e0 	addvc	r0, r0, r0, ror #7
878055b4:	04180006 	ldreq	r0, [r8], #-6
878055b8:	00040800 	andeq	r0, r4, r0, lsl #16
878055bc:	18000608 	stmdane	r0, {r3, r9, sl}
878055c0:	01300003 	teqeq	r0, r3
878055c4:	7f00e0ff 	svcvc	0x0000e0ff
878055c8:	00000080 	andeq	r0, r0, r0, lsl #1
878055cc:	07080004 	streq	r0, [r8, -r4]
878055d0:	ff07f8ff 			; <UNDEFINED> instruction: 0xff07f8ff
878055d4:	080404f8 	stmdaeq	r4, {r3, r4, r5, r6, r7, sl}
878055d8:	04000404 	streq	r0, [r0], #-1028	; 0x404
878055dc:	04040004 	streq	r0, [r4], #-4
878055e0:	00040400 	andeq	r0, r4, r0, lsl #8
878055e4:	03000c06 	movweq	r0, #3078	; 0xc06
878055e8:	f00100f8 			; <UNDEFINED> instruction: 0xf00100f8
	...
878055f4:	ff01807f 			; <UNDEFINED> instruction: 0xff01807f
878055f8:	708003e0 	addvc	r0, r0, r0, ror #7
878055fc:	04880006 	streq	r0, [r8], #6
87805600:	00048800 	andeq	r8, r4, r0, lsl #16
87805604:	3c0006c8 	stccc	6, cr0, [r0], {200}	; 0xc8
87805608:	013e0003 	teqeq	lr, r3
8780560c:	7f00e6ff 	svcvc	0x0000e6ff
87805610:	00000084 	andeq	r0, r0, r4, lsl #1
87805614:	07080004 	streq	r0, [r8, -r4]
87805618:	ff07f8ff 			; <UNDEFINED> instruction: 0xff07f8ff
8780561c:	080804f8 	stmdaeq	r8, {r3, r4, r5, r6, r7, sl}
87805620:	04000804 	streq	r0, [r0], #-2052	; 0x804
87805624:	0f04000c 	svceq	0x0004000c
87805628:	c00b0400 	andgt	r0, fp, r0, lsl #8
8780562c:	03f01006 	mvnseq	r1, #6
87805630:	e00138f0 	strd	r3, [r1], -r0
87805634:	08000008 	stmdaeq	r0, {r3}
87805638:	01000000 	mrseq	r0, (UNDEF: 0)
8780563c:	f003f8e0 			; <UNDEFINED> instruction: 0xf003f8e0
87805640:	10300630 	eorsne	r0, r0, r0, lsr r6
87805644:	04081804 	streq	r1, [r8], #-2052	; 0x804
87805648:	0c040818 	stceq	8, cr0, [r4], {24}
8780564c:	080c0408 	stmdaeq	ip, {r3, sl}
87805650:	02180602 	andseq	r0, r8, #2097152	; 0x200000
87805654:	8107f007 	tsthi	r7, r7
87805658:	000000e0 	andeq	r0, r0, r0, ror #1
8780565c:	06008001 	streq	r8, [r0], -r1
87805660:	00040000 	andeq	r0, r4, r0
87805664:	00000400 	andeq	r0, r0, r0, lsl #8
87805668:	07080004 	streq	r0, [r8, -r4]
8780566c:	ff07f8ff 			; <UNDEFINED> instruction: 0xff07f8ff
87805670:	080004f8 	stmdaeq	r0, {r3, r4, r5, r6, r7, sl}
87805674:	04000004 	streq	r0, [r0], #-4
87805678:	00060000 	andeq	r0, r6, r0
8780567c:	00800100 	addeq	r0, r0, r0, lsl #2
87805680:	07000004 	streq	r0, [r0, -r4]
87805684:	ff07e0ff 			; <UNDEFINED> instruction: 0xff07e0ff
87805688:	180004f0 	stmdane	r0, {r4, r5, r6, r7, sl}
8780568c:	00080000 	andeq	r0, r8, r0
87805690:	00000800 	andeq	r0, r0, r0, lsl #16
87805694:	08000008 	stmdaeq	r0, {r3}
87805698:	04080000 	streq	r0, [r8], #-0
8780569c:	ff071000 			; <UNDEFINED> instruction: 0xff071000
878056a0:	000004e0 	andeq	r0, r0, r0, ror #9
878056a4:	06000004 	streq	r0, [r0], -r4
878056a8:	e0070000 	and	r0, r7, r0
878056ac:	00fe0700 	rscseq	r0, lr, r0, lsl #14
878056b0:	00e01f04 	rsceq	r1, r0, r4, lsl #30
878056b4:	0000f801 	andeq	pc, r0, r1, lsl #16
878056b8:	e0010038 	and	r0, r1, r8, lsr r0
878056bc:	07003e04 	streq	r3, [r0, -r4, lsl #28]
878056c0:	000600c0 	andeq	r0, r6, r0, asr #1
878056c4:	00000400 	andeq	r0, r0, r0, lsl #8
878056c8:	07000004 	streq	r0, [r0, -r4]
878056cc:	ff0700e0 			; <UNDEFINED> instruction: 0xff0700e0
878056d0:	f81f04c0 			; <UNDEFINED> instruction: 0xf81f04c0
878056d4:	07c00700 	strbeq	r0, [r0, r0, lsl #14]
878056d8:	ff0700f8 			; <UNDEFINED> instruction: 0xff0700f8
878056dc:	f83f0480 			; <UNDEFINED> instruction: 0xf83f0480
878056e0:	04c00700 	strbeq	r0, [r0], #1792	; 0x700
878056e4:	000700f8 	strdeq	r0, [r7], -r8
878056e8:	00000400 	andeq	r0, r0, r0, lsl #8
878056ec:	04000000 	streq	r0, [r0], #-0
878056f0:	00060800 	andeq	r0, r6, r0, lsl #16
878056f4:	78c00718 	stmiavc	r0, {r3, r4, r8, r9, sl}^
878056f8:	00c8f105 	sbceq	pc, r8, r5, lsl #2
878056fc:	1f00003e 	svcne	0x0000003e
87805700:	e8630480 	stmda	r3!, {r7, sl}^
87805704:	06f88007 	ldrbteq	r8, [r8], r7
87805708:	00041800 	andeq	r1, r4, r0, lsl #16
8780570c:	00000008 	andeq	r0, r0, r8
87805710:	06000004 	streq	r0, [r0], -r4
87805714:	80070000 	andhi	r0, r7, r0
87805718:	08e00700 	stmiaeq	r0!, {r8, r9, sl}^
8780571c:	00087c04 	andeq	r7, r8, r4, lsl #24
87805720:	0700f81f 	smuadeq	r0, pc, r8	; <UNPREDICTABLE>
87805724:	081800f8 	ldmdaeq	r8, {r3, r4, r5, r6, r7}
87805728:	0708e004 	streq	lr, [r8, -r4]
8780572c:	00060000 	andeq	r0, r6, r0
87805730:	00000400 	andeq	r0, r0, r0, lsl #8
87805734:	01000000 	mrseq	r0, (UNDEF: 0)
87805738:	00060800 	andeq	r0, r6, r0, lsl #16
8780573c:	f8000438 			; <UNDEFINED> instruction: 0xf8000438
87805740:	04e80304 	strbteq	r0, [r8], #772	; 0x304
87805744:	7c04080f 	stcvc	8, cr0, [r4], {15}
87805748:	08f00508 	ldmeq	r0!, {r3, r8, sl}^
8780574c:	0708c007 	streq	ip, [r8, -r7]
87805750:	00041800 	andeq	r1, r4, r0, lsl #16
87805754:	00000060 	andeq	r0, r0, r0, rrx
	...
87805764:	3f000000 	svccc	0x00000000
87805768:	0020feff 	strdeq	pc, [r0], -pc	; <UNPREDICTABLE>
8780576c:	02002002 	andeq	r2, r0, #2
87805770:	20020020 	andcs	r0, r2, r0, lsr #32
87805774:	00200200 	eoreq	r0, r0, r0, lsl #4
87805778:	00000002 	andeq	r0, r0, r2
8780577c:	00000000 	andeq	r0, r0, r0
87805780:	00080000 	andeq	r0, r8, r0
87805784:	00000700 	andeq	r0, r0, r0, lsl #14
87805788:	0000c000 	andeq	ip, r0, r0
8780578c:	06000038 			; <UNDEFINED> instruction: 0x06000038
87805790:	c0010000 	andgt	r0, r1, r0
87805794:	00300000 	eorseq	r0, r0, r0
87805798:	00000e00 	andeq	r0, r0, r0, lsl #28
8780579c:	00000001 	andeq	r0, r0, r1
878057a0:	00000000 	andeq	r0, r0, r0
878057a4:	00200000 	eoreq	r0, r0, r0
878057a8:	02002002 	andeq	r2, r0, #2
878057ac:	20020020 	andcs	r0, r2, r0, lsr #32
878057b0:	00200200 	eoreq	r0, r0, r0, lsl #4
878057b4:	feff3f02 	cdp2	15, 15, cr3, cr15, cr2, {0}
	...
878057cc:	00000800 	andeq	r0, r0, r0, lsl #16
878057d0:	30000010 	andcc	r0, r0, r0, lsl r0
878057d4:	00200000 	eoreq	r0, r0, r0
878057d8:	00003000 	andeq	r3, r0, r0
878057dc:	08000010 	stmdaeq	r0, {r4}
	...
878057e8:	00010000 	andeq	r0, r1, r0
878057ec:	00000100 	andeq	r0, r0, r0, lsl #2
878057f0:	01000001 	tsteq	r0, r1
878057f4:	00010000 	andeq	r0, r1, r0
878057f8:	00000100 	andeq	r0, r0, r0, lsl #2
878057fc:	01000001 	tsteq	r0, r1
87805800:	00010000 	andeq	r0, r1, r0
87805804:	00000100 	andeq	r0, r0, r0, lsl #2
87805808:	01000001 	tsteq	r0, r1
	...
87805814:	00002000 	andeq	r2, r0, r0
87805818:	10000020 	andne	r0, r0, r0, lsr #32
8780581c:	00100000 	andseq	r0, r0, r0
	...
87805834:	1900f000 	stmdbne	r0, {ip, sp, lr, pc}
87805838:	181b00f8 	ldmdane	fp, {r3, r4, r5, r6, r7}
8780583c:	00082200 	andeq	r2, r8, r0, lsl #4
87805840:	24000826 	strcs	r0, [r0], #-2086	; 0x826
87805844:	10240008 	eorne	r0, r4, r8
87805848:	00f83f00 	rscseq	r3, r8, r0, lsl #30
8780584c:	0000f81f 	andeq	pc, r0, pc, lsl r8	; <UNPREDICTABLE>
87805850:	18000008 	stmdane	r0, {r3}
87805854:	04000000 	streq	r0, [r0], #-0
87805858:	ff070000 			; <UNDEFINED> instruction: 0xff070000
8780585c:	f0ff0ff8 			; <UNDEFINED> instruction: 0xf0ff0ff8
87805860:	00181800 	andseq	r1, r8, r0, lsl #16
87805864:	20000810 	andcs	r0, r0, r0, lsl r8
87805868:	08200008 	stmdaeq	r0!, {r3}
8780586c:	00183000 	andseq	r3, r8, r0
87805870:	0f00f01f 	svceq	0x0000f01f
87805874:	000000c0 	andeq	r0, r0, r0, asr #1
87805878:	00000000 	andeq	r0, r0, r0
8780587c:	1f00c007 	svcne	0x0000c007
87805880:	301800f0 	ldrshcc	r0, [r8], -r0	; <UNPREDICTABLE>
87805884:	00082000 	andeq	r2, r8, r0
87805888:	20000820 	andcs	r0, r0, r0, lsr #16
8780588c:	083c0008 	ldmdaeq	ip!, {r3}
87805890:	00101c00 	andseq	r1, r0, r0, lsl #24
87805894:	00006000 	andeq	r6, r0, r0
	...
878058a0:	1f00c007 	svcne	0x0000c007
878058a4:	183800f0 	ldmdane	r8!, {r4, r5, r6, r7}
878058a8:	00082000 	andeq	r2, r8, r0
878058ac:	20000820 	andcs	r0, r0, r0, lsr #16
878058b0:	10100408 	andsne	r0, r0, r8, lsl #8
878058b4:	0ff8ff07 	svceq	0x00f8ff07
878058b8:	0000f0ff 	strdeq	pc, [r0], -pc	; <UNPREDICTABLE>
878058bc:	00000010 	andeq	r0, r0, r0, lsl r0
878058c0:	00000000 	andeq	r0, r0, r0
878058c4:	07000000 	streq	r0, [r0, -r0]
878058c8:	f01f00c0 			; <UNDEFINED> instruction: 0xf01f00c0
878058cc:	00301200 	eorseq	r1, r0, r0, lsl #4
878058d0:	22001822 	andcs	r1, r0, #2228224	; 0x220000
878058d4:	08220008 	stmdaeq	r2!, {r3}
878058d8:	00083200 	andeq	r3, r8, r0, lsl #4
878058dc:	0e00101e 	mcreq	0, 0, r1, cr0, cr14, {0}
878058e0:	00000020 	andeq	r0, r0, r0, lsr #32
878058e4:	00000000 	andeq	r0, r0, r0
878058e8:	20000020 	andcs	r0, r0, r0, lsr #32
878058ec:	08200008 	stmdaeq	r0!, {r3}
878058f0:	03f8ff01 	mvnseq	pc, #1, 30
878058f4:	2006f8ff 	strdcs	pc, [r6], -pc	; <UNPREDICTABLE>
878058f8:	08200408 	stmdaeq	r0!, {r3, sl}
878058fc:	07082004 	streq	r2, [r8, -r4]
87805900:	00030020 	andeq	r0, r3, r0, lsr #32
	...
8780590c:	0e000e00 	cdpeq	14, 0, cr0, cr0, cr0, {0}
87805910:	f31f006e 	vhadd.u16	q0, <illegal reg q7.5>, q15
87805914:	00b13100 	adcseq	r3, r1, r0, lsl #2
87805918:	2000b120 	andcs	fp, r0, r0, lsr #2
8780591c:	913100b1 	ldrhls	r0, [r1, -r1]!
87805920:	00131f00 	andseq	r1, r3, r0, lsl #30
87805924:	20001e2e 	andcs	r1, r0, lr, lsr #28
87805928:	0030000e 	eorseq	r0, r0, lr
8780592c:	04000000 	streq	r0, [r0], #-0
87805930:	ff070800 			; <UNDEFINED> instruction: 0xff070800
87805934:	f8ff0ff8 			; <UNDEFINED> instruction: 0xf8ff0ff8
87805938:	00081000 	andeq	r1, r8, r0
8780593c:	20000020 	andcs	r0, r0, r0, lsr #32
87805940:	08200000 	stmdaeq	r0!, {}	; <UNPREDICTABLE>
87805944:	00f83f00 	rscseq	r3, r8, r0, lsl #30
87805948:	0000f81f 	andeq	pc, r0, pc, lsl r8	; <UNPREDICTABLE>
8780594c:	00000008 	andeq	r0, r0, r8
87805950:	00000000 	andeq	r0, r0, r0
87805954:	20000000 	andcs	r0, r0, r0
87805958:	08200008 	stmdaeq	r0!, {r3}
8780595c:	06082000 	streq	r2, [r8], -r0
87805960:	3f06f83f 	svccc	0x0006f83f
87805964:	080000f8 	stmdaeq	r0, {r3, r4, r5, r6, r7}
87805968:	00080000 	andeq	r0, r8, r0
8780596c:	00000800 	andeq	r0, r0, r0, lsl #16
	...
8780597c:	03000003 	movweq	r0, #3
87805980:	00012000 	andeq	r2, r1, r0
87805984:	20000120 	andcs	r0, r0, r0, lsr #2
87805988:	fe3f0603 	cdp2	6, 3, cr0, cr15, cr3, {0}
8780598c:	00fc3f06 	rscseq	r3, ip, r6, lsl #30
	...
87805998:	04000000 	streq	r0, [r0], #-0
8780599c:	ff070800 			; <UNDEFINED> instruction: 0xff070800
878059a0:	f8ff0ff8 			; <UNDEFINED> instruction: 0xf8ff0ff8
878059a4:	00880100 	addeq	r0, r8, r0, lsl #2
878059a8:	2f000003 	svccs	0x00000003
878059ac:	f83800c0 			; <UNDEFINED> instruction: 0xf83800c0
878059b0:	00382000 	eorseq	r2, r8, r0
878059b4:	00000820 	andeq	r0, r0, r0, lsr #16
878059b8:	00000008 	andeq	r0, r0, r8
878059bc:	00000000 	andeq	r0, r0, r0
878059c0:	00040000 	andeq	r0, r4, r0
878059c4:	08000408 	stmdaeq	r0, {r3, sl}
878059c8:	07080004 	streq	r0, [r8, -r4]
878059cc:	ff0ff8ff 			; <UNDEFINED> instruction: 0xff0ff8ff
878059d0:	080000f8 	stmdaeq	r0, {r3, r4, r5, r6, r7}
878059d4:	00080000 	andeq	r0, r8, r0
878059d8:	00000800 	andeq	r0, r0, r0, lsl #16
878059dc:	00000000 	andeq	r0, r0, r0
878059e0:	00082000 	andeq	r2, r8, r0
878059e4:	3f00f83f 	svccc	0x0000f83f
878059e8:	081000f8 	ldmdaeq	r0, {r3, r4, r5, r6, r7}
878059ec:	00002000 	andeq	r2, r0, r0
878059f0:	3f00f83f 	svccc	0x0000f83f
878059f4:	081000f8 	ldmdaeq	r0, {r3, r4, r5, r6, r7}
878059f8:	00002000 	andeq	r2, r0, r0
878059fc:	3f00f83f 	svccc	0x0000f83f
87805a00:	080000f8 	stmdaeq	r0, {r3, r4, r5, r6, r7}
87805a04:	00000000 	andeq	r0, r0, r0
87805a08:	3f000820 	svccc	0x00000820
87805a0c:	f83f00f8 			; <UNDEFINED> instruction: 0xf83f00f8
87805a10:	00081000 	andeq	r1, r8, r0
87805a14:	20000010 	andcs	r0, r0, r0, lsl r0
87805a18:	08200000 	stmdaeq	r0!, {}	; <UNPREDICTABLE>
87805a1c:	00f83f00 	rscseq	r3, r8, r0, lsl #30
87805a20:	0000f81f 	andeq	pc, r0, pc, lsl r8	; <UNPREDICTABLE>
87805a24:	00000008 	andeq	r0, r0, r8
87805a28:	00000000 	andeq	r0, r0, r0
87805a2c:	0f00c007 	svceq	0x0000c007
87805a30:	301800f0 	ldrshcc	r0, [r8], -r0	; <UNPREDICTABLE>
87805a34:	00083000 	andeq	r3, r8, r0
87805a38:	20000820 	andcs	r0, r0, r0, lsr #16
87805a3c:	08300008 	ldmdaeq	r0!, {r3}
87805a40:	00301800 	eorseq	r1, r0, r0, lsl #16
87805a44:	0700f00f 	streq	pc, [r0, -pc]
87805a48:	000000c0 	andeq	r0, r0, r0, asr #1
87805a4c:	00000000 	andeq	r0, r0, r0
87805a50:	3f000120 	svccc	0x00000120
87805a54:	ff3f00ff 			; <UNDEFINED> instruction: 0xff3f00ff
87805a58:	00111000 	andseq	r1, r1, r0
87805a5c:	20000920 	andcs	r0, r0, r0, lsr #18
87805a60:	08200008 	stmdaeq	r0!, {r3}
87805a64:	00383000 	eorseq	r3, r8, r0
87805a68:	0f00f01f 	svceq	0x0000f01f
87805a6c:	000000c0 	andeq	r0, r0, r0, asr #1
87805a70:	00000000 	andeq	r0, r0, r0
87805a74:	1f00c007 	svcne	0x0000c007
87805a78:	183800f0 	ldmdane	r8!, {r4, r5, r6, r7}
87805a7c:	00082000 	andeq	r2, r8, r0
87805a80:	20000820 	andcs	r0, r0, r0, lsr #16
87805a84:	11100009 	tstne	r0, r9
87805a88:	00ff1f00 	rscseq	r1, pc, r0, lsl #30
87805a8c:	0000ff3f 	andeq	pc, r0, pc, lsr pc	; <UNPREDICTABLE>
87805a90:	00000001 	andeq	r0, r0, r1
87805a94:	00082000 	andeq	r2, r8, r0
87805a98:	20000820 	andcs	r0, r0, r0, lsr #16
87805a9c:	f83f0008 			; <UNDEFINED> instruction: 0xf83f0008
87805aa0:	00f83f00 	rscseq	r3, r8, r0, lsl #30
87805aa4:	10000808 	andne	r0, r0, r8, lsl #16
87805aa8:	08200008 	stmdaeq	r0!, {r3}
87805aac:	00002000 	andeq	r2, r0, r0
87805ab0:	30000030 	andcc	r0, r0, r0, lsr r0
	...
87805abc:	0c000000 	stceq	0, cr0, [r0], {-0}
87805ac0:	181e0078 	ldmdane	lr, {r3, r4, r5, r6}
87805ac4:	00083300 	andeq	r3, r8, r0, lsl #6
87805ac8:	21000823 	tstcs	r0, r3, lsr #16
87805acc:	88210008 	stmdahi	r1!, {r3}
87805ad0:	00982100 	addseq	r2, r8, r0, lsl #2
87805ad4:	3800f030 	stmdacc	r0, {r4, r5, ip, sp, lr, pc}
87805ad8:	00000060 	andeq	r0, r0, r0, rrx
87805adc:	00000000 	andeq	r0, r0, r0
87805ae0:	20000020 	andcs	r0, r0, r0, lsr #32
87805ae4:	00200000 	eoreq	r0, r0, r0
87805ae8:	03f0ff00 	mvnseq	pc, #0, 30
87805aec:	2000f8ff 	strdcs	pc, [r0], -pc	; <UNPREDICTABLE>
87805af0:	08200008 	stmdaeq	r0!, {r3}
87805af4:	00082000 	andeq	r2, r8, r0
87805af8:	00003000 	andeq	r3, r0, r0
	...
87805b04:	3f000020 	svccc	0x00000020
87805b08:	f87f00f0 			; <UNDEFINED> instruction: 0xf87f00f0
87805b0c:	00180000 	andseq	r0, r8, r0
87805b10:	00000800 	andeq	r0, r0, r0, lsl #16
87805b14:	10200008 	eorne	r0, r0, r8
87805b18:	00f83f00 	rscseq	r3, r8, r0, lsl #30
87805b1c:	0000f07f 	andeq	pc, r0, pc, ror r0	; <UNPREDICTABLE>
87805b20:	00000010 	andeq	r0, r0, r0, lsl r0
87805b24:	00000000 	andeq	r0, r0, r0
87805b28:	30000020 	andcc	r0, r0, r0, lsr #32
87805b2c:	003c0000 	eorseq	r0, ip, r0
87805b30:	00803f00 	addeq	r3, r0, r0, lsl #30
87805b34:	0000f023 	andeq	pc, r0, r3, lsr #32
87805b38:	70000078 	andvc	r0, r0, r8, ror r0
87805b3c:	00802300 	addeq	r2, r0, r0, lsl #6
87805b40:	3000003c 	andcc	r0, r0, ip, lsr r0
87805b44:	00200000 	eoreq	r0, r0, r0
87805b48:	00002000 	andeq	r2, r0, r0
87805b4c:	3f00003c 	svccc	0x0000003c
87805b50:	f82300e0 			; <UNDEFINED> instruction: 0xf82300e0
87805b54:	00e00000 	rsceq	r0, r0, r0
87805b58:	3e000027 	cdpcc	0, 0, cr0, cr0, cr7, {1}
87805b5c:	e03f0000 	eors	r0, pc, r0
87805b60:	00f82100 	rscseq	r2, r8, r0, lsl #2
87805b64:	3e00e001 	cdpcc	0, 0, cr14, cr0, cr1, {0}
87805b68:	00200000 	eoreq	r0, r0, r0
87805b6c:	00000000 	andeq	r0, r0, r0
87805b70:	20000820 	andcs	r0, r0, r0, lsr #16
87805b74:	38380008 	ldmdacc	r8!, {r3}
87805b78:	00683e00 	rsbeq	r3, r8, r0, lsl #28
87805b7c:	03008027 	movweq	r8, #39	; 0x27
87805b80:	f82c00c8 			; <UNDEFINED> instruction: 0xf82c00c8
87805b84:	00383800 	eorseq	r3, r8, r0, lsl #16
87805b88:	20001820 	andcs	r1, r0, r0, lsr #16
87805b8c:	00000008 	andeq	r0, r0, r8
87805b90:	00000000 	andeq	r0, r0, r0
87805b94:	30000020 	andcc	r0, r0, r0, lsr #32
87805b98:	013c0003 	teqeq	ip, r3
87805b9c:	00833f00 	addeq	r3, r3, r0, lsl #30
87805ba0:	0000ec23 	andeq	lr, r0, r3, lsr #24
87805ba4:	80230070 	eorhi	r0, r3, r0, ror r0
87805ba8:	00003c00 	andeq	r3, r0, r0, lsl #24
87805bac:	20000020 	andcs	r0, r0, r0, lsr #32
	...
87805bb8:	38000000 	stmdacc	r0, {}	; <UNPREDICTABLE>
87805bbc:	38200008 	stmdacc	r0!, {r3}
87805bc0:	00f82000 	rscseq	r2, r8, r0
87805bc4:	2f00e823 	svccs	0x0000e823
87805bc8:	083e0088 	ldmdaeq	lr!, {r3, r7}
87805bcc:	00083800 	andeq	r3, r8, r0, lsl #16
87805bd0:	00001820 	andeq	r1, r0, r0, lsr #16
87805bd4:	00000070 	andeq	r0, r0, r0, ror r0
	...
87805be8:	14000008 	strne	r0, [r0], #-8
87805bec:	fcf71f00 	ldc2l	15, cr1, [r7]
87805bf0:	20060030 	andcs	r0, r6, r0, lsr r0
87805bf4:	00000200 	andeq	r0, r0, r0, lsl #4
	...
87805c0c:	ffff0000 			; <UNDEFINED> instruction: 0xffff0000
87805c10:	000000ff 	strdeq	r0, [r0], -pc	; <UNPREDICTABLE>
	...
87805c24:	00200000 	eoreq	r0, r0, r0
87805c28:	06003002 	streq	r3, [r0], -r2
87805c2c:	00fcf71f 	rscseq	pc, ip, pc, lsl r7	; <UNPREDICTABLE>
87805c30:	08000014 	stmdaeq	r0, {r2, r4}
	...
87805c44:	18000000 	stmdane	r0, {}	; <UNPREDICTABLE>
87805c48:	00600000 	rsbeq	r0, r0, r0
87805c4c:	00004000 	andeq	r4, r0, r0
87805c50:	20000040 	andcs	r0, r0, r0, asr #32
87805c54:	00100000 	andseq	r0, r0, r0
87805c58:	00000800 	andeq	r0, r0, r0, lsl #16
87805c5c:	04000004 	streq	r0, [r0], #-4
87805c60:	000c0000 	andeq	r0, ip, r0
87805c64:	00001000 	andeq	r1, r0, r0

87805c68 <asc2_1608>:
	...
87805c7c:	cc1f0000 	ldcgt	0, cr0, [pc], {-0}
87805c80:	00000c00 	andeq	r0, r0, r0, lsl #24
87805c84:	00000000 	andeq	r0, r0, r0
87805c88:	00080000 	andeq	r0, r8, r0
87805c8c:	00600030 	rsbeq	r0, r0, r0, lsr r0
87805c90:	00300008 	eorseq	r0, r0, r8
87805c94:	00000060 	andeq	r0, r0, r0, rrx
87805c98:	fc032002 	stc2	0, cr2, [r3], {2}
87805c9c:	2002201e 	andcs	r2, r2, lr, lsl r0
87805ca0:	201efc03 	andscs	pc, lr, r3, lsl #24
87805ca4:	00002002 	andeq	r2, r0, r2
87805ca8:	180e0000 	stmdane	lr, {}	; <UNPREDICTABLE>
87805cac:	ff3f0411 			; <UNDEFINED> instruction: 0xff3f0411
87805cb0:	780c8410 	stmdavc	ip, {r4, sl, pc}
87805cb4:	00000000 	andeq	r0, r0, r0
87805cb8:	8410000f 	ldrhi	r0, [r0], #-15
87805cbc:	c000380f 	andgt	r3, r0, pc, lsl #16
87805cc0:	84187807 	ldrhi	r7, [r8], #-2055	; 0x807
87805cc4:	00007800 	andeq	r7, r0, r0, lsl #16
87805cc8:	840f7800 	strhi	r7, [pc], #-2048	; 87805cd0 <asc2_1608+0x68>
87805ccc:	2411c410 	ldrcs	ip, [r1], #-1040	; 0x410
87805cd0:	e400980e 	str	r9, [r0], #-2062	; 0x80e
87805cd4:	08008400 	stmdaeq	r0, {sl, pc}
87805cd8:	00680008 	rsbeq	r0, r8, r8
87805cdc:	00000070 	andeq	r0, r0, r0, ror r0
	...
87805cec:	e0070000 	and	r0, r7, r0
87805cf0:	04201818 	strteq	r1, [r0], #-2072	; 0x818
87805cf4:	00000240 	andeq	r0, r0, r0, asr #4
87805cf8:	02400000 	subeq	r0, r0, #0
87805cfc:	18180420 	ldmdane	r8, {r5, sl}
87805d00:	0000e007 	andeq	lr, r0, r7
87805d04:	00000000 	andeq	r0, r0, r0
87805d08:	40024002 	andmi	r4, r2, r2
87805d0c:	f00f8001 			; <UNDEFINED> instruction: 0xf00f8001
87805d10:	40028001 	andmi	r8, r2, r1
87805d14:	00004002 	andeq	r4, r0, r2
87805d18:	80008000 	andhi	r8, r0, r0
87805d1c:	f80f8000 			; <UNDEFINED> instruction: 0xf80f8000
87805d20:	80008000 	andhi	r8, r0, r0
87805d24:	00008000 	andeq	r8, r0, r0
87805d28:	0d000100 	stfeqs	f0, [r0, #-0]
87805d2c:	00000e00 	andeq	r0, r0, r0, lsl #28
	...
87805d38:	80000000 	andhi	r0, r0, r0
87805d3c:	80008000 	andhi	r8, r0, r0
87805d40:	80008000 	andhi	r8, r0, r0
87805d44:	80008000 	andhi	r8, r0, r0
87805d48:	0c000000 	stceq	0, cr0, [r0], {-0}
87805d4c:	00000c00 	andeq	r0, r0, r0, lsl #24
	...
87805d58:	06000000 	streq	r0, [r0], -r0
87805d5c:	60001800 	andvs	r1, r0, r0, lsl #16
87805d60:	00068001 	andeq	r8, r6, r1
87805d64:	00200018 	eoreq	r0, r0, r8, lsl r0
87805d68:	f0070000 			; <UNDEFINED> instruction: 0xf0070000
87805d6c:	04100808 	ldreq	r0, [r0], #-2056	; 0x808
87805d70:	08080410 	stmdaeq	r8, {r4, sl}
87805d74:	0000f007 	andeq	pc, r0, r7
87805d78:	04080000 	streq	r0, [r8], #-0
87805d7c:	fc1f0408 	ldc2	4, cr0, [pc], {8}
87805d80:	04000400 	streq	r0, [r0], #-1024	; 0x400
87805d84:	00000000 	andeq	r0, r0, r0
87805d88:	0c0e0000 	stceq	0, cr0, [lr], {-0}
87805d8c:	24101410 	ldrcs	r1, [r0], #-1040	; 0x410
87805d90:	84114410 	ldrhi	r4, [r1], #-1040	; 0x410
87805d94:	00000c0e 	andeq	r0, r0, lr, lsl #24
87805d98:	180c0000 	stmdane	ip, {}	; <UNPREDICTABLE>
87805d9c:	04110410 	ldreq	r0, [r1], #-1040	; 0x410
87805da0:	88120411 	ldmdahi	r2, {r0, r4, sl}
87805da4:	0000700c 	andeq	r7, r0, ip
87805da8:	e0000000 	and	r0, r0, r0
87805dac:	24042003 	strcs	r2, [r4], #-3
87805db0:	fc1f2408 	ldc2	4, cr2, [pc], {8}
87805db4:	00002400 	andeq	r2, r0, r0, lsl #8
87805db8:	981f0000 	ldmdals	pc, {}	; <UNPREDICTABLE>
87805dbc:	04118410 	ldreq	r8, [r1], #-1040	; 0x410
87805dc0:	88100411 	ldmdahi	r0, {r0, r4, sl}
87805dc4:	00007010 	andeq	r7, r0, r0, lsl r0
87805dc8:	f0070000 			; <UNDEFINED> instruction: 0xf0070000
87805dcc:	04118808 	ldreq	r8, [r1], #-2056	; 0x808
87805dd0:	88180411 	ldmdahi	r8, {r0, r4, sl}
87805dd4:	00007000 	andeq	r7, r0, r0
87805dd8:	001c0000 	andseq	r0, ip, r0
87805ddc:	fc100010 	ldc2	0, cr0, [r0], {16}
87805de0:	001c0013 	andseq	r0, ip, r3, lsl r0
87805de4:	00000010 	andeq	r0, r0, r0, lsl r0
87805de8:	380e0000 	stmdacc	lr, {}	; <UNPREDICTABLE>
87805dec:	84104411 	ldrhi	r4, [r0], #-1041	; 0x411
87805df0:	44118410 	ldrmi	r8, [r1], #-1040	; 0x410
87805df4:	0000380e 	andeq	r3, r0, lr, lsl #16
87805df8:	00070000 	andeq	r0, r7, r0
87805dfc:	44108c08 	ldrmi	r8, [r0], #-3080	; 0xc08
87805e00:	88084410 	stmdahi	r8, {r4, sl, lr}
87805e04:	0000f007 	andeq	pc, r0, r7
87805e08:	00000000 	andeq	r0, r0, r0
87805e0c:	0c030000 	stceq	0, cr0, [r3], {-0}
87805e10:	00000c03 	andeq	r0, r0, r3, lsl #24
	...
87805e1c:	06010100 	streq	r0, [r1], -r0, lsl #2
	...
87805e28:	80000000 	andhi	r0, r0, r0
87805e2c:	20024001 	andcs	r4, r2, r1
87805e30:	08081004 	stmdaeq	r8, {r2, ip}
87805e34:	00000410 	andeq	r0, r0, r0, lsl r4
87805e38:	20022002 	andcs	r2, r2, r2
87805e3c:	20022002 	andcs	r2, r2, r2
87805e40:	20022002 	andcs	r2, r2, r2
87805e44:	00002002 	andeq	r2, r0, r2
87805e48:	04100000 	ldreq	r0, [r0], #-0
87805e4c:	10040808 	andne	r0, r4, r8, lsl #16
87805e50:	40012002 	andmi	r2, r1, r2
87805e54:	00008000 	andeq	r8, r0, r0
87805e58:	000e0000 	andeq	r0, lr, r0
87805e5c:	0c100012 	ldceq	0, cr0, [r0], {18}
87805e60:	80106c10 	andshi	r6, r0, r0, lsl ip
87805e64:	0000000f 	andeq	r0, r0, pc
87805e68:	180ce003 	stmdane	ip, {r0, r1, sp, lr, pc}
87805e6c:	2414e413 	ldrcs	lr, [r4], #-1043	; 0x413
87805e70:	2808c417 	stmdacs	r8, {r0, r1, r2, r4, sl, lr, pc}
87805e74:	0000d007 	andeq	sp, r0, r7
87805e78:	3c000400 	cfstrscc	mvf0, [r0], {-0}
87805e7c:	401cc403 	andsmi	ip, ip, r3, lsl #8
87805e80:	e4004007 	str	r4, [r0], #-7
87805e84:	04001c00 	streq	r1, [r0], #-3072	; 0xc00
87805e88:	fc1f0410 	ldc2	4, cr0, [pc], {16}
87805e8c:	04110411 	ldreq	r0, [r1], #-1041	; 0x411
87805e90:	880e0411 	stmdahi	lr, {r0, r4, sl}
87805e94:	00007000 	andeq	r7, r0, r0
87805e98:	180ce003 	stmdane	ip, {r0, r1, sp, lr, pc}
87805e9c:	04100410 	ldreq	r0, [r0], #-1040	; 0x410
87805ea0:	08100410 	ldmdaeq	r0, {r4, sl}
87805ea4:	0000101c 	andeq	r1, r0, ip, lsl r0
87805ea8:	fc1f0410 	ldc2	4, cr0, [pc], {16}
87805eac:	04100410 	ldreq	r0, [r0], #-1040	; 0x410
87805eb0:	08080410 	stmdaeq	r8, {r4, sl}
87805eb4:	0000f007 	andeq	pc, r0, r7
87805eb8:	fc1f0410 	ldc2	4, cr0, [pc], {16}
87805ebc:	04110411 	ldreq	r0, [r1], #-1041	; 0x411
87805ec0:	0410c417 	ldreq	ip, [r0], #-1047	; 0x417
87805ec4:	00001808 	andeq	r1, r0, r8, lsl #16
87805ec8:	fc1f0410 	ldc2	4, cr0, [pc], {16}
87805ecc:	00110411 	andseq	r0, r1, r1, lsl r4
87805ed0:	0010c017 	andseq	ip, r0, r7, lsl r0
87805ed4:	00000008 	andeq	r0, r0, r8
87805ed8:	180ce003 	stmdane	ip, {r0, r1, sp, lr, pc}
87805edc:	04100410 	ldreq	r0, [r0], #-1040	; 0x410
87805ee0:	781c4410 	ldmdavc	ip, {r4, sl, lr}
87805ee4:	00004000 	andeq	r4, r0, r0
87805ee8:	fc1f0410 	ldc2	4, cr0, [pc], {16}
87805eec:	80008410 	andhi	r8, r0, r0, lsl r4
87805ef0:	84108000 	ldrhi	r8, [r0], #-0
87805ef4:	0410fc1f 	ldreq	pc, [r0], #-3103	; 0xc1f
87805ef8:	04100000 	ldreq	r0, [r0], #-0
87805efc:	fc1f0410 	ldc2	4, cr0, [pc], {16}
87805f00:	04100410 	ldreq	r0, [r0], #-1040	; 0x410
87805f04:	00000000 	andeq	r0, r0, r0
87805f08:	01000300 	mrseq	r0, LR_irq
87805f0c:	01100110 	tsteq	r0, r0, lsl r1
87805f10:	0010fe1f 	andseq	pc, r0, pc, lsl lr	; <UNPREDICTABLE>
87805f14:	00000010 	andeq	r0, r0, r0, lsl r0
87805f18:	fc1f0410 	ldc2	4, cr0, [pc], {16}
87805f1c:	80030411 	andhi	r0, r3, r1, lsl r4
87805f20:	1c186414 	cfldrsne	mvf6, [r8], {20}
87805f24:	00000410 	andeq	r0, r0, r0, lsl r4
87805f28:	fc1f0410 	ldc2	4, cr0, [pc], {16}
87805f2c:	04000410 	streq	r0, [r0], #-1040	; 0x410
87805f30:	04000400 	streq	r0, [r0], #-1024	; 0x400
87805f34:	00000c00 	andeq	r0, r0, r0, lsl #24
87805f38:	fc1f0410 	ldc2	4, cr0, [pc], {16}
87805f3c:	fc00001f 	stc2	0, cr0, [r0], {31}
87805f40:	fc1f001f 	ldc2	0, cr0, [pc], {31}
87805f44:	00000410 	andeq	r0, r0, r0, lsl r4
87805f48:	fc1f0410 	ldc2	4, cr0, [pc], {16}
87805f4c:	0003040c 	andeq	r0, r3, ip, lsl #8
87805f50:	1810e000 	ldmdane	r0, {sp, lr, pc}
87805f54:	0010fc1f 	andseq	pc, r0, pc, lsl ip	; <UNPREDICTABLE>
87805f58:	0808f007 	stmdaeq	r8, {r0, r1, r2, ip, sp, lr, pc}
87805f5c:	04100410 	ldreq	r0, [r0], #-1040	; 0x410
87805f60:	08080410 	stmdaeq	r8, {r4, sl}
87805f64:	0000f007 	andeq	pc, r0, r7
87805f68:	fc1f0410 	ldc2	4, cr0, [pc], {16}
87805f6c:	80108410 	andshi	r8, r0, r0, lsl r4
87805f70:	80108010 	andshi	r8, r0, r0, lsl r0
87805f74:	0000000f 	andeq	r0, r0, pc
87805f78:	1808f007 	stmdane	r8, {r0, r1, r2, ip, sp, lr, pc}
87805f7c:	24102410 	ldrcs	r2, [r0], #-1040	; 0x410
87805f80:	0a081c10 	beq	87a0cfc8 <__bss_end+0x202e98>
87805f84:	0000f207 	andeq	pc, r0, r7, lsl #4
87805f88:	fc1f0410 	ldc2	4, cr0, [pc], {16}
87805f8c:	00110411 	andseq	r0, r1, r1, lsl r4
87805f90:	3011c011 	andscc	ip, r1, r1, lsl r0
87805f94:	04000c0e 	streq	r0, [r0], #-3086	; 0xc0e
87805f98:	1c0e0000 	stcne	0, cr0, [lr], {-0}
87805f9c:	84100411 	ldrhi	r0, [r0], #-1041	; 0x411
87805fa0:	44108410 	ldrmi	r8, [r0], #-1040	; 0x410
87805fa4:	0000381c 	andeq	r3, r0, ip, lsl r8
87805fa8:	00100018 	andseq	r0, r0, r8, lsl r0
87805fac:	fc1f0410 	ldc2	4, cr0, [pc], {16}
87805fb0:	00100410 	andseq	r0, r0, r0, lsl r4
87805fb4:	00000018 	andeq	r0, r0, r8, lsl r0
87805fb8:	f81f0010 			; <UNDEFINED> instruction: 0xf81f0010
87805fbc:	04000410 	streq	r0, [r0], #-1040	; 0x410
87805fc0:	04100400 	ldreq	r0, [r0], #-1024	; 0x400
87805fc4:	0010f81f 	andseq	pc, r0, pc, lsl r8	; <UNPREDICTABLE>
87805fc8:	001e0010 	andseq	r0, lr, r0, lsl r0
87805fcc:	1c00e011 	stcne	0, cr14, [r0], {17}
87805fd0:	80137000 	andshi	r7, r3, r0
87805fd4:	0010001c 	andseq	r0, r0, ip, lsl r0
87805fd8:	3c10c01f 	ldccc	0, cr12, [r0], {31}
87805fdc:	001fe000 	andseq	lr, pc, r0
87805fe0:	3c10e000 	ldccc	0, cr14, [r0], {-0}
87805fe4:	0000c01f 	andeq	ip, r0, pc, lsl r0
87805fe8:	0c180410 	cfldrseq	mvf0, [r8], {16}
87805fec:	c0013416 	andgt	r3, r1, r6, lsl r4
87805ff0:	3416c001 	ldrcc	ip, [r6], #-1
87805ff4:	04100c18 	ldreq	r0, [r0], #-3096	; 0xc18
87805ff8:	001c0010 	andseq	r0, ip, r0, lsl r0
87805ffc:	fc000413 	stc2	4, cr0, [r0], {19}
87806000:	001c0413 	andseq	r0, ip, r3, lsl r4
87806004:	00000010 	andeq	r0, r0, r0, lsl r0
87806008:	1c100408 	cfldrsne	mvf0, [r0], {8}
8780600c:	84106410 	ldrhi	r6, [r0], #-1040	; 0x410
87806010:	041c0413 	ldreq	r0, [ip], #-1043	; 0x413
87806014:	00001810 	andeq	r1, r0, r0, lsl r8
87806018:	00000000 	andeq	r0, r0, r0
8780601c:	fe7f0000 	cdp2	0, 7, cr0, cr15, cr0, {0}
87806020:	02400240 	subeq	r0, r0, #64, 4
87806024:	00000240 	andeq	r0, r0, r0, asr #4
87806028:	00300000 	eorseq	r0, r0, r0
8780602c:	8003000c 	andhi	r0, r3, ip
87806030:	1c006000 	stcne	0, cr6, [r0], {-0}
87806034:	00000300 	andeq	r0, r0, r0, lsl #6
87806038:	02400000 	subeq	r0, r0, #0
8780603c:	02400240 	subeq	r0, r0, #64, 4
87806040:	0000fe7f 	andeq	pc, r0, pc, ror lr	; <UNPREDICTABLE>
	...
8780604c:	00400020 	subeq	r0, r0, r0, lsr #32
87806050:	00400040 	subeq	r0, r0, r0, asr #32
87806054:	00000020 	andeq	r0, r0, r0, lsr #32
87806058:	01000100 	mrseq	r0, (UNDEF: 16)
8780605c:	01000100 	mrseq	r0, (UNDEF: 16)
87806060:	01000100 	mrseq	r0, (UNDEF: 16)
87806064:	01000100 	mrseq	r0, (UNDEF: 16)
87806068:	00400000 	subeq	r0, r0, r0
8780606c:	00200040 	eoreq	r0, r0, r0, asr #32
	...
87806078:	98000000 	stmdals	r0, {}	; <UNPREDICTABLE>
8780607c:	44012401 	strmi	r2, [r1], #-1025	; 0x401
87806080:	44014401 	strmi	r4, [r1], #-1025	; 0x401
87806084:	0400fc00 	streq	pc, [r0], #-3072	; 0xc00
87806088:	fc1f0010 	ldc2	0, cr0, [pc], {16}
8780608c:	04018800 	streq	r8, [r1], #-2048	; 0x800
87806090:	88000401 	stmdahi	r0, {r0, sl}
87806094:	00007000 	andeq	r7, r0, r0
87806098:	70000000 	andvc	r0, r0, r0
8780609c:	04018800 	streq	r8, [r1], #-2048	; 0x800
878060a0:	04010401 	streq	r0, [r1], #-1025	; 0x401
878060a4:	00008800 	andeq	r8, r0, r0, lsl #16
878060a8:	70000000 	andvc	r0, r0, r0
878060ac:	04018800 	streq	r8, [r1], #-2048	; 0x800
878060b0:	08110401 	ldmdaeq	r1, {r0, sl}
878060b4:	0400fc1f 	streq	pc, [r0], #-3103	; 0xc1f
878060b8:	f8000000 			; <UNDEFINED> instruction: 0xf8000000
878060bc:	44014401 	strmi	r4, [r1], #-1025	; 0x401
878060c0:	44014401 	strmi	r4, [r1], #-1025	; 0x401
878060c4:	0000c800 	andeq	ip, r0, r0, lsl #16
878060c8:	04010000 	streq	r0, [r1], #-0
878060cc:	fc0f0401 	stc2	4, cr0, [pc], {1}
878060d0:	04110411 	ldreq	r0, [r1], #-1041	; 0x411
878060d4:	00180011 	andseq	r0, r8, r1, lsl r0
878060d8:	d6000000 	strle	r0, [r0], -r0
878060dc:	29012901 	stmdbcs	r1, {r0, r8, fp, sp}
878060e0:	c9012901 	stmdbgt	r1, {r0, r8, fp, sp}
878060e4:	00000601 	andeq	r0, r0, r1, lsl #12
878060e8:	fc1f0410 	ldc2	4, cr0, [pc], {16}
878060ec:	00018400 	andeq	r8, r1, r0, lsl #8
878060f0:	04010001 	streq	r0, [r1], #-1
878060f4:	0400fc00 	streq	pc, [r0], #-3072	; 0xc00
878060f8:	04010000 	streq	r0, [r1], #-0
878060fc:	fc190419 	ldc2	4, cr0, [r9], {25}
87806100:	04000400 	streq	r0, [r0], #-1024	; 0x400
87806104:	00000000 	andeq	r0, r0, r0
87806108:	03000000 	movweq	r0, #0
8780610c:	01010100 	mrseq	r0, (UNDEF: 17)
87806110:	fe190119 	mrc2	1, 0, r0, cr9, cr9, {0}
87806114:	00000000 	andeq	r0, r0, r0
87806118:	fc1f0410 	ldc2	4, cr0, [pc], {16}
8780611c:	40002400 	andmi	r2, r0, r0, lsl #8
87806120:	0c01b401 	cfstrseq	mvf11, [r1], {1}
87806124:	00000401 	andeq	r0, r0, r1, lsl #8
87806128:	04100000 	ldreq	r0, [r0], #-0
8780612c:	fc1f0410 	ldc2	4, cr0, [pc], {16}
87806130:	04000400 	streq	r0, [r0], #-1024	; 0x400
87806134:	00000000 	andeq	r0, r0, r0
87806138:	fc010401 	stc2	4, cr0, [r1], {1}
8780613c:	00010401 	andeq	r0, r1, r1, lsl #8
87806140:	0401fc01 	streq	pc, [r1], #-3073	; 0xc01
87806144:	fc000001 	stc2	0, cr0, [r0], {1}
87806148:	fc010401 	stc2	4, cr0, [r1], {1}
8780614c:	00018400 	andeq	r8, r1, r0, lsl #8
87806150:	04010001 	streq	r0, [r1], #-1
87806154:	0400fc00 	streq	pc, [r0], #-3072	; 0xc00
87806158:	f8000000 			; <UNDEFINED> instruction: 0xf8000000
8780615c:	04010401 	streq	r0, [r1], #-1025	; 0x401
87806160:	04010401 	streq	r0, [r1], #-1025	; 0x401
87806164:	0000f800 	andeq	pc, r0, r0, lsl #16
87806168:	ff010101 			; <UNDEFINED> instruction: 0xff010101
8780616c:	04018500 	streq	r8, [r1], #-1280	; 0x500
87806170:	88000401 	stmdahi	r0, {r0, sl}
87806174:	00007000 	andeq	r7, r0, r0
87806178:	70000000 	andvc	r0, r0, r0
8780617c:	04018800 	streq	r8, [r1], #-2048	; 0x800
87806180:	05010401 	streq	r0, [r1, #-1025]	; 0x401
87806184:	0100ff01 	tsteq	r0, r1, lsl #30
87806188:	04010401 	streq	r0, [r1], #-1025	; 0x401
8780618c:	8400fc01 	strhi	pc, [r0], #-3073	; 0xc01
87806190:	00010401 	andeq	r0, r1, r1, lsl #8
87806194:	00008001 	andeq	r8, r0, r1
87806198:	cc000000 	stcgt	0, cr0, [r0], {-0}
8780619c:	24012401 	strcs	r2, [r1], #-1025	; 0x401
878061a0:	24012401 	strcs	r2, [r1], #-1025	; 0x401
878061a4:	00009801 	andeq	r9, r0, r1, lsl #16
878061a8:	00010000 	andeq	r0, r1, r0
878061ac:	f8070001 			; <UNDEFINED> instruction: 0xf8070001
878061b0:	04010401 	streq	r0, [r1], #-1025	; 0x401
878061b4:	00000000 	andeq	r0, r0, r0
878061b8:	f8010001 			; <UNDEFINED> instruction: 0xf8010001
878061bc:	04000400 	streq	r0, [r0], #-1024	; 0x400
878061c0:	08010400 	stmdaeq	r1, {sl}
878061c4:	0400fc01 	streq	pc, [r0], #-3073	; 0xc01
878061c8:	80010001 	andhi	r0, r1, r1
878061cc:	0c007001 	stceq	0, cr7, [r0], {1}
878061d0:	60011000 	andvs	r1, r1, r0
878061d4:	00018001 	andeq	r8, r1, r1
878061d8:	0c01f001 	stceq	0, cr15, [r1], {1}
878061dc:	c0013000 	andgt	r3, r1, r0
878061e0:	0c013000 	stceq	0, cr3, [r1], {-0}
878061e4:	0001f001 	andeq	pc, r1, r1
878061e8:	04010000 	streq	r0, [r1], #-0
878061ec:	74008c01 	strvc	r8, [r0], #-3073	; 0xc01
878061f0:	8c017001 	stchi	0, cr7, [r1], {1}
878061f4:	00000401 	andeq	r0, r0, r1, lsl #8
878061f8:	81010101 	tsthi	r1, r1, lsl #2
878061fc:	0e007101 	adfeqs	f7, f0, f1
87806200:	60011800 	andvs	r1, r1, r0, lsl #16
87806204:	00018001 	andeq	r8, r1, r1
87806208:	84010000 	strhi	r0, [r1], #-0
8780620c:	34010c01 	strcc	r0, [r1], #-3073	; 0xc01
87806210:	84014401 	strhi	r4, [r1], #-1025	; 0x401
87806214:	00000c01 	andeq	r0, r0, r1, lsl #24
	...
87806220:	fc3e0001 	ldc2	0, cr0, [lr], #-4
87806224:	02400240 	subeq	r0, r0, #64, 4
	...
87806230:	0000ffff 	strdeq	pc, [r0], -pc	; <UNPREDICTABLE>
87806234:	00000000 	andeq	r0, r0, r0
87806238:	02400000 	subeq	r0, r0, #0
8780623c:	fc3e0240 	ldc2	2, cr0, [lr], #-256	; 0xffffff00
87806240:	00000001 	andeq	r0, r0, r1
87806244:	00000000 	andeq	r0, r0, r0
87806248:	00600000 	rsbeq	r0, r0, r0
8780624c:	00800080 	addeq	r0, r0, r0, lsl #1
87806250:	00400040 	subeq	r0, r0, r0, asr #32
87806254:	00200020 	eoreq	r0, r0, r0, lsr #32

87806258 <asc2_3216>:
	...
878062f0:	c000f007 	andgt	pc, r0, r7
878062f4:	e0e1ff07 	rsc	pc, r1, r7, lsl #30
878062f8:	e001f007 	and	pc, r1, r7
878062fc:	c0000000 	andgt	r0, r0, r0
	...
87806360:	00002000 	andeq	r2, r0, r0
87806364:	0000c001 	andeq	ip, r0, r1
87806368:	00008007 	andeq	r8, r0, r7
8780636c:	0000001f 	andeq	r0, r0, pc, lsl r0
87806370:	0000001e 	andeq	r0, r0, lr, lsl r0
87806374:	0000201c 	andeq	r2, r0, ip, lsl r0
87806378:	0000c001 	andeq	ip, r0, r1
8780637c:	00008007 	andeq	r8, r0, r7
87806380:	0000001f 	andeq	r0, r0, pc, lsl r0
87806384:	0000001e 	andeq	r0, r0, lr, lsl r0
87806388:	0000001c 	andeq	r0, r0, ip, lsl r0
	...
878063dc:	000c1800 	andeq	r1, ip, r0, lsl #16
878063e0:	000c1800 	andeq	r1, ip, r0, lsl #16
878063e4:	e00f1800 	and	r1, pc, r0, lsl #16
878063e8:	00fc1f00 	rscseq	r1, ip, r0, lsl #30
878063ec:	000cf803 	andeq	pc, ip, r3, lsl #16
878063f0:	000c1800 	andeq	r1, ip, r0, lsl #16
878063f4:	000c1800 	andeq	r1, ip, r0, lsl #16
878063f8:	000c1800 	andeq	r1, ip, r0, lsl #16
878063fc:	000c1800 	andeq	r1, ip, r0, lsl #16
87806400:	e00f1800 	and	r1, pc, r0, lsl #16
87806404:	00fc1f00 	rscseq	r1, ip, r0, lsl #30
87806408:	000cf803 	andeq	pc, ip, r3, lsl #16
8780640c:	000c1800 	andeq	r1, ip, r0, lsl #16
87806410:	000c1800 	andeq	r1, ip, r0, lsl #16
	...
87806460:	80070000 	andhi	r0, r7, r0
87806464:	c0077800 	andgt	r7, r7, r0, lsl #16
87806468:	4006fc00 	andmi	pc, r6, r0, lsl #24
8780646c:	20000e01 	andcs	r0, r0, r1, lsl #28
87806470:	20000703 	andcs	r0, r0, r3, lsl #14
87806474:	20800302 	addcs	r0, r0, r2, lsl #6
87806478:	fcffff0f 	ldc2l	15, cr15, [pc], #60	; 878064bc <asc2_3216+0x264>
8780647c:	20c00102 	sbccs	r0, r0, r2, lsl #2
87806480:	60e00002 	rscvs	r0, r0, r2
87806484:	40703001 	rsbsmi	r3, r0, r1
87806488:	803ff001 	eorshi	pc, pc, r1
8780648c:	001ff000 	andseq	pc, pc, r0
	...
878064d8:	0000fe00 	andeq	pc, r0, r0, lsl #28
878064dc:	0000ff01 	andeq	pc, r0, r1, lsl #30
878064e0:	00800103 	addeq	r0, r0, r3, lsl #2
878064e4:	60800002 	addvs	r0, r0, r2
878064e8:	c0810103 	addgt	r0, r1, r3, lsl #2
878064ec:	0007ff01 	andeq	pc, r7, r1, lsl #30
878064f0:	0018fe00 	andseq	pc, r8, r0, lsl #28
878064f4:	00e00000 	rsceq	r0, r0, r0
878064f8:	00bf0300 	adcseq	r0, pc, r0, lsl #6
878064fc:	c0ff0c00 	rscsgt	r0, pc, r0, lsl #24
87806500:	60807100 	addvs	r7, r0, r0, lsl #2
87806504:	2000c101 	andcs	ip, r0, r1, lsl #2
87806508:	60800103 	addvs	r0, r0, r3, lsl #2
8780650c:	c0ff0000 	rscsgt	r0, pc, r0
87806510:	003f0000 	eorseq	r0, pc, r0
	...
87806558:	001f0000 	andseq	r0, pc, r0
8780655c:	c07f0000 	rsbsgt	r0, pc, r0
87806560:	c0c0fc00 	sbcgt	pc, r0, r0, lsl #24
87806564:	6080ff01 	addvs	pc, r0, r1, lsl #30
87806568:	20e00303 	rsccs	r0, r0, r3, lsl #6
8780656c:	20780202 	rsbscs	r0, r8, r2, lsl #4
87806570:	201e0602 	andscs	r0, lr, r2, lsl #12
87806574:	4007fc03 	andmi	pc, r7, r3, lsl #24
87806578:	8003f001 	andhi	pc, r3, r1
8780657c:	c0030100 	andgt	r0, r3, r0, lsl #2
87806580:	601c0100 	andsvs	r0, ip, r0, lsl #2
87806584:	20e00100 	rsccs	r0, r0, r0, lsl #2
87806588:	20000100 	andcs	r0, r0, r0, lsl #2
8780658c:	40000100 	andmi	r0, r0, r0, lsl #2
87806590:	80010000 	andhi	r0, r1, r0
	...
878065dc:	00002000 	andeq	r2, r0, r0
878065e0:	0000601c 	andeq	r6, r0, ip, lsl r0
878065e4:	0000401c 	andeq	r4, r0, ip, lsl r0
878065e8:	0000801f 	andeq	r8, r0, pc, lsl r0
878065ec:	0000000f 	andeq	r0, r0, pc
	...
87806674:	00f80700 	rscseq	r0, r8, r0, lsl #14
87806678:	00ff3f00 	rscseq	r3, pc, r0, lsl #30
8780667c:	c0077800 	andgt	r7, r7, r0, lsl #16
87806680:	e000c001 	and	ip, r0, r1
87806684:	30000003 	andcc	r0, r0, r3
87806688:	08000004 	stmdaeq	r0, {r2}
8780668c:	04000008 	streq	r0, [r0], #-8
87806690:	02000010 	andeq	r0, r0, #16
	...
878066dc:	02000010 	andeq	r0, r0, #16
878066e0:	04000008 	streq	r0, [r0], #-8
878066e4:	08000004 	stmdaeq	r0, {r2}
878066e8:	30000003 	andcc	r0, r0, r3
878066ec:	e000c001 	and	ip, r0, r1
878066f0:	c0077800 	andgt	r7, r7, r0, lsl #16
878066f4:	00ff3f00 	rscseq	r3, pc, r0, lsl #30
878066f8:	00f80700 	rscseq	r0, r8, r0, lsl #14
	...
87806760:	00180c00 	andseq	r0, r8, r0, lsl #24
87806764:	00380e00 	eorseq	r0, r8, r0, lsl #28
87806768:	00380e00 	eorseq	r0, r8, r0, lsl #28
8780676c:	00300600 	eorseq	r0, r0, r0, lsl #12
87806770:	00600300 	rsbeq	r0, r0, r0, lsl #6
87806774:	80436100 	subhi	r6, r3, r0, lsl #2
87806778:	80ffff00 	rscshi	pc, pc, r0, lsl #30
8780677c:	00436100 	subeq	r6, r3, r0, lsl #2
87806780:	00600300 	rsbeq	r0, r0, r0, lsl #6
87806784:	00300600 	eorseq	r0, r0, r0, lsl #12
87806788:	00380e00 	eorseq	r0, r8, r0, lsl #28
8780678c:	00380e00 	eorseq	r0, r8, r0, lsl #28
87806790:	00180c00 	andseq	r0, r8, r0, lsl #24
	...
878067e0:	00800000 	addeq	r0, r0, r0
878067e4:	00800000 	addeq	r0, r0, r0
878067e8:	00800000 	addeq	r0, r0, r0
878067ec:	00800000 	addeq	r0, r0, r0
878067f0:	00800000 	addeq	r0, r0, r0
878067f4:	00800000 	addeq	r0, r0, r0
878067f8:	00ff7f00 	rscseq	r7, pc, r0, lsl #30
878067fc:	00800000 	addeq	r0, r0, r0
87806800:	00800000 	addeq	r0, r0, r0
87806804:	00800000 	addeq	r0, r0, r0
87806808:	00800000 	addeq	r0, r0, r0
8780680c:	00800000 	addeq	r0, r0, r0
87806810:	00800000 	addeq	r0, r0, r0
	...
8780685c:	01000000 	mrseq	r0, (UNDEF: 0)
87806860:	e3000000 	movw	r0, #0
87806864:	e2000000 	and	r0, r0, #0
87806868:	fc000000 	stc2	0, cr0, [r0], {-0}
8780686c:	78000000 	stmdavc	r0, {}	; <UNPREDICTABLE>
	...
878068dc:	00800000 	addeq	r0, r0, r0
878068e0:	00800000 	addeq	r0, r0, r0
878068e4:	00800000 	addeq	r0, r0, r0
878068e8:	00800000 	addeq	r0, r0, r0
878068ec:	00800000 	addeq	r0, r0, r0
878068f0:	00800000 	addeq	r0, r0, r0
878068f4:	00800000 	addeq	r0, r0, r0
878068f8:	00800000 	addeq	r0, r0, r0
878068fc:	00800000 	addeq	r0, r0, r0
87806900:	00800000 	addeq	r0, r0, r0
87806904:	00800000 	addeq	r0, r0, r0
87806908:	00800000 	addeq	r0, r0, r0
8780690c:	00800000 	addeq	r0, r0, r0
87806910:	00800000 	addeq	r0, r0, r0
	...
87806960:	c0000000 	andgt	r0, r0, r0
87806964:	e0010000 	and	r0, r1, r0
87806968:	e0010000 	and	r0, r1, r0
8780696c:	c0000000 	andgt	r0, r0, r0
	...
878069dc:	0c000000 	stceq	0, cr0, [r0], {-0}
878069e0:	38000000 	stmdacc	r0, {}	; <UNPREDICTABLE>
878069e4:	e0000000 	and	r0, r0, r0
878069e8:	80030000 	andhi	r0, r3, r0
878069ec:	000e0000 	andeq	r0, lr, r0
878069f0:	00380000 	eorseq	r0, r8, r0
878069f4:	00e00000 	rsceq	r0, r0, r0
878069f8:	00800300 	addeq	r0, r0, r0, lsl #6
878069fc:	00000e00 	andeq	r0, r0, r0, lsl #28
87806a00:	00003800 	andeq	r3, r0, r0, lsl #16
87806a04:	0000e000 	andeq	lr, r0, r0
87806a08:	00008003 	andeq	r8, r0, r3
87806a0c:	0000000e 	andeq	r0, r0, lr
87806a10:	00000018 	andeq	r0, r0, r8, lsl r0
	...
87806a60:	00f80f00 	rscseq	r0, r8, r0, lsl #30
87806a64:	00ff7f00 	rscseq	r7, pc, r0, lsl #30
87806a68:	8007f000 	andhi	pc, r7, r0
87806a6c:	c0008001 	andgt	r8, r0, r1
87806a70:	60000003 	andvs	r0, r0, r3
87806a74:	20000002 	andcs	r0, r0, r2
87806a78:	20000002 	andcs	r0, r0, r2
87806a7c:	20000002 	andcs	r0, r0, r2
87806a80:	60000003 	andvs	r0, r0, r3
87806a84:	c0008001 	andgt	r8, r0, r1
87806a88:	8003e000 	andhi	lr, r3, r0
87806a8c:	00ff7f00 	rscseq	r7, pc, r0, lsl #30
87806a90:	00f80f00 	rscseq	r0, r8, r0, lsl #30
	...
87806ae4:	20008000 	andcs	r8, r0, r0
87806ae8:	20008000 	andcs	r8, r0, r0
87806aec:	20008000 	andcs	r8, r0, r0
87806af0:	60008000 	andvs	r8, r0, r0
87806af4:	e0ffff01 	rscs	pc, pc, r1, lsl #30
87806af8:	e0ffff03 	rscs	pc, pc, r3, lsl #30
87806afc:	60000000 	andvs	r0, r0, r0
87806b00:	20000000 	andcs	r0, r0, r0
87806b04:	20000000 	andcs	r0, r0, r0
87806b08:	20000000 	andcs	r0, r0, r0
	...
87806b60:	e0007800 	and	r7, r0, r0, lsl #16
87806b64:	60019800 	andvs	r9, r1, r0, lsl #16
87806b68:	60020001 	andvs	r0, r2, r1
87806b6c:	60040002 	andvs	r0, r4, r2
87806b70:	60080002 	andvs	r0, r8, r2
87806b74:	60100002 	andsvs	r0, r0, r2
87806b78:	60200002 	eorvs	r0, r0, r2
87806b7c:	60400002 	subvs	r0, r0, r2
87806b80:	60800003 	addvs	r0, r0, r3
87806b84:	60008301 	andvs	r8, r0, r1, lsl #6
87806b88:	e000fe01 	and	pc, r0, r1, lsl #28
87806b8c:	80077c00 	andhi	r7, r7, r0, lsl #24
	...
87806be0:	8007f000 	andhi	pc, r7, r0
87806be4:	c007f001 	andgt	pc, r7, r1
87806be8:	40000001 	andmi	r0, r0, r1
87806bec:	20000002 	andcs	r0, r0, r2
87806bf0:	20000102 	andcs	r0, r0, r2, lsl #2
87806bf4:	20000102 	andcs	r0, r0, r2, lsl #2
87806bf8:	20000102 	andcs	r0, r0, r2, lsl #2
87806bfc:	20800303 	addcs	r0, r0, r3, lsl #6
87806c00:	40808601 	addmi	r8, r0, r1, lsl #12
87806c04:	c0c0fc01 	sbcgt	pc, r0, r1, lsl #24
87806c08:	807f7800 	rsbshi	r7, pc, r0, lsl #16
87806c0c:	001e0000 	andseq	r0, lr, r0
	...
87806c5c:	00080000 	andeq	r0, r8, r0
87806c60:	00380000 	eorseq	r0, r8, r0
87806c64:	00480000 	subeq	r0, r8, r0
87806c68:	00880100 	addeq	r0, r8, r0, lsl #2
87806c6c:	00080600 	andeq	r0, r8, r0, lsl #12
87806c70:	10080c00 	andne	r0, r8, r0, lsl #24
87806c74:	10083000 	andne	r3, r8, r0
87806c78:	10084000 	andne	r4, r8, r0
87806c7c:	f0ffff01 			; <UNDEFINED> instruction: 0xf0ffff01
87806c80:	f0ffff03 			; <UNDEFINED> instruction: 0xf0ffff03
87806c84:	f0ffff03 			; <UNDEFINED> instruction: 0xf0ffff03
87806c88:	10080000 	andne	r0, r8, r0
87806c8c:	10080000 	andne	r0, r8, r0
87806c90:	10080000 	andne	r0, r8, r0
	...
87806ce0:	80070000 	andhi	r0, r7, r0
87806ce4:	40861f00 	addmi	r1, r6, r0, lsl #30
87806ce8:	2000e103 	andcs	lr, r0, r3, lsl #2
87806cec:	20000203 	andcs	r0, r0, r3, lsl #4
87806cf0:	20000403 	andcs	r0, r0, r3, lsl #8
87806cf4:	20000403 	andcs	r0, r0, r3, lsl #8
87806cf8:	20000403 	andcs	r0, r0, r3, lsl #8
87806cfc:	20000403 	andcs	r0, r0, r3, lsl #8
87806d00:	40000603 	andmi	r0, r0, r3, lsl #12
87806d04:	c0010303 	andgt	r0, r1, r3, lsl #6
87806d08:	80ff0103 	rscshi	r0, pc, r3, lsl #2
87806d0c:	007e0003 	rsbseq	r0, lr, r3
	...
87806d60:	00fc0700 	rscseq	r0, ip, r0, lsl #14
87806d64:	00ff3f00 	rscseq	r3, pc, r0, lsl #30
87806d68:	80c37000 	sbchi	r7, r3, r0
87806d6c:	c0808100 	addgt	r8, r0, r0, lsl #2
87806d70:	60000101 	andvs	r0, r0, r1, lsl #2
87806d74:	20000203 	andcs	r0, r0, r3, lsl #4
87806d78:	20000202 	andcs	r0, r0, r2, lsl #4
87806d7c:	20000202 	andcs	r0, r0, r2, lsl #4
87806d80:	20000202 	andcs	r0, r0, r2, lsl #4
87806d84:	40000302 	andmi	r0, r0, r2, lsl #6
87806d88:	c080c101 	addgt	ip, r0, r1, lsl #2
87806d8c:	80ffc000 	rscshi	ip, pc, r0
87806d90:	007e0000 	rsbseq	r0, lr, r0
	...
87806de0:	0000f000 	andeq	pc, r0, r0
87806de4:	0000c003 	andeq	ip, r0, r3
87806de8:	00008003 	andeq	r8, r0, r3
87806dec:	00000003 	andeq	r0, r0, r3
87806df0:	e0070003 	and	r0, r7, r3
87806df4:	e03f0003 	eors	r0, pc, r3
87806df8:	00c00103 	sbceq	r0, r0, r3, lsl #2
87806dfc:	00000603 	andeq	r0, r0, r3, lsl #12
87806e00:	00001803 	andeq	r1, r0, r3, lsl #16
87806e04:	00006003 	andeq	r6, r0, r3
87806e08:	00008003 	andeq	r8, r0, r3
87806e0c:	00000003 	andeq	r0, r0, r3
	...
87806e5c:	001f0000 	andseq	r0, pc, r0
87806e60:	803f7800 	eorshi	r7, pc, r0, lsl #16
87806e64:	c060fc00 	rsbgt	pc, r0, r0, lsl #24
87806e68:	40c08e01 	sbcmi	r8, r0, r1, lsl #28
87806e6c:	20800703 	addcs	r0, r0, r3, lsl #14
87806e70:	20000302 	andcs	r0, r0, r2, lsl #6
87806e74:	20800102 	addcs	r0, r0, r2, lsl #2
87806e78:	20800102 	addcs	r0, r0, r2, lsl #2
87806e7c:	20c00102 	sbccs	r0, r0, r2, lsl #2
87806e80:	40e00103 	rscmi	r0, r0, r3, lsl #2
87806e84:	c0708601 	rsbsgt	r8, r0, r1, lsl #12
87806e88:	803ffc00 	eorshi	pc, pc, r0, lsl #24
87806e8c:	001f7800 	andseq	r7, pc, r0, lsl #16
	...
87806edc:	00003f00 	andeq	r3, r0, r0, lsl #30
87806ee0:	c081ff00 	addgt	pc, r1, r0, lsl #30
87806ee4:	c0c1c001 	sbcgt	ip, r1, r1
87806ee8:	20600001 	rsbcs	r0, r0, r1
87806eec:	20200002 	eorcs	r0, r0, r2
87806ef0:	20200002 	eorcs	r0, r0, r2
87806ef4:	20200002 	eorcs	r0, r0, r2
87806ef8:	60200002 	eorvs	r0, r0, r2
87806efc:	c0400002 	subgt	r0, r0, r2
87806f00:	80c10001 	sbchi	r0, r1, r1
87806f04:	008fc100 	addeq	ip, pc, r0, lsl #2
87806f08:	00fe7f00 	rscseq	r7, lr, r0, lsl #30
87806f0c:	00f01f00 	rscseq	r1, r0, r0, lsl #30
	...
87806f70:	c0000300 	andgt	r0, r0, r0, lsl #6
87806f74:	e0810700 	add	r0, r1, r0, lsl #14
87806f78:	e0810700 	add	r0, r1, r0, lsl #14
87806f7c:	c0000300 	andgt	r0, r0, r0, lsl #6
	...
87806ff0:	66000600 	strvs	r0, [r0], -r0, lsl #12
87806ff4:	78000600 	stmdavc	r0, {r9, sl}
	...
87807060:	00800000 	addeq	r0, r0, r0
87807064:	00c00100 	sbceq	r0, r0, r0, lsl #2
87807068:	00600300 	rsbeq	r0, r0, r0, lsl #6
8780706c:	00300600 	eorseq	r0, r0, r0, lsl #12
87807070:	00180c00 	andseq	r0, r8, r0, lsl #24
87807074:	000c1800 	andeq	r1, ip, r0, lsl #16
87807078:	00063000 	andeq	r3, r6, r0
8780707c:	00036000 	andeq	r6, r3, r0
87807080:	8001c000 	andhi	ip, r1, r0
87807084:	40000001 	andmi	r0, r0, r1
87807088:	20000002 	andcs	r0, r0, r2
8780708c:	10000004 	andne	r0, r0, r4
	...
878070dc:	00100400 	andseq	r0, r0, r0, lsl #8
878070e0:	00100400 	andseq	r0, r0, r0, lsl #8
878070e4:	00100400 	andseq	r0, r0, r0, lsl #8
878070e8:	00100400 	andseq	r0, r0, r0, lsl #8
878070ec:	00100400 	andseq	r0, r0, r0, lsl #8
878070f0:	00100400 	andseq	r0, r0, r0, lsl #8
878070f4:	00100400 	andseq	r0, r0, r0, lsl #8
878070f8:	00100400 	andseq	r0, r0, r0, lsl #8
878070fc:	00100400 	andseq	r0, r0, r0, lsl #8
87807100:	00100400 	andseq	r0, r0, r0, lsl #8
87807104:	00100400 	andseq	r0, r0, r0, lsl #8
87807108:	00100400 	andseq	r0, r0, r0, lsl #8
8780710c:	00100400 	andseq	r0, r0, r0, lsl #8
87807110:	00100400 	andseq	r0, r0, r0, lsl #8
	...
87807160:	10000004 	andne	r0, r0, r4
87807164:	20000002 	andcs	r0, r0, r2
87807168:	40000001 	andmi	r0, r0, r1
8780716c:	8001c000 	andhi	ip, r1, r0
87807170:	00036000 	andeq	r6, r3, r0
87807174:	00063000 	andeq	r3, r6, r0
87807178:	000c1800 	andeq	r1, ip, r0, lsl #16
8780717c:	00180c00 	andseq	r0, r8, r0, lsl #24
87807180:	00300600 	eorseq	r0, r0, r0, lsl #12
87807184:	00600300 	rsbeq	r0, r0, r0, lsl #6
87807188:	00c00100 	sbceq	r0, r0, r0, lsl #2
8780718c:	00800000 	addeq	r0, r0, r0
	...
878071e0:	00007800 	andeq	r7, r0, r0, lsl #16
878071e4:	0000f801 	andeq	pc, r0, r1, lsl #16
878071e8:	00003802 	andeq	r3, r0, r2, lsl #16
878071ec:	00000002 	andeq	r0, r0, r2
878071f0:	c0000004 	andgt	r0, r0, r4
878071f4:	e0790004 	rsbs	r0, r9, r4
878071f8:	e0810004 	add	r0, r1, r4
878071fc:	c0000104 	andgt	r0, r0, r4, lsl #2
87807200:	00000304 	andeq	r0, r0, r4, lsl #6
87807204:	00000202 	andeq	r0, r0, r2, lsl #4
87807208:	00000603 	andeq	r0, r0, r3, lsl #12
8780720c:	0000fc01 	andeq	pc, r0, r1, lsl #24
87807210:	0000f800 	andeq	pc, r0, r0, lsl #16
	...
8780725c:	00f80f00 	rscseq	r0, r8, r0, lsl #30
87807260:	00fe3f00 	rscseq	r3, lr, r0, lsl #30
87807264:	80077000 	andhi	r7, r7, r0
87807268:	c000c000 	andgt	ip, r0, r0
8780726c:	40f80101 	rscsmi	r0, r8, r1, lsl #2
87807270:	20fc0703 	rscscs	r0, ip, r3, lsl #14
87807274:	20041e02 	andcs	r1, r4, r2, lsl #28
87807278:	20083002 	andcs	r3, r8, r2
8780727c:	20302002 	eorscs	r2, r0, r2
87807280:	20fc3f02 	rscscs	r3, ip, r2, lsl #30
87807284:	40043f01 	andmi	r3, r4, r1, lsl #30
87807288:	c00c8001 	andgt	r8, ip, r1
8780728c:	8031e000 	eorshi	lr, r1, r0
87807290:	00c21f00 	sbceq	r1, r2, r0, lsl #30
	...
878072d8:	20000000 	andcs	r0, r0, r0
878072dc:	60000000 	andvs	r0, r0, r0
878072e0:	e0030000 	and	r0, r3, r0
878072e4:	203e0000 	eorscs	r0, lr, r0
878072e8:	20e00300 	rsccs	r0, r0, r0, lsl #6
878072ec:	00203e00 	eoreq	r3, r0, r0, lsl #28
878072f0:	0020e003 	eoreq	lr, r0, r3
878072f4:	00208003 	eoreq	r8, r0, r3
878072f8:	0020fc07 	eoreq	pc, r0, r7, lsl #24
878072fc:	00e03f00 	rsceq	r3, r0, r0, lsl #30
87807300:	20fe0300 	rscscs	r0, lr, r0, lsl #6
87807304:	e03f0000 	eors	r0, pc, r0
87807308:	e0010000 	and	r0, r1, r0
8780730c:	20000000 	andcs	r0, r0, r0
87807310:	20000000 	andcs	r0, r0, r0
	...
8780735c:	20000002 	andcs	r0, r0, r2
87807360:	20000002 	andcs	r0, r0, r2
87807364:	e0ffff03 	rscs	pc, pc, r3, lsl #30
87807368:	e0ffff03 	rscs	pc, pc, r3, lsl #30
8780736c:	20000102 	andcs	r0, r0, r2, lsl #2
87807370:	20000102 	andcs	r0, r0, r2, lsl #2
87807374:	20000102 	andcs	r0, r0, r2, lsl #2
87807378:	20000102 	andcs	r0, r0, r2, lsl #2
8780737c:	20000102 	andcs	r0, r0, r2, lsl #2
87807380:	20000303 	andcs	r0, r0, r3, lsl #6
87807384:	60808601 	addvs	r8, r0, r1, lsl #12
87807388:	c0c0fc01 	sbcgt	pc, r0, r1, lsl #24
8780738c:	807ff800 	rsbshi	pc, pc, r0, lsl #16
87807390:	001f0000 	andseq	r0, pc, r0
	...
878073dc:	00f80700 	rscseq	r0, r8, r0, lsl #14
878073e0:	00ff3f00 	rscseq	r3, pc, r0, lsl #30
878073e4:	80077000 	andhi	r7, r7, r0
878073e8:	c000c000 	andgt	ip, r0, r0
878073ec:	40000001 	andmi	r0, r0, r1
878073f0:	20000003 	andcs	r0, r0, r3
878073f4:	20000002 	andcs	r0, r0, r2
878073f8:	20000002 	andcs	r0, r0, r2
878073fc:	20000002 	andcs	r0, r0, r2
87807400:	20000002 	andcs	r0, r0, r2
87807404:	40000001 	andmi	r0, r0, r1
87807408:	c0008001 	andgt	r8, r0, r1
8780740c:	8001c003 	andhi	ip, r1, r3
87807410:	00063000 	andeq	r3, r6, r0
	...
8780745c:	20000002 	andcs	r0, r0, r2
87807460:	20000002 	andcs	r0, r0, r2
87807464:	e0ffff03 	rscs	pc, pc, r3, lsl #30
87807468:	e0ffff03 	rscs	pc, pc, r3, lsl #30
8780746c:	20000002 	andcs	r0, r0, r2
87807470:	20000002 	andcs	r0, r0, r2
87807474:	20000002 	andcs	r0, r0, r2
87807478:	20000002 	andcs	r0, r0, r2
8780747c:	60000003 	andvs	r0, r0, r3
87807480:	40000001 	andmi	r0, r0, r1
87807484:	c0008001 	andgt	r8, r0, r1
87807488:	8007f000 	andhi	pc, r7, r0
8780748c:	00fe7f00 	rscseq	r7, lr, r0, lsl #30
87807490:	00f80f00 	rscseq	r0, r8, r0, lsl #30
	...
878074dc:	20000002 	andcs	r0, r0, r2
878074e0:	20000002 	andcs	r0, r0, r2
878074e4:	e0ffff03 	rscs	pc, pc, r3, lsl #30
878074e8:	e0ffff03 	rscs	pc, pc, r3, lsl #30
878074ec:	20000102 	andcs	r0, r0, r2, lsl #2
878074f0:	20000102 	andcs	r0, r0, r2, lsl #2
878074f4:	20000102 	andcs	r0, r0, r2, lsl #2
878074f8:	20000102 	andcs	r0, r0, r2, lsl #2
878074fc:	20000102 	andcs	r0, r0, r2, lsl #2
87807500:	20800302 	addcs	r0, r0, r2, lsl #6
87807504:	20e00f02 	rsccs	r0, r0, r2, lsl #30
87807508:	60000003 	andvs	r0, r0, r3
8780750c:	e000c003 	and	ip, r0, r3
87807510:	00036000 	andeq	r6, r3, r0
	...
8780755c:	20000002 	andcs	r0, r0, r2
87807560:	20000002 	andcs	r0, r0, r2
87807564:	e0ffff03 	rscs	pc, pc, r3, lsl #30
87807568:	e0ffff03 	rscs	pc, pc, r3, lsl #30
8780756c:	20000102 	andcs	r0, r0, r2, lsl #2
87807570:	20000102 	andcs	r0, r0, r2, lsl #2
87807574:	00000102 	andeq	r0, r0, r2, lsl #2
87807578:	00000102 	andeq	r0, r0, r2, lsl #2
8780757c:	00000102 	andeq	r0, r0, r2, lsl #2
87807580:	00000102 	andeq	r0, r0, r2, lsl #2
87807584:	00800302 	addeq	r0, r0, r2, lsl #6
87807588:	00e00f03 	rsceq	r0, r0, r3, lsl #30
8780758c:	00000003 	andeq	r0, r0, r3
87807590:	0000c003 	andeq	ip, r0, r3
87807594:	00006000 	andeq	r6, r0, r0
	...
878075dc:	00f80700 	rscseq	r0, r8, r0, lsl #14
878075e0:	00fe3f00 	rscseq	r3, lr, r0, lsl #30
878075e4:	80077000 	andhi	r7, r7, r0
878075e8:	c001c001 	andgt	ip, r1, r1
878075ec:	40000001 	andmi	r0, r0, r1
878075f0:	20000003 	andcs	r0, r0, r3
878075f4:	20000002 	andcs	r0, r0, r2
878075f8:	20000002 	andcs	r0, r0, r2
878075fc:	20000002 	andcs	r0, r0, r2
87807600:	20200001 	eorcs	r0, r0, r1
87807604:	40200001 	eormi	r0, r0, r1
87807608:	803fc003 	eorshi	ip, pc, r3
8780760c:	803f3000 	eorshi	r3, pc, r0
87807610:	00200000 	eoreq	r0, r0, r0
87807614:	00200000 	eoreq	r0, r0, r0
	...
87807658:	20000002 	andcs	r0, r0, r2
8780765c:	20000002 	andcs	r0, r0, r2
87807660:	e0ffff03 	rscs	pc, pc, r3, lsl #30
87807664:	e0ffff03 	rscs	pc, pc, r3, lsl #30
87807668:	20800002 	addcs	r0, r0, r2
8780766c:	20800002 	addcs	r0, r0, r2
87807670:	00800000 	addeq	r0, r0, r0
87807674:	00800000 	addeq	r0, r0, r0
87807678:	00800000 	addeq	r0, r0, r0
8780767c:	20800002 	addcs	r0, r0, r2
87807680:	20800002 	addcs	r0, r0, r2
87807684:	e0ffff03 	rscs	pc, pc, r3, lsl #30
87807688:	e0ffff03 	rscs	pc, pc, r3, lsl #30
8780768c:	20000002 	andcs	r0, r0, r2
87807690:	20000002 	andcs	r0, r0, r2
	...
878076e4:	20000002 	andcs	r0, r0, r2
878076e8:	20000002 	andcs	r0, r0, r2
878076ec:	20000002 	andcs	r0, r0, r2
878076f0:	20000002 	andcs	r0, r0, r2
878076f4:	e0ffff03 	rscs	pc, pc, r3, lsl #30
878076f8:	e0ffff03 	rscs	pc, pc, r3, lsl #30
878076fc:	20000002 	andcs	r0, r0, r2
87807700:	20000002 	andcs	r0, r0, r2
87807704:	20000002 	andcs	r0, r0, r2
87807708:	20000002 	andcs	r0, r0, r2
	...
8780775c:	0e000000 	cdpeq	0, 0, cr0, cr0, cr0, {0}
87807760:	0f000000 	svceq	0x00000000
87807764:	0f000000 	svceq	0x00000000
87807768:	01000000 	mrseq	r0, (UNDEF: 0)
8780776c:	01000002 	tsteq	r0, r2
87807770:	01000002 	tsteq	r0, r2
87807774:	03000002 	movweq	r0, #2
87807778:	06000002 	streq	r0, [r0], -r2
8780777c:	fcffff03 	ldc2l	15, cr15, [pc], #12	; 87807790 <asc2_3216+0x1538>
87807780:	f8ffff03 			; <UNDEFINED> instruction: 0xf8ffff03
87807784:	00000002 	andeq	r0, r0, r2
87807788:	00000002 	andeq	r0, r0, r2
8780778c:	00000002 	andeq	r0, r0, r2
87807790:	00000002 	andeq	r0, r0, r2
	...
878077dc:	20000002 	andcs	r0, r0, r2
878077e0:	20000002 	andcs	r0, r0, r2
878077e4:	e0ffff03 	rscs	pc, pc, r3, lsl #30
878077e8:	e0ffff03 	rscs	pc, pc, r3, lsl #30
878077ec:	20c00002 	sbccs	r0, r0, r2
878077f0:	20000102 	andcs	r0, r0, r2, lsl #2
878077f4:	00800700 	addeq	r0, r0, r0, lsl #14
878077f8:	00e00f00 	rsceq	r0, r0, r0, lsl #30
878077fc:	00f83000 	rscseq	r3, r8, r0
87807800:	203e6002 	eorscs	r6, lr, r2
87807804:	200f8003 	andcs	r8, pc, r3
87807808:	e0030003 	and	r0, r3, r3
8780780c:	e0000002 	and	r0, r0, r2
87807810:	20000002 	andcs	r0, r0, r2
87807814:	20000000 	andcs	r0, r0, r0
	...
8780785c:	20000002 	andcs	r0, r0, r2
87807860:	20000002 	andcs	r0, r0, r2
87807864:	e0ffff03 	rscs	pc, pc, r3, lsl #30
87807868:	e0ffff03 	rscs	pc, pc, r3, lsl #30
8780786c:	20000002 	andcs	r0, r0, r2
87807870:	20000002 	andcs	r0, r0, r2
87807874:	20000000 	andcs	r0, r0, r0
87807878:	20000000 	andcs	r0, r0, r0
8780787c:	20000000 	andcs	r0, r0, r0
87807880:	20000000 	andcs	r0, r0, r0
87807884:	20000000 	andcs	r0, r0, r0
87807888:	60000000 	andvs	r0, r0, r0
8780788c:	e0000000 	and	r0, r0, r0
87807890:	00030000 	andeq	r0, r3, r0
	...
878078d8:	20000002 	andcs	r0, r0, r2
878078dc:	20000002 	andcs	r0, r0, r2
878078e0:	e0ffff03 	rscs	pc, pc, r3, lsl #30
878078e4:	2000e003 	andcs	lr, r0, r3
878078e8:	2000ff03 	andcs	pc, r0, r3, lsl #30
878078ec:	00f01f00 	rscseq	r1, r0, r0, lsl #30
878078f0:	80ff0100 	rscshi	r0, pc, r0, lsl #2
878078f4:	e00f0000 	and	r0, pc, r0
878078f8:	001e0000 	andseq	r0, lr, r0
878078fc:	00e00300 	rsceq	r0, r0, r0, lsl #6
87807900:	20003e00 	andcs	r3, r0, r0, lsl #28
87807904:	2000e003 	andcs	lr, r0, r3
87807908:	e0ffff03 	rscs	pc, pc, r3, lsl #30
8780790c:	e0ffff03 	rscs	pc, pc, r3, lsl #30
87807910:	20000002 	andcs	r0, r0, r2
87807914:	20000002 	andcs	r0, r0, r2
	...
87807958:	20000002 	andcs	r0, r0, r2
8780795c:	20000002 	andcs	r0, r0, r2
87807960:	e0ffff03 	rscs	pc, pc, r3, lsl #30
87807964:	20008003 	andcs	r8, r0, r3
87807968:	2000f003 	andcs	pc, r0, r3
8780796c:	0000fc00 	andeq	pc, r0, r0, lsl #24
87807970:	00001f00 	andeq	r1, r0, r0, lsl #30
87807974:	00c00700 	sbceq	r0, r0, r0, lsl #14
87807978:	00f00100 	rscseq	r0, r0, r0, lsl #2
8780797c:	007c0000 	rsbseq	r0, ip, r0
87807980:	801f0002 	andshi	r0, pc, r2
87807984:	e0070002 	and	r0, r7, r2
87807988:	e0ffff03 	rscs	pc, pc, r3, lsl #30
8780798c:	00000002 	andeq	r0, r0, r2
87807990:	00000002 	andeq	r0, r0, r2
	...
878079dc:	00f80f00 	rscseq	r0, r8, r0, lsl #30
878079e0:	00fe3f00 	rscseq	r3, lr, r0, lsl #30
878079e4:	8007f000 	andhi	pc, r7, r0
878079e8:	c0008001 	andgt	r8, r0, r1
878079ec:	40000001 	andmi	r0, r0, r1
878079f0:	20000002 	andcs	r0, r0, r2
878079f4:	20000002 	andcs	r0, r0, r2
878079f8:	20000002 	andcs	r0, r0, r2
878079fc:	20000002 	andcs	r0, r0, r2
87807a00:	40000001 	andmi	r0, r0, r1
87807a04:	c0008001 	andgt	r8, r0, r1
87807a08:	8003f000 	andhi	pc, r3, r0
87807a0c:	00fe3f00 	rscseq	r3, lr, r0, lsl #30
87807a10:	00f80f00 	rscseq	r0, r8, r0, lsl #30
	...
87807a5c:	20000002 	andcs	r0, r0, r2
87807a60:	20000002 	andcs	r0, r0, r2
87807a64:	e0ffff03 	rscs	pc, pc, r3, lsl #30
87807a68:	e0ffff03 	rscs	pc, pc, r3, lsl #30
87807a6c:	20800002 	addcs	r0, r0, r2
87807a70:	20800002 	addcs	r0, r0, r2
87807a74:	00800002 	addeq	r0, r0, r2
87807a78:	00800002 	addeq	r0, r0, r2
87807a7c:	00800002 	addeq	r0, r0, r2
87807a80:	00800002 	addeq	r0, r0, r2
87807a84:	00800103 	addeq	r0, r0, r3, lsl #2
87807a88:	00008301 	andeq	r8, r0, r1, lsl #6
87807a8c:	0000fe00 	andeq	pc, r0, r0, lsl #28
87807a90:	00007c00 	andeq	r7, r0, r0, lsl #24
	...
87807adc:	00f80f00 	rscseq	r0, r8, r0, lsl #30
87807ae0:	00ff7f00 	rscseq	r7, pc, r0, lsl #30
87807ae4:	8003f000 	andhi	pc, r3, r0
87807ae8:	c0018001 	andgt	r8, r1, r1
87807aec:	40060001 	andmi	r0, r6, r1
87807af0:	20040002 	andcs	r0, r4, r2
87807af4:	20040002 	andcs	r0, r4, r2
87807af8:	20060002 	andcs	r0, r6, r2
87807afc:	e0030002 	and	r0, r3, r2
87807b00:	f8000001 			; <UNDEFINED> instruction: 0xf8000001
87807b04:	5c008001 	stcpl	0, cr8, [r0], {1}
87807b08:	8c03e000 	stchi	0, cr14, [r3], {-0}
87807b0c:	0cff3f00 	ldcleq	15, cr3, [pc]	; 87807b14 <asc2_3216+0x18bc>
87807b10:	18fc0f00 	ldmne	ip!, {r8, r9, sl, fp}^
	...
87807b5c:	20000002 	andcs	r0, r0, r2
87807b60:	20000002 	andcs	r0, r0, r2
87807b64:	e0ffff03 	rscs	pc, pc, r3, lsl #30
87807b68:	e0ffff03 	rscs	pc, pc, r3, lsl #30
87807b6c:	20000102 	andcs	r0, r0, r2, lsl #2
87807b70:	20000102 	andcs	r0, r0, r2, lsl #2
87807b74:	00800102 	addeq	r0, r0, r2, lsl #2
87807b78:	00e00102 	rsceq	r0, r0, r2, lsl #2
87807b7c:	00fc0102 	rscseq	r0, ip, r2, lsl #2
87807b80:	803f0303 	eorshi	r0, pc, r3, lsl #6
87807b84:	e0078601 	and	r8, r7, r1, lsl #12
87807b88:	e000fc01 	and	pc, r0, r1, lsl #24
87807b8c:	2000f800 	andcs	pc, r0, r0, lsl #16
87807b90:	20000000 	andcs	r0, r0, r0
	...
87807be0:	00067800 	andeq	r7, r6, r0, lsl #16
87807be4:	e001fe00 	and	pc, r1, r0, lsl #28
87807be8:	c0008601 	andgt	r8, r0, r1, lsl #12
87807bec:	40000303 	andmi	r0, r0, r3, lsl #6
87807bf0:	20000302 	andcs	r0, r0, r2, lsl #6
87807bf4:	20800102 	addcs	r0, r0, r2, lsl #2
87807bf8:	20800102 	addcs	r0, r0, r2, lsl #2
87807bfc:	20c00102 	sbccs	r0, r0, r2, lsl #2
87807c00:	20c00002 	sbccs	r0, r0, r2
87807c04:	60e00001 	rscvs	r0, r0, r1
87807c08:	c0708001 	rsbsgt	r8, r0, r1
87807c0c:	803fe003 	eorshi	lr, pc, r3
87807c10:	001f0000 	andseq	r0, pc, r0
	...
87807c5c:	00006000 	andeq	r6, r0, r0
87807c60:	00008003 	andeq	r8, r0, r3
87807c64:	00000003 	andeq	r0, r0, r3
87807c68:	00000002 	andeq	r0, r0, r2
87807c6c:	20000002 	andcs	r0, r0, r2
87807c70:	20000002 	andcs	r0, r0, r2
87807c74:	e0ffff03 	rscs	pc, pc, r3, lsl #30
87807c78:	e0ffff03 	rscs	pc, pc, r3, lsl #30
87807c7c:	20000002 	andcs	r0, r0, r2
87807c80:	20000002 	andcs	r0, r0, r2
87807c84:	00000002 	andeq	r0, r0, r2
87807c88:	00000002 	andeq	r0, r0, r2
87807c8c:	00008003 	andeq	r8, r0, r3
87807c90:	0000e000 	andeq	lr, r0, r0
	...
87807cd8:	00000002 	andeq	r0, r0, r2
87807cdc:	00000002 	andeq	r0, r0, r2
87807ce0:	00ffff03 	rscseq	pc, pc, r3, lsl #30
87807ce4:	c0ffff03 	rscsgt	pc, pc, r3, lsl #30
87807ce8:	40000002 	andmi	r0, r0, r2
87807cec:	60000002 	andvs	r0, r0, r2
87807cf0:	20000000 	andcs	r0, r0, r0
87807cf4:	20000000 	andcs	r0, r0, r0
87807cf8:	20000000 	andcs	r0, r0, r0
87807cfc:	20000000 	andcs	r0, r0, r0
87807d00:	40000002 	andmi	r0, r0, r2
87807d04:	80000002 	andhi	r0, r0, r2
87807d08:	00ffff03 	rscseq	pc, pc, r3, lsl #30
87807d0c:	00000002 	andeq	r0, r0, r2
87807d10:	00000002 	andeq	r0, r0, r2
	...
87807d5c:	00000002 	andeq	r0, r0, r2
87807d60:	00000002 	andeq	r0, r0, r2
87807d64:	0000c003 	andeq	ip, r0, r3
87807d68:	0000fc03 	andeq	pc, r0, r3, lsl #24
87807d6c:	00c03f02 	sbceq	r3, r0, r2, lsl #30
87807d70:	00f80300 	rscseq	r0, r8, r0, lsl #6
87807d74:	807f0000 	rsbshi	r0, pc, r0
87807d78:	e0070000 	and	r0, r7, r0
87807d7c:	80070000 	andhi	r0, r7, r0
87807d80:	00780000 	rsbseq	r0, r8, r0
87807d84:	00c00302 	sbceq	r0, r0, r2, lsl #6
87807d88:	00003c02 	andeq	r3, r0, r2, lsl #24
87807d8c:	0000c003 	andeq	ip, r0, r3
87807d90:	00000002 	andeq	r0, r0, r2
87807d94:	00000002 	andeq	r0, r0, r2
	...
87807dd8:	00000002 	andeq	r0, r0, r2
87807ddc:	0000c003 	andeq	ip, r0, r3
87807de0:	0080ff03 	addeq	pc, r0, r3, lsl #30
87807de4:	00fe3f02 	rscseq	r3, lr, r2, lsl #30
87807de8:	e07f0002 	rsbs	r0, pc, r2
87807dec:	000f0000 	andeq	r0, pc, r0
87807df0:	00f00002 	rscseq	r0, r0, r2
87807df4:	0000ef03 	andeq	lr, r0, r3, lsl #30
87807df8:	0080ff03 	addeq	pc, r0, r3, lsl #30
87807dfc:	00fe0f02 	rscseq	r0, lr, r2, lsl #30
87807e00:	e03f0000 	eors	r0, pc, r0
87807e04:	001f0000 	andseq	r0, pc, r0
87807e08:	00e00702 	rsceq	r0, r0, r2, lsl #14
87807e0c:	0000f803 	andeq	pc, r0, r3, lsl #16
87807e10:	00000003 	andeq	r0, r0, r3
87807e14:	00000002 	andeq	r0, r0, r2
	...
87807e5c:	20000002 	andcs	r0, r0, r2
87807e60:	20000002 	andcs	r0, r0, r2
87807e64:	e0008003 	and	r8, r0, r3
87807e68:	2003f003 	andcs	pc, r3, r3
87807e6c:	200cfc02 	andcs	pc, ip, r2, lsl #24
87807e70:	00301f02 	eorseq	r1, r0, r2, lsl #30
87807e74:	00c00700 	sbceq	r0, r0, r0, lsl #14
87807e78:	00f00700 	rscseq	r0, r0, r0, lsl #14
87807e7c:	007c1802 	rsbseq	r1, ip, r2, lsl #16
87807e80:	201f6002 	andscs	r6, pc, r2
87807e84:	e0038003 	and	r8, r3, r3
87807e88:	e0000002 	and	r0, r0, r2
87807e8c:	20000002 	andcs	r0, r0, r2
87807e90:	20000000 	andcs	r0, r0, r0
	...
87807edc:	00000002 	andeq	r0, r0, r2
87807ee0:	00000003 	andeq	r0, r0, r3
87807ee4:	0000c003 	andeq	ip, r0, r3
87807ee8:	0000f803 	andeq	pc, r0, r3, lsl #16
87807eec:	20003e02 	andcs	r3, r0, r2, lsl #28
87807ef0:	20c00f02 	sbccs	r0, r0, r2, lsl #30
87807ef4:	e0ff0100 	rscs	r0, pc, r0, lsl #2
87807ef8:	e07f0000 	rsbs	r0, pc, r0
87807efc:	20800300 	addcs	r0, r0, r0, lsl #6
87807f00:	20001c02 	andcs	r1, r0, r2, lsl #24
87807f04:	00007002 	andeq	r7, r0, r2
87807f08:	00008003 	andeq	r8, r0, r3
87807f0c:	00000002 	andeq	r0, r0, r2
87807f10:	00000002 	andeq	r0, r0, r2
	...
87807f5c:	20000000 	andcs	r0, r0, r0
87807f60:	e0006000 	and	r6, r0, r0
87807f64:	e0038003 	and	r8, r3, r3
87807f68:	a00f0003 	andge	r0, pc, r3
87807f6c:	203e0002 	eorscs	r0, lr, r2
87807f70:	20f80002 	rscscs	r0, r8, r2
87807f74:	20e00302 	rsccs	r0, r0, r2, lsl #6
87807f78:	20800f02 	addcs	r0, r0, r2, lsl #30
87807f7c:	20003e02 	andcs	r3, r0, r2, lsl #28
87807f80:	20007802 	andcs	r7, r0, r2, lsl #16
87807f84:	6000e003 	andvs	lr, r0, r3
87807f88:	e0008003 	and	r8, r0, r3
87807f8c:	00030002 	andeq	r0, r3, r2
	...
87807ff0:	fcffff1f 	ldc2l	15, cr15, [pc], #124	; 87808074 <asc2_3216+0x1e1c>
87807ff4:	04000010 	streq	r0, [r0], #-16
87807ff8:	04000010 	streq	r0, [r0], #-16
87807ffc:	04000010 	streq	r0, [r0], #-16
87808000:	04000010 	streq	r0, [r0], #-16
87808004:	04000010 	streq	r0, [r0], #-16
87808008:	04000010 	streq	r0, [r0], #-16
8780800c:	04000010 	streq	r0, [r0], #-16
	...
87808064:	00000007 	andeq	r0, r0, r7
87808068:	0000c003 	andeq	ip, r0, r3
8780806c:	00007800 	andeq	r7, r0, r0, lsl #16
87808070:	00001e00 	andeq	r1, r0, r0, lsl #28
87808074:	00c00300 	sbceq	r0, r0, r0, lsl #6
87808078:	00f00000 	rscseq	r0, r0, r0
8780807c:	001e0000 	andseq	r0, lr, r0
87808080:	80070000 	andhi	r0, r7, r0
87808084:	f0000000 			; <UNDEFINED> instruction: 0xf0000000
87808088:	3c000000 	stccc	0, cr0, [r0], {-0}
8780808c:	06000000 	streq	r0, [r0], -r0
	...
878080e0:	04000010 	streq	r0, [r0], #-16
878080e4:	04000010 	streq	r0, [r0], #-16
878080e8:	04000010 	streq	r0, [r0], #-16
878080ec:	04000010 	streq	r0, [r0], #-16
878080f0:	04000010 	streq	r0, [r0], #-16
878080f4:	04000010 	streq	r0, [r0], #-16
878080f8:	04000010 	streq	r0, [r0], #-16
878080fc:	fcffff1f 	ldc2l	15, cr15, [pc], #124	; 87808180 <asc2_3216+0x1f28>
	...
87808168:	00000002 	andeq	r0, r0, r2
8780816c:	00000004 	andeq	r0, r0, r4
87808170:	00000008 	andeq	r0, r0, r8
87808174:	00000018 	andeq	r0, r0, r8, lsl r0
87808178:	00000010 	andeq	r0, r0, r0, lsl r0
8780817c:	00000018 	andeq	r0, r0, r8, lsl r0
87808180:	00000018 	andeq	r0, r0, r8, lsl r0
87808184:	00000004 	andeq	r0, r0, r4
87808188:	00000002 	andeq	r0, r0, r2
	...
878081d8:	01000000 	mrseq	r0, (UNDEF: 0)
878081dc:	01000000 	mrseq	r0, (UNDEF: 0)
878081e0:	01000000 	mrseq	r0, (UNDEF: 0)
878081e4:	01000000 	mrseq	r0, (UNDEF: 0)
878081e8:	01000000 	mrseq	r0, (UNDEF: 0)
878081ec:	01000000 	mrseq	r0, (UNDEF: 0)
878081f0:	01000000 	mrseq	r0, (UNDEF: 0)
878081f4:	01000000 	mrseq	r0, (UNDEF: 0)
878081f8:	01000000 	mrseq	r0, (UNDEF: 0)
878081fc:	01000000 	mrseq	r0, (UNDEF: 0)
87808200:	01000000 	mrseq	r0, (UNDEF: 0)
87808204:	01000000 	mrseq	r0, (UNDEF: 0)
87808208:	01000000 	mrseq	r0, (UNDEF: 0)
8780820c:	01000000 	mrseq	r0, (UNDEF: 0)
87808210:	01000000 	mrseq	r0, (UNDEF: 0)
87808214:	01000000 	mrseq	r0, (UNDEF: 0)
	...
87808264:	00000010 	andeq	r0, r0, r0, lsl r0
87808268:	00000010 	andeq	r0, r0, r0, lsl r0
8780826c:	00000010 	andeq	r0, r0, r0, lsl r0
87808270:	00000018 	andeq	r0, r0, r8, lsl r0
87808274:	00000008 	andeq	r0, r0, r8
87808278:	00000004 	andeq	r0, r0, r4
	...
878082dc:	80030000 	andhi	r0, r3, r0
878082e0:	c08f0100 	addgt	r0, pc, r0, lsl #2
878082e4:	608c0300 	addvs	r0, ip, r0, lsl #6
878082e8:	20180600 	andscs	r0, r8, r0, lsl #12
878082ec:	20100400 	andscs	r0, r0, r0, lsl #8
878082f0:	20100400 	andscs	r0, r0, r0, lsl #8
878082f4:	20200400 	eorcs	r0, r0, r0, lsl #8
878082f8:	40200400 	eormi	r0, r0, r0, lsl #8
878082fc:	40200600 	eormi	r0, r0, r0, lsl #12
87808300:	c0ff0300 	rscsgt	r0, pc, r0, lsl #6
87808304:	e0ff0100 	rscs	r0, pc, r0, lsl #2
87808308:	20000000 	andcs	r0, r0, r0
8780830c:	20000000 	andcs	r0, r0, r0
87808310:	c0000000 	andgt	r0, r0, r0
	...
8780835c:	00000002 	andeq	r0, r0, r2
87808360:	00000002 	andeq	r0, r0, r2
87808364:	e0ffff03 	rscs	pc, pc, r3, lsl #30
87808368:	c0ffff07 	rscsgt	pc, pc, r7, lsl #30
8780836c:	c0800100 	addgt	r0, r0, r0, lsl #2
87808370:	60000200 	andvs	r0, r0, r0, lsl #4
87808374:	20000200 	andcs	r0, r0, r0, lsl #4
87808378:	20000400 	andcs	r0, r0, r0, lsl #8
8780837c:	20000400 	andcs	r0, r0, r0, lsl #8
87808380:	20000400 	andcs	r0, r0, r0, lsl #8
87808384:	40000600 	andmi	r0, r0, r0, lsl #12
87808388:	c0000300 	andgt	r0, r0, r0, lsl #6
8780838c:	80ff0100 	rscshi	r0, pc, r0, lsl #2
87808390:	00fe0000 	rscseq	r0, lr, r0
	...
878083e0:	007e0000 	rsbseq	r0, lr, r0
878083e4:	80ff0100 	rscshi	r0, pc, r0, lsl #2
878083e8:	c0810300 	addgt	r0, r1, r0, lsl #6
878083ec:	40000200 	andmi	r0, r0, r0, lsl #4
878083f0:	20000600 	andcs	r0, r0, r0, lsl #12
878083f4:	20000400 	andcs	r0, r0, r0, lsl #8
878083f8:	20000400 	andcs	r0, r0, r0, lsl #8
878083fc:	20000400 	andcs	r0, r0, r0, lsl #8
87808400:	20000600 	andcs	r0, r0, r0, lsl #12
87808404:	40c00300 	sbcmi	r0, r0, r0, lsl #6
87808408:	80c00100 	sbchi	r0, r0, r0, lsl #2
8780840c:	00030000 	andeq	r0, r3, r0
	...
87808460:	007e0000 	rsbseq	r0, lr, r0
87808464:	80ff0100 	rscshi	r0, pc, r0, lsl #2
87808468:	c0800300 	addgt	r0, r0, r0, lsl #6
8780846c:	60000600 	andvs	r0, r0, r0, lsl #12
87808470:	20000400 	andcs	r0, r0, r0, lsl #8
87808474:	20000400 	andcs	r0, r0, r0, lsl #8
87808478:	20000400 	andcs	r0, r0, r0, lsl #8
8780847c:	40000402 	andmi	r0, r0, r2, lsl #8
87808480:	80000202 	andhi	r0, r0, r2, lsl #4
87808484:	e0ffff03 	rscs	pc, pc, r3, lsl #30
87808488:	c0ffff07 	rscsgt	pc, pc, r7, lsl #30
8780848c:	40000000 	andmi	r0, r0, r0
87808490:	40000000 	andmi	r0, r0, r0
	...
878084e0:	007e0000 	rsbseq	r0, lr, r0
878084e4:	80ff0100 	rscshi	r0, pc, r0, lsl #2
878084e8:	c0110300 	andsgt	r0, r1, r0, lsl #6
878084ec:	40100200 	andsmi	r0, r0, r0, lsl #4
878084f0:	60100400 	andsvs	r0, r0, r0, lsl #8
878084f4:	20100400 	andscs	r0, r0, r0, lsl #8
878084f8:	20100400 	andscs	r0, r0, r0, lsl #8
878084fc:	20100400 	andscs	r0, r0, r0, lsl #8
87808500:	20100600 	andscs	r0, r0, r0, lsl #12
87808504:	40100300 	andsmi	r0, r0, r0, lsl #6
87808508:	c0f00100 	rscsgt	r0, r0, r0, lsl #2
8780850c:	00710000 	rsbseq	r0, r1, r0
	...
87808560:	00000400 	andeq	r0, r0, r0, lsl #8
87808564:	20000400 	andcs	r0, r0, r0, lsl #8
87808568:	20000400 	andcs	r0, r0, r0, lsl #8
8780856c:	20000400 	andcs	r0, r0, r0, lsl #8
87808570:	e0ff7f00 	rscs	r7, pc, r0, lsl #30
87808574:	e0ffff01 	rscs	pc, pc, r1, lsl #30
87808578:	20000401 	andcs	r0, r0, r1, lsl #8
8780857c:	20000403 	andcs	r0, r0, r3, lsl #8
87808580:	20000402 	andcs	r0, r0, r2, lsl #8
87808584:	20000402 	andcs	r0, r0, r2, lsl #8
87808588:	00000402 	andeq	r0, r0, r2, lsl #8
8780858c:	00000002 	andeq	r0, r0, r2
87808590:	0000c001 	andeq	ip, r0, r1
87808594:	0000c001 	andeq	ip, r0, r1
	...
878085e0:	1c000000 	stcne	0, cr0, [r0], {-0}
878085e4:	3ee30000 	cdpcc	0, 14, cr0, cr3, cr0, {0}
878085e8:	c2ff0300 	rscsgt	r0, pc, #0, 6
878085ec:	c30c0200 	movwgt	r0, #49664	; 0xc200
878085f0:	c1040400 	tstgt	r4, r0, lsl #8
878085f4:	c1040400 	tstgt	r4, r0, lsl #8
878085f8:	c1040400 	tstgt	r4, r0, lsl #8
878085fc:	c1040400 	tstgt	r4, r0, lsl #8
87808600:	c10c0600 	tstgt	ip, r0, lsl #12
87808604:	c3f80300 	mvnsgt	r0, #0, 6
87808608:	62f00500 	rscsvs	r0, r0, #0, 10
8780860c:	7e000600 	cfmadd32vc	mvax0, mvfx0, mvfx0, mvfx0
87808610:	3c000600 	stccc	6, cr0, [r0], {-0}
	...
8780865c:	20000002 	andcs	r0, r0, r2
87808660:	20000002 	andcs	r0, r0, r2
87808664:	e0ffff03 	rscs	pc, pc, r3, lsl #30
87808668:	e0ffff07 	rscs	pc, pc, r7, lsl #30
8780866c:	20000100 	andcs	r0, r0, r0, lsl #2
87808670:	20000200 	andcs	r0, r0, r0, lsl #4
87808674:	00000600 	andeq	r0, r0, r0, lsl #12
87808678:	00000400 	andeq	r0, r0, r0, lsl #8
8780867c:	00000400 	andeq	r0, r0, r0, lsl #8
87808680:	20000400 	andcs	r0, r0, r0, lsl #8
87808684:	20000600 	andcs	r0, r0, r0, lsl #12
87808688:	e0ff0300 	rscs	r0, pc, r0, lsl #6
8780868c:	e0ff0100 	rscs	r0, pc, r0, lsl #2
87808690:	20000000 	andcs	r0, r0, r0
87808694:	20000000 	andcs	r0, r0, r0
	...
878086e4:	20000400 	andcs	r0, r0, r0, lsl #8
878086e8:	20000400 	andcs	r0, r0, r0, lsl #8
878086ec:	20000400 	andcs	r0, r0, r0, lsl #8
878086f0:	20000400 	andcs	r0, r0, r0, lsl #8
878086f4:	e0ff8703 	rscs	r8, pc, r3, lsl #14
878086f8:	e0ff8f03 	rscs	r8, pc, r3, lsl #30
878086fc:	20008003 	andcs	r8, r0, r3
87808700:	20000000 	andcs	r0, r0, r0
87808704:	20000000 	andcs	r0, r0, r0
87808708:	20000000 	andcs	r0, r0, r0
	...
87808764:	06000000 	streq	r0, [r0], -r0
87808768:	07000000 	streq	r0, [r0, -r0]
8780876c:	01000000 	mrseq	r0, (UNDEF: 0)
87808770:	01000000 	mrseq	r0, (UNDEF: 0)
87808774:	01000400 	tsteq	r0, r0, lsl #8
87808778:	01000400 	tsteq	r0, r0, lsl #8
8780877c:	03000400 	movweq	r0, #1024	; 0x400
87808780:	06000400 	streq	r0, [r0], -r0, lsl #8
87808784:	fcff8703 	ldc2l	7, cr8, [pc], #12	; 87808798 <asc2_3216+0x2540>
87808788:	f8ff8f03 			; <UNDEFINED> instruction: 0xf8ff8f03
8780878c:	00008003 	andeq	r8, r0, r3
	...
878087dc:	20000002 	andcs	r0, r0, r2
878087e0:	20000002 	andcs	r0, r0, r2
878087e4:	e0ffff03 	rscs	pc, pc, r3, lsl #30
878087e8:	e0ffff07 	rscs	pc, pc, r7, lsl #30
878087ec:	20080000 	andcs	r0, r8, r0
878087f0:	20100000 	andscs	r0, r0, r0
878087f4:	00300000 	eorseq	r0, r0, r0
878087f8:	00fc0000 	rscseq	r0, ip, r0
878087fc:	008e0500 	addeq	r0, lr, r0, lsl #10
87808800:	a0070700 	andge	r0, r7, r0, lsl #14
87808804:	e0010600 	and	r0, r1, r0, lsl #12
87808808:	e0000400 	and	r0, r0, r0, lsl #8
8780880c:	20000400 	andcs	r0, r0, r0, lsl #8
87808810:	20000000 	andcs	r0, r0, r0
	...
87808864:	20000002 	andcs	r0, r0, r2
87808868:	20000002 	andcs	r0, r0, r2
8780886c:	20000002 	andcs	r0, r0, r2
87808870:	20000002 	andcs	r0, r0, r2
87808874:	e0ffff03 	rscs	pc, pc, r3, lsl #30
87808878:	e0ffff07 	rscs	pc, pc, r7, lsl #30
8780887c:	20000000 	andcs	r0, r0, r0
87808880:	20000000 	andcs	r0, r0, r0
87808884:	20000000 	andcs	r0, r0, r0
87808888:	20000000 	andcs	r0, r0, r0
	...
878088dc:	20000400 	andcs	r0, r0, r0, lsl #8
878088e0:	e0ff0700 	rscs	r0, pc, r0, lsl #14
878088e4:	e0ff0f00 	rscs	r0, pc, r0, lsl #30
878088e8:	20000200 	andcs	r0, r0, r0, lsl #4
878088ec:	00000400 	andeq	r0, r0, r0, lsl #8
878088f0:	20000400 	andcs	r0, r0, r0, lsl #8
878088f4:	e0ff0700 	rscs	r0, pc, r0, lsl #14
878088f8:	e0ff0300 	rscs	r0, pc, r0, lsl #6
878088fc:	20000200 	andcs	r0, r0, r0, lsl #4
87808900:	00000400 	andeq	r0, r0, r0, lsl #8
87808904:	20000400 	andcs	r0, r0, r0, lsl #8
87808908:	e0ff0700 	rscs	r0, pc, r0, lsl #14
8780890c:	e0ff0300 	rscs	r0, pc, r0, lsl #6
87808910:	20000000 	andcs	r0, r0, r0
	...
8780895c:	20000400 	andcs	r0, r0, r0, lsl #8
87808960:	20000400 	andcs	r0, r0, r0, lsl #8
87808964:	e0ff0700 	rscs	r0, pc, r0, lsl #14
87808968:	e0ff0f00 	rscs	r0, pc, r0, lsl #30
8780896c:	20000100 	andcs	r0, r0, r0, lsl #2
87808970:	20000200 	andcs	r0, r0, r0, lsl #4
87808974:	00000200 	andeq	r0, r0, r0, lsl #4
87808978:	00000400 	andeq	r0, r0, r0, lsl #8
8780897c:	00000400 	andeq	r0, r0, r0, lsl #8
87808980:	20000400 	andcs	r0, r0, r0, lsl #8
87808984:	20000600 	andcs	r0, r0, r0, lsl #12
87808988:	e0ff0300 	rscs	r0, pc, r0, lsl #6
8780898c:	e0ff0100 	rscs	r0, pc, r0, lsl #2
87808990:	20000000 	andcs	r0, r0, r0
87808994:	20000000 	andcs	r0, r0, r0
	...
878089e0:	007e0000 	rsbseq	r0, lr, r0
878089e4:	80ff0000 	rscshi	r0, pc, r0
878089e8:	c0810300 	addgt	r0, r1, r0, lsl #6
878089ec:	40000200 	andmi	r0, r0, r0, lsl #4
878089f0:	20000600 	andcs	r0, r0, r0, lsl #12
878089f4:	20000400 	andcs	r0, r0, r0, lsl #8
878089f8:	20000400 	andcs	r0, r0, r0, lsl #8
878089fc:	20000400 	andcs	r0, r0, r0, lsl #8
87808a00:	20000600 	andcs	r0, r0, r0, lsl #12
87808a04:	40000200 	andmi	r0, r0, r0, lsl #4
87808a08:	c0810300 	addgt	r0, r1, r0, lsl #6
87808a0c:	80ff0100 	rscshi	r0, pc, r0, lsl #2
87808a10:	007e0000 	rsbseq	r0, lr, r0
	...
87808a5c:	01000400 	tsteq	r0, r0, lsl #8
87808a60:	01000400 	tsteq	r0, r0, lsl #8
87808a64:	ffff0700 			; <UNDEFINED> instruction: 0xffff0700
87808a68:	ffff0f00 			; <UNDEFINED> instruction: 0xffff0f00
87808a6c:	c1000100 	mrsgt	r0, (UNDEF: 16)
87808a70:	41000200 	mrsmi	r0, R8_usr
87808a74:	20000400 	andcs	r0, r0, r0, lsl #8
87808a78:	20000400 	andcs	r0, r0, r0, lsl #8
87808a7c:	20000400 	andcs	r0, r0, r0, lsl #8
87808a80:	20000400 	andcs	r0, r0, r0, lsl #8
87808a84:	40000600 	andmi	r0, r0, r0, lsl #12
87808a88:	c0010300 	andgt	r0, r1, r0, lsl #6
87808a8c:	80ff0100 	rscshi	r0, pc, r0, lsl #2
87808a90:	007e0000 	rsbseq	r0, lr, r0
	...
87808ae0:	007e0000 	rsbseq	r0, lr, r0
87808ae4:	80ff0100 	rscshi	r0, pc, r0, lsl #2
87808ae8:	c0800300 	addgt	r0, r0, r0, lsl #6
87808aec:	60000200 	andvs	r0, r0, r0, lsl #4
87808af0:	20000400 	andcs	r0, r0, r0, lsl #8
87808af4:	20000400 	andcs	r0, r0, r0, lsl #8
87808af8:	20000400 	andcs	r0, r0, r0, lsl #8
87808afc:	20000400 	andcs	r0, r0, r0, lsl #8
87808b00:	41000200 	mrsmi	r0, R8_usr
87808b04:	c1000300 	mrsgt	r0, LR_irq
87808b08:	ffff0300 			; <UNDEFINED> instruction: 0xffff0300
87808b0c:	ffff0700 			; <UNDEFINED> instruction: 0xffff0700
87808b10:	01000000 	mrseq	r0, (UNDEF: 0)
87808b14:	01000000 	mrseq	r0, (UNDEF: 0)
	...
87808b5c:	20000400 	andcs	r0, r0, r0, lsl #8
87808b60:	20000400 	andcs	r0, r0, r0, lsl #8
87808b64:	20000400 	andcs	r0, r0, r0, lsl #8
87808b68:	20000400 	andcs	r0, r0, r0, lsl #8
87808b6c:	e0ff0f00 	rscs	r0, pc, r0, lsl #30
87808b70:	e0ff0f00 	rscs	r0, pc, r0, lsl #30
87808b74:	20c00000 	sbccs	r0, r0, r0
87808b78:	20000100 	andcs	r0, r0, r0, lsl #2
87808b7c:	20000200 	andcs	r0, r0, r0, lsl #4
87808b80:	20000600 	andcs	r0, r0, r0, lsl #12
87808b84:	00000400 	andeq	r0, r0, r0, lsl #8
87808b88:	00000400 	andeq	r0, r0, r0, lsl #8
87808b8c:	00000700 	andeq	r0, r0, r0, lsl #14
87808b90:	00000300 	andeq	r0, r0, r0, lsl #6
	...
87808be0:	e0030000 	and	r0, r3, r0
87808be4:	e0c00100 	sbc	r0, r0, r0, lsl #2
87808be8:	40e00300 	rscmi	r0, r0, r0, lsl #6
87808bec:	20300600 	eorscs	r0, r0, r0, lsl #12
87808bf0:	20300400 	eorscs	r0, r0, r0, lsl #8
87808bf4:	20180400 	andscs	r0, r8, r0, lsl #8
87808bf8:	20180400 	andscs	r0, r8, r0, lsl #8
87808bfc:	20180400 	andscs	r0, r8, r0, lsl #8
87808c00:	200c0400 	andcs	r0, ip, r0, lsl #8
87808c04:	600c0200 	andvs	r0, ip, r0, lsl #4
87808c08:	c0070300 	andgt	r0, r7, r0, lsl #6
87808c0c:	80830700 	addhi	r0, r3, r0, lsl #14
	...
87808c60:	00000400 	andeq	r0, r0, r0, lsl #8
87808c64:	00000400 	andeq	r0, r0, r0, lsl #8
87808c68:	00000400 	andeq	r0, r0, r0, lsl #8
87808c6c:	00000c00 	andeq	r0, r0, r0, lsl #24
87808c70:	80ff1f00 	rscshi	r1, pc, r0, lsl #30
87808c74:	c0ffff00 	rscsgt	pc, pc, r0, lsl #30
87808c78:	60000400 	andvs	r0, r0, r0, lsl #8
87808c7c:	20000400 	andcs	r0, r0, r0, lsl #8
87808c80:	20000400 	andcs	r0, r0, r0, lsl #8
87808c84:	20000400 	andcs	r0, r0, r0, lsl #8
87808c88:	40000400 	andmi	r0, r0, r0, lsl #8
87808c8c:	80010000 	andhi	r0, r1, r0
	...
87808cdc:	00000400 	andeq	r0, r0, r0, lsl #8
87808ce0:	00000400 	andeq	r0, r0, r0, lsl #8
87808ce4:	80ff0700 	rscshi	r0, pc, r0, lsl #14
87808ce8:	c0ff0f00 	rscsgt	r0, pc, r0, lsl #30
87808cec:	60000000 	andvs	r0, r0, r0
87808cf0:	20000000 	andcs	r0, r0, r0
87808cf4:	20000000 	andcs	r0, r0, r0
87808cf8:	20000000 	andcs	r0, r0, r0
87808cfc:	20000000 	andcs	r0, r0, r0
87808d00:	40000400 	andmi	r0, r0, r0, lsl #8
87808d04:	80000400 	andhi	r0, r0, r0, lsl #8
87808d08:	e0ff0700 	rscs	r0, pc, r0, lsl #14
87808d0c:	c0ff0f00 	rscsgt	r0, pc, r0, lsl #30
87808d10:	40000000 	andmi	r0, r0, r0
87808d14:	40000000 	andmi	r0, r0, r0
	...
87808d5c:	00000400 	andeq	r0, r0, r0, lsl #8
87808d60:	00000400 	andeq	r0, r0, r0, lsl #8
87808d64:	00800700 	addeq	r0, r0, r0, lsl #14
87808d68:	00f00700 	rscseq	r0, r0, r0, lsl #14
87808d6c:	00fe0400 	rscseq	r0, lr, r0, lsl #8
87808d70:	c01f0400 	andsgt	r0, pc, r0, lsl #8
87808d74:	e0030000 	and	r0, r3, r0
87808d78:	80030000 	andhi	r0, r3, r0
87808d7c:	001c0000 	andseq	r0, ip, r0
87808d80:	00600400 	rsbeq	r0, r0, r0, lsl #8
87808d84:	00800700 	addeq	r0, r0, r0, lsl #14
87808d88:	00000600 	andeq	r0, r0, r0, lsl #12
87808d8c:	00000400 	andeq	r0, r0, r0, lsl #8
	...
87808dd8:	00000400 	andeq	r0, r0, r0, lsl #8
87808ddc:	00000600 	andeq	r0, r0, r0, lsl #12
87808de0:	00c00700 	sbceq	r0, r0, r0, lsl #14
87808de4:	00fc0700 	rscseq	r0, ip, r0, lsl #14
87808de8:	803f0400 	eorshi	r0, pc, r0, lsl #8
87808dec:	e0030000 	and	r0, r3, r0
87808df0:	800f0400 	andhi	r0, pc, r0, lsl #8
87808df4:	00f00600 	rscseq	r0, r0, r0, lsl #12
87808df8:	00f00700 	rscseq	r0, r0, r0, lsl #14
87808dfc:	80ff0700 	rscshi	r0, pc, r0, lsl #14
87808e00:	e00f0400 	and	r0, pc, r0, lsl #8
87808e04:	80030000 	andhi	r0, r3, r0
87808e08:	003c0400 	eorseq	r0, ip, r0, lsl #8
87808e0c:	00c00700 	sbceq	r0, r0, r0, lsl #14
87808e10:	00000600 	andeq	r0, r0, r0, lsl #12
87808e14:	00000400 	andeq	r0, r0, r0, lsl #8
	...
87808e5c:	20000000 	andcs	r0, r0, r0
87808e60:	20000400 	andcs	r0, r0, r0, lsl #8
87808e64:	60000400 	andvs	r0, r0, r0, lsl #8
87808e68:	e0000700 	and	r0, r0, r0, lsl #14
87808e6c:	20830700 	addcs	r0, r3, r0, lsl #14
87808e70:	00e60700 	rsceq	r0, r6, r0, lsl #14
87808e74:	00f80400 	rscseq	r0, r8, r0, lsl #8
87808e78:	003c0000 	eorseq	r0, ip, r0
87808e7c:	205e0400 	subscs	r0, lr, r0, lsl #8
87808e80:	a0870500 	addge	r0, r7, r0, lsl #10
87808e84:	e0010600 	and	r0, r1, r0, lsl #12
87808e88:	60000400 	andvs	r0, r0, r0, lsl #8
87808e8c:	20000400 	andcs	r0, r0, r0, lsl #8
87808e90:	20000000 	andcs	r0, r0, r0
	...
87808edc:	00000400 	andeq	r0, r0, r0, lsl #8
87808ee0:	03000400 	movweq	r0, #1024	; 0x400
87808ee4:	03000700 	movweq	r0, #1792	; 0x700
87808ee8:	01e00700 	mvneq	r0, r0, lsl #14
87808eec:	01f80400 	mvnseq	r0, r0, lsl #8
87808ef0:	021f0400 	andseq	r0, pc, #0, 8
87808ef4:	fc070000 	stc2	0, cr0, [r7], {-0}
87808ef8:	e0000000 	and	r0, r0, r0
87808efc:	00070000 	andeq	r0, r7, r0
87808f00:	00380400 	eorseq	r0, r8, r0, lsl #8
87808f04:	00c00700 	sbceq	r0, r0, r0, lsl #14
87808f08:	00000600 	andeq	r0, r0, r0, lsl #12
87808f0c:	00000400 	andeq	r0, r0, r0, lsl #8
87808f10:	00000400 	andeq	r0, r0, r0, lsl #8
	...
87808f60:	60800700 	addvs	r0, r0, r0, lsl #14
87808f64:	e0000600 	and	r0, r0, r0, lsl #12
87808f68:	e0030400 	and	r0, r3, r0, lsl #8
87808f6c:	a0070400 	andge	r0, r7, r0, lsl #8
87808f70:	200e0400 	andcs	r0, lr, r0, lsl #8
87808f74:	203c0400 	eorscs	r0, ip, r0, lsl #8
87808f78:	20700400 	rsbscs	r0, r0, r0, lsl #8
87808f7c:	20e00500 	rsccs	r0, r0, r0, lsl #10
87808f80:	20800700 	addcs	r0, r0, r0, lsl #14
87808f84:	60000700 	andvs	r0, r0, r0, lsl #14
87808f88:	e0000400 	and	r0, r0, r0, lsl #8
87808f8c:	80030000 	andhi	r0, r3, r0
	...
87808ff4:	00800000 	addeq	r0, r0, r0
87808ff8:	00800000 	addeq	r0, r0, r0
87808ffc:	00400100 	subeq	r0, r0, r0, lsl #2
87809000:	f83ffe07 			; <UNDEFINED> instruction: 0xf83ffe07
87809004:	04000008 	streq	r0, [r0], #-8
87809008:	02000010 	andeq	r0, r0, #16
8780900c:	02000010 	andeq	r0, r0, #16
	...
87809078:	ffffffff 			; <UNDEFINED> instruction: 0xffffffff
	...
878090e0:	02000010 	andeq	r0, r0, #16
878090e4:	02000010 	andeq	r0, r0, #16
878090e8:	04000008 	streq	r0, [r0], #-8
878090ec:	f83ffe07 			; <UNDEFINED> instruction: 0xf83ffe07
878090f0:	00400100 	subeq	r0, r0, r0, lsl #2
878090f4:	00800000 	addeq	r0, r0, r0
878090f8:	00800000 	addeq	r0, r0, r0
	...
8780915c:	00000018 	andeq	r0, r0, r8, lsl r0
87809160:	00000030 	andeq	r0, r0, r0, lsr r0
87809164:	00000040 	andeq	r0, r0, r0, asr #32
87809168:	00000040 	andeq	r0, r0, r0, asr #32
8780916c:	00000040 	andeq	r0, r0, r0, asr #32
87809170:	00000020 	andeq	r0, r0, r0, lsr #32
87809174:	00000030 	andeq	r0, r0, r0, lsr r0
87809178:	00000008 	andeq	r0, r0, r8
8780917c:	00000004 	andeq	r0, r0, r4
87809180:	00000002 	andeq	r0, r0, r2
87809184:	00000002 	andeq	r0, r0, r2
87809188:	00000002 	andeq	r0, r0, r2
8780918c:	0000000c 	andeq	r0, r0, ip
87809190:	00000018 	andeq	r0, r0, r8, lsl r0
	...
878091d8:	2044434c 	subcs	r4, r4, ip, asr #6
878091dc:	253d4449 	ldrcs	r4, [sp, #-1097]!	; 0x449
878091e0:	0a0d5823 	beq	87b5f274 <__bss_end+0x355144>
878091e4:	00000000 	andeq	r0, r0, r0

878091e8 <.LANCHOR0>:
878091e8:	00000000 	andeq	r0, r0, r0
878091ec:	003b001f 	eorseq	r0, fp, pc, lsl r0
878091f0:	0078005a 	rsbseq	r0, r8, sl, asr r0
878091f4:	00b50097 	umlalseq	r0, r5, r7, r0
878091f8:	1f1c1f00 	svcne	0x001c1f00
878091fc:	1f1e1f1e 	svcne	0x001e1f1e
87809200:	1e1f1e1f 	mrcne	14, 0, r1, cr15, cr15, {0}
87809204:	0000001f 	andeq	r0, r0, pc, lsl r0
87809208:	32337061 	eorscc	r7, r3, #97	; 0x61
8780920c:	20633631 	rsbcs	r3, r3, r1, lsr r6
87809210:	74737973 	ldrbtvc	r7, [r3], #-2419	; 0x973
87809214:	63206d65 	teqvs	r0, #6464	; 0x1940
87809218:	69666e6f 	stmdbvs	r6!, {r0, r1, r2, r3, r5, r6, r9, sl, fp, sp, lr}^
8780921c:	65722067 	ldrbvs	r2, [r2, #-103]!	; 0x67
87809220:	25203a67 	strcs	r3, [r0, #-2663]!	; 0xa67
87809224:	00000063 	andeq	r0, r0, r3, rrx
87809228:	324d4349 	subcc	r4, sp, #603979777	; 0x24000001
8780922c:	59475f30 	stmdbpl	r7, {r4, r5, r8, r9, sl, fp, ip, lr}^
87809230:	435f4f52 	cmpmi	pc, #328	; 0x148
87809234:	49464e4f 	stmdbmi	r6, {r0, r1, r2, r3, r6, r9, sl, fp, lr}^
87809238:	203d2047 	eorscs	r2, sp, r7, asr #32
8780923c:	0d782325 	ldcleq	3, cr2, [r8, #-148]!	; 0xffffff6c
87809240:	0000000a 	andeq	r0, r0, sl
87809244:	63756f54 	cmnvs	r5, #84, 30	; 0x150
87809248:	69462068 	stmdbvs	r6, {r3, r5, r6, sp}^
8780924c:	61776d72 	cmnvs	r7, r2, ror sp
87809250:	56206572 			; <UNDEFINED> instruction: 0x56206572
87809254:	69737265 	ldmdbvs	r3!, {r0, r2, r5, r6, r9, ip, sp, lr}^
87809258:	253a6e6f 	ldrcs	r6, [sl, #-3695]!	; 0xe6f
8780925c:	0a0d5823 	beq	87b5f2f0 <__bss_end+0x3551c0>
87809260:	00000000 	andeq	r0, r0, r0

87809264 <digits.8424>:
87809264:	33323130 	teqcc	r2, #48, 2
87809268:	37363534 			; <UNDEFINED> instruction: 0x37363534
8780926c:	42413938 	submi	r3, r1, #56, 18	; 0xe0000
87809270:	46454443 	strbmi	r4, [r5], -r3, asr #8
87809274:	4c554e3c 	mrrcmi	14, 3, r4, r5, cr12
87809278:	00003e4c 	andeq	r3, r0, ip, asr #28

Disassembly of section .ARM.exidx:

8780927c <.ARM.exidx>:
8780927c:	7fffb598 	svcvc	0x00ffb598
87809280:	00000001 	andeq	r0, r0, r1

Disassembly of section .data:

87809284 <backclor>:
87809284:	000000ff 	strdeq	r0, [r0], -pc	; <UNPREDICTABLE>
87809288:	0000ff00 	andeq	pc, r0, r0, lsl #30
8780928c:	00ff0000 	rscseq	r0, pc, r0
87809290:	0000ffff 	strdeq	pc, [r0], -pc	; <UNPREDICTABLE>
87809294:	00ffff00 	rscseq	pc, pc, r0, lsl #30
87809298:	008080ff 	strdeq	r8, [r0], pc	; <UNPREDICTABLE>
8780929c:	00000080 	andeq	r0, r0, r0, lsl #1
878092a0:	00ffffff 	ldrshteq	pc, [pc], #255	; <UNPREDICTABLE>
878092a4:	00000000 	andeq	r0, r0, r0
878092a8:	00ffa500 	rscseq	sl, pc, r0, lsl #10

878092ac <release.8283>:
878092ac:	00000001 	andeq	r0, r0, r1

878092b0 <_ctype>:
878092b0:	08080808 	stmdaeq	r8, {r3, fp}
878092b4:	08080808 	stmdaeq	r8, {r3, fp}
878092b8:	28282808 	stmdacs	r8!, {r3, fp, sp}
878092bc:	08082828 	stmdaeq	r8, {r3, r5, fp, sp}
878092c0:	08080808 	stmdaeq	r8, {r3, fp}
878092c4:	08080808 	stmdaeq	r8, {r3, fp}
878092c8:	08080808 	stmdaeq	r8, {r3, fp}
878092cc:	08080808 	stmdaeq	r8, {r3, fp}
878092d0:	101010a0 	andsne	r1, r0, r0, lsr #1
878092d4:	10101010 	andsne	r1, r0, r0, lsl r0
878092d8:	10101010 	andsne	r1, r0, r0, lsl r0
878092dc:	10101010 	andsne	r1, r0, r0, lsl r0
878092e0:	04040404 	streq	r0, [r4], #-1028	; 0x404
878092e4:	04040404 	streq	r0, [r4], #-1028	; 0x404
878092e8:	10100404 	andsne	r0, r0, r4, lsl #8
878092ec:	10101010 	andsne	r1, r0, r0, lsl r0
878092f0:	41414110 	cmpmi	r1, r0, lsl r1
878092f4:	01414141 	cmpeq	r1, r1, asr #2
878092f8:	01010101 	tsteq	r1, r1, lsl #2
878092fc:	01010101 	tsteq	r1, r1, lsl #2
87809300:	01010101 	tsteq	r1, r1, lsl #2
87809304:	01010101 	tsteq	r1, r1, lsl #2
87809308:	10010101 	andne	r0, r1, r1, lsl #2
8780930c:	10101010 	andsne	r1, r0, r0, lsl r0
87809310:	42424210 	submi	r4, r2, #16, 4
87809314:	02424242 	subeq	r4, r2, #536870916	; 0x20000004
87809318:	02020202 	andeq	r0, r2, #536870912	; 0x20000000
8780931c:	02020202 	andeq	r0, r2, #536870912	; 0x20000000
87809320:	02020202 	andeq	r0, r2, #536870912	; 0x20000000
87809324:	02020202 	andeq	r0, r2, #536870912	; 0x20000000
87809328:	10020202 	andne	r0, r2, r2, lsl #4
8780932c:	08101010 	ldmdaeq	r0, {r4, ip}
	...
87809350:	101010a0 	andsne	r1, r0, r0, lsr #1
87809354:	10101010 	andsne	r1, r0, r0, lsl r0
87809358:	10101010 	andsne	r1, r0, r0, lsl r0
8780935c:	10101010 	andsne	r1, r0, r0, lsl r0
87809360:	10101010 	andsne	r1, r0, r0, lsl r0
87809364:	10101010 	andsne	r1, r0, r0, lsl r0
87809368:	10101010 	andsne	r1, r0, r0, lsl r0
8780936c:	10101010 	andsne	r1, r0, r0, lsl r0
87809370:	01010101 	tsteq	r1, r1, lsl #2
87809374:	01010101 	tsteq	r1, r1, lsl #2
87809378:	01010101 	tsteq	r1, r1, lsl #2
8780937c:	01010101 	tsteq	r1, r1, lsl #2
87809380:	01010101 	tsteq	r1, r1, lsl #2
87809384:	10010101 	andne	r0, r1, r1, lsl #2
87809388:	01010101 	tsteq	r1, r1, lsl #2
8780938c:	02010101 	andeq	r0, r1, #1073741824	; 0x40000000
87809390:	02020202 	andeq	r0, r2, #536870912	; 0x20000000
87809394:	02020202 	andeq	r0, r2, #536870912	; 0x20000000
87809398:	02020202 	andeq	r0, r2, #536870912	; 0x20000000
8780939c:	02020202 	andeq	r0, r2, #536870912	; 0x20000000
878093a0:	02020202 	andeq	r0, r2, #536870912	; 0x20000000
878093a4:	10020202 	andne	r0, r2, r2, lsl #4
878093a8:	02020202 	andeq	r0, r2, #536870912	; 0x20000000
878093ac:	02020202 	andeq	r0, r2, #536870912	; 0x20000000

Disassembly of section .bss:

878093b0 <__bss_start>:
	...

878098b0 <irqNesting>:
878098b0:	00000000 	andeq	r0, r0, r0

878098b4 <state.8293>:
	...

878098b5 <state.8246>:
	...

878098b6 <state.8297>:
	...

878098b8 <g_pcOutBuf>:
	...

87809cb8 <g_pcInBuf>:
	...

8780a0b8 <tftlcd_dev>:
	...

8780a0d8 <icm20608_dev>:
	...

8780a110 <ft5426_dev>:
	...

8780a128 <backlight_dev>:
8780a128:	00000000 	andeq	r0, r0, r0

8780a12c <___strtok>:
8780a12c:	00000000 	andeq	r0, r0, r0

Disassembly of section .ARM.attributes:

00000000 <.ARM.attributes>:
   0:	00003241 	andeq	r3, r0, r1, asr #4
   4:	61656100 	cmnvs	r5, r0, lsl #2
   8:	01006962 	tsteq	r0, r2, ror #18
   c:	00000028 	andeq	r0, r0, r8, lsr #32
  10:	412d3705 	teqmi	sp, r5, lsl #14
  14:	070a0600 	streq	r0, [sl, -r0, lsl #12]
  18:	09010841 	stmdbeq	r1, {r0, r6, fp}
  1c:	0c050a02 	stceq	10, cr0, [r5], {2}
  20:	14041202 	strne	r1, [r4], #-514	; 0x202
  24:	17011501 	strne	r1, [r1, -r1, lsl #10]
  28:	1a011803 	bne	4603c <shift+0x4603c>
  2c:	1c031b02 	stcne	11, cr1, [r3], {2}
  30:	地址 0x0000000000000030 越界。


Disassembly of section .comment:

00000000 <.comment>:
   0:	3a434347 	bcc	10d0d24 <shift+0x10d0d24>
   4:	694c2820 	stmdbvs	ip, {r5, fp, sp}^
   8:	6f72616e 	svcvs	0x0072616e
   c:	43434720 	movtmi	r4, #14112	; 0x3720
  10:	392e3420 	stmdbcc	lr!, {r5, sl, ip, sp}
  14:	3130322d 	teqcc	r0, sp, lsr #4
  18:	31302e37 	teqcc	r0, r7, lsr lr
  1c:	2e342029 	cdpcs	0, 3, cr2, cr4, cr9, {1}
  20:	00342e39 	eorseq	r2, r4, r9, lsr lr

Disassembly of section .debug_frame:

00000000 <.debug_frame>:
   0:	0000000c 	andeq	r0, r0, ip
   4:	ffffffff 			; <UNDEFINED> instruction: 0xffffffff
   8:	7c010001 	stcvc	0, cr0, [r1], {1}
   c:	000d0c0e 	andeq	r0, sp, lr, lsl #24
  10:	0000000c 	andeq	r0, r0, ip
  14:	00000000 	andeq	r0, r0, r0
  18:	87804561 	strhi	r4, [r0, r1, ror #10]
  1c:	0000025c 	andeq	r0, r0, ip, asr r2
  20:	0000000c 	andeq	r0, r0, ip
  24:	ffffffff 			; <UNDEFINED> instruction: 0xffffffff
  28:	7c020001 	stcvc	0, cr0, [r2], {1}
  2c:	000d0c0e 	andeq	r0, sp, lr, lsl #24
  30:	00000018 	andeq	r0, r0, r8, lsl r0
  34:	00000020 	andeq	r0, r0, r0, lsr #32
  38:	878047d8 			; <UNDEFINED> instruction: 0x878047d8
  3c:	00000030 	andeq	r0, r0, r0, lsr r0
  40:	8e100e50 	mrchi	14, 0, r0, cr0, cr0, {2}
  44:	0ece4703 	cdpeq	7, 12, cr4, cr14, cr3, {0}
  48:	00000010 	andeq	r0, r0, r0, lsl r0
  4c:	0000000c 	andeq	r0, r0, ip
  50:	ffffffff 			; <UNDEFINED> instruction: 0xffffffff
  54:	7c020001 	stcvc	0, cr0, [r2], {1}
  58:	000d0c0e 	andeq	r0, sp, lr, lsl #24
  5c:	00000020 	andeq	r0, r0, r0, lsr #32
  60:	0000004c 	andeq	r0, r0, ip, asr #32
  64:	87804814 	usada8hi	r0, r4, r8, r4
  68:	00000116 	andeq	r0, r0, r6, lsl r1
  6c:	841c0e42 	ldrhi	r0, [ip], #-3650	; 0xe42
  70:	86068507 	strhi	r8, [r6], -r7, lsl #10
  74:	88048705 	stmdahi	r4, {r0, r2, r8, r9, sl, pc}
  78:	8e028903 	cdphi	9, 0, cr8, cr2, cr3, {0}
  7c:	00000001 	andeq	r0, r0, r1

Disassembly of section .debug_line:

00000000 <.debug_line>:
   0:	00000100 	andeq	r0, r0, r0, lsl #2
   4:	00c70002 	sbceq	r0, r7, r2
   8:	01020000 	mrseq	r0, (UNDEF: 2)
   c:	000d0efb 	strdeq	r0, [sp], -fp
  10:	01010101 	tsteq	r1, r1, lsl #2
  14:	01000000 	mrseq	r0, (UNDEF: 0)
  18:	2f010000 	svccs	0x00010000
  1c:	656d6f68 	strbvs	r6, [sp, #-3944]!	; 0xf68
  20:	7763742f 	strbvc	r7, [r3, -pc, lsr #8]!
  24:	75622d67 	strbvc	r2, [r2, #-3431]!	; 0xd67
  28:	73646c69 	cmnvc	r4, #26880	; 0x6900
  2c:	6576616c 	ldrbvs	r6, [r6, #-364]!	; 0x16c
  30:	726f772f 	rsbvc	r7, pc, #12320768	; 0xbc0000
  34:	6170736b 	cmnvs	r0, fp, ror #6
  38:	742f6563 	strtvc	r6, [pc], #-1379	; 40 <shift+0x40>
  3c:	2d677763 	stclcs	7, cr7, [r7, #-396]!	; 0xfffffe74
  40:	656b616d 	strbvs	r6, [fp, #-365]!	; 0x16d
  44:	6c65722d 	sfmvs	f7, 2, [r5], #-180	; 0xffffff4c
  48:	65736165 	ldrbvs	r6, [r3, #-357]!	; 0x165
  4c:	62616c2f 	rsbvs	r6, r1, #12032	; 0x2f00
  50:	642f6c65 	strtvs	r6, [pc], #-3173	; 58 <shift+0x58>
  54:	656b636f 	strbvs	r6, [fp, #-879]!	; 0x36f
  58:	72742d72 	rsbsvc	r2, r4, #7296	; 0x1c80
  5c:	79747375 	ldmdbvc	r4!, {r0, r2, r4, r5, r6, r8, r9, ip, sp, lr}^
  60:	646d612d 	strbtvs	r6, [sp], #-301	; 0x12d
  64:	742d3436 	strtvc	r3, [sp], #-1078	; 0x436
  68:	2d677763 	stclcs	7, cr7, [r7, #-396]!	; 0xfffffe74
  6c:	6c697562 	cfstr64vs	mvdx7, [r9], #-392	; 0xfffffe78
  70:	61742f64 	cmnvs	r4, r4, ror #30
  74:	74656772 	strbtvc	r6, [r5], #-1906	; 0x772
  78:	6d72612f 	ldfvse	f6, [r2, #-188]!	; 0xffffff44
  7c:	6e696c2d 	cdpvs	12, 6, cr6, cr9, cr13, {1}
  80:	672d7875 			; <UNDEFINED> instruction: 0x672d7875
  84:	6165756e 	cmnvs	r5, lr, ror #10
  88:	66686962 	strbtvs	r6, [r8], -r2, ror #18
  8c:	616e732f 	cmnvs	lr, pc, lsr #6
  90:	6f687370 	svcvs	0x00687370
  94:	672f7374 			; <UNDEFINED> instruction: 0x672f7374
  98:	6c2d6363 	stcvs	3, cr6, [sp], #-396	; 0xfffffe74
  9c:	72616e69 	rsbvc	r6, r1, #1680	; 0x690
  a0:	2e342d6f 	cdpcs	13, 3, cr2, cr4, cr15, {3}
  a4:	30322d39 	eorscc	r2, r2, r9, lsr sp
  a8:	302e3731 	eorcc	r3, lr, r1, lsr r7
  ac:	696c2f31 	stmdbvs	ip!, {r0, r4, r5, r8, r9, sl, fp, sp}^
  b0:	63636762 	cmnvs	r3, #25690112	; 0x1880000
  b4:	6e6f632f 	cdpvs	3, 6, cr6, cr15, cr15, {1}
  b8:	2f676966 	svccs	0x00676966
  bc:	006d7261 	rsbeq	r7, sp, r1, ror #4
  c0:	62696c00 	rsbvs	r6, r9, #0, 24
  c4:	6e756631 	mrcvs	6, 3, r6, cr5, cr1, {1}
  c8:	532e7363 	teqpl	lr, #-1946157055	; 0x8c000001
  cc:	00000100 	andeq	r0, r0, r0, lsl #2
  d0:	02050000 	andeq	r0, r5, #0
  d4:	87804560 	strhi	r4, [r0, r0, ror #10]
  d8:	0107cf03 	tsteq	r7, r3, lsl #30
  dc:	2f212121 	svccs	0x00212121
  e0:	30212f21 	eorcc	r2, r1, r1, lsr #30
  e4:	14029102 	strne	r9, [r2], #-258	; 0x102
  e8:	21212221 	teqcs	r1, r1, lsr #4
  ec:	2f4c2221 	svccs	0x004c2221
  f0:	207aeb03 	rsbscs	lr, sl, r3, lsl #22
  f4:	5805af03 	stmdapl	r5, {r0, r1, r8, r9, sl, fp, sp, pc}
  f8:	2f2f2121 	svccs	0x002f2121
  fc:	022f2f2f 	eoreq	r2, pc, #47, 30	; 0xbc
 100:	01010001 	tsteq	r1, r1
 104:	000000dd 	ldrdeq	r0, [r0], -sp
 108:	00c30002 	sbceq	r0, r3, r2
 10c:	01020000 	mrseq	r0, (UNDEF: 2)
 110:	000d0efb 	strdeq	r0, [sp], -fp
 114:	01010101 	tsteq	r1, r1, lsl #2
 118:	01000000 	mrseq	r0, (UNDEF: 0)
 11c:	2f010000 	svccs	0x00010000
 120:	656d6f68 	strbvs	r6, [sp, #-3944]!	; 0xf68
 124:	7763742f 	strbvc	r7, [r3, -pc, lsr #8]!
 128:	75622d67 	strbvc	r2, [r2, #-3431]!	; 0xd67
 12c:	73646c69 	cmnvc	r4, #26880	; 0x6900
 130:	6576616c 	ldrbvs	r6, [r6, #-364]!	; 0x16c
 134:	726f772f 	rsbvc	r7, pc, #12320768	; 0xbc0000
 138:	6170736b 	cmnvs	r0, fp, ror #6
 13c:	742f6563 	strtvc	r6, [pc], #-1379	; 144 <shift+0x144>
 140:	2d677763 	stclcs	7, cr7, [r7, #-396]!	; 0xfffffe74
 144:	656b616d 	strbvs	r6, [fp, #-365]!	; 0x16d
 148:	6c65722d 	sfmvs	f7, 2, [r5], #-180	; 0xffffff4c
 14c:	65736165 	ldrbvs	r6, [r3, #-357]!	; 0x165
 150:	62616c2f 	rsbvs	r6, r1, #12032	; 0x2f00
 154:	642f6c65 	strtvs	r6, [pc], #-3173	; 15c <shift+0x15c>
 158:	656b636f 	strbvs	r6, [fp, #-879]!	; 0x36f
 15c:	72742d72 	rsbsvc	r2, r4, #7296	; 0x1c80
 160:	79747375 	ldmdbvc	r4!, {r0, r2, r4, r5, r6, r8, r9, ip, sp, lr}^
 164:	646d612d 	strbtvs	r6, [sp], #-301	; 0x12d
 168:	742d3436 	strtvc	r3, [sp], #-1078	; 0x436
 16c:	2d677763 	stclcs	7, cr7, [r7, #-396]!	; 0xfffffe74
 170:	6c697562 	cfstr64vs	mvdx7, [r9], #-392	; 0xfffffe78
 174:	61742f64 	cmnvs	r4, r4, ror #30
 178:	74656772 	strbtvc	r6, [r5], #-1906	; 0x772
 17c:	6d72612f 	ldfvse	f6, [r2, #-188]!	; 0xffffff44
 180:	6e696c2d 	cdpvs	12, 6, cr6, cr9, cr13, {1}
 184:	672d7875 			; <UNDEFINED> instruction: 0x672d7875
 188:	6165756e 	cmnvs	r5, lr, ror #10
 18c:	66686962 	strbtvs	r6, [r8], -r2, ror #18
 190:	616e732f 	cmnvs	lr, pc, lsr #6
 194:	6f687370 	svcvs	0x00687370
 198:	672f7374 			; <UNDEFINED> instruction: 0x672f7374
 19c:	6c2d6363 	stcvs	3, cr6, [sp], #-396	; 0xfffffe74
 1a0:	72616e69 	rsbvc	r6, r1, #1680	; 0x690
 1a4:	2e342d6f 	cdpcs	13, 3, cr2, cr4, cr15, {3}
 1a8:	30322d39 	eorscc	r2, r2, r9, lsr sp
 1ac:	302e3731 	eorcc	r3, lr, r1, lsr r7
 1b0:	696c2f31 	stmdbvs	ip!, {r0, r4, r5, r8, r9, sl, fp, sp}^
 1b4:	63636762 	cmnvs	r3, #25690112	; 0x1880000
 1b8:	6e6f632f 	cdpvs	3, 6, cr6, cr15, cr15, {1}
 1bc:	2f676966 	svccs	0x00676966
 1c0:	006d7261 	rsbeq	r7, sp, r1, ror #4
 1c4:	61706200 	cmnvs	r0, r0, lsl #4
 1c8:	532e6962 	teqpl	lr, #1605632	; 0x188000
 1cc:	00000100 	andeq	r0, r0, r0, lsl #2
 1d0:	02050000 	andeq	r0, r5, #0
 1d4:	878047d8 			; <UNDEFINED> instruction: 0x878047d8
 1d8:	0101fd03 	tsteq	r1, r3, lsl #26
 1dc:	592f4cbc 	stmdbpl	pc!, {r2, r3, r4, r5, r7, sl, fp, lr}	; <UNPREDICTABLE>
 1e0:	01000102 	tsteq	r0, r2, lsl #2
 1e4:	0000e301 	andeq	lr, r0, r1, lsl #6
 1e8:	c7000200 	strgt	r0, [r0, -r0, lsl #4]
 1ec:	02000000 	andeq	r0, r0, #0
 1f0:	0d0efb01 	vstreq	d15, [lr, #-4]
 1f4:	01010100 	mrseq	r0, (UNDEF: 17)
 1f8:	00000001 	andeq	r0, r0, r1
 1fc:	01000001 	tsteq	r0, r1
 200:	6d6f682f 	stclvs	8, cr6, [pc, #-188]!	; 14c <shift+0x14c>
 204:	63742f65 	cmnvs	r4, #404	; 0x194
 208:	622d6777 	eorvs	r6, sp, #31195136	; 0x1dc0000
 20c:	646c6975 	strbtvs	r6, [ip], #-2421	; 0x975
 210:	76616c73 			; <UNDEFINED> instruction: 0x76616c73
 214:	6f772f65 	svcvs	0x00772f65
 218:	70736b72 	rsbsvc	r6, r3, r2, ror fp
 21c:	2f656361 	svccs	0x00656361
 220:	67776374 			; <UNDEFINED> instruction: 0x67776374
 224:	6b616d2d 	blvs	185b6e0 <shift+0x185b6e0>
 228:	65722d65 	ldrbvs	r2, [r2, #-3429]!	; 0xd65
 22c:	7361656c 	cmnvc	r1, #108, 10	; 0x1b000000
 230:	616c2f65 	cmnvs	ip, r5, ror #30
 234:	2f6c6562 	svccs	0x006c6562
 238:	6b636f64 	blvs	18dbfd0 <shift+0x18dbfd0>
 23c:	742d7265 	strtvc	r7, [sp], #-613	; 0x265
 240:	74737572 	ldrbtvc	r7, [r3], #-1394	; 0x572
 244:	6d612d79 	stclvs	13, cr2, [r1, #-484]!	; 0xfffffe1c
 248:	2d343664 	ldccs	6, cr3, [r4, #-400]!	; 0xfffffe70
 24c:	67776374 			; <UNDEFINED> instruction: 0x67776374
 250:	6975622d 	ldmdbvs	r5!, {r0, r2, r3, r5, r9, sp, lr}^
 254:	742f646c 	strtvc	r6, [pc], #-1132	; 25c <shift+0x25c>
 258:	65677261 	strbvs	r7, [r7, #-609]!	; 0x261
 25c:	72612f74 	rsbvc	r2, r1, #116, 30	; 0x1d0
 260:	696c2d6d 	stmdbvs	ip!, {r0, r2, r3, r5, r6, r8, sl, fp, sp}^
 264:	2d78756e 	cfldr64cs	mvdx7, [r8, #-440]!	; 0xfffffe48
 268:	65756e67 	ldrbvs	r6, [r5, #-3687]!	; 0xe67
 26c:	68696261 	stmdavs	r9!, {r0, r5, r6, r9, sp, lr}^
 270:	6e732f66 	cdpvs	15, 7, cr2, cr3, cr6, {3}
 274:	68737061 	ldmdavs	r3!, {r0, r5, r6, ip, sp, lr}^
 278:	2f73746f 	svccs	0x0073746f
 27c:	2d636367 	stclcs	3, cr6, [r3, #-412]!	; 0xfffffe64
 280:	616e696c 	cmnvs	lr, ip, ror #18
 284:	342d6f72 	strtcc	r6, [sp], #-3954	; 0xf72
 288:	322d392e 	eorcc	r3, sp, #753664	; 0xb8000
 28c:	2e373130 	mrccs	1, 1, r3, cr7, cr0, {1}
 290:	6c2f3130 	stfvss	f3, [pc], #-192	; 1d8 <shift+0x1d8>
 294:	63676269 	cmnvs	r7, #-1879048186	; 0x90000006
 298:	6f632f63 	svcvs	0x00632f63
 29c:	6769666e 	strbvs	r6, [r9, -lr, ror #12]!
 2a0:	6d72612f 	ldfvse	f6, [r2, #-188]!	; 0xffffff44
 2a4:	696c0000 	stmdbvs	ip!, {}^	; <UNPREDICTABLE>
 2a8:	75663162 	strbvc	r3, [r6, #-354]!	; 0x162
 2ac:	2e73636e 	cdpcs	3, 7, cr6, cr3, cr14, {3}
 2b0:	00010053 	andeq	r0, r1, r3, asr r0
 2b4:	05000000 	streq	r0, [r0, #-0]
 2b8:	80480802 	subhi	r0, r8, r2, lsl #16
 2bc:	0ab00387 	beq	fec010e0 <__bss_end+0x773f6fb0>
 2c0:	032f2101 	teqeq	pc, #1073741824	; 0x40000000
 2c4:	022e77bb 	eoreq	r7, lr, #49020928	; 0x2ec0000
 2c8:	01010001 	tsteq	r1, r1
 2cc:	00000113 	andeq	r0, r0, r3, lsl r1
 2d0:	00c70002 	sbceq	r0, r7, r2
 2d4:	01020000 	mrseq	r0, (UNDEF: 2)
 2d8:	000d0efb 	strdeq	r0, [sp], -fp
 2dc:	01010101 	tsteq	r1, r1, lsl #2
 2e0:	01000000 	mrseq	r0, (UNDEF: 0)
 2e4:	2f010000 	svccs	0x00010000
 2e8:	656d6f68 	strbvs	r6, [sp, #-3944]!	; 0xf68
 2ec:	7763742f 	strbvc	r7, [r3, -pc, lsr #8]!
 2f0:	75622d67 	strbvc	r2, [r2, #-3431]!	; 0xd67
 2f4:	73646c69 	cmnvc	r4, #26880	; 0x6900
 2f8:	6576616c 	ldrbvs	r6, [r6, #-364]!	; 0x16c
 2fc:	726f772f 	rsbvc	r7, pc, #12320768	; 0xbc0000
 300:	6170736b 	cmnvs	r0, fp, ror #6
 304:	742f6563 	strtvc	r6, [pc], #-1379	; 30c <shift+0x30c>
 308:	2d677763 	stclcs	7, cr7, [r7, #-396]!	; 0xfffffe74
 30c:	656b616d 	strbvs	r6, [fp, #-365]!	; 0x16d
 310:	6c65722d 	sfmvs	f7, 2, [r5], #-180	; 0xffffff4c
 314:	65736165 	ldrbvs	r6, [r3, #-357]!	; 0x165
 318:	62616c2f 	rsbvs	r6, r1, #12032	; 0x2f00
 31c:	642f6c65 	strtvs	r6, [pc], #-3173	; 324 <shift+0x324>
 320:	656b636f 	strbvs	r6, [fp, #-879]!	; 0x36f
 324:	72742d72 	rsbsvc	r2, r4, #7296	; 0x1c80
 328:	79747375 	ldmdbvc	r4!, {r0, r2, r4, r5, r6, r8, r9, ip, sp, lr}^
 32c:	646d612d 	strbtvs	r6, [sp], #-301	; 0x12d
 330:	742d3436 	strtvc	r3, [sp], #-1078	; 0x436
 334:	2d677763 	stclcs	7, cr7, [r7, #-396]!	; 0xfffffe74
 338:	6c697562 	cfstr64vs	mvdx7, [r9], #-392	; 0xfffffe78
 33c:	61742f64 	cmnvs	r4, r4, ror #30
 340:	74656772 	strbtvc	r6, [r5], #-1906	; 0x772
 344:	6d72612f 	ldfvse	f6, [r2, #-188]!	; 0xffffff44
 348:	6e696c2d 	cdpvs	12, 6, cr6, cr9, cr13, {1}
 34c:	672d7875 			; <UNDEFINED> instruction: 0x672d7875
 350:	6165756e 	cmnvs	r5, lr, ror #10
 354:	66686962 	strbtvs	r6, [r8], -r2, ror #18
 358:	616e732f 	cmnvs	lr, pc, lsr #6
 35c:	6f687370 	svcvs	0x00687370
 360:	672f7374 			; <UNDEFINED> instruction: 0x672f7374
 364:	6c2d6363 	stcvs	3, cr6, [sp], #-396	; 0xfffffe74
 368:	72616e69 	rsbvc	r6, r1, #1680	; 0x690
 36c:	2e342d6f 	cdpcs	13, 3, cr2, cr4, cr15, {3}
 370:	30322d39 	eorscc	r2, r2, r9, lsr sp
 374:	302e3731 	eorcc	r3, lr, r1, lsr r7
 378:	696c2f31 	stmdbvs	ip!, {r0, r4, r5, r8, r9, sl, fp, sp}^
 37c:	63636762 	cmnvs	r3, #25690112	; 0x1880000
 380:	696c0000 	stmdbvs	ip!, {}^	; <UNPREDICTABLE>
 384:	63636762 	cmnvs	r3, #25690112	; 0x1880000
 388:	00632e32 	rsbeq	r2, r3, r2, lsr lr
 38c:	6c000001 	stcvs	0, cr0, [r0], {1}
 390:	63676269 	cmnvs	r7, #-1879048186	; 0x90000006
 394:	682e3263 	stmdavs	lr!, {r0, r1, r5, r6, r9, ip, sp}
 398:	00000100 	andeq	r0, r0, r0, lsl #2
 39c:	02050000 	andeq	r0, r5, #0
 3a0:	87804814 	usada8hi	r0, r4, r8, r4
 3a4:	0107b003 	tsteq	r7, r3
 3a8:	200c032e 	andcs	r0, ip, lr, lsr #6
 3ac:	03207403 	teqeq	r0, #50331648	; 0x3000000
 3b0:	74033c0c 	strvc	r3, [r3], #-3084	; 0xc0c
 3b4:	0b03212e 	bleq	c8874 <shift+0xc8874>
 3b8:	4c4b223c 	sfmmi	f2, 2, [fp], {60}	; 0x3c
 3bc:	6803f921 	stmdavs	r3, {r0, r5, r8, fp, ip, sp, lr, pc}
 3c0:	3c18033c 	ldccc	3, cr0, [r8], {60}	; 0x3c
 3c4:	81212d23 	teqhi	r1, r3, lsr #26
 3c8:	86523032 			; <UNDEFINED> instruction: 0x86523032
 3cc:	33304d29 	teqcc	r0, #2624	; 0xa40
 3d0:	214921b9 	strhcs	r2, [r9, #-25]	; 0xffffffe7
 3d4:	21320821 	teqcs	r2, r1, lsr #16
 3d8:	2e550330 	mrccs	3, 2, r0, cr5, cr0, {1}
 3dc:	05024b49 	streq	r4, [r2, #-2889]	; 0xb49
 3e0:	地址 0x00000000000003e0 越界。


Disassembly of section .debug_info:

00000000 <.debug_info>:
   0:	000001bb 			; <UNDEFINED> instruction: 0x000001bb
   4:	00000002 	andeq	r0, r0, r2
   8:	01040000 	mrseq	r0, (UNDEF: 4)
   c:	00000000 	andeq	r0, r0, r0
  10:	87804560 	strhi	r4, [r0, r0, ror #10]
  14:	878047d6 			; <UNDEFINED> instruction: 0x878047d6
  18:	6d6f682f 	stclvs	8, cr6, [pc, #-188]!	; ffffff64 <__bss_end+0x787f5e34>
  1c:	63742f65 	cmnvs	r4, #404	; 0x194
  20:	622d6777 	eorvs	r6, sp, #31195136	; 0x1dc0000
  24:	646c6975 	strbtvs	r6, [ip], #-2421	; 0x975
  28:	76616c73 			; <UNDEFINED> instruction: 0x76616c73
  2c:	6f772f65 	svcvs	0x00772f65
  30:	70736b72 	rsbsvc	r6, r3, r2, ror fp
  34:	2f656361 	svccs	0x00656361
  38:	67776374 			; <UNDEFINED> instruction: 0x67776374
  3c:	6b616d2d 	blvs	185b4f8 <shift+0x185b4f8>
  40:	65722d65 	ldrbvs	r2, [r2, #-3429]!	; 0xd65
  44:	7361656c 	cmnvc	r1, #108, 10	; 0x1b000000
  48:	616c2f65 	cmnvs	ip, r5, ror #30
  4c:	2f6c6562 	svccs	0x006c6562
  50:	6b636f64 	blvs	18dbde8 <shift+0x18dbde8>
  54:	742d7265 	strtvc	r7, [sp], #-613	; 0x265
  58:	74737572 	ldrbtvc	r7, [r3], #-1394	; 0x572
  5c:	6d612d79 	stclvs	13, cr2, [r1, #-484]!	; 0xfffffe1c
  60:	2d343664 	ldccs	6, cr3, [r4, #-400]!	; 0xfffffe70
  64:	67776374 			; <UNDEFINED> instruction: 0x67776374
  68:	6975622d 	ldmdbvs	r5!, {r0, r2, r3, r5, r9, sp, lr}^
  6c:	742f646c 	strtvc	r6, [pc], #-1132	; 74 <shift+0x74>
  70:	65677261 	strbvs	r7, [r7, #-609]!	; 0x261
  74:	72612f74 	rsbvc	r2, r1, #116, 30	; 0x1d0
  78:	696c2d6d 	stmdbvs	ip!, {r0, r2, r3, r5, r6, r8, sl, fp, sp}^
  7c:	2d78756e 	cfldr64cs	mvdx7, [r8, #-440]!	; 0xfffffe48
  80:	65756e67 	ldrbvs	r6, [r5, #-3687]!	; 0xe67
  84:	68696261 	stmdavs	r9!, {r0, r5, r6, r9, sp, lr}^
  88:	6e732f66 	cdpvs	15, 7, cr2, cr3, cr6, {3}
  8c:	68737061 	ldmdavs	r3!, {r0, r5, r6, ip, sp, lr}^
  90:	2f73746f 	svccs	0x0073746f
  94:	2d636367 	stclcs	3, cr6, [r3, #-412]!	; 0xfffffe64
  98:	616e696c 	cmnvs	lr, ip, ror #18
  9c:	342d6f72 	strtcc	r6, [sp], #-3954	; 0xf72
  a0:	322d392e 	eorcc	r3, sp, #753664	; 0xb8000
  a4:	2e373130 	mrccs	1, 1, r3, cr7, cr0, {1}
  a8:	6c2f3130 	stfvss	f3, [pc], #-192	; fffffff0 <__bss_end+0x787f5ec0>
  ac:	63676269 	cmnvs	r7, #-1879048186	; 0x90000006
  b0:	6f632f63 	svcvs	0x00632f63
  b4:	6769666e 	strbvs	r6, [r9, -lr, ror #12]!
  b8:	6d72612f 	ldfvse	f6, [r2, #-188]!	; 0xffffff44
  bc:	62696c2f 	rsbvs	r6, r9, #12032	; 0x2f00
  c0:	6e756631 	mrcvs	6, 3, r6, cr5, cr1, {1}
  c4:	532e7363 	teqpl	lr, #-1946157055	; 0x8c000001
  c8:	6f682f00 	svcvs	0x00682f00
  cc:	742f656d 	strtvc	r6, [pc], #-1389	; d4 <shift+0xd4>
  d0:	2d677763 	stclcs	7, cr7, [r7, #-396]!	; 0xfffffe74
  d4:	6c697562 	cfstr64vs	mvdx7, [r9], #-392	; 0xfffffe78
  d8:	616c7364 	cmnvs	ip, r4, ror #6
  dc:	772f6576 			; <UNDEFINED> instruction: 0x772f6576
  e0:	736b726f 	cmnvc	fp, #-268435450	; 0xf0000006
  e4:	65636170 	strbvs	r6, [r3, #-368]!	; 0x170
  e8:	7763742f 	strbvc	r7, [r3, -pc, lsr #8]!
  ec:	616d2d67 	cmnvs	sp, r7, ror #26
  f0:	722d656b 	eorvc	r6, sp, #448790528	; 0x1ac00000
  f4:	61656c65 	cmnvs	r5, r5, ror #24
  f8:	6c2f6573 	cfstr32vs	mvfx6, [pc], #-460	; ffffff34 <__bss_end+0x787f5e04>
  fc:	6c656261 	sfmvs	f6, 2, [r5], #-388	; 0xfffffe7c
 100:	636f642f 	cmnvs	pc, #788529152	; 0x2f000000
 104:	2d72656b 	cfldr64cs	mvdx6, [r2, #-428]!	; 0xfffffe54
 108:	73757274 	cmnvc	r5, #116, 4	; 0x40000007
 10c:	612d7974 	teqvs	sp, r4, ror r9
 110:	3436646d 	ldrtcc	r6, [r6], #-1133	; 0x46d
 114:	7763742d 	strbvc	r7, [r3, -sp, lsr #8]!
 118:	75622d67 	strbvc	r2, [r2, #-3431]!	; 0xd67
 11c:	2f646c69 	svccs	0x00646c69
 120:	67726174 			; <UNDEFINED> instruction: 0x67726174
 124:	612f7465 	teqvs	pc, r5, ror #8
 128:	6c2d6d72 	stcvs	13, cr6, [sp], #-456	; 0xfffffe38
 12c:	78756e69 	ldmdavc	r5!, {r0, r3, r5, r6, r9, sl, fp, sp, lr}^
 130:	756e672d 	strbvc	r6, [lr, #-1837]!	; 0x72d
 134:	69626165 	stmdbvs	r2!, {r0, r2, r5, r6, r8, sp, lr}^
 138:	5f2f6668 	svcpl	0x002f6668
 13c:	6c697562 	cfstr64vs	mvdx7, [r9], #-392	; 0xfffffe78
 140:	75622f64 	strbvc	r2, [r2, #-3940]!	; 0xf64
 144:	73646c69 	cmnvc	r4, #26880	; 0x6900
 148:	3638782f 	ldrtcc	r7, [r8], -pc, lsr #16
 14c:	2d34365f 	ldccs	6, cr3, [r4, #-380]!	; 0xfffffe84
 150:	6e6b6e75 	mcrvs	14, 3, r6, cr11, cr5, {3}
 154:	2d6e776f 	stclcs	7, cr7, [lr, #-444]!	; 0xfffffe44
 158:	756e696c 	strbvc	r6, [lr, #-2412]!	; 0x96c
 15c:	6e672d78 	mcrvs	13, 3, r2, cr7, cr8, {3}
 160:	72612f75 	rsbvc	r2, r1, #468	; 0x1d4
 164:	696c2d6d 	stmdbvs	ip!, {r0, r2, r3, r5, r6, r8, sl, fp, sp}^
 168:	2d78756e 	cfldr64cs	mvdx7, [r8, #-440]!	; 0xfffffe48
 16c:	65756e67 	ldrbvs	r6, [r5, #-3687]!	; 0xe67
 170:	68696261 	stmdavs	r9!, {r0, r5, r6, r9, sp, lr}^
 174:	63672f66 	cmnvs	r7, #408	; 0x198
 178:	696c2d63 	stmdbvs	ip!, {r0, r1, r5, r6, r8, sl, fp, sp}^
 17c:	6f72616e 	svcvs	0x0072616e
 180:	392e342d 	stmdbcc	lr!, {r0, r2, r3, r5, sl, ip, sp}
 184:	3130322d 	teqcc	r0, sp, lsr #4
 188:	31302e37 	teqcc	r0, r7, lsr lr
 18c:	6174732d 	cmnvs	r4, sp, lsr #6
 190:	2f326567 	svccs	0x00326567
 194:	2d6d7261 	sfmcs	f7, 2, [sp, #-388]!	; 0xfffffe7c
 198:	756e696c 	strbvc	r6, [lr, #-2412]!	; 0x96c
 19c:	6e672d78 	mcrvs	13, 3, r2, cr7, cr8, {3}
 1a0:	62616575 	rsbvs	r6, r1, #490733568	; 0x1d400000
 1a4:	2f666869 	svccs	0x00666869
 1a8:	6762696c 	strbvs	r6, [r2, -ip, ror #18]!
 1ac:	47006363 	strmi	r6, [r0, -r3, ror #6]
 1b0:	4120554e 	teqmi	r0, lr, asr #10
 1b4:	2e322053 	mrccs	0, 1, r2, cr2, cr3, {2}
 1b8:	302e3432 	eorcc	r3, lr, r2, lsr r4
 1bc:	b7800100 	strlt	r0, [r0, r0, lsl #2]
 1c0:	02000001 	andeq	r0, r0, #1
 1c4:	00001400 	andeq	r1, r0, r0, lsl #8
 1c8:	04010400 	streq	r0, [r1], #-1024	; 0x400
 1cc:	d8000001 	stmdale	r0, {r0}
 1d0:	08878047 	stmeq	r7, {r0, r1, r2, r6, pc}
 1d4:	2f878048 	svccs	0x00878048
 1d8:	656d6f68 	strbvs	r6, [sp, #-3944]!	; 0xf68
 1dc:	7763742f 	strbvc	r7, [r3, -pc, lsr #8]!
 1e0:	75622d67 	strbvc	r2, [r2, #-3431]!	; 0xd67
 1e4:	73646c69 	cmnvc	r4, #26880	; 0x6900
 1e8:	6576616c 	ldrbvs	r6, [r6, #-364]!	; 0x16c
 1ec:	726f772f 	rsbvc	r7, pc, #12320768	; 0xbc0000
 1f0:	6170736b 	cmnvs	r0, fp, ror #6
 1f4:	742f6563 	strtvc	r6, [pc], #-1379	; 1fc <shift+0x1fc>
 1f8:	2d677763 	stclcs	7, cr7, [r7, #-396]!	; 0xfffffe74
 1fc:	656b616d 	strbvs	r6, [fp, #-365]!	; 0x16d
 200:	6c65722d 	sfmvs	f7, 2, [r5], #-180	; 0xffffff4c
 204:	65736165 	ldrbvs	r6, [r3, #-357]!	; 0x165
 208:	62616c2f 	rsbvs	r6, r1, #12032	; 0x2f00
 20c:	642f6c65 	strtvs	r6, [pc], #-3173	; 214 <shift+0x214>
 210:	656b636f 	strbvs	r6, [fp, #-879]!	; 0x36f
 214:	72742d72 	rsbsvc	r2, r4, #7296	; 0x1c80
 218:	79747375 	ldmdbvc	r4!, {r0, r2, r4, r5, r6, r8, r9, ip, sp, lr}^
 21c:	646d612d 	strbtvs	r6, [sp], #-301	; 0x12d
 220:	742d3436 	strtvc	r3, [sp], #-1078	; 0x436
 224:	2d677763 	stclcs	7, cr7, [r7, #-396]!	; 0xfffffe74
 228:	6c697562 	cfstr64vs	mvdx7, [r9], #-392	; 0xfffffe78
 22c:	61742f64 	cmnvs	r4, r4, ror #30
 230:	74656772 	strbtvc	r6, [r5], #-1906	; 0x772
 234:	6d72612f 	ldfvse	f6, [r2, #-188]!	; 0xffffff44
 238:	6e696c2d 	cdpvs	12, 6, cr6, cr9, cr13, {1}
 23c:	672d7875 			; <UNDEFINED> instruction: 0x672d7875
 240:	6165756e 	cmnvs	r5, lr, ror #10
 244:	66686962 	strbtvs	r6, [r8], -r2, ror #18
 248:	616e732f 	cmnvs	lr, pc, lsr #6
 24c:	6f687370 	svcvs	0x00687370
 250:	672f7374 			; <UNDEFINED> instruction: 0x672f7374
 254:	6c2d6363 	stcvs	3, cr6, [sp], #-396	; 0xfffffe74
 258:	72616e69 	rsbvc	r6, r1, #1680	; 0x690
 25c:	2e342d6f 	cdpcs	13, 3, cr2, cr4, cr15, {3}
 260:	30322d39 	eorscc	r2, r2, r9, lsr sp
 264:	302e3731 	eorcc	r3, lr, r1, lsr r7
 268:	696c2f31 	stmdbvs	ip!, {r0, r4, r5, r8, r9, sl, fp, sp}^
 26c:	63636762 	cmnvs	r3, #25690112	; 0x1880000
 270:	6e6f632f 	cdpvs	3, 6, cr6, cr15, cr15, {1}
 274:	2f676966 	svccs	0x00676966
 278:	2f6d7261 	svccs	0x006d7261
 27c:	62617062 	rsbvs	r7, r1, #98	; 0x62
 280:	00532e69 	subseq	r2, r3, r9, ror #28
 284:	6d6f682f 	stclvs	8, cr6, [pc, #-188]!	; 1d0 <shift+0x1d0>
 288:	63742f65 	cmnvs	r4, #404	; 0x194
 28c:	622d6777 	eorvs	r6, sp, #31195136	; 0x1dc0000
 290:	646c6975 	strbtvs	r6, [ip], #-2421	; 0x975
 294:	76616c73 			; <UNDEFINED> instruction: 0x76616c73
 298:	6f772f65 	svcvs	0x00772f65
 29c:	70736b72 	rsbsvc	r6, r3, r2, ror fp
 2a0:	2f656361 	svccs	0x00656361
 2a4:	67776374 			; <UNDEFINED> instruction: 0x67776374
 2a8:	6b616d2d 	blvs	185b764 <shift+0x185b764>
 2ac:	65722d65 	ldrbvs	r2, [r2, #-3429]!	; 0xd65
 2b0:	7361656c 	cmnvc	r1, #108, 10	; 0x1b000000
 2b4:	616c2f65 	cmnvs	ip, r5, ror #30
 2b8:	2f6c6562 	svccs	0x006c6562
 2bc:	6b636f64 	blvs	18dc054 <shift+0x18dc054>
 2c0:	742d7265 	strtvc	r7, [sp], #-613	; 0x265
 2c4:	74737572 	ldrbtvc	r7, [r3], #-1394	; 0x572
 2c8:	6d612d79 	stclvs	13, cr2, [r1, #-484]!	; 0xfffffe1c
 2cc:	2d343664 	ldccs	6, cr3, [r4, #-400]!	; 0xfffffe70
 2d0:	67776374 			; <UNDEFINED> instruction: 0x67776374
 2d4:	6975622d 	ldmdbvs	r5!, {r0, r2, r3, r5, r9, sp, lr}^
 2d8:	742f646c 	strtvc	r6, [pc], #-1132	; 2e0 <shift+0x2e0>
 2dc:	65677261 	strbvs	r7, [r7, #-609]!	; 0x261
 2e0:	72612f74 	rsbvc	r2, r1, #116, 30	; 0x1d0
 2e4:	696c2d6d 	stmdbvs	ip!, {r0, r2, r3, r5, r6, r8, sl, fp, sp}^
 2e8:	2d78756e 	cfldr64cs	mvdx7, [r8, #-440]!	; 0xfffffe48
 2ec:	65756e67 	ldrbvs	r6, [r5, #-3687]!	; 0xe67
 2f0:	68696261 	stmdavs	r9!, {r0, r5, r6, r9, sp, lr}^
 2f4:	625f2f66 	subsvs	r2, pc, #408	; 0x198
 2f8:	646c6975 	strbtvs	r6, [ip], #-2421	; 0x975
 2fc:	6975622f 	ldmdbvs	r5!, {r0, r1, r2, r3, r5, r9, sp, lr}^
 300:	2f73646c 	svccs	0x0073646c
 304:	5f363878 	svcpl	0x00363878
 308:	752d3436 	strvc	r3, [sp, #-1078]!	; 0x436
 30c:	6f6e6b6e 	svcvs	0x006e6b6e
 310:	6c2d6e77 	stcvs	14, cr6, [sp], #-476	; 0xfffffe24
 314:	78756e69 	ldmdavc	r5!, {r0, r3, r5, r6, r9, sl, fp, sp, lr}^
 318:	756e672d 	strbvc	r6, [lr, #-1837]!	; 0x72d
 31c:	6d72612f 	ldfvse	f6, [r2, #-188]!	; 0xffffff44
 320:	6e696c2d 	cdpvs	12, 6, cr6, cr9, cr13, {1}
 324:	672d7875 			; <UNDEFINED> instruction: 0x672d7875
 328:	6165756e 	cmnvs	r5, lr, ror #10
 32c:	66686962 	strbtvs	r6, [r8], -r2, ror #18
 330:	6363672f 	cmnvs	r3, #12320768	; 0xbc0000
 334:	6e696c2d 	cdpvs	12, 6, cr6, cr9, cr13, {1}
 338:	2d6f7261 	sfmcs	f7, 2, [pc, #-388]!	; 1bc <shift+0x1bc>
 33c:	2d392e34 	ldccs	14, cr2, [r9, #-208]!	; 0xffffff30
 340:	37313032 			; <UNDEFINED> instruction: 0x37313032
 344:	2d31302e 	ldccs	0, cr3, [r1, #-184]!	; 0xffffff48
 348:	67617473 			; <UNDEFINED> instruction: 0x67617473
 34c:	612f3265 	teqvs	pc, r5, ror #4
 350:	6c2d6d72 	stcvs	13, cr6, [sp], #-456	; 0xfffffe38
 354:	78756e69 	ldmdavc	r5!, {r0, r3, r5, r6, r9, sl, fp, sp, lr}^
 358:	756e672d 	strbvc	r6, [lr, #-1837]!	; 0x72d
 35c:	69626165 	stmdbvs	r2!, {r0, r2, r5, r6, r8, sp, lr}^
 360:	6c2f6668 	stcvs	6, cr6, [pc], #-416	; 1c8 <shift+0x1c8>
 364:	63676269 	cmnvs	r7, #-1879048186	; 0x90000006
 368:	4e470063 	cdpmi	0, 4, cr0, cr7, cr3, {3}
 36c:	53412055 	movtpl	r2, #4181	; 0x1055
 370:	322e3220 	eorcc	r3, lr, #32, 4
 374:	00302e34 	eorseq	r2, r0, r4, lsr lr
 378:	01bb8001 			; <UNDEFINED> instruction: 0x01bb8001
 37c:	00020000 	andeq	r0, r2, r0
 380:	00000028 	andeq	r0, r0, r8, lsr #32
 384:	01e50104 	mvneq	r0, r4, lsl #2
 388:	48080000 	stmdami	r8, {}	; <UNPREDICTABLE>
 38c:	48148780 	ldmdami	r4, {r7, r8, r9, sl, pc}
 390:	682f8780 	stmdavs	pc!, {r7, r8, r9, sl, pc}	; <UNPREDICTABLE>
 394:	2f656d6f 	svccs	0x00656d6f
 398:	67776374 			; <UNDEFINED> instruction: 0x67776374
 39c:	6975622d 	ldmdbvs	r5!, {r0, r2, r3, r5, r9, sp, lr}^
 3a0:	6c73646c 	cfldrdvs	mvd6, [r3], #-432	; 0xfffffe50
 3a4:	2f657661 	svccs	0x00657661
 3a8:	6b726f77 	blvs	1c9c18c <shift+0x1c9c18c>
 3ac:	63617073 	cmnvs	r1, #115	; 0x73
 3b0:	63742f65 	cmnvs	r4, #404	; 0x194
 3b4:	6d2d6777 	stcvs	7, cr6, [sp, #-476]!	; 0xfffffe24
 3b8:	2d656b61 	fstmdbxcs	r5!, {d22-d69}	;@ Deprecated
 3bc:	656c6572 	strbvs	r6, [ip, #-1394]!	; 0x572
 3c0:	2f657361 	svccs	0x00657361
 3c4:	6562616c 	strbvs	r6, [r2, #-364]!	; 0x16c
 3c8:	6f642f6c 	svcvs	0x00642f6c
 3cc:	72656b63 	rsbvc	r6, r5, #101376	; 0x18c00
 3d0:	7572742d 	ldrbvc	r7, [r2, #-1069]!	; 0x42d
 3d4:	2d797473 	cfldrdcs	mvd7, [r9, #-460]!	; 0xfffffe34
 3d8:	36646d61 	strbtcc	r6, [r4], -r1, ror #26
 3dc:	63742d34 	cmnvs	r4, #52, 26	; 0xd00
 3e0:	622d6777 	eorvs	r6, sp, #31195136	; 0x1dc0000
 3e4:	646c6975 	strbtvs	r6, [ip], #-2421	; 0x975
 3e8:	7261742f 	rsbvc	r7, r1, #788529152	; 0x2f000000
 3ec:	2f746567 	svccs	0x00746567
 3f0:	2d6d7261 	sfmcs	f7, 2, [sp, #-388]!	; 0xfffffe7c
 3f4:	756e696c 	strbvc	r6, [lr, #-2412]!	; 0x96c
 3f8:	6e672d78 	mcrvs	13, 3, r2, cr7, cr8, {3}
 3fc:	62616575 	rsbvs	r6, r1, #490733568	; 0x1d400000
 400:	2f666869 	svccs	0x00666869
 404:	70616e73 	rsbvc	r6, r1, r3, ror lr
 408:	746f6873 	strbtvc	r6, [pc], #-2163	; 410 <shift+0x410>
 40c:	63672f73 	cmnvs	r7, #460	; 0x1cc
 410:	696c2d63 	stmdbvs	ip!, {r0, r1, r5, r6, r8, sl, fp, sp}^
 414:	6f72616e 	svcvs	0x0072616e
 418:	392e342d 	stmdbcc	lr!, {r0, r2, r3, r5, sl, ip, sp}
 41c:	3130322d 	teqcc	r0, sp, lsr #4
 420:	31302e37 	teqcc	r0, r7, lsr lr
 424:	62696c2f 	rsbvs	r6, r9, #12032	; 0x2f00
 428:	2f636367 	svccs	0x00636367
 42c:	666e6f63 	strbtvs	r6, [lr], -r3, ror #30
 430:	612f6769 	teqvs	pc, r9, ror #14
 434:	6c2f6d72 	stcvs	13, cr6, [pc], #-456	; 274 <shift+0x274>
 438:	66316269 	ldrtvs	r6, [r1], -r9, ror #4
 43c:	73636e75 	cmnvc	r3, #1872	; 0x750
 440:	2f00532e 	svccs	0x0000532e
 444:	656d6f68 	strbvs	r6, [sp, #-3944]!	; 0xf68
 448:	7763742f 	strbvc	r7, [r3, -pc, lsr #8]!
 44c:	75622d67 	strbvc	r2, [r2, #-3431]!	; 0xd67
 450:	73646c69 	cmnvc	r4, #26880	; 0x6900
 454:	6576616c 	ldrbvs	r6, [r6, #-364]!	; 0x16c
 458:	726f772f 	rsbvc	r7, pc, #12320768	; 0xbc0000
 45c:	6170736b 	cmnvs	r0, fp, ror #6
 460:	742f6563 	strtvc	r6, [pc], #-1379	; 468 <shift+0x468>
 464:	2d677763 	stclcs	7, cr7, [r7, #-396]!	; 0xfffffe74
 468:	656b616d 	strbvs	r6, [fp, #-365]!	; 0x16d
 46c:	6c65722d 	sfmvs	f7, 2, [r5], #-180	; 0xffffff4c
 470:	65736165 	ldrbvs	r6, [r3, #-357]!	; 0x165
 474:	62616c2f 	rsbvs	r6, r1, #12032	; 0x2f00
 478:	642f6c65 	strtvs	r6, [pc], #-3173	; 480 <shift+0x480>
 47c:	656b636f 	strbvs	r6, [fp, #-879]!	; 0x36f
 480:	72742d72 	rsbsvc	r2, r4, #7296	; 0x1c80
 484:	79747375 	ldmdbvc	r4!, {r0, r2, r4, r5, r6, r8, r9, ip, sp, lr}^
 488:	646d612d 	strbtvs	r6, [sp], #-301	; 0x12d
 48c:	742d3436 	strtvc	r3, [sp], #-1078	; 0x436
 490:	2d677763 	stclcs	7, cr7, [r7, #-396]!	; 0xfffffe74
 494:	6c697562 	cfstr64vs	mvdx7, [r9], #-392	; 0xfffffe78
 498:	61742f64 	cmnvs	r4, r4, ror #30
 49c:	74656772 	strbtvc	r6, [r5], #-1906	; 0x772
 4a0:	6d72612f 	ldfvse	f6, [r2, #-188]!	; 0xffffff44
 4a4:	6e696c2d 	cdpvs	12, 6, cr6, cr9, cr13, {1}
 4a8:	672d7875 			; <UNDEFINED> instruction: 0x672d7875
 4ac:	6165756e 	cmnvs	r5, lr, ror #10
 4b0:	66686962 	strbtvs	r6, [r8], -r2, ror #18
 4b4:	75625f2f 	strbvc	r5, [r2, #-3887]!	; 0xf2f
 4b8:	2f646c69 	svccs	0x00646c69
 4bc:	6c697562 	cfstr64vs	mvdx7, [r9], #-392	; 0xfffffe78
 4c0:	782f7364 	stmdavc	pc!, {r2, r5, r6, r8, r9, ip, sp, lr}	; <UNPREDICTABLE>
 4c4:	365f3638 			; <UNDEFINED> instruction: 0x365f3638
 4c8:	6e752d34 	mrcvs	13, 3, r2, cr5, cr4, {1}
 4cc:	776f6e6b 	strbvc	r6, [pc, -fp, ror #28]!
 4d0:	696c2d6e 	stmdbvs	ip!, {r1, r2, r3, r5, r6, r8, sl, fp, sp}^
 4d4:	2d78756e 	cfldr64cs	mvdx7, [r8, #-440]!	; 0xfffffe48
 4d8:	2f756e67 	svccs	0x00756e67
 4dc:	2d6d7261 	sfmcs	f7, 2, [sp, #-388]!	; 0xfffffe7c
 4e0:	756e696c 	strbvc	r6, [lr, #-2412]!	; 0x96c
 4e4:	6e672d78 	mcrvs	13, 3, r2, cr7, cr8, {3}
 4e8:	62616575 	rsbvs	r6, r1, #490733568	; 0x1d400000
 4ec:	2f666869 	svccs	0x00666869
 4f0:	2d636367 	stclcs	3, cr6, [r3, #-412]!	; 0xfffffe64
 4f4:	616e696c 	cmnvs	lr, ip, ror #18
 4f8:	342d6f72 	strtcc	r6, [sp], #-3954	; 0xf72
 4fc:	322d392e 	eorcc	r3, sp, #753664	; 0xb8000
 500:	2e373130 	mrccs	1, 1, r3, cr7, cr0, {1}
 504:	732d3130 	teqvc	sp, #48, 2
 508:	65676174 	strbvs	r6, [r7, #-372]!	; 0x174
 50c:	72612f32 	rsbvc	r2, r1, #50, 30	; 0xc8
 510:	696c2d6d 	stmdbvs	ip!, {r0, r2, r3, r5, r6, r8, sl, fp, sp}^
 514:	2d78756e 	cfldr64cs	mvdx7, [r8, #-440]!	; 0xfffffe48
 518:	65756e67 	ldrbvs	r6, [r5, #-3687]!	; 0xe67
 51c:	68696261 	stmdavs	r9!, {r0, r5, r6, r9, sp, lr}^
 520:	696c2f66 	stmdbvs	ip!, {r1, r2, r5, r6, r8, r9, sl, fp, sp}^
 524:	63636762 	cmnvs	r3, #25690112	; 0x1880000
 528:	554e4700 	strbpl	r4, [lr, #-1792]	; 0x700
 52c:	20534120 	subscs	r4, r3, r0, lsr #2
 530:	34322e32 	ldrtcc	r2, [r2], #-3634	; 0xe32
 534:	0100302e 	tsteq	r0, lr, lsr #32
 538:	00015a80 	andeq	r5, r1, r0, lsl #21
 53c:	3c000400 	cfstrscc	mvf0, [r0], {-0}
 540:	04000000 	streq	r0, [r0], #-0
 544:	00012b01 	andeq	r2, r1, r1, lsl #22
 548:	024f0100 	subeq	r0, pc, #0, 2
 54c:	000d0000 	andeq	r0, sp, r0
 550:	48140000 	ldmdami	r4, {}	; <UNPREDICTABLE>
 554:	01168780 	tsteq	r6, r0, lsl #15
 558:	02cc0000 	sbceq	r0, ip, #0
 55c:	08020000 	stmdaeq	r2, {}	; <UNPREDICTABLE>
 560:	0000f307 	andeq	pc, r0, r7, lsl #6
 564:	05040300 	streq	r0, [r4, #-768]	; 0x300
 568:	00746e69 	rsbseq	r6, r4, r9, ror #28
 56c:	fd070402 	stc2	4, cr0, [r7, #-8]
 570:	02000000 	andeq	r0, r0, #0
 574:	010a0801 	tsteq	sl, r1, lsl #16
 578:	02020000 	andeq	r0, r2, #0
 57c:	00011807 	andeq	r1, r1, r7, lsl #16
 580:	07040200 	streq	r0, [r4, -r0, lsl #4]
 584:	000000f8 	strdeq	r0, [r0], -r8
 588:	0c060102 	stfeqs	f0, [r6], {2}
 58c:	02000001 	andeq	r0, r0, #1
 590:	02360502 	eorseq	r0, r6, #8388608	; 0x800000
 594:	08020000 	stmdaeq	r2, {}	; <UNPREDICTABLE>
 598:	00022005 	andeq	r2, r2, r5
 59c:	05040200 	streq	r0, [r4, #-512]	; 0x200
 5a0:	00000225 	andeq	r0, r0, r5, lsr #4
 5a4:	17070402 	strne	r0, [r7, -r2, lsl #8]
 5a8:	02000002 	andeq	r0, r0, #2
 5ac:	01130801 	tsteq	r3, r1, lsl #16
 5b0:	2e040000 	cdpcs	0, 0, cr0, cr4, cr0, {0}
 5b4:	02000002 	andeq	r0, r0, #2
 5b8:	00003382 	andeq	r3, r0, r2, lsl #7
 5bc:	02010400 	andeq	r0, r1, #0, 8
 5c0:	86020000 	strhi	r0, [r2], -r0
 5c4:	00000025 	andeq	r0, r0, r5, lsr #32
 5c8:	11040402 	tstne	r4, r2, lsl #8
 5cc:	02000002 	andeq	r0, r0, #2
 5d0:	02090308 	andeq	r0, r9, #8, 6	; 0x20000000
 5d4:	08020000 	stmdaeq	r2, {}	; <UNPREDICTABLE>
 5d8:	00024804 	andeq	r4, r2, r4, lsl #16
 5dc:	03100200 	tsteq	r0, #0, 4
 5e0:	00000240 	andeq	r0, r0, r0, asr #4
 5e4:	00000005 	andeq	r0, r0, r5
 5e8:	03b00100 	movseq	r0, #0, 2
 5ec:	00000084 	andeq	r0, r0, r4, lsl #1
 5f0:	87804814 	usada8hi	r0, r4, r8, r4
 5f4:	00000116 	andeq	r0, r0, r6, lsl r1
 5f8:	01579c01 	cmpeq	r7, r1, lsl #24
 5fc:	6e060000 	cdpvs	0, 0, cr0, cr6, cr0, {0}
 600:	03b00100 	movseq	r0, #0, 2
 604:	00000084 	andeq	r0, r0, r4, lsl #1
 608:	00000000 	andeq	r0, r0, r0
 60c:	01006406 	tsteq	r0, r6, lsl #8
 610:	008403b0 			; <UNDEFINED> instruction: 0x008403b0
 614:	00280000 	eoreq	r0, r8, r0
 618:	72060000 	andvc	r0, r6, #0
 61c:	b0010070 	andlt	r0, r1, r0, ror r0
 620:	00015703 	andeq	r5, r1, r3, lsl #14
 624:	00005000 	andeq	r5, r0, r0
 628:	00710700 	rsbseq	r0, r1, r0, lsl #14
 62c:	8403b201 	strhi	fp, [r3], #-513	; 0x201
 630:	70000000 	andvc	r0, r0, r0
 634:	07000000 	streq	r0, [r0, -r0]
 638:	b2010072 	andlt	r0, r1, #114	; 0x72
 63c:	00008403 	andeq	r8, r0, r3, lsl #8
 640:	0000d000 	andeq	sp, r0, r0
 644:	00790700 	rsbseq	r0, r9, r0, lsl #14
 648:	8403b201 	strhi	fp, [r3], #-513	; 0x201
 64c:	28000000 	stmdacs	r0, {}	; <UNPREDICTABLE>
 650:	07000001 	streq	r0, [r0, -r1]
 654:	00317a6c 	eorseq	r7, r1, ip, ror #20
 658:	7903b301 	stmdbvc	r3, {r0, r8, r9, ip, sp, pc}
 65c:	50000000 	andpl	r0, r0, r0
 660:	07000001 	streq	r0, [r0, -r1]
 664:	00327a6c 	eorseq	r7, r2, ip, ror #20
 668:	7903b301 	stmdbvc	r3, {r0, r8, r9, ip, sp, pc}
 66c:	63000000 	movwvs	r0, #0
 670:	07000001 	streq	r0, [r0, -r1]
 674:	b3010069 	movwlt	r0, #4201	; 0x1069
 678:	00007903 	andeq	r7, r0, r3, lsl #18
 67c:	00017600 	andeq	r7, r1, r0, lsl #12
 680:	006b0700 	rsbeq	r0, fp, r0, lsl #14
 684:	7903b301 	stmdbvc	r3, {r0, r8, r9, ip, sp, pc}
 688:	b9000000 	stmdblt	r0, {}	; <UNPREDICTABLE>
 68c:	00000001 	andeq	r0, r0, r1
 690:	00840408 	addeq	r0, r4, r8, lsl #8
 694:	地址 0x0000000000000694 越界。


Disassembly of section .debug_abbrev:

00000000 <.debug_abbrev>:
   0:	10001101 	andne	r1, r0, r1, lsl #2
   4:	12011106 	andne	r1, r1, #-2147483647	; 0x80000001
   8:	1b080301 	blne	200c14 <shift+0x200c14>
   c:	13082508 	movwne	r2, #34056	; 0x8508
  10:	00000005 	andeq	r0, r0, r5
  14:	10001101 	andne	r1, r0, r1, lsl #2
  18:	12011106 	andne	r1, r1, #-2147483647	; 0x80000001
  1c:	1b080301 	blne	200c28 <shift+0x200c28>
  20:	13082508 	movwne	r2, #34056	; 0x8508
  24:	00000005 	andeq	r0, r0, r5
  28:	10001101 	andne	r1, r0, r1, lsl #2
  2c:	12011106 	andne	r1, r1, #-2147483647	; 0x80000001
  30:	1b080301 	blne	200c3c <shift+0x200c3c>
  34:	13082508 	movwne	r2, #34056	; 0x8508
  38:	00000005 	andeq	r0, r0, r5
  3c:	25011101 	strcs	r1, [r1, #-257]	; 0x101
  40:	030b130e 	movweq	r1, #45838	; 0xb30e
  44:	110e1b0e 	tstne	lr, lr, lsl #22
  48:	10061201 	andne	r1, r6, r1, lsl #4
  4c:	02000017 	andeq	r0, r0, #23
  50:	0b0b0024 	bleq	2c00e8 <shift+0x2c00e8>
  54:	0e030b3e 	vmoveq.16	d3[0], r0
  58:	24030000 	strcs	r0, [r3], #-0
  5c:	3e0b0b00 	vmlacc.f64	d0, d11, d0
  60:	0008030b 	andeq	r0, r8, fp, lsl #6
  64:	00160400 	andseq	r0, r6, r0, lsl #8
  68:	0b3a0e03 	bleq	e8387c <shift+0xe8387c>
  6c:	13490b3b 	movtne	r0, #39739	; 0x9b3b
  70:	2e050000 	cdpcs	0, 0, cr0, cr5, cr0, {0}
  74:	03193f01 	tsteq	r9, #1, 30
  78:	3b0b3a0e 	blcc	2ce8b8 <shift+0x2ce8b8>
  7c:	49192705 	ldmdbmi	r9, {r0, r2, r8, r9, sl, sp}
  80:	12011113 	andne	r1, r1, #-1073741820	; 0xc0000004
  84:	97184006 	ldrls	r4, [r8, -r6]
  88:	13011942 	movwne	r1, #6466	; 0x1942
  8c:	05060000 	streq	r0, [r6, #-0]
  90:	3a080300 	bcc	200c98 <shift+0x200c98>
  94:	49053b0b 	stmdbmi	r5, {r0, r1, r3, r8, r9, fp, ip, sp}
  98:	00170213 	andseq	r0, r7, r3, lsl r2
  9c:	00340700 	eorseq	r0, r4, r0, lsl #14
  a0:	0b3a0803 	bleq	e820b4 <shift+0xe820b4>
  a4:	1349053b 	movtne	r0, #38203	; 0x953b
  a8:	00001702 	andeq	r1, r0, r2, lsl #14
  ac:	0b000f08 	bleq	3cd4 <shift+0x3cd4>
  b0:	0013490b 	andseq	r4, r3, fp, lsl #18
	...

Disassembly of section .debug_aranges:

00000000 <.debug_aranges>:
   0:	0000001c 	andeq	r0, r0, ip, lsl r0
   4:	00000002 	andeq	r0, r0, r2
   8:	00040000 	andeq	r0, r4, r0
   c:	00000000 	andeq	r0, r0, r0
  10:	87804560 	strhi	r4, [r0, r0, ror #10]
  14:	00000276 	andeq	r0, r0, r6, ror r2
	...
  20:	0000001c 	andeq	r0, r0, ip, lsl r0
  24:	01bf0002 			; <UNDEFINED> instruction: 0x01bf0002
  28:	00040000 	andeq	r0, r4, r0
  2c:	00000000 	andeq	r0, r0, r0
  30:	878047d8 			; <UNDEFINED> instruction: 0x878047d8
  34:	00000030 	andeq	r0, r0, r0, lsr r0
	...
  40:	0000001c 	andeq	r0, r0, ip, lsl r0
  44:	037a0002 	cmneq	sl, #2
  48:	00040000 	andeq	r0, r4, r0
  4c:	00000000 	andeq	r0, r0, r0
  50:	87804808 	strhi	r4, [r0, r8, lsl #16]
  54:	0000000c 	andeq	r0, r0, ip
	...
  60:	0000001c 	andeq	r0, r0, ip, lsl r0
  64:	05390002 	ldreq	r0, [r9, #-2]!
  68:	00040000 	andeq	r0, r4, r0
  6c:	00000000 	andeq	r0, r0, r0
  70:	87804814 	usada8hi	r0, r4, r8, r4
  74:	00000116 	andeq	r0, r0, r6, lsl r1
	...

Disassembly of section .debug_loc:

00000000 <.debug_loc>:
   0:	00000000 	andeq	r0, r0, r0
   4:	0000000c 	andeq	r0, r0, ip
   8:	93500006 	cmpls	r0, #6
   c:	04935104 	ldreq	r5, [r3], #260	; 0x104
  10:	0000000c 	andeq	r0, r0, ip
  14:	00000116 	andeq	r0, r0, r6, lsl r1
  18:	03f30006 	mvnseq	r0, #6
  1c:	9f2500f5 	svcls	0x002500f5
	...
  2c:	00000014 	andeq	r0, r0, r4, lsl r0
  30:	93520006 	cmpls	r2, #6
  34:	04935304 	ldreq	r5, [r3], #772	; 0x304
  38:	00000014 	andeq	r0, r0, r4, lsl r0
  3c:	00000116 	andeq	r0, r0, r6, lsl r1
  40:	03f30006 	mvnseq	r0, #6
  44:	9f2502f5 	svcls	0x002502f5
	...
  54:	000000fc 	strdeq	r0, [r0], -ip
  58:	00910002 	addseq	r0, r1, r2
  5c:	000000fc 	strdeq	r0, [r0], -ip
  60:	00000116 	andeq	r0, r0, r6, lsl r1
  64:	00910002 	addseq	r0, r1, r2
	...
  74:	00000076 	andeq	r0, r0, r6, ror r0
  78:	089e000a 	ldmeq	lr, {r1, r3}
	...
  84:	00000076 	andeq	r0, r0, r6, ror r0
  88:	000000c0 	andeq	r0, r0, r0, asr #1
  8c:	93500006 	cmpls	r0, #6
  90:	04935104 	ldreq	r5, [r3], #260	; 0x104
  94:	000000ca 	andeq	r0, r0, sl, asr #1
  98:	000000ea 	andeq	r0, r0, sl, ror #1
  9c:	93500006 	cmpls	r0, #6
  a0:	04935104 	ldreq	r5, [r3], #260	; 0x104
  a4:	000000f2 	strdeq	r0, [r0], -r2
  a8:	000000fc 	strdeq	r0, [r0], -ip
  ac:	93500006 	cmpls	r0, #6
  b0:	04935104 	ldreq	r5, [r3], #260	; 0x104
  b4:	000000fc 	strdeq	r0, [r0], -ip
  b8:	00000116 	andeq	r0, r0, r6, lsl r1
  bc:	089e000a 	ldmeq	lr, {r1, r3}
	...
  d0:	0000000a 	andeq	r0, r0, sl
  d4:	00000062 	andeq	r0, r0, r2, rrx
  d8:	93540006 	cmpls	r4, #6
  dc:	04935504 	ldreq	r5, [r3], #1284	; 0x504
  e0:	00000076 	andeq	r0, r0, r6, ror r0
  e4:	00000084 	andeq	r0, r0, r4, lsl #1
  e8:	93540006 	cmpls	r4, #6
  ec:	04935504 	ldreq	r5, [r3], #1284	; 0x504
  f0:	00000092 	muleq	r0, r2, r0
  f4:	000000a0 	andeq	r0, r0, r0, lsr #1
  f8:	93540006 	cmpls	r4, #6
  fc:	04935504 	ldreq	r5, [r3], #1284	; 0x504
 100:	000000a2 	andeq	r0, r0, r2, lsr #1
 104:	000000c8 	andeq	r0, r0, r8, asr #1
 108:	93540006 	cmpls	r4, #6
 10c:	04935504 	ldreq	r5, [r3], #1284	; 0x504
 110:	000000cc 	andeq	r0, r0, ip, asr #1
 114:	00000116 	andeq	r0, r0, r6, lsl r1
 118:	93540006 	cmpls	r4, #6
 11c:	04935504 	ldreq	r5, [r3], #1284	; 0x504
	...
 128:	0000000e 	andeq	r0, r0, lr
 12c:	00000018 	andeq	r0, r0, r8, lsl r0
 130:	93500006 	cmpls	r0, #6
 134:	04935104 	ldreq	r5, [r3], #260	; 0x104
 138:	0000004e 	andeq	r0, r0, lr, asr #32
 13c:	000000ae 	andeq	r0, r0, lr, lsr #1
 140:	93560006 	cmpls	r6, #6
 144:	04935704 	ldreq	r5, [r3], #1796	; 0x704
	...
 150:	0000010c 	andeq	r0, r0, ip, lsl #2
 154:	00000116 	andeq	r0, r0, r6, lsl r1
 158:	00560001 	subseq	r0, r6, r1
 15c:	00000000 	andeq	r0, r0, r0
 160:	2c000000 	stccs	0, cr0, [r0], {-0}
 164:	2e000000 	cdpcs	0, 0, cr0, cr0, cr0, {0}
 168:	01000000 	mrseq	r0, (UNDEF: 0)
 16c:	00005300 	andeq	r5, r0, r0, lsl #6
 170:	00000000 	andeq	r0, r0, r0
 174:	00800000 	addeq	r0, r0, r0
 178:	00920000 	addseq	r0, r2, r0
 17c:	00010000 	andeq	r0, r1, r0
 180:	00009253 	andeq	r9, r0, r3, asr r2
 184:	00009400 	andeq	r9, r0, r0, lsl #8
 188:	73000300 	movwvc	r0, #768	; 0x300
 18c:	00949f7f 	addseq	r9, r4, pc, ror pc
 190:	00a20000 	adceq	r0, r2, r0
 194:	00010000 	andeq	r0, r1, r0
 198:	0000a253 	andeq	sl, r0, r3, asr r2
 19c:	0000a400 	andeq	sl, r0, r0, lsl #8
 1a0:	73000300 	movwvc	r0, #768	; 0x300
 1a4:	00a49f7f 	adceq	r9, r4, pc, ror pc
 1a8:	00b60000 	adcseq	r0, r6, r0
 1ac:	00010000 	andeq	r0, r1, r0
 1b0:	00000053 	andeq	r0, r0, r3, asr r0
 1b4:	00000000 	andeq	r0, r0, r0
 1b8:	00002e00 	andeq	r2, r0, r0, lsl #28
 1bc:	00008200 	andeq	r8, r0, r0, lsl #4
 1c0:	53000100 	movwpl	r0, #256	; 0x100
 1c4:	00000082 	andeq	r0, r0, r2, lsl #1
 1c8:	000000f2 	strdeq	r0, [r0], -r2
 1cc:	005e0001 	subseq	r0, lr, r1
 1d0:	00000000 	andeq	r0, r0, r0
 1d4:	地址 0x00000000000001d4 越界。


Disassembly of section .debug_str:

00000000 <.debug_str>:
   0:	64755f5f 	ldrbtvs	r5, [r5], #-3935	; 0xf5f
   4:	6f6d7669 	svcvs	0x006d7669
   8:	34696464 	strbtcc	r6, [r9], #-1124	; 0x464
   c:	6f682f00 	svcvs	0x00682f00
  10:	742f656d 	strtvc	r6, [pc], #-1389	; 18 <shift+0x18>
  14:	2d677763 	stclcs	7, cr7, [r7, #-396]!	; 0xfffffe74
  18:	6c697562 	cfstr64vs	mvdx7, [r9], #-392	; 0xfffffe78
  1c:	616c7364 	cmnvs	ip, r4, ror #6
  20:	772f6576 			; <UNDEFINED> instruction: 0x772f6576
  24:	736b726f 	cmnvc	fp, #-268435450	; 0xf0000006
  28:	65636170 	strbvs	r6, [r3, #-368]!	; 0x170
  2c:	7763742f 	strbvc	r7, [r3, -pc, lsr #8]!
  30:	616d2d67 	cmnvs	sp, r7, ror #26
  34:	722d656b 	eorvc	r6, sp, #448790528	; 0x1ac00000
  38:	61656c65 	cmnvs	r5, r5, ror #24
  3c:	6c2f6573 	cfstr32vs	mvfx6, [pc], #-460	; fffffe78 <__bss_end+0x787f5d48>
  40:	6c656261 	sfmvs	f6, 2, [r5], #-388	; 0xfffffe7c
  44:	636f642f 	cmnvs	pc, #788529152	; 0x2f000000
  48:	2d72656b 	cfldr64cs	mvdx6, [r2, #-428]!	; 0xfffffe54
  4c:	73757274 	cmnvc	r5, #116, 4	; 0x40000007
  50:	612d7974 	teqvs	sp, r4, ror r9
  54:	3436646d 	ldrtcc	r6, [r6], #-1133	; 0x46d
  58:	7763742d 	strbvc	r7, [r3, -sp, lsr #8]!
  5c:	75622d67 	strbvc	r2, [r2, #-3431]!	; 0xd67
  60:	2f646c69 	svccs	0x00646c69
  64:	67726174 			; <UNDEFINED> instruction: 0x67726174
  68:	612f7465 	teqvs	pc, r5, ror #8
  6c:	6c2d6d72 	stcvs	13, cr6, [sp], #-456	; 0xfffffe38
  70:	78756e69 	ldmdavc	r5!, {r0, r3, r5, r6, r9, sl, fp, sp, lr}^
  74:	756e672d 	strbvc	r6, [lr, #-1837]!	; 0x72d
  78:	69626165 	stmdbvs	r2!, {r0, r2, r5, r6, r8, sp, lr}^
  7c:	5f2f6668 	svcpl	0x002f6668
  80:	6c697562 	cfstr64vs	mvdx7, [r9], #-392	; 0xfffffe78
  84:	75622f64 	strbvc	r2, [r2, #-3940]!	; 0xf64
  88:	73646c69 	cmnvc	r4, #26880	; 0x6900
  8c:	3638782f 	ldrtcc	r7, [r8], -pc, lsr #16
  90:	2d34365f 	ldccs	6, cr3, [r4, #-380]!	; 0xfffffe84
  94:	6e6b6e75 	mcrvs	14, 3, r6, cr11, cr5, {3}
  98:	2d6e776f 	stclcs	7, cr7, [lr, #-444]!	; 0xfffffe44
  9c:	756e696c 	strbvc	r6, [lr, #-2412]!	; 0x96c
  a0:	6e672d78 	mcrvs	13, 3, r2, cr7, cr8, {3}
  a4:	72612f75 	rsbvc	r2, r1, #468	; 0x1d4
  a8:	696c2d6d 	stmdbvs	ip!, {r0, r2, r3, r5, r6, r8, sl, fp, sp}^
  ac:	2d78756e 	cfldr64cs	mvdx7, [r8, #-440]!	; 0xfffffe48
  b0:	65756e67 	ldrbvs	r6, [r5, #-3687]!	; 0xe67
  b4:	68696261 	stmdavs	r9!, {r0, r5, r6, r9, sp, lr}^
  b8:	63672f66 	cmnvs	r7, #408	; 0x198
  bc:	696c2d63 	stmdbvs	ip!, {r0, r1, r5, r6, r8, sl, fp, sp}^
  c0:	6f72616e 	svcvs	0x0072616e
  c4:	392e342d 	stmdbcc	lr!, {r0, r2, r3, r5, sl, ip, sp}
  c8:	3130322d 	teqcc	r0, sp, lsr #4
  cc:	31302e37 	teqcc	r0, r7, lsr lr
  d0:	6174732d 	cmnvs	r4, sp, lsr #6
  d4:	2f326567 	svccs	0x00326567
  d8:	2d6d7261 	sfmcs	f7, 2, [sp, #-388]!	; 0xfffffe7c
  dc:	756e696c 	strbvc	r6, [lr, #-2412]!	; 0x96c
  e0:	6e672d78 	mcrvs	13, 3, r2, cr7, cr8, {3}
  e4:	62616575 	rsbvs	r6, r1, #490733568	; 0x1d400000
  e8:	2f666869 	svccs	0x00666869
  ec:	6762696c 	strbvs	r6, [r2, -ip, ror #18]!
  f0:	6c006363 	stcvs	3, cr6, [r0], {99}	; 0x63
  f4:	20676e6f 	rsbcs	r6, r7, pc, ror #28
  f8:	676e6f6c 	strbvs	r6, [lr, -ip, ror #30]!
  fc:	736e7520 	cmnvc	lr, #32, 10	; 0x8000000
 100:	656e6769 	strbvs	r6, [lr, #-1897]!	; 0x769
 104:	6e692064 	cdpvs	0, 6, cr2, cr9, cr4, {3}
 108:	6e750074 	mrcvs	0, 3, r0, cr5, cr4, {3}
 10c:	6e676973 	mcrvs	9, 3, r6, cr7, cr3, {3}
 110:	63206465 	teqvs	r0, #1694498816	; 0x65000000
 114:	00726168 	rsbseq	r6, r2, r8, ror #2
 118:	726f6873 	rsbvc	r6, pc, #7536640	; 0x730000
 11c:	6e752074 	mrcvs	0, 3, r2, cr5, cr4, {3}
 120:	6e676973 	mcrvs	9, 3, r6, cr7, cr3, {3}
 124:	69206465 	stmdbvs	r0!, {r0, r2, r5, r6, sl, sp, lr}
 128:	4700746e 	strmi	r7, [r0, -lr, ror #8]
 12c:	4320554e 	teqmi	r0, #327155712	; 0x13800000
 130:	392e3420 	stmdbcc	lr!, {r5, sl, ip, sp}
 134:	2d20342e 	cfstrscs	mvf3, [r0, #-184]!	; 0xffffff48
 138:	6372616d 	cmnvs	r2, #1073741851	; 0x4000001b
 13c:	72613d68 	rsbvc	r3, r1, #104, 26	; 0x1a00
 140:	2d37766d 	ldccs	6, cr7, [r7, #-436]!	; 0xfffffe4c
 144:	6d2d2061 	stcvs	0, cr2, [sp, #-388]!	; 0xfffffe7c
 148:	656e7574 	strbvs	r7, [lr, #-1396]!	; 0x574
 14c:	726f633d 	rsbvc	r6, pc, #-201326592	; 0xf4000000
 150:	2d786574 	cfldr64cs	mvdx6, [r8, #-464]!	; 0xfffffe30
 154:	2d203961 	stccs	9, cr3, [r0, #-388]!	; 0xfffffe7c
 158:	6f6c666d 	svcvs	0x006c666d
 15c:	612d7461 	teqvs	sp, r1, ror #8
 160:	683d6962 	ldmdavs	sp!, {r1, r5, r6, r8, fp, sp, lr}
 164:	20647261 	rsbcs	r7, r4, r1, ror #4
 168:	70666d2d 	rsbvc	r6, r6, sp, lsr #26
 16c:	66763d75 			; <UNDEFINED> instruction: 0x66763d75
 170:	2d337670 	ldccs	6, cr7, [r3, #-448]!	; 0xfffffe40
 174:	20363164 	eorscs	r3, r6, r4, ror #2
 178:	68746d2d 	ldmdavs	r4!, {r0, r2, r3, r5, r8, sl, fp, sp, lr}^
 17c:	20626d75 	rsbcs	r6, r2, r5, ror sp
 180:	6c746d2d 	ldclvs	13, cr6, [r4], #-180	; 0xffffff4c
 184:	69642d73 	stmdbvs	r4!, {r0, r1, r4, r5, r6, r8, sl, fp, sp}^
 188:	63656c61 	cmnvs	r5, #24832	; 0x6100
 18c:	6e673d74 	mcrvs	13, 3, r3, cr7, cr4, {3}
 190:	672d2075 			; <UNDEFINED> instruction: 0x672d2075
 194:	20672d20 	rsbcs	r2, r7, r0, lsr #26
 198:	2d20672d 	stccs	7, cr6, [r0, #-180]!	; 0xffffff4c
 19c:	2d20324f 	sfmcs	f3, 4, [r0, #-316]!	; 0xfffffec4
 1a0:	2d20324f 	sfmcs	f3, 4, [r0, #-316]!	; 0xfffffec4
 1a4:	2d20324f 	sfmcs	f3, 4, [r0, #-316]!	; 0xfffffec4
 1a8:	69756266 	ldmdbvs	r5!, {r1, r2, r5, r6, r9, sp, lr}^
 1ac:	6e69646c 	cdpvs	4, 6, cr6, cr9, cr12, {3}
 1b0:	696c2d67 	stmdbvs	ip!, {r0, r1, r2, r5, r6, r8, sl, fp, sp}^
 1b4:	63636762 	cmnvs	r3, #25690112	; 0x1880000
 1b8:	6e662d20 	cdpvs	13, 6, cr2, cr6, cr0, {1}
 1bc:	74732d6f 	ldrbtvc	r2, [r3], #-3439	; 0xd6f
 1c0:	2d6b6361 	stclcs	3, cr6, [fp, #-388]!	; 0xfffffe7c
 1c4:	746f7270 	strbtvc	r7, [pc], #-624	; 1cc <shift+0x1cc>
 1c8:	6f746365 	svcvs	0x00746365
 1cc:	662d2072 			; <UNDEFINED> instruction: 0x662d2072
 1d0:	20434950 	subcs	r4, r3, r0, asr r9
 1d4:	6f6e662d 	svcvs	0x006e662d
 1d8:	6c6e692d 	stclvs	9, cr6, [lr], #-180	; 0xffffff4c
 1dc:	20656e69 	rsbcs	r6, r5, r9, ror #28
 1e0:	7865662d 	stmdavc	r5!, {r0, r2, r3, r5, r9, sl, sp, lr}^
 1e4:	74706563 	ldrbtvc	r6, [r0], #-1379	; 0x563
 1e8:	736e6f69 	cmnvc	lr, #420	; 0x1a4
 1ec:	76662d20 	strbtvc	r2, [r6], -r0, lsr #26
 1f0:	62697369 	rsbvs	r7, r9, #-1543503871	; 0xa4000001
 1f4:	74696c69 	strbtvc	r6, [r9], #-3177	; 0xc69
 1f8:	69683d79 	stmdbvs	r8!, {r0, r3, r4, r5, r6, r8, sl, fp, ip, sp}^
 1fc:	6e656464 	cdpvs	4, 6, cr6, cr5, cr4, {3}
 200:	49445500 	stmdbmi	r4, {r8, sl, ip, lr}^
 204:	65707974 	ldrbvs	r7, [r0, #-2420]!	; 0x974
 208:	6d6f6300 	stclvs	3, cr6, [pc, #-0]	; 210 <shift+0x210>
 20c:	78656c70 	stmdavc	r5!, {r4, r5, r6, sl, fp, sp, lr}^
 210:	6f6c6620 	svcvs	0x006c6620
 214:	73007461 	movwvc	r7, #1121	; 0x461
 218:	74657a69 	strbtvc	r7, [r5], #-2665	; 0xa69
 21c:	00657079 	rsbeq	r7, r5, r9, ror r0
 220:	676e6f6c 	strbvs	r6, [lr, -ip, ror #30]!
 224:	6e6f6c20 	cdpvs	12, 6, cr6, cr15, cr0, {1}
 228:	6e692067 	cdpvs	0, 6, cr2, cr9, cr7, {3}
 22c:	53550074 	cmppl	r5, #116	; 0x74
 230:	70797449 	rsbsvc	r7, r9, r9, asr #8
 234:	68730065 	ldmdavs	r3!, {r0, r2, r5, r6}^
 238:	2074726f 	rsbscs	r7, r4, pc, ror #4
 23c:	00746e69 	rsbseq	r6, r4, r9, ror #28
 240:	706d6f63 	rsbvc	r6, sp, r3, ror #30
 244:	2078656c 	rsbscs	r6, r8, ip, ror #10
 248:	62756f64 	rsbsvs	r6, r5, #100, 30	; 0x190
 24c:	2f00656c 	svccs	0x0000656c
 250:	656d6f68 	strbvs	r6, [sp, #-3944]!	; 0xf68
 254:	7763742f 	strbvc	r7, [r3, -pc, lsr #8]!
 258:	75622d67 	strbvc	r2, [r2, #-3431]!	; 0xd67
 25c:	73646c69 	cmnvc	r4, #26880	; 0x6900
 260:	6576616c 	ldrbvs	r6, [r6, #-364]!	; 0x16c
 264:	726f772f 	rsbvc	r7, pc, #12320768	; 0xbc0000
 268:	6170736b 	cmnvs	r0, fp, ror #6
 26c:	742f6563 	strtvc	r6, [pc], #-1379	; 274 <shift+0x274>
 270:	2d677763 	stclcs	7, cr7, [r7, #-396]!	; 0xfffffe74
 274:	656b616d 	strbvs	r6, [fp, #-365]!	; 0x16d
 278:	6c65722d 	sfmvs	f7, 2, [r5], #-180	; 0xffffff4c
 27c:	65736165 	ldrbvs	r6, [r3, #-357]!	; 0x165
 280:	62616c2f 	rsbvs	r6, r1, #12032	; 0x2f00
 284:	642f6c65 	strtvs	r6, [pc], #-3173	; 28c <shift+0x28c>
 288:	656b636f 	strbvs	r6, [fp, #-879]!	; 0x36f
 28c:	72742d72 	rsbsvc	r2, r4, #7296	; 0x1c80
 290:	79747375 	ldmdbvc	r4!, {r0, r2, r4, r5, r6, r8, r9, ip, sp, lr}^
 294:	646d612d 	strbtvs	r6, [sp], #-301	; 0x12d
 298:	742d3436 	strtvc	r3, [sp], #-1078	; 0x436
 29c:	2d677763 	stclcs	7, cr7, [r7, #-396]!	; 0xfffffe74
 2a0:	6c697562 	cfstr64vs	mvdx7, [r9], #-392	; 0xfffffe78
 2a4:	61742f64 	cmnvs	r4, r4, ror #30
 2a8:	74656772 	strbtvc	r6, [r5], #-1906	; 0x772
 2ac:	6d72612f 	ldfvse	f6, [r2, #-188]!	; 0xffffff44
 2b0:	6e696c2d 	cdpvs	12, 6, cr6, cr9, cr13, {1}
 2b4:	672d7875 			; <UNDEFINED> instruction: 0x672d7875
 2b8:	6165756e 	cmnvs	r5, lr, ror #10
 2bc:	66686962 	strbtvs	r6, [r8], -r2, ror #18
 2c0:	616e732f 	cmnvs	lr, pc, lsr #6
 2c4:	6f687370 	svcvs	0x00687370
 2c8:	672f7374 			; <UNDEFINED> instruction: 0x672f7374
 2cc:	6c2d6363 	stcvs	3, cr6, [sp], #-396	; 0xfffffe74
 2d0:	72616e69 	rsbvc	r6, r1, #1680	; 0x690
 2d4:	2e342d6f 	cdpcs	13, 3, cr2, cr4, cr15, {3}
 2d8:	30322d39 	eorscc	r2, r2, r9, lsr sp
 2dc:	302e3731 	eorcc	r3, lr, r1, lsr r7
 2e0:	696c2f31 	stmdbvs	ip!, {r0, r4, r5, r8, r9, sl, fp, sp}^
 2e4:	63636762 	cmnvs	r3, #25690112	; 0x1880000
 2e8:	62696c2f 	rsbvs	r6, r9, #12032	; 0x2f00
 2ec:	32636367 	rsbcc	r6, r3, #-1677721599	; 0x9c000001
 2f0:	地址 0x00000000000002f0 越界。

