
icm20608.elf：     文件格式 elf32-littlearm


Disassembly of section .text:

87800000 <_start>:
87800000:	e59ff120 	ldr	pc, [pc, #288]	; 87800128 <FIQ_Handler+0x8>
87800004:	e59ff120 	ldr	pc, [pc, #288]	; 8780012c <FIQ_Handler+0xc>
87800008:	e59ff120 	ldr	pc, [pc, #288]	; 87800130 <FIQ_Handler+0x10>
8780000c:	e59ff120 	ldr	pc, [pc, #288]	; 87800134 <FIQ_Handler+0x14>
87800010:	e59ff120 	ldr	pc, [pc, #288]	; 87800138 <FIQ_Handler+0x18>
87800014:	e59ff120 	ldr	pc, [pc, #288]	; 8780013c <FIQ_Handler+0x1c>
87800018:	e59ff120 	ldr	pc, [pc, #288]	; 87800140 <FIQ_Handler+0x20>
8780001c:	e59ff120 	ldr	pc, [pc, #288]	; 87800144 <FIQ_Handler+0x24>

87800020 <Reset_Handler>:
87800020:	f10c0080 	cpsid	i
87800024:	ee110f10 	mrc	15, 0, r0, cr1, cr0, {0}
87800028:	e3c00a01 	bic	r0, r0, #4096	; 0x1000
8780002c:	e3c00b02 	bic	r0, r0, #2048	; 0x800
87800030:	e3c00004 	bic	r0, r0, #4
87800034:	e3c00002 	bic	r0, r0, #2
87800038:	e3c00001 	bic	r0, r0, #1
8780003c:	ee010f10 	mcr	15, 0, r0, cr1, cr0, {0}

87800040 <_bss_start>:
87800040:	87800040 	strhi	r0, [r0, r0, asr #32]

87800044 <_bss_end>:
87800044:	87800044 	strhi	r0, [r0, r4, asr #32]
87800048:	e51f0010 	ldr	r0, [pc, #-16]	; 87800040 <_bss_start>
8780004c:	e51f1010 	ldr	r1, [pc, #-16]	; 87800044 <_bss_end>
87800050:	e3a02000 	mov	r2, #0

87800054 <bss_loop>:
87800054:	e8a00004 	stmia	r0!, {r2}
87800058:	e1500001 	cmp	r0, r1
8780005c:	dafffffc 	ble	87800054 <bss_loop>
87800060:	e10f0000 	mrs	r0, CPSR
87800064:	e3c0001f 	bic	r0, r0, #31
87800068:	e3800012 	orr	r0, r0, #18
8780006c:	e129f000 	msr	CPSR_fc, r0
87800070:	e59fd0d0 	ldr	sp, [pc, #208]	; 87800148 <FIQ_Handler+0x28>
87800074:	e10f0000 	mrs	r0, CPSR
87800078:	e3c0001f 	bic	r0, r0, #31
8780007c:	e380001f 	orr	r0, r0, #31
87800080:	e129f000 	msr	CPSR_fc, r0
87800084:	e59fd0c0 	ldr	sp, [pc, #192]	; 8780014c <FIQ_Handler+0x2c>
87800088:	e10f0000 	mrs	r0, CPSR
8780008c:	e3c0001f 	bic	r0, r0, #31
87800090:	e3800013 	orr	r0, r0, #19
87800094:	e129f000 	msr	CPSR_fc, r0
87800098:	e59fd0b0 	ldr	sp, [pc, #176]	; 87800150 <FIQ_Handler+0x30>
8780009c:	f1080080 	cpsie	i
878000a0:	ea001176 	b	87804680 <__main_from_arm>

878000a4 <Undefined_Handler>:
878000a4:	e59f0080 	ldr	r0, [pc, #128]	; 8780012c <FIQ_Handler+0xc>
878000a8:	e12fff10 	bx	r0

878000ac <SVC_Handler>:
878000ac:	e59f007c 	ldr	r0, [pc, #124]	; 87800130 <FIQ_Handler+0x10>
878000b0:	e12fff10 	bx	r0

878000b4 <PreAbort_Handler>:
878000b4:	e59f0078 	ldr	r0, [pc, #120]	; 87800134 <FIQ_Handler+0x14>
878000b8:	e12fff10 	bx	r0

878000bc <DataAbort_Handler>:
878000bc:	e59f0074 	ldr	r0, [pc, #116]	; 87800138 <FIQ_Handler+0x18>
878000c0:	e12fff10 	bx	r0

878000c4 <NotUsed_Handler>:
878000c4:	e59f0070 	ldr	r0, [pc, #112]	; 8780013c <FIQ_Handler+0x1c>
878000c8:	e12fff10 	bx	r0

878000cc <IRQ_Handler>:
878000cc:	e52de004 	push	{lr}		; (str lr, [sp, #-4]!)
878000d0:	e92d100f 	push	{r0, r1, r2, r3, ip}
878000d4:	e14f0000 	mrs	r0, SPSR
878000d8:	e52d0004 	push	{r0}		; (str r0, [sp, #-4]!)
878000dc:	ee9f1f10 	mrc	15, 4, r1, cr15, cr0, {0}
878000e0:	e2811a02 	add	r1, r1, #8192	; 0x2000
878000e4:	e591000c 	ldr	r0, [r1, #12]
878000e8:	e92d0003 	push	{r0, r1}
878000ec:	f1020013 	cps	#19
878000f0:	e52de004 	push	{lr}		; (str lr, [sp, #-4]!)
878000f4:	e59f2058 	ldr	r2, [pc, #88]	; 87800154 <FIQ_Handler+0x34>
878000f8:	e12fff32 	blx	r2
878000fc:	e49de004 	pop	{lr}		; (ldr lr, [sp], #4)
87800100:	f1020012 	cps	#18
87800104:	e8bd0003 	pop	{r0, r1}
87800108:	e5810010 	str	r0, [r1, #16]
8780010c:	e49d0004 	pop	{r0}		; (ldr r0, [sp], #4)
87800110:	e16ff000 	msr	SPSR_fsxc, r0
87800114:	e8bd100f 	pop	{r0, r1, r2, r3, ip}
87800118:	e49de004 	pop	{lr}		; (ldr lr, [sp], #4)
8780011c:	e25ef004 	subs	pc, lr, #4

87800120 <FIQ_Handler>:
87800120:	e59f001c 	ldr	r0, [pc, #28]	; 87800144 <FIQ_Handler+0x24>
87800124:	e12fff10 	bx	r0
87800128:	87800020 	strhi	r0, [r0, r0, lsr #32]
8780012c:	878000a4 	strhi	r0, [r0, r4, lsr #1]
87800130:	878000ac 	strhi	r0, [r0, ip, lsr #1]
87800134:	878000b4 			; <UNDEFINED> instruction: 0x878000b4
87800138:	878000bc 			; <UNDEFINED> instruction: 0x878000bc
8780013c:	878000c4 	strhi	r0, [r0, r4, asr #1]
87800140:	878000cc 	strhi	r0, [r0, ip, asr #1]
87800144:	87800120 	strhi	r0, [r0, r0, lsr #2]
87800148:	80600000 	rsbhi	r0, r0, r0
8780014c:	80400000 	subhi	r0, r0, r0
87800150:	80200000 	eorhi	r0, r0, r0
87800154:	878009a9 	strhi	r0, [r0, r9, lsr #19]
87800158:	00001e41 	andeq	r1, r0, r1, asr #28
8780015c:	61656100 	cmnvs	r5, r0, lsl #2
87800160:	01006962 	tsteq	r0, r2, ror #18
87800164:	00000014 	andeq	r0, r0, r4, lsl r0
87800168:	412d3705 	teqmi	sp, r5, lsl #14
8780016c:	070a0600 	streq	r0, [sl, -r0, lsl #12]
87800170:	09010841 	stmdbeq	r1, {r0, r6, fp}
87800174:	00040a02 	andeq	r0, r4, r2, lsl #20
	...

87800180 <__umodsi3>:
87800180:	e2512001 	subs	r2, r1, #1
87800184:	3a000062 	bcc	87800314 <Ldiv0>
87800188:	11500001 	cmpne	r0, r1
8780018c:	03a00000 	moveq	r0, #0
87800190:	81110002 	tsthi	r1, r2
87800194:	00000002 	andeq	r0, r0, r2
87800198:	91a0f00e 	movls	pc, lr
8780019c:	e3a02000 	mov	r2, #0
878001a0:	e3510201 	cmp	r1, #268435456	; 0x10000000
878001a4:	31510000 	cmpcc	r1, r0
878001a8:	31a01201 	lslcc	r1, r1, #4
878001ac:	32822004 	addcc	r2, r2, #4
878001b0:	3afffffa 	bcc	878001a0 <__umodsi3+0x20>
878001b4:	e3510102 	cmp	r1, #-2147483648	; 0x80000000
878001b8:	31510000 	cmpcc	r1, r0
878001bc:	31a01081 	lslcc	r1, r1, #1
878001c0:	32822001 	addcc	r2, r2, #1
878001c4:	3afffffa 	bcc	878001b4 <__umodsi3+0x34>
878001c8:	e2522003 	subs	r2, r2, #3
878001cc:	ba00000e 	blt	8780020c <__umodsi3+0x8c>
878001d0:	e1500001 	cmp	r0, r1
878001d4:	20400001 	subcs	r0, r0, r1
878001d8:	e15000a1 	cmp	r0, r1, lsr #1
878001dc:	204000a1 	subcs	r0, r0, r1, lsr #1
878001e0:	e1500121 	cmp	r0, r1, lsr #2
878001e4:	20400121 	subcs	r0, r0, r1, lsr #2
878001e8:	e15001a1 	cmp	r0, r1, lsr #3
878001ec:	204001a1 	subcs	r0, r0, r1, lsr #3
878001f0:	e3500001 	cmp	r0, #1
878001f4:	e1a01221 	lsr	r1, r1, #4
878001f8:	a2522004 	subsge	r2, r2, #4
878001fc:	aafffff3 	bge	878001d0 <__umodsi3+0x50>
87800200:	e3120003 	tst	r2, #3
87800204:	13300000 	teqne	r0, #0
87800208:	0a00000a 	beq	87800238 <__umodsi3+0xb8>
8780020c:	e3720002 	cmn	r2, #2
87800210:	ba000006 	blt	87800230 <__umodsi3+0xb0>
87800214:	0a000002 	beq	87800224 <__umodsi3+0xa4>
87800218:	e1500001 	cmp	r0, r1
8780021c:	20400001 	subcs	r0, r0, r1
87800220:	e1a010a1 	lsr	r1, r1, #1
87800224:	e1500001 	cmp	r0, r1
87800228:	20400001 	subcs	r0, r0, r1
8780022c:	e1a010a1 	lsr	r1, r1, #1
87800230:	e1500001 	cmp	r0, r1
87800234:	20400001 	subcs	r0, r0, r1
87800238:	e1a0f00e 	mov	pc, lr
8780023c:	90909090 	umullsls	r9, r0, r0, r0

87800240 <__modsi3>:
87800240:	e3510000 	cmp	r1, #0
87800244:	0a000032 	beq	87800314 <Ldiv0>
87800248:	42611000 	rsbmi	r1, r1, #0
8780024c:	e1b0c000 	movs	ip, r0
87800250:	42600000 	rsbmi	r0, r0, #0
87800254:	e2512001 	subs	r2, r1, #1
87800258:	11500001 	cmpne	r0, r1
8780025c:	03a00000 	moveq	r0, #0
87800260:	81110002 	tsthi	r1, r2
87800264:	00000002 	andeq	r0, r0, r2
87800268:	9a000026 	bls	87800308 <__modsi3+0xc8>
8780026c:	e3a02000 	mov	r2, #0
87800270:	e3510201 	cmp	r1, #268435456	; 0x10000000
87800274:	31510000 	cmpcc	r1, r0
87800278:	31a01201 	lslcc	r1, r1, #4
8780027c:	32822004 	addcc	r2, r2, #4
87800280:	3afffffa 	bcc	87800270 <__modsi3+0x30>
87800284:	e3510102 	cmp	r1, #-2147483648	; 0x80000000
87800288:	31510000 	cmpcc	r1, r0
8780028c:	31a01081 	lslcc	r1, r1, #1
87800290:	32822001 	addcc	r2, r2, #1
87800294:	3afffffa 	bcc	87800284 <__modsi3+0x44>
87800298:	e2522003 	subs	r2, r2, #3
8780029c:	ba00000e 	blt	878002dc <__modsi3+0x9c>
878002a0:	e1500001 	cmp	r0, r1
878002a4:	20400001 	subcs	r0, r0, r1
878002a8:	e15000a1 	cmp	r0, r1, lsr #1
878002ac:	204000a1 	subcs	r0, r0, r1, lsr #1
878002b0:	e1500121 	cmp	r0, r1, lsr #2
878002b4:	20400121 	subcs	r0, r0, r1, lsr #2
878002b8:	e15001a1 	cmp	r0, r1, lsr #3
878002bc:	204001a1 	subcs	r0, r0, r1, lsr #3
878002c0:	e3500001 	cmp	r0, #1
878002c4:	e1a01221 	lsr	r1, r1, #4
878002c8:	a2522004 	subsge	r2, r2, #4
878002cc:	aafffff3 	bge	878002a0 <__modsi3+0x60>
878002d0:	e3120003 	tst	r2, #3
878002d4:	13300000 	teqne	r0, #0
878002d8:	0a00000a 	beq	87800308 <__modsi3+0xc8>
878002dc:	e3720002 	cmn	r2, #2
878002e0:	ba000006 	blt	87800300 <__modsi3+0xc0>
878002e4:	0a000002 	beq	878002f4 <__modsi3+0xb4>
878002e8:	e1500001 	cmp	r0, r1
878002ec:	20400001 	subcs	r0, r0, r1
878002f0:	e1a010a1 	lsr	r1, r1, #1
878002f4:	e1500001 	cmp	r0, r1
878002f8:	20400001 	subcs	r0, r0, r1
878002fc:	e1a010a1 	lsr	r1, r1, #1
87800300:	e1500001 	cmp	r0, r1
87800304:	20400001 	subcs	r0, r0, r1
87800308:	e35c0000 	cmp	ip, #0
8780030c:	42600000 	rsbmi	r0, r0, #0
87800310:	e1a0f00e 	mov	pc, lr

87800314 <Ldiv0>:
87800314:	e52de004 	push	{lr}		; (str lr, [sp, #-4]!)
87800318:	e3a00000 	mov	r0, #0
8780031c:	e49df004 	pop	{pc}		; (ldr pc, [sp], #4)

87800320 <integer_display>:
87800320:	e92d 43f0 	stmdb	sp!, {r4, r5, r6, r7, r8, r9, lr}
87800324:	f24a 049c 	movw	r4, #41116	; 0xa09c
87800328:	f2c8 7480 	movt	r4, #34688	; 0x8780
8780032c:	fa1f f882 	uxth.w	r8, r2
87800330:	b0b5      	sub	sp, #212	; 0xd4
87800332:	69e4      	ldr	r4, [r4, #28]
87800334:	eb08 0e01 	add.w	lr, r8, r1
87800338:	4617      	mov	r7, r2
8780033a:	f100 0232 	add.w	r2, r0, #50	; 0x32
8780033e:	4699      	mov	r9, r3
87800340:	b292      	uxth	r2, r2
87800342:	fa1f f38e 	uxth.w	r3, lr
87800346:	9400      	str	r4, [sp, #0]
87800348:	ac02      	add	r4, sp, #8
8780034a:	460e      	mov	r6, r1
8780034c:	4605      	mov	r5, r0
8780034e:	f001 fc47 	bl	87801be0 <lcd_fill>
87800352:	2100      	movs	r1, #0
87800354:	22c8      	movs	r2, #200	; 0xc8
87800356:	4620      	mov	r0, r4
87800358:	f002 fd74 	bl	87802e44 <memset>
8780035c:	f1b9 0f00 	cmp.w	r9, #0
87800360:	4620      	mov	r0, r4
87800362:	bfb7      	itett	lt
87800364:	f644 118c 	movwlt	r1, #18828	; 0x498c
87800368:	f644 1194 	movwge	r1, #18836	; 0x4994
8780036c:	f1c9 0200 	rsblt	r2, r9, #0
87800370:	f2c8 7180 	movtlt	r1, #34688	; 0x8780
87800374:	bfa4      	itt	ge
87800376:	464a      	movge	r2, r9
87800378:	f2c8 7180 	movtge	r1, #34688	; 0x8780
8780037c:	f003 fcb4 	bl	87803ce8 <sprintf>
87800380:	9401      	str	r4, [sp, #4]
87800382:	4643      	mov	r3, r8
87800384:	9700      	str	r7, [sp, #0]
87800386:	4631      	mov	r1, r6
87800388:	4628      	mov	r0, r5
8780038a:	2232      	movs	r2, #50	; 0x32
8780038c:	f001 f870 	bl	87801470 <lcd_show_string>
87800390:	b035      	add	sp, #212	; 0xd4
87800392:	e8bd 83f0 	ldmia.w	sp!, {r4, r5, r6, r7, r8, r9, pc}
87800396:	bf00      	nop

87800398 <decimals_display>:
87800398:	e92d 43f0 	stmdb	sp!, {r4, r5, r6, r7, r8, r9, lr}
8780039c:	1e1d      	subs	r5, r3, #0
8780039e:	b0b5      	sub	sp, #212	; 0xd4
878003a0:	4607      	mov	r7, r0
878003a2:	ae02      	add	r6, sp, #8
878003a4:	4688      	mov	r8, r1
878003a6:	4691      	mov	r9, r2
878003a8:	4630      	mov	r0, r6
878003aa:	f04f 02c8 	mov.w	r2, #200	; 0xc8
878003ae:	f04f 0100 	mov.w	r1, #0
878003b2:	db36      	blt.n	87800422 <decimals_display+0x8a>
878003b4:	f002 fd46 	bl	87802e44 <memset>
878003b8:	f248 521f 	movw	r2, #34079	; 0x851f
878003bc:	17ec      	asrs	r4, r5, #31
878003be:	f2c5 12eb 	movt	r2, #20971	; 0x51eb
878003c2:	fb85 2302 	smull	r2, r3, r5, r2
878003c6:	f644 1198 	movw	r1, #18840	; 0x4998
878003ca:	f2c8 7180 	movt	r1, #34688	; 0x8780
878003ce:	4630      	mov	r0, r6
878003d0:	ebc4 1363 	rsb	r3, r4, r3, asr #5
878003d4:	011c      	lsls	r4, r3, #4
878003d6:	461a      	mov	r2, r3
878003d8:	eb04 0483 	add.w	r4, r4, r3, lsl #2
878003dc:	eb04 0384 	add.w	r3, r4, r4, lsl #2
878003e0:	1aeb      	subs	r3, r5, r3
878003e2:	f003 fc81 	bl	87803ce8 <sprintf>
878003e6:	f24a 039c 	movw	r3, #41116	; 0xa09c
878003ea:	fa1f f489 	uxth.w	r4, r9
878003ee:	f2c8 7380 	movt	r3, #34688	; 0x8780
878003f2:	69d8      	ldr	r0, [r3, #28]
878003f4:	f107 023c 	add.w	r2, r7, #60	; 0x3c
878003f8:	eb04 0308 	add.w	r3, r4, r8
878003fc:	4641      	mov	r1, r8
878003fe:	b29b      	uxth	r3, r3
87800400:	b292      	uxth	r2, r2
87800402:	9000      	str	r0, [sp, #0]
87800404:	4638      	mov	r0, r7
87800406:	f001 fbeb 	bl	87801be0 <lcd_fill>
8780040a:	4623      	mov	r3, r4
8780040c:	9601      	str	r6, [sp, #4]
8780040e:	f8cd 9000 	str.w	r9, [sp]
87800412:	4641      	mov	r1, r8
87800414:	4638      	mov	r0, r7
87800416:	223c      	movs	r2, #60	; 0x3c
87800418:	f001 f82a 	bl	87801470 <lcd_show_string>
8780041c:	b035      	add	sp, #212	; 0xd4
8780041e:	e8bd 83f0 	ldmia.w	sp!, {r4, r5, r6, r7, r8, r9, pc}
87800422:	f002 fd0f 	bl	87802e44 <memset>
87800426:	f248 521f 	movw	r2, #34079	; 0x851f
8780042a:	426d      	negs	r5, r5
8780042c:	f2c5 12eb 	movt	r2, #20971	; 0x51eb
87800430:	17ec      	asrs	r4, r5, #31
87800432:	fb85 2302 	smull	r2, r3, r5, r2
87800436:	f644 1190 	movw	r1, #18832	; 0x4990
8780043a:	f2c8 7180 	movt	r1, #34688	; 0x8780
8780043e:	4630      	mov	r0, r6
87800440:	ebc4 1e63 	rsb	lr, r4, r3, asr #5
87800444:	ea4f 140e 	mov.w	r4, lr, lsl #4
87800448:	4672      	mov	r2, lr
8780044a:	eb04 048e 	add.w	r4, r4, lr, lsl #2
8780044e:	eb04 0384 	add.w	r3, r4, r4, lsl #2
87800452:	1aeb      	subs	r3, r5, r3
87800454:	f003 fc48 	bl	87803ce8 <sprintf>
87800458:	e7c5      	b.n	878003e6 <decimals_display+0x4e>
8780045a:	bf00      	nop

8780045c <clk_enable>:
8780045c:	f44f 4380 	mov.w	r3, #16384	; 0x4000
87800460:	f04f 32ff 	mov.w	r2, #4294967295	; 0xffffffff
87800464:	f2c0 230c 	movt	r3, #524	; 0x20c
87800468:	669a      	str	r2, [r3, #104]	; 0x68
8780046a:	66da      	str	r2, [r3, #108]	; 0x6c
8780046c:	671a      	str	r2, [r3, #112]	; 0x70
8780046e:	675a      	str	r2, [r3, #116]	; 0x74
87800470:	679a      	str	r2, [r3, #120]	; 0x78
87800472:	67da      	str	r2, [r3, #124]	; 0x7c
87800474:	f8c3 2080 	str.w	r2, [r3, #128]	; 0x80
87800478:	4770      	bx	lr
8780047a:	bf00      	nop

8780047c <imx6u_clkinit>:
8780047c:	f44f 4380 	mov.w	r3, #16384	; 0x4000
87800480:	b430      	push	{r4, r5}
87800482:	f2c0 230c 	movt	r3, #524	; 0x20c
87800486:	68da      	ldr	r2, [r3, #12]
87800488:	0751      	lsls	r1, r2, #29
8780048a:	d407      	bmi.n	8780049c <imx6u_clkinit+0x20>
8780048c:	68da      	ldr	r2, [r3, #12]
8780048e:	f422 7280 	bic.w	r2, r2, #256	; 0x100
87800492:	60da      	str	r2, [r3, #12]
87800494:	68da      	ldr	r2, [r3, #12]
87800496:	f042 0204 	orr.w	r2, r2, #4
8780049a:	60da      	str	r2, [r3, #12]
8780049c:	f44f 4200 	mov.w	r2, #32768	; 0x8000
878004a0:	f44f 4380 	mov.w	r3, #16384	; 0x4000
878004a4:	f2c0 230c 	movt	r3, #524	; 0x20c
878004a8:	f2c0 220c 	movt	r2, #524	; 0x20c
878004ac:	f242 0058 	movw	r0, #8280	; 0x2058
878004b0:	2101      	movs	r1, #1
878004b2:	6010      	str	r0, [r2, #0]
878004b4:	f241 041b 	movw	r4, #4123	; 0x101b
878004b8:	6119      	str	r1, [r3, #16]
878004ba:	f2c2 0418 	movt	r4, #8216	; 0x2018
878004be:	68dd      	ldr	r5, [r3, #12]
878004c0:	f241 000c 	movw	r0, #4108	; 0x100c
878004c4:	f2c1 3011 	movt	r0, #4881	; 0x1311
878004c8:	4619      	mov	r1, r3
878004ca:	f025 0504 	bic.w	r5, r5, #4
878004ce:	60dd      	str	r5, [r3, #12]
878004d0:	f8d2 5100 	ldr.w	r5, [r2, #256]	; 0x100
878004d4:	f005 35c0 	and.w	r5, r5, #3233857728	; 0xc0c0c0c0
878004d8:	432c      	orrs	r4, r5
878004da:	f8c2 4100 	str.w	r4, [r2, #256]	; 0x100
878004de:	f8d2 40f0 	ldr.w	r4, [r2, #240]	; 0xf0
878004e2:	f004 34c0 	and.w	r4, r4, #3233857728	; 0xc0c0c0c0
878004e6:	4320      	orrs	r0, r4
878004e8:	f8c2 00f0 	str.w	r0, [r2, #240]	; 0xf0
878004ec:	699a      	ldr	r2, [r3, #24]
878004ee:	f422 2240 	bic.w	r2, r2, #786432	; 0xc0000
878004f2:	619a      	str	r2, [r3, #24]
878004f4:	699a      	ldr	r2, [r3, #24]
878004f6:	f442 2280 	orr.w	r2, r2, #262144	; 0x40000
878004fa:	619a      	str	r2, [r3, #24]
878004fc:	6c8a      	ldr	r2, [r1, #72]	; 0x48
878004fe:	f44f 4380 	mov.w	r3, #16384	; 0x4000
87800502:	f2c0 230c 	movt	r3, #524	; 0x20c
87800506:	0692      	lsls	r2, r2, #26
87800508:	d4f8      	bmi.n	878004fc <imx6u_clkinit+0x80>
8780050a:	695a      	ldr	r2, [r3, #20]
8780050c:	bc30      	pop	{r4, r5}
8780050e:	f022 7200 	bic.w	r2, r2, #33554432	; 0x2000000
87800512:	615a      	str	r2, [r3, #20]
87800514:	695a      	ldr	r2, [r3, #20]
87800516:	f422 7240 	bic.w	r2, r2, #768	; 0x300
8780051a:	615a      	str	r2, [r3, #20]
8780051c:	695a      	ldr	r2, [r3, #20]
8780051e:	f442 7280 	orr.w	r2, r2, #256	; 0x100
87800522:	615a      	str	r2, [r3, #20]
87800524:	69da      	ldr	r2, [r3, #28]
87800526:	f022 0240 	bic.w	r2, r2, #64	; 0x40
8780052a:	61da      	str	r2, [r3, #28]
8780052c:	69da      	ldr	r2, [r3, #28]
8780052e:	f022 023f 	bic.w	r2, r2, #63	; 0x3f
87800532:	61da      	str	r2, [r3, #28]
87800534:	6a5a      	ldr	r2, [r3, #36]	; 0x24
87800536:	f022 0240 	bic.w	r2, r2, #64	; 0x40
8780053a:	625a      	str	r2, [r3, #36]	; 0x24
8780053c:	6a5a      	ldr	r2, [r3, #36]	; 0x24
8780053e:	f022 023f 	bic.w	r2, r2, #63	; 0x3f
87800542:	625a      	str	r2, [r3, #36]	; 0x24
87800544:	6b9a      	ldr	r2, [r3, #56]	; 0x38
87800546:	f422 2280 	bic.w	r2, r2, #262144	; 0x40000
8780054a:	639a      	str	r2, [r3, #56]	; 0x38
8780054c:	6b9a      	ldr	r2, [r3, #56]	; 0x38
8780054e:	f022 72fc 	bic.w	r2, r2, #33030144	; 0x1f80000
87800552:	639a      	str	r2, [r3, #56]	; 0x38
87800554:	4770      	bx	lr
87800556:	bf00      	nop

87800558 <led_init>:
87800558:	2168      	movs	r1, #104	; 0x68
8780055a:	f44f 723d 	mov.w	r2, #756	; 0x2f4
8780055e:	f44f 4340 	mov.w	r3, #49152	; 0xc000
87800562:	b430      	push	{r4, r5}
87800564:	f2c0 2309 	movt	r3, #521	; 0x209
87800568:	2505      	movs	r5, #5
8780056a:	f2c0 220e 	movt	r2, #526	; 0x20e
8780056e:	f241 04b0 	movw	r4, #4272	; 0x10b0
87800572:	2008      	movs	r0, #8
87800574:	f2c0 210e 	movt	r1, #526	; 0x20e
87800578:	600d      	str	r5, [r1, #0]
8780057a:	6014      	str	r4, [r2, #0]
8780057c:	6058      	str	r0, [r3, #4]
8780057e:	681a      	ldr	r2, [r3, #0]
87800580:	bc30      	pop	{r4, r5}
87800582:	4302      	orrs	r2, r0
87800584:	601a      	str	r2, [r3, #0]
87800586:	4770      	bx	lr

87800588 <led_on>:
87800588:	f44f 4340 	mov.w	r3, #49152	; 0xc000
8780058c:	f2c0 2309 	movt	r3, #521	; 0x209
87800590:	681a      	ldr	r2, [r3, #0]
87800592:	f022 0208 	bic.w	r2, r2, #8
87800596:	601a      	str	r2, [r3, #0]
87800598:	4770      	bx	lr
8780059a:	bf00      	nop

8780059c <led_off>:
8780059c:	f44f 4340 	mov.w	r3, #49152	; 0xc000
878005a0:	f2c0 2309 	movt	r3, #521	; 0x209
878005a4:	681a      	ldr	r2, [r3, #0]
878005a6:	f042 0208 	orr.w	r2, r2, #8
878005aa:	601a      	str	r2, [r3, #0]
878005ac:	4770      	bx	lr
878005ae:	bf00      	nop

878005b0 <led_switch>:
878005b0:	b950      	cbnz	r0, 878005c8 <led_switch+0x18>
878005b2:	2901      	cmp	r1, #1
878005b4:	d009      	beq.n	878005ca <led_switch+0x1a>
878005b6:	b939      	cbnz	r1, 878005c8 <led_switch+0x18>
878005b8:	f44f 4340 	mov.w	r3, #49152	; 0xc000
878005bc:	f2c0 2309 	movt	r3, #521	; 0x209
878005c0:	681a      	ldr	r2, [r3, #0]
878005c2:	f042 0208 	orr.w	r2, r2, #8
878005c6:	601a      	str	r2, [r3, #0]
878005c8:	4770      	bx	lr
878005ca:	f44f 4340 	mov.w	r3, #49152	; 0xc000
878005ce:	f2c0 2309 	movt	r3, #521	; 0x209
878005d2:	681a      	ldr	r2, [r3, #0]
878005d4:	f022 0208 	bic.w	r2, r2, #8
878005d8:	601a      	str	r2, [r3, #0]
878005da:	4770      	bx	lr

878005dc <delay_init>:
878005dc:	f44f 4300 	mov.w	r3, #32768	; 0x8000
878005e0:	2200      	movs	r2, #0
878005e2:	f2c0 2309 	movt	r3, #521	; 0x209
878005e6:	601a      	str	r2, [r3, #0]
878005e8:	4619      	mov	r1, r3
878005ea:	689a      	ldr	r2, [r3, #8]
878005ec:	f442 4200 	orr.w	r2, r2, #32768	; 0x8000
878005f0:	609a      	str	r2, [r3, #8]
878005f2:	688a      	ldr	r2, [r1, #8]
878005f4:	f44f 4300 	mov.w	r3, #32768	; 0x8000
878005f8:	f2c0 2309 	movt	r3, #521	; 0x209
878005fc:	0412      	lsls	r2, r2, #16
878005fe:	d4f8      	bmi.n	878005f2 <delay_init+0x16>
87800600:	681a      	ldr	r2, [r3, #0]
87800602:	2141      	movs	r1, #65	; 0x41
87800604:	f042 0242 	orr.w	r2, r2, #66	; 0x42
87800608:	601a      	str	r2, [r3, #0]
8780060a:	6059      	str	r1, [r3, #4]
8780060c:	681a      	ldr	r2, [r3, #0]
8780060e:	f042 0201 	orr.w	r2, r2, #1
87800612:	601a      	str	r2, [r3, #0]
87800614:	4770      	bx	lr
87800616:	bf00      	nop

87800618 <delay_us>:
87800618:	f44f 4100 	mov.w	r1, #32768	; 0x8000
8780061c:	b430      	push	{r4, r5}
8780061e:	f2c0 2109 	movt	r1, #521	; 0x209
87800622:	2400      	movs	r4, #0
87800624:	6a4a      	ldr	r2, [r1, #36]	; 0x24
87800626:	6a4b      	ldr	r3, [r1, #36]	; 0x24
87800628:	4293      	cmp	r3, r2
8780062a:	d0fc      	beq.n	87800626 <delay_us+0xe>
8780062c:	1e65      	subs	r5, r4, #1
8780062e:	429a      	cmp	r2, r3
87800630:	eba4 0402 	sub.w	r4, r4, r2
87800634:	eba5 0502 	sub.w	r5, r5, r2
87800638:	bf34      	ite	cc
8780063a:	18e4      	addcc	r4, r4, r3
8780063c:	18ec      	addcs	r4, r5, r3
8780063e:	4284      	cmp	r4, r0
87800640:	461a      	mov	r2, r3
87800642:	d3f0      	bcc.n	87800626 <delay_us+0xe>
87800644:	bc30      	pop	{r4, r5}
87800646:	4770      	bx	lr

87800648 <delay_ms>:
87800648:	b1d8      	cbz	r0, 87800682 <delay_ms+0x3a>
8780064a:	f44f 4100 	mov.w	r1, #32768	; 0x8000
8780064e:	b470      	push	{r4, r5, r6}
87800650:	f2c0 2109 	movt	r1, #521	; 0x209
87800654:	2600      	movs	r6, #0
87800656:	2400      	movs	r4, #0
87800658:	6a4a      	ldr	r2, [r1, #36]	; 0x24
8780065a:	6a4b      	ldr	r3, [r1, #36]	; 0x24
8780065c:	4293      	cmp	r3, r2
8780065e:	d0fc      	beq.n	8780065a <delay_ms+0x12>
87800660:	1e65      	subs	r5, r4, #1
87800662:	429a      	cmp	r2, r3
87800664:	eba4 0402 	sub.w	r4, r4, r2
87800668:	eba5 0502 	sub.w	r5, r5, r2
8780066c:	bf34      	ite	cc
8780066e:	18e4      	addcc	r4, r4, r3
87800670:	18ec      	addcs	r4, r5, r3
87800672:	f5b4 7f7a 	cmp.w	r4, #1000	; 0x3e8
87800676:	461a      	mov	r2, r3
87800678:	d3ef      	bcc.n	8780065a <delay_ms+0x12>
8780067a:	3601      	adds	r6, #1
8780067c:	4286      	cmp	r6, r0
8780067e:	d1ea      	bne.n	87800656 <delay_ms+0xe>
87800680:	bc70      	pop	{r4, r5, r6}
87800682:	4770      	bx	lr

87800684 <delay_short>:
87800684:	b082      	sub	sp, #8
87800686:	9001      	str	r0, [sp, #4]
87800688:	9b01      	ldr	r3, [sp, #4]
8780068a:	1e5a      	subs	r2, r3, #1
8780068c:	9201      	str	r2, [sp, #4]
8780068e:	2b00      	cmp	r3, #0
87800690:	d1fa      	bne.n	87800688 <delay_short+0x4>
87800692:	b002      	add	sp, #8
87800694:	4770      	bx	lr
87800696:	bf00      	nop

87800698 <delay>:
87800698:	b082      	sub	sp, #8
8780069a:	9001      	str	r0, [sp, #4]
8780069c:	9b01      	ldr	r3, [sp, #4]
8780069e:	1e5a      	subs	r2, r3, #1
878006a0:	9201      	str	r2, [sp, #4]
878006a2:	b153      	cbz	r3, 878006ba <delay+0x22>
878006a4:	f240 73ff 	movw	r3, #2047	; 0x7ff
878006a8:	461a      	mov	r2, r3
878006aa:	3b01      	subs	r3, #1
878006ac:	2a00      	cmp	r2, #0
878006ae:	d1fb      	bne.n	878006a8 <delay+0x10>
878006b0:	9b01      	ldr	r3, [sp, #4]
878006b2:	1e5a      	subs	r2, r3, #1
878006b4:	9201      	str	r2, [sp, #4]
878006b6:	2b00      	cmp	r3, #0
878006b8:	d1f4      	bne.n	878006a4 <delay+0xc>
878006ba:	b002      	add	sp, #8
878006bc:	4770      	bx	lr
878006be:	bf00      	nop

878006c0 <beep_init>:
878006c0:	210c      	movs	r1, #12
878006c2:	2250      	movs	r2, #80	; 0x50
878006c4:	b530      	push	{r4, r5, lr}
878006c6:	2301      	movs	r3, #1
878006c8:	b085      	sub	sp, #20
878006ca:	f2c0 2129 	movt	r1, #553	; 0x229
878006ce:	2505      	movs	r5, #5
878006d0:	f2c0 2229 	movt	r2, #553	; 0x229
878006d4:	f241 04b0 	movw	r4, #4272	; 0x10b0
878006d8:	f44f 4040 	mov.w	r0, #49152	; 0xc000
878006dc:	600d      	str	r5, [r1, #0]
878006de:	f2c0 200a 	movt	r0, #522	; 0x20a
878006e2:	6014      	str	r4, [r2, #0]
878006e4:	4619      	mov	r1, r3
878006e6:	aa01      	add	r2, sp, #4
878006e8:	9301      	str	r3, [sp, #4]
878006ea:	f88d 3008 	strb.w	r3, [sp, #8]
878006ee:	f000 f8db 	bl	878008a8 <gpio_init>
878006f2:	b005      	add	sp, #20
878006f4:	bd30      	pop	{r4, r5, pc}
878006f6:	bf00      	nop

878006f8 <beep_switch>:
878006f8:	4602      	mov	r2, r0
878006fa:	b110      	cbz	r0, 87800702 <beep_switch+0xa>
878006fc:	2801      	cmp	r0, #1
878006fe:	d007      	beq.n	87800710 <beep_switch+0x18>
87800700:	4770      	bx	lr
87800702:	f44f 4040 	mov.w	r0, #49152	; 0xc000
87800706:	2101      	movs	r1, #1
87800708:	f2c0 200a 	movt	r0, #522	; 0x20a
8780070c:	f000 b856 	b.w	878007bc <gpio_PinWrite>
87800710:	f44f 4040 	mov.w	r0, #49152	; 0xc000
87800714:	4611      	mov	r1, r2
87800716:	f2c0 200a 	movt	r0, #522	; 0x20a
8780071a:	f000 b84f 	b.w	878007bc <gpio_PinWrite>
8780071e:	bf00      	nop

87800720 <key_init>:
87800720:	b570      	push	{r4, r5, r6, lr}
87800722:	218c      	movs	r1, #140	; 0x8c
87800724:	b084      	sub	sp, #16
87800726:	f44f 7346 	mov.w	r3, #792	; 0x318
8780072a:	f2c0 230e 	movt	r3, #526	; 0x20e
8780072e:	aa04      	add	r2, sp, #16
87800730:	f2c0 210e 	movt	r1, #526	; 0x20e
87800734:	2605      	movs	r6, #5
87800736:	f24f 0580 	movw	r5, #61568	; 0xf080
8780073a:	2400      	movs	r4, #0
8780073c:	f44f 4040 	mov.w	r0, #49152	; 0xc000
87800740:	600e      	str	r6, [r1, #0]
87800742:	f2c0 2009 	movt	r0, #521	; 0x209
87800746:	601d      	str	r5, [r3, #0]
87800748:	2112      	movs	r1, #18
8780074a:	f842 4d0c 	str.w	r4, [r2, #-12]!
8780074e:	f000 f8ab 	bl	878008a8 <gpio_init>
87800752:	b004      	add	sp, #16
87800754:	bd70      	pop	{r4, r5, r6, pc}
87800756:	bf00      	nop

87800758 <read_key>:
87800758:	f44f 4040 	mov.w	r0, #49152	; 0xc000
8780075c:	2112      	movs	r1, #18
8780075e:	f2c0 2009 	movt	r0, #521	; 0x209
87800762:	f000 b83b 	b.w	878007dc <gpio_PinRead>
87800766:	bf00      	nop

87800768 <key_getValue>:
87800768:	b538      	push	{r3, r4, r5, lr}
8780076a:	f249 2490 	movw	r4, #37520	; 0x9290
8780076e:	f2c8 7480 	movt	r4, #34688	; 0x8780
87800772:	7823      	ldrb	r3, [r4, #0]
87800774:	2b01      	cmp	r3, #1
87800776:	d008      	beq.n	8780078a <key_getValue+0x22>
87800778:	f44f 4040 	mov.w	r0, #49152	; 0xc000
8780077c:	2112      	movs	r1, #18
8780077e:	f2c0 2009 	movt	r0, #521	; 0x209
87800782:	f000 f82b 	bl	878007dc <gpio_PinRead>
87800786:	2000      	movs	r0, #0
87800788:	bd38      	pop	{r3, r4, r5, pc}
8780078a:	f44f 4040 	mov.w	r0, #49152	; 0xc000
8780078e:	2112      	movs	r1, #18
87800790:	f2c0 2009 	movt	r0, #521	; 0x209
87800794:	f000 f822 	bl	878007dc <gpio_PinRead>
87800798:	4605      	mov	r5, r0
8780079a:	2800      	cmp	r0, #0
8780079c:	d1ec      	bne.n	87800778 <key_getValue+0x10>
8780079e:	200a      	movs	r0, #10
878007a0:	f7ff ff7a 	bl	87800698 <delay>
878007a4:	f44f 4040 	mov.w	r0, #49152	; 0xc000
878007a8:	2112      	movs	r1, #18
878007aa:	f2c0 2009 	movt	r0, #521	; 0x209
878007ae:	7025      	strb	r5, [r4, #0]
878007b0:	f000 f814 	bl	878007dc <gpio_PinRead>
878007b4:	fab0 f080 	clz	r0, r0
878007b8:	0940      	lsrs	r0, r0, #5
878007ba:	bd38      	pop	{r3, r4, r5, pc}

878007bc <gpio_PinWrite>:
878007bc:	b132      	cbz	r2, 878007cc <gpio_PinWrite+0x10>
878007be:	2a01      	cmp	r2, #1
878007c0:	bf01      	itttt	eq
878007c2:	6803      	ldreq	r3, [r0, #0]
878007c4:	408a      	lsleq	r2, r1
878007c6:	431a      	orreq	r2, r3
878007c8:	6002      	streq	r2, [r0, #0]
878007ca:	4770      	bx	lr
878007cc:	6802      	ldr	r2, [r0, #0]
878007ce:	2301      	movs	r3, #1
878007d0:	408b      	lsls	r3, r1
878007d2:	ea22 0303 	bic.w	r3, r2, r3
878007d6:	6003      	str	r3, [r0, #0]
878007d8:	4770      	bx	lr
878007da:	bf00      	nop

878007dc <gpio_PinRead>:
878007dc:	6800      	ldr	r0, [r0, #0]
878007de:	40c8      	lsrs	r0, r1
878007e0:	f000 0001 	and.w	r0, r0, #1
878007e4:	4770      	bx	lr
878007e6:	bf00      	nop

878007e8 <gpio_enable_int>:
878007e8:	6943      	ldr	r3, [r0, #20]
878007ea:	2201      	movs	r2, #1
878007ec:	408a      	lsls	r2, r1
878007ee:	4313      	orrs	r3, r2
878007f0:	6143      	str	r3, [r0, #20]
878007f2:	4770      	bx	lr

878007f4 <gpio_disable_int>:
878007f4:	6943      	ldr	r3, [r0, #20]
878007f6:	2201      	movs	r2, #1
878007f8:	408a      	lsls	r2, r1
878007fa:	ea23 0302 	bic.w	r3, r3, r2
878007fe:	6143      	str	r3, [r0, #20]
87800800:	4770      	bx	lr
87800802:	bf00      	nop

87800804 <gpio_clearintflags>:
87800804:	6983      	ldr	r3, [r0, #24]
87800806:	2201      	movs	r2, #1
87800808:	408a      	lsls	r2, r1
8780080a:	4313      	orrs	r3, r2
8780080c:	6183      	str	r3, [r0, #24]
8780080e:	4770      	bx	lr

87800810 <gpio_intconfig>:
87800810:	b430      	push	{r4, r5}
87800812:	2301      	movs	r3, #1
87800814:	69c4      	ldr	r4, [r0, #28]
87800816:	408b      	lsls	r3, r1
87800818:	290f      	cmp	r1, #15
8780081a:	f102 32ff 	add.w	r2, r2, #4294967295	; 0xffffffff
8780081e:	bf88      	it	hi
87800820:	3910      	subhi	r1, #16
87800822:	ea24 0403 	bic.w	r4, r4, r3
87800826:	61c4      	str	r4, [r0, #28]
87800828:	bf94      	ite	ls
8780082a:	f100 040c 	addls.w	r4, r0, #12
8780082e:	f100 0410 	addhi.w	r4, r0, #16
87800832:	2a04      	cmp	r2, #4
87800834:	d810      	bhi.n	87800858 <gpio_intconfig+0x48>
87800836:	e8df f002 	tbb	[pc, r2]
8780083a:	2b26031d 	blcs	881814b6 <__bss_end+0x9773be>
8780083e:	68200011 	stmdavs	r0!, {r0, r4}
87800842:	0049      	lsls	r1, r1, #1
87800844:	2203      	movs	r2, #3
87800846:	2301      	movs	r3, #1
87800848:	408a      	lsls	r2, r1
8780084a:	408b      	lsls	r3, r1
8780084c:	ea20 0202 	bic.w	r2, r0, r2
87800850:	6022      	str	r2, [r4, #0]
87800852:	6822      	ldr	r2, [r4, #0]
87800854:	4313      	orrs	r3, r2
87800856:	6023      	str	r3, [r4, #0]
87800858:	bc30      	pop	{r4, r5}
8780085a:	4770      	bx	lr
8780085c:	0049      	lsls	r1, r1, #1
8780085e:	6825      	ldr	r5, [r4, #0]
87800860:	2203      	movs	r2, #3
87800862:	408a      	lsls	r2, r1
87800864:	ea25 0202 	bic.w	r2, r5, r2
87800868:	6022      	str	r2, [r4, #0]
8780086a:	69c2      	ldr	r2, [r0, #28]
8780086c:	bc30      	pop	{r4, r5}
8780086e:	4313      	orrs	r3, r2
87800870:	61c3      	str	r3, [r0, #28]
87800872:	4770      	bx	lr
87800874:	0049      	lsls	r1, r1, #1
87800876:	6822      	ldr	r2, [r4, #0]
87800878:	2303      	movs	r3, #3
8780087a:	408b      	lsls	r3, r1
8780087c:	ea22 0303 	bic.w	r3, r2, r3
87800880:	6023      	str	r3, [r4, #0]
87800882:	bc30      	pop	{r4, r5}
87800884:	4770      	bx	lr
87800886:	0049      	lsls	r1, r1, #1
87800888:	2203      	movs	r2, #3
8780088a:	6820      	ldr	r0, [r4, #0]
8780088c:	2302      	movs	r3, #2
8780088e:	e7db      	b.n	87800848 <gpio_intconfig+0x38>
87800890:	0049      	lsls	r1, r1, #1
87800892:	6822      	ldr	r2, [r4, #0]
87800894:	2303      	movs	r3, #3
87800896:	408b      	lsls	r3, r1
87800898:	ea22 0203 	bic.w	r2, r2, r3
8780089c:	6022      	str	r2, [r4, #0]
8780089e:	6822      	ldr	r2, [r4, #0]
878008a0:	4313      	orrs	r3, r2
878008a2:	6023      	str	r3, [r4, #0]
878008a4:	bc30      	pop	{r4, r5}
878008a6:	4770      	bx	lr

878008a8 <gpio_init>:
878008a8:	6813      	ldr	r3, [r2, #0]
878008aa:	b570      	push	{r4, r5, r6, lr}
878008ac:	4615      	mov	r5, r2
878008ae:	4604      	mov	r4, r0
878008b0:	460e      	mov	r6, r1
878008b2:	b963      	cbnz	r3, 878008ce <gpio_init+0x26>
878008b4:	6842      	ldr	r2, [r0, #4]
878008b6:	2301      	movs	r3, #1
878008b8:	408b      	lsls	r3, r1
878008ba:	4631      	mov	r1, r6
878008bc:	ea22 0303 	bic.w	r3, r2, r3
878008c0:	68aa      	ldr	r2, [r5, #8]
878008c2:	6043      	str	r3, [r0, #4]
878008c4:	4620      	mov	r0, r4
878008c6:	e8bd 4070 	ldmia.w	sp!, {r4, r5, r6, lr}
878008ca:	f7ff bfa1 	b.w	87800810 <gpio_intconfig>
878008ce:	6842      	ldr	r2, [r0, #4]
878008d0:	2301      	movs	r3, #1
878008d2:	408b      	lsls	r3, r1
878008d4:	4313      	orrs	r3, r2
878008d6:	6043      	str	r3, [r0, #4]
878008d8:	792a      	ldrb	r2, [r5, #4]
878008da:	f7ff ff6f 	bl	878007bc <gpio_PinWrite>
878008de:	68aa      	ldr	r2, [r5, #8]
878008e0:	4631      	mov	r1, r6
878008e2:	4620      	mov	r0, r4
878008e4:	e8bd 4070 	ldmia.w	sp!, {r4, r5, r6, lr}
878008e8:	f7ff bf92 	b.w	87800810 <gpio_intconfig>

878008ec <default_irqhandler>:
878008ec:	e7fe      	b.n	878008ec <default_irqhandler>
878008ee:	bf00      	nop

878008f0 <system_irqTable_init>:
878008f0:	f249 3394 	movw	r3, #37780	; 0x9394
878008f4:	f640 02ed 	movw	r2, #2285	; 0x8ed
878008f8:	f2c8 7380 	movt	r3, #34688	; 0x8780
878008fc:	f2c8 7280 	movt	r2, #34688	; 0x8780
87800900:	f503 60a0 	add.w	r0, r3, #1280	; 0x500
87800904:	2100      	movs	r1, #0
87800906:	601a      	str	r2, [r3, #0]
87800908:	3308      	adds	r3, #8
8780090a:	f843 1c04 	str.w	r1, [r3, #-4]
8780090e:	4283      	cmp	r3, r0
87800910:	d1f9      	bne.n	87800906 <system_irqTable_init+0x16>
87800912:	4770      	bx	lr

87800914 <system_register_irqhandler>:
87800914:	f249 3394 	movw	r3, #37780	; 0x9394
87800918:	b410      	push	{r4}
8780091a:	f2c8 7380 	movt	r3, #34688	; 0x8780
8780091e:	eb03 04c0 	add.w	r4, r3, r0, lsl #3
87800922:	f843 1030 	str.w	r1, [r3, r0, lsl #3]
87800926:	6062      	str	r2, [r4, #4]
87800928:	f85d 4b04 	ldr.w	r4, [sp], #4
8780092c:	4770      	bx	lr
8780092e:	bf00      	nop

87800930 <int_init>:
87800930:	b4f0      	push	{r4, r5, r6, r7}
87800932:	ee9f 4f10 	mrc	15, 4, r4, cr15, cr0, {0}
87800936:	0c24      	lsrs	r4, r4, #16
87800938:	f241 0204 	movw	r2, #4100	; 0x1004
8780093c:	2300      	movs	r3, #0
8780093e:	0424      	lsls	r4, r4, #16
87800940:	f04f 30ff 	mov.w	r0, #4294967295	; 0xffffffff
87800944:	58a1      	ldr	r1, [r4, r2]
87800946:	f001 011f 	and.w	r1, r1, #31
8780094a:	3101      	adds	r1, #1
8780094c:	f503 628c 	add.w	r2, r3, #1120	; 0x460
87800950:	3301      	adds	r3, #1
87800952:	4299      	cmp	r1, r3
87800954:	f844 0022 	str.w	r0, [r4, r2, lsl #2]
87800958:	d1f8      	bne.n	8780094c <int_init+0x1c>
8780095a:	f249 3394 	movw	r3, #37780	; 0x9394
8780095e:	f242 0604 	movw	r6, #8196	; 0x2004
87800962:	27f8      	movs	r7, #248	; 0xf8
87800964:	f640 02ed 	movw	r2, #2285	; 0x8ed
87800968:	f2c8 7380 	movt	r3, #34688	; 0x8780
8780096c:	51a7      	str	r7, [r4, r6]
8780096e:	f242 0508 	movw	r5, #8200	; 0x2008
87800972:	2702      	movs	r7, #2
87800974:	f2c8 7280 	movt	r2, #34688	; 0x8780
87800978:	f503 60a0 	add.w	r0, r3, #1280	; 0x500
8780097c:	2100      	movs	r1, #0
8780097e:	5167      	str	r7, [r4, r5]
87800980:	f504 5680 	add.w	r6, r4, #4096	; 0x1000
87800984:	2501      	movs	r5, #1
87800986:	f504 5400 	add.w	r4, r4, #8192	; 0x2000
8780098a:	6035      	str	r5, [r6, #0]
8780098c:	6025      	str	r5, [r4, #0]
8780098e:	601a      	str	r2, [r3, #0]
87800990:	3308      	adds	r3, #8
87800992:	f843 1c04 	str.w	r1, [r3, #-4]
87800996:	4283      	cmp	r3, r0
87800998:	d1f9      	bne.n	8780098e <int_init+0x5e>
8780099a:	2300      	movs	r3, #0
8780099c:	f2c8 7380 	movt	r3, #34688	; 0x8780
878009a0:	ee0c 3f10 	mcr	15, 0, r3, cr12, cr0, {0}
878009a4:	bcf0      	pop	{r4, r5, r6, r7}
878009a6:	4770      	bx	lr

878009a8 <system_irqhandler>:
878009a8:	289f      	cmp	r0, #159	; 0x9f
878009aa:	d900      	bls.n	878009ae <system_irqhandler+0x6>
878009ac:	4770      	bx	lr
878009ae:	b510      	push	{r4, lr}
878009b0:	f249 3494 	movw	r4, #37780	; 0x9394
878009b4:	f2c8 7480 	movt	r4, #34688	; 0x8780
878009b8:	eb04 01c0 	add.w	r1, r4, r0, lsl #3
878009bc:	f8d4 2500 	ldr.w	r2, [r4, #1280]	; 0x500
878009c0:	f854 3030 	ldr.w	r3, [r4, r0, lsl #3]
878009c4:	6849      	ldr	r1, [r1, #4]
878009c6:	3201      	adds	r2, #1
878009c8:	f8c4 2500 	str.w	r2, [r4, #1280]	; 0x500
878009cc:	4798      	blx	r3
878009ce:	f8d4 3500 	ldr.w	r3, [r4, #1280]	; 0x500
878009d2:	3b01      	subs	r3, #1
878009d4:	f8c4 3500 	str.w	r3, [r4, #1280]	; 0x500
878009d8:	bd10      	pop	{r4, pc}
878009da:	bf00      	nop

878009dc <gpio1_io18_irqhandler>:
878009dc:	b508      	push	{r3, lr}
878009de:	200a      	movs	r0, #10
878009e0:	f7ff fe5a 	bl	87800698 <delay>
878009e4:	f44f 4040 	mov.w	r0, #49152	; 0xc000
878009e8:	2112      	movs	r1, #18
878009ea:	f2c0 2009 	movt	r0, #521	; 0x209
878009ee:	f7ff fef5 	bl	878007dc <gpio_PinRead>
878009f2:	b958      	cbnz	r0, 87800a0c <gpio1_io18_irqhandler+0x30>
878009f4:	f649 0298 	movw	r2, #39064	; 0x9898
878009f8:	f2c8 7280 	movt	r2, #34688	; 0x8780
878009fc:	7813      	ldrb	r3, [r2, #0]
878009fe:	fab3 f383 	clz	r3, r3
87800a02:	095b      	lsrs	r3, r3, #5
87800a04:	4618      	mov	r0, r3
87800a06:	7013      	strb	r3, [r2, #0]
87800a08:	f7ff fe76 	bl	878006f8 <beep_switch>
87800a0c:	f44f 4040 	mov.w	r0, #49152	; 0xc000
87800a10:	2112      	movs	r1, #18
87800a12:	f2c0 2009 	movt	r0, #521	; 0x209
87800a16:	e8bd 4008 	ldmia.w	sp!, {r3, lr}
87800a1a:	f7ff bef3 	b.w	87800804 <gpio_clearintflags>
87800a1e:	bf00      	nop

87800a20 <exit_init>:
87800a20:	228c      	movs	r2, #140	; 0x8c
87800a22:	f44f 7346 	mov.w	r3, #792	; 0x318
87800a26:	b570      	push	{r4, r5, r6, lr}
87800a28:	f2c0 220e 	movt	r2, #526	; 0x20e
87800a2c:	2005      	movs	r0, #5
87800a2e:	f2c0 230e 	movt	r3, #526	; 0x20e
87800a32:	f24f 0180 	movw	r1, #61568	; 0xf080
87800a36:	f44f 4440 	mov.w	r4, #49152	; 0xc000
87800a3a:	6010      	str	r0, [r2, #0]
87800a3c:	b084      	sub	sp, #16
87800a3e:	6019      	str	r1, [r3, #0]
87800a40:	f2c0 2409 	movt	r4, #521	; 0x209
87800a44:	2304      	movs	r3, #4
87800a46:	4620      	mov	r0, r4
87800a48:	2500      	movs	r5, #0
87800a4a:	eb0d 0203 	add.w	r2, sp, r3
87800a4e:	2112      	movs	r1, #18
87800a50:	9501      	str	r5, [sp, #4]
87800a52:	9303      	str	r3, [sp, #12]
87800a54:	f7ff ff28 	bl	878008a8 <gpio_init>
87800a58:	ee9f 3f10 	mrc	15, 4, r3, cr15, cr0, {0}
87800a5c:	0c1b      	lsrs	r3, r3, #16
87800a5e:	f241 100c 	movw	r0, #4364	; 0x110c
87800a62:	2608      	movs	r6, #8
87800a64:	041b      	lsls	r3, r3, #16
87800a66:	f640 11dd 	movw	r1, #2525	; 0x9dd
87800a6a:	462a      	mov	r2, r5
87800a6c:	501e      	str	r6, [r3, r0]
87800a6e:	f2c8 7180 	movt	r1, #34688	; 0x8780
87800a72:	2063      	movs	r0, #99	; 0x63
87800a74:	f7ff ff4e 	bl	87800914 <system_register_irqhandler>
87800a78:	4620      	mov	r0, r4
87800a7a:	2112      	movs	r1, #18
87800a7c:	f7ff feb4 	bl	878007e8 <gpio_enable_int>
87800a80:	b004      	add	sp, #16
87800a82:	bd70      	pop	{r4, r5, r6, pc}

87800a84 <epit1_irqhandler>:
87800a84:	b508      	push	{r3, lr}
87800a86:	f649 0399 	movw	r3, #39065	; 0x9899
87800a8a:	f2c8 7380 	movt	r3, #34688	; 0x8780
87800a8e:	2200      	movs	r2, #0
87800a90:	f2c0 220d 	movt	r2, #525	; 0x20d
87800a94:	7819      	ldrb	r1, [r3, #0]
87800a96:	fab1 f181 	clz	r1, r1
87800a9a:	0949      	lsrs	r1, r1, #5
87800a9c:	7019      	strb	r1, [r3, #0]
87800a9e:	6853      	ldr	r3, [r2, #4]
87800aa0:	07db      	lsls	r3, r3, #31
87800aa2:	d502      	bpl.n	87800aaa <epit1_irqhandler+0x26>
87800aa4:	2000      	movs	r0, #0
87800aa6:	f7ff fd83 	bl	878005b0 <led_switch>
87800aaa:	2300      	movs	r3, #0
87800aac:	f2c0 230d 	movt	r3, #525	; 0x20d
87800ab0:	685a      	ldr	r2, [r3, #4]
87800ab2:	f042 0201 	orr.w	r2, r2, #1
87800ab6:	605a      	str	r2, [r3, #4]
87800ab8:	bd08      	pop	{r3, pc}
87800aba:	bf00      	nop

87800abc <epit1_init>:
87800abc:	b538      	push	{r3, r4, r5, lr}
87800abe:	f640 73ff 	movw	r3, #4095	; 0xfff
87800ac2:	4298      	cmp	r0, r3
87800ac4:	f04f 0400 	mov.w	r4, #0
87800ac8:	bf28      	it	cs
87800aca:	4618      	movcs	r0, r3
87800acc:	f2c0 240d 	movt	r4, #525	; 0x20d
87800ad0:	0100      	lsls	r0, r0, #4
87800ad2:	2200      	movs	r2, #0
87800ad4:	6022      	str	r2, [r4, #0]
87800ad6:	f040 7080 	orr.w	r0, r0, #16777216	; 0x1000000
87800ada:	f040 000e 	orr.w	r0, r0, #14
87800ade:	6020      	str	r0, [r4, #0]
87800ae0:	60a1      	str	r1, [r4, #8]
87800ae2:	60e2      	str	r2, [r4, #12]
87800ae4:	ee9f 3f10 	mrc	15, 4, r3, cr15, cr0, {0}
87800ae8:	0c1b      	lsrs	r3, r3, #16
87800aea:	f241 1008 	movw	r0, #4360	; 0x1108
87800aee:	f04f 7580 	mov.w	r5, #16777216	; 0x1000000
87800af2:	041b      	lsls	r3, r3, #16
87800af4:	f640 2185 	movw	r1, #2693	; 0xa85
87800af8:	f2c8 7180 	movt	r1, #34688	; 0x8780
87800afc:	501d      	str	r5, [r3, r0]
87800afe:	2058      	movs	r0, #88	; 0x58
87800b00:	f7ff ff08 	bl	87800914 <system_register_irqhandler>
87800b04:	6823      	ldr	r3, [r4, #0]
87800b06:	f043 0301 	orr.w	r3, r3, #1
87800b0a:	6023      	str	r3, [r4, #0]
87800b0c:	bd38      	pop	{r3, r4, r5, pc}
87800b0e:	bf00      	nop

87800b10 <filtertimer_irqhandler>:
87800b10:	b508      	push	{r3, lr}
87800b12:	2300      	movs	r3, #0
87800b14:	f2c0 230d 	movt	r3, #525	; 0x20d
87800b18:	685a      	ldr	r2, [r3, #4]
87800b1a:	07d2      	lsls	r2, r2, #31
87800b1c:	d407      	bmi.n	87800b2e <filtertimer_irqhandler+0x1e>
87800b1e:	2300      	movs	r3, #0
87800b20:	f2c0 230d 	movt	r3, #525	; 0x20d
87800b24:	685a      	ldr	r2, [r3, #4]
87800b26:	f042 0201 	orr.w	r2, r2, #1
87800b2a:	605a      	str	r2, [r3, #4]
87800b2c:	bd08      	pop	{r3, pc}
87800b2e:	681a      	ldr	r2, [r3, #0]
87800b30:	f44f 4040 	mov.w	r0, #49152	; 0xc000
87800b34:	f2c0 2009 	movt	r0, #521	; 0x209
87800b38:	2112      	movs	r1, #18
87800b3a:	f022 0201 	bic.w	r2, r2, #1
87800b3e:	601a      	str	r2, [r3, #0]
87800b40:	f7ff fe4c 	bl	878007dc <gpio_PinRead>
87800b44:	2800      	cmp	r0, #0
87800b46:	d1ea      	bne.n	87800b1e <filtertimer_irqhandler+0xe>
87800b48:	f649 029a 	movw	r2, #39066	; 0x989a
87800b4c:	f2c8 7280 	movt	r2, #34688	; 0x8780
87800b50:	7813      	ldrb	r3, [r2, #0]
87800b52:	fab3 f383 	clz	r3, r3
87800b56:	095b      	lsrs	r3, r3, #5
87800b58:	4618      	mov	r0, r3
87800b5a:	7013      	strb	r3, [r2, #0]
87800b5c:	f7ff fdcc 	bl	878006f8 <beep_switch>
87800b60:	e7dd      	b.n	87800b1e <filtertimer_irqhandler+0xe>
87800b62:	bf00      	nop

87800b64 <gpio1_io_16_31_irqhandler>:
87800b64:	2300      	movs	r3, #0
87800b66:	b410      	push	{r4}
87800b68:	f2c0 230d 	movt	r3, #525	; 0x20d
87800b6c:	f44f 5491 	mov.w	r4, #4640	; 0x1220
87800b70:	f2c0 040a 	movt	r4, #10
87800b74:	f44f 4040 	mov.w	r0, #49152	; 0xc000
87800b78:	681a      	ldr	r2, [r3, #0]
87800b7a:	f2c0 2009 	movt	r0, #521	; 0x209
87800b7e:	2112      	movs	r1, #18
87800b80:	f022 0201 	bic.w	r2, r2, #1
87800b84:	601a      	str	r2, [r3, #0]
87800b86:	609c      	str	r4, [r3, #8]
87800b88:	681a      	ldr	r2, [r3, #0]
87800b8a:	f85d 4b04 	ldr.w	r4, [sp], #4
87800b8e:	f042 0201 	orr.w	r2, r2, #1
87800b92:	601a      	str	r2, [r3, #0]
87800b94:	f7ff be36 	b.w	87800804 <gpio_clearintflags>

87800b98 <filtertimer_init>:
87800b98:	2300      	movs	r3, #0
87800b9a:	210e      	movs	r1, #14
87800b9c:	f2c0 230d 	movt	r3, #525	; 0x20d
87800ba0:	2200      	movs	r2, #0
87800ba2:	f2c0 1100 	movt	r1, #256	; 0x100
87800ba6:	b410      	push	{r4}
87800ba8:	601a      	str	r2, [r3, #0]
87800baa:	6019      	str	r1, [r3, #0]
87800bac:	6098      	str	r0, [r3, #8]
87800bae:	60da      	str	r2, [r3, #12]
87800bb0:	ee9f 3f10 	mrc	15, 4, r3, cr15, cr0, {0}
87800bb4:	0c1b      	lsrs	r3, r3, #16
87800bb6:	f241 1008 	movw	r0, #4360	; 0x1108
87800bba:	f04f 7480 	mov.w	r4, #16777216	; 0x1000000
87800bbe:	041b      	lsls	r3, r3, #16
87800bc0:	f640 3111 	movw	r1, #2833	; 0xb11
87800bc4:	f2c8 7180 	movt	r1, #34688	; 0x8780
87800bc8:	501c      	str	r4, [r3, r0]
87800bca:	2058      	movs	r0, #88	; 0x58
87800bcc:	f85d 4b04 	ldr.w	r4, [sp], #4
87800bd0:	f7ff bea0 	b.w	87800914 <system_register_irqhandler>

87800bd4 <key_filter_init>:
87800bd4:	228c      	movs	r2, #140	; 0x8c
87800bd6:	f44f 7346 	mov.w	r3, #792	; 0x318
87800bda:	b570      	push	{r4, r5, r6, lr}
87800bdc:	f2c0 220e 	movt	r2, #526	; 0x20e
87800be0:	2005      	movs	r0, #5
87800be2:	f2c0 230e 	movt	r3, #526	; 0x20e
87800be6:	f24f 0180 	movw	r1, #61568	; 0xf080
87800bea:	f44f 4440 	mov.w	r4, #49152	; 0xc000
87800bee:	6010      	str	r0, [r2, #0]
87800bf0:	b084      	sub	sp, #16
87800bf2:	6019      	str	r1, [r3, #0]
87800bf4:	f2c0 2409 	movt	r4, #521	; 0x209
87800bf8:	2304      	movs	r3, #4
87800bfa:	4620      	mov	r0, r4
87800bfc:	2500      	movs	r5, #0
87800bfe:	eb0d 0203 	add.w	r2, sp, r3
87800c02:	2112      	movs	r1, #18
87800c04:	9501      	str	r5, [sp, #4]
87800c06:	9303      	str	r3, [sp, #12]
87800c08:	f7ff fe4e 	bl	878008a8 <gpio_init>
87800c0c:	ee9f 3f10 	mrc	15, 4, r3, cr15, cr0, {0}
87800c10:	0c1b      	lsrs	r3, r3, #16
87800c12:	f241 100c 	movw	r0, #4364	; 0x110c
87800c16:	2608      	movs	r6, #8
87800c18:	041b      	lsls	r3, r3, #16
87800c1a:	f640 3165 	movw	r1, #2917	; 0xb65
87800c1e:	462a      	mov	r2, r5
87800c20:	501e      	str	r6, [r3, r0]
87800c22:	f2c8 7180 	movt	r1, #34688	; 0x8780
87800c26:	2063      	movs	r0, #99	; 0x63
87800c28:	f7ff fe74 	bl	87800914 <system_register_irqhandler>
87800c2c:	4620      	mov	r0, r4
87800c2e:	2112      	movs	r1, #18
87800c30:	f7ff fdda 	bl	878007e8 <gpio_enable_int>
87800c34:	f44f 5091 	mov.w	r0, #4640	; 0x1220
87800c38:	f2c0 000a 	movt	r0, #10
87800c3c:	f7ff ffac 	bl	87800b98 <filtertimer_init>
87800c40:	b004      	add	sp, #16
87800c42:	bd70      	pop	{r4, r5, r6, pc}

87800c44 <filtertimer_stop>:
87800c44:	2300      	movs	r3, #0
87800c46:	f2c0 230d 	movt	r3, #525	; 0x20d
87800c4a:	681a      	ldr	r2, [r3, #0]
87800c4c:	f022 0201 	bic.w	r2, r2, #1
87800c50:	601a      	str	r2, [r3, #0]
87800c52:	4770      	bx	lr

87800c54 <filtertimer_restart>:
87800c54:	2300      	movs	r3, #0
87800c56:	f2c0 230d 	movt	r3, #525	; 0x20d
87800c5a:	681a      	ldr	r2, [r3, #0]
87800c5c:	f022 0201 	bic.w	r2, r2, #1
87800c60:	601a      	str	r2, [r3, #0]
87800c62:	6098      	str	r0, [r3, #8]
87800c64:	681a      	ldr	r2, [r3, #0]
87800c66:	f042 0201 	orr.w	r2, r2, #1
87800c6a:	601a      	str	r2, [r3, #0]
87800c6c:	4770      	bx	lr
87800c6e:	bf00      	nop

87800c70 <uart_io_init>:
87800c70:	b4f0      	push	{r4, r5, r6, r7}
87800c72:	f240 6024 	movw	r0, #1572	; 0x624
87800c76:	2684      	movs	r6, #132	; 0x84
87800c78:	2488      	movs	r4, #136	; 0x88
87800c7a:	f44f 7144 	mov.w	r1, #784	; 0x310
87800c7e:	f44f 7345 	mov.w	r3, #788	; 0x314
87800c82:	2500      	movs	r5, #0
87800c84:	f2c0 260e 	movt	r6, #526	; 0x20e
87800c88:	f2c0 240e 	movt	r4, #526	; 0x20e
87800c8c:	2703      	movs	r7, #3
87800c8e:	f241 02b0 	movw	r2, #4272	; 0x10b0
87800c92:	f2c0 200e 	movt	r0, #526	; 0x20e
87800c96:	f2c0 210e 	movt	r1, #526	; 0x20e
87800c9a:	f2c0 230e 	movt	r3, #526	; 0x20e
87800c9e:	6035      	str	r5, [r6, #0]
87800ca0:	6025      	str	r5, [r4, #0]
87800ca2:	6007      	str	r7, [r0, #0]
87800ca4:	600a      	str	r2, [r1, #0]
87800ca6:	bcf0      	pop	{r4, r5, r6, r7}
87800ca8:	601a      	str	r2, [r3, #0]
87800caa:	4770      	bx	lr

87800cac <uart_disable>:
87800cac:	f8d0 3080 	ldr.w	r3, [r0, #128]	; 0x80
87800cb0:	f023 0301 	bic.w	r3, r3, #1
87800cb4:	f8c0 3080 	str.w	r3, [r0, #128]	; 0x80
87800cb8:	4770      	bx	lr
87800cba:	bf00      	nop

87800cbc <uart_enable>:
87800cbc:	f8d0 3080 	ldr.w	r3, [r0, #128]	; 0x80
87800cc0:	f043 0301 	orr.w	r3, r3, #1
87800cc4:	f8c0 3080 	str.w	r3, [r0, #128]	; 0x80
87800cc8:	4770      	bx	lr
87800cca:	bf00      	nop

87800ccc <uart_softreset>:
87800ccc:	f8d0 3084 	ldr.w	r3, [r0, #132]	; 0x84
87800cd0:	f023 0301 	bic.w	r3, r3, #1
87800cd4:	f8c0 3084 	str.w	r3, [r0, #132]	; 0x84
87800cd8:	f8d0 3084 	ldr.w	r3, [r0, #132]	; 0x84
87800cdc:	07db      	lsls	r3, r3, #31
87800cde:	d5fb      	bpl.n	87800cd8 <uart_softreset+0xc>
87800ce0:	4770      	bx	lr
87800ce2:	bf00      	nop

87800ce4 <putc>:
87800ce4:	2100      	movs	r1, #0
87800ce6:	f2c0 2102 	movt	r1, #514	; 0x202
87800cea:	f8d1 2098 	ldr.w	r2, [r1, #152]	; 0x98
87800cee:	2300      	movs	r3, #0
87800cf0:	f2c0 2302 	movt	r3, #514	; 0x202
87800cf4:	0712      	lsls	r2, r2, #28
87800cf6:	d5f8      	bpl.n	87800cea <putc+0x6>
87800cf8:	6418      	str	r0, [r3, #64]	; 0x40
87800cfa:	4770      	bx	lr

87800cfc <getc>:
87800cfc:	2100      	movs	r1, #0
87800cfe:	f2c0 2102 	movt	r1, #514	; 0x202
87800d02:	f8d1 2098 	ldr.w	r2, [r1, #152]	; 0x98
87800d06:	2300      	movs	r3, #0
87800d08:	f2c0 2302 	movt	r3, #514	; 0x202
87800d0c:	07d2      	lsls	r2, r2, #31
87800d0e:	d5f8      	bpl.n	87800d02 <getc+0x6>
87800d10:	6818      	ldr	r0, [r3, #0]
87800d12:	b2c0      	uxtb	r0, r0
87800d14:	4770      	bx	lr
87800d16:	bf00      	nop

87800d18 <puts>:
87800d18:	7801      	ldrb	r1, [r0, #0]
87800d1a:	b179      	cbz	r1, 87800d3c <puts+0x24>
87800d1c:	2200      	movs	r2, #0
87800d1e:	b410      	push	{r4}
87800d20:	f2c0 2202 	movt	r2, #514	; 0x202
87800d24:	4614      	mov	r4, r2
87800d26:	f8d2 3098 	ldr.w	r3, [r2, #152]	; 0x98
87800d2a:	071b      	lsls	r3, r3, #28
87800d2c:	d5fb      	bpl.n	87800d26 <puts+0xe>
87800d2e:	6421      	str	r1, [r4, #64]	; 0x40
87800d30:	f810 1f01 	ldrb.w	r1, [r0, #1]!
87800d34:	2900      	cmp	r1, #0
87800d36:	d1f6      	bne.n	87800d26 <puts+0xe>
87800d38:	f85d 4b04 	ldr.w	r4, [sp], #4
87800d3c:	4770      	bx	lr
87800d3e:	bf00      	nop

87800d40 <uart_setbaudrate>:
87800d40:	e92d 4ff0 	stmdb	sp!, {r4, r5, r6, r7, r8, r9, sl, fp, lr}
87800d44:	010d      	lsls	r5, r1, #4
87800d46:	b085      	sub	sp, #20
87800d48:	460f      	mov	r7, r1
87800d4a:	4682      	mov	sl, r0
87800d4c:	4691      	mov	r9, r2
87800d4e:	f000 80f1 	beq.w	87800f34 <uart_setbaudrate+0x1f4>
87800d52:	462c      	mov	r4, r5
87800d54:	4610      	mov	r0, r2
87800d56:	e000      	b.n	87800d5a <uart_setbaudrate+0x1a>
87800d58:	460c      	mov	r4, r1
87800d5a:	4621      	mov	r1, r4
87800d5c:	f003 fbd6 	bl	8780450c <__aeabi_uidivmod>
87800d60:	4620      	mov	r0, r4
87800d62:	2900      	cmp	r1, #0
87800d64:	d1f8      	bne.n	87800d58 <uart_setbaudrate+0x18>
87800d66:	4621      	mov	r1, r4
87800d68:	4648      	mov	r0, r9
87800d6a:	f003 faa1 	bl	878042b0 <__aeabi_uidiv>
87800d6e:	4621      	mov	r1, r4
87800d70:	4606      	mov	r6, r0
87800d72:	4628      	mov	r0, r5
87800d74:	f003 fa9c 	bl	878042b0 <__aeabi_uidiv>
87800d78:	f64f 73f9 	movw	r3, #65529	; 0xfff9
87800d7c:	4605      	mov	r5, r0
87800d7e:	f2c0 0306 	movt	r3, #6
87800d82:	429e      	cmp	r6, r3
87800d84:	bf98      	it	ls
87800d86:	f5b0 3f80 	cmpls.w	r0, #65536	; 0x10000
87800d8a:	bf2c      	ite	cs
87800d8c:	2301      	movcs	r3, #1
87800d8e:	2300      	movcc	r3, #0
87800d90:	d277      	bcs.n	87800e82 <uart_setbaudrate+0x142>
87800d92:	f248 0101 	movw	r1, #32769	; 0x8001
87800d96:	1e72      	subs	r2, r6, #1
87800d98:	f2c8 0100 	movt	r1, #32768	; 0x8000
87800d9c:	9301      	str	r3, [sp, #4]
87800d9e:	fba2 2301 	umull	r2, r3, r2, r1
87800da2:	ea4f 1b06 	mov.w	fp, r6, lsl #4
87800da6:	4680      	mov	r8, r0
87800da8:	0bda      	lsrs	r2, r3, #15
87800daa:	1e53      	subs	r3, r2, #1
87800dac:	3201      	adds	r2, #1
87800dae:	9203      	str	r2, [sp, #12]
87800db0:	2b05      	cmp	r3, #5
87800db2:	4648      	mov	r0, r9
87800db4:	bf96      	itet	ls
87800db6:	f644 2284 	movwls	r2, #19076	; 0x4a84
87800dba:	2305      	movhi	r3, #5
87800dbc:	f2c8 7280 	movtls	r2, #34688	; 0x8780
87800dc0:	f04f 0100 	mov.w	r1, #0
87800dc4:	bf98      	it	ls
87800dc6:	f852 3023 	ldrls.w	r3, [r2, r3, lsl #2]
87800dca:	9302      	str	r3, [sp, #8]
87800dcc:	f1bb 0f00 	cmp.w	fp, #0
87800dd0:	f000 80ae 	beq.w	87800f30 <uart_setbaudrate+0x1f0>
87800dd4:	465c      	mov	r4, fp
87800dd6:	e000      	b.n	87800dda <uart_setbaudrate+0x9a>
87800dd8:	4614      	mov	r4, r2
87800dda:	4622      	mov	r2, r4
87800ddc:	2300      	movs	r3, #0
87800dde:	f003 fba3 	bl	87804528 <__aeabi_uldivmod>
87800de2:	4620      	mov	r0, r4
87800de4:	2100      	movs	r1, #0
87800de6:	2a00      	cmp	r2, #0
87800de8:	d1f6      	bne.n	87800dd8 <uart_setbaudrate+0x98>
87800dea:	4648      	mov	r0, r9
87800dec:	4621      	mov	r1, r4
87800dee:	f003 fa5f 	bl	878042b0 <__aeabi_uidiv>
87800df2:	4603      	mov	r3, r0
87800df4:	9a01      	ldr	r2, [sp, #4]
87800df6:	fba3 8908 	umull	r8, r9, r3, r8
87800dfa:	4621      	mov	r1, r4
87800dfc:	4658      	mov	r0, fp
87800dfe:	fb03 9902 	mla	r9, r3, r2, r9
87800e02:	f003 fa55 	bl	878042b0 <__aeabi_uidiv>
87800e06:	2300      	movs	r3, #0
87800e08:	4602      	mov	r2, r0
87800e0a:	4649      	mov	r1, r9
87800e0c:	4640      	mov	r0, r8
87800e0e:	f003 fb8b 	bl	87804528 <__aeabi_uldivmod>
87800e12:	2300      	movs	r3, #0
87800e14:	4299      	cmp	r1, r3
87800e16:	bf08      	it	eq
87800e18:	42b8      	cmpeq	r0, r7
87800e1a:	d32e      	bcc.n	87800e7a <uart_setbaudrate+0x13a>
87800e1c:	1bc0      	subs	r0, r0, r7
87800e1e:	eb61 0103 	sbc.w	r1, r1, r3
87800e22:	f248 521f 	movw	r2, #34079	; 0x851f
87800e26:	f2c5 12eb 	movt	r2, #20971	; 0x51eb
87800e2a:	fba7 2302 	umull	r2, r3, r7, r2
87800e2e:	095a      	lsrs	r2, r3, #5
87800e30:	2300      	movs	r3, #0
87800e32:	4299      	cmp	r1, r3
87800e34:	eb02 0242 	add.w	r2, r2, r2, lsl #1
87800e38:	bf08      	it	eq
87800e3a:	4290      	cmpeq	r0, r2
87800e3c:	d21a      	bcs.n	87800e74 <uart_setbaudrate+0x134>
87800e3e:	9b02      	ldr	r3, [sp, #8]
87800e40:	3d01      	subs	r5, #1
87800e42:	f8da 1090 	ldr.w	r1, [sl, #144]	; 0x90
87800e46:	b2ad      	uxth	r5, r5
87800e48:	4630      	mov	r0, r6
87800e4a:	01db      	lsls	r3, r3, #7
87800e4c:	f403 7260 	and.w	r2, r3, #896	; 0x380
87800e50:	f421 7360 	bic.w	r3, r1, #896	; 0x380
87800e54:	f8ca 3090 	str.w	r3, [sl, #144]	; 0x90
87800e58:	f8da 3090 	ldr.w	r3, [sl, #144]	; 0x90
87800e5c:	9903      	ldr	r1, [sp, #12]
87800e5e:	4313      	orrs	r3, r2
87800e60:	f8ca 3090 	str.w	r3, [sl, #144]	; 0x90
87800e64:	f8ca 50a4 	str.w	r5, [sl, #164]	; 0xa4
87800e68:	f003 fa22 	bl	878042b0 <__aeabi_uidiv>
87800e6c:	3801      	subs	r0, #1
87800e6e:	b280      	uxth	r0, r0
87800e70:	f8ca 00a8 	str.w	r0, [sl, #168]	; 0xa8
87800e74:	b005      	add	sp, #20
87800e76:	e8bd 8ff0 	ldmia.w	sp!, {r4, r5, r6, r7, r8, r9, sl, fp, pc}
87800e7a:	1a38      	subs	r0, r7, r0
87800e7c:	eb63 0101 	sbc.w	r1, r3, r1
87800e80:	e7cf      	b.n	87800e22 <uart_setbaudrate+0xe2>
87800e82:	f646 52b9 	movw	r2, #28089	; 0x6db9
87800e86:	1e71      	subs	r1, r6, #1
87800e88:	f2c2 4293 	movt	r2, #9363	; 0x2493
87800e8c:	f248 0401 	movw	r4, #32769	; 0x8001
87800e90:	fba1 2302 	umull	r2, r3, r1, r2
87800e94:	f100 3bff 	add.w	fp, r0, #4294967295	; 0xffffffff
87800e98:	f2c8 0400 	movt	r4, #32768	; 0x8000
87800e9c:	4630      	mov	r0, r6
87800e9e:	fbab bc04 	umull	fp, ip, fp, r4
87800ea2:	1ac9      	subs	r1, r1, r3
87800ea4:	eb03 0351 	add.w	r3, r3, r1, lsr #1
87800ea8:	ea4f 38dc 	mov.w	r8, ip, lsr #15
87800eac:	0c9b      	lsrs	r3, r3, #18
87800eae:	f108 0801 	add.w	r8, r8, #1
87800eb2:	3301      	adds	r3, #1
87800eb4:	4598      	cmp	r8, r3
87800eb6:	bf38      	it	cc
87800eb8:	4698      	movcc	r8, r3
87800eba:	4641      	mov	r1, r8
87800ebc:	f003 f9f8 	bl	878042b0 <__aeabi_uidiv>
87800ec0:	4606      	mov	r6, r0
87800ec2:	4641      	mov	r1, r8
87800ec4:	4628      	mov	r0, r5
87800ec6:	f003 f9f3 	bl	878042b0 <__aeabi_uidiv>
87800eca:	4605      	mov	r5, r0
87800ecc:	b976      	cbnz	r6, 87800eec <uart_setbaudrate+0x1ac>
87800ece:	bb40      	cbnz	r0, 87800f22 <uart_setbaudrate+0x1e2>
87800ed0:	f04f 0801 	mov.w	r8, #1
87800ed4:	2305      	movs	r3, #5
87800ed6:	4601      	mov	r1, r0
87800ed8:	9001      	str	r0, [sp, #4]
87800eda:	4646      	mov	r6, r8
87800edc:	f8cd 800c 	str.w	r8, [sp, #12]
87800ee0:	4645      	mov	r5, r8
87800ee2:	4648      	mov	r0, r9
87800ee4:	f04f 0b10 	mov.w	fp, #16
87800ee8:	9302      	str	r3, [sp, #8]
87800eea:	e773      	b.n	87800dd4 <uart_setbaudrate+0x94>
87800eec:	1e72      	subs	r2, r6, #1
87800eee:	b158      	cbz	r0, 87800f08 <uart_setbaudrate+0x1c8>
87800ef0:	fba2 2304 	umull	r2, r3, r2, r4
87800ef4:	ea4f 1b06 	mov.w	fp, r6, lsl #4
87800ef8:	0bda      	lsrs	r2, r3, #15
87800efa:	1e53      	subs	r3, r2, #1
87800efc:	3201      	adds	r2, #1
87800efe:	9203      	str	r2, [sp, #12]
87800f00:	2200      	movs	r2, #0
87800f02:	46a8      	mov	r8, r5
87800f04:	9201      	str	r2, [sp, #4]
87800f06:	e753      	b.n	87800db0 <uart_setbaudrate+0x70>
87800f08:	fba2 2304 	umull	r2, r3, r2, r4
87800f0c:	f04f 0801 	mov.w	r8, #1
87800f10:	9001      	str	r0, [sp, #4]
87800f12:	ea4f 1b06 	mov.w	fp, r6, lsl #4
87800f16:	4645      	mov	r5, r8
87800f18:	0bda      	lsrs	r2, r3, #15
87800f1a:	1e53      	subs	r3, r2, #1
87800f1c:	4442      	add	r2, r8
87800f1e:	9203      	str	r2, [sp, #12]
87800f20:	e746      	b.n	87800db0 <uart_setbaudrate+0x70>
87800f22:	2201      	movs	r2, #1
87800f24:	f04f 0b10 	mov.w	fp, #16
87800f28:	4616      	mov	r6, r2
87800f2a:	f04f 33ff 	mov.w	r3, #4294967295	; 0xffffffff
87800f2e:	e7e6      	b.n	87800efe <uart_setbaudrate+0x1be>
87800f30:	2401      	movs	r4, #1
87800f32:	e75a      	b.n	87800dea <uart_setbaudrate+0xaa>
87800f34:	2401      	movs	r4, #1
87800f36:	e716      	b.n	87800d66 <uart_setbaudrate+0x26>

87800f38 <uart_init>:
87800f38:	b5f8      	push	{r3, r4, r5, r6, r7, lr}
87800f3a:	2084      	movs	r0, #132	; 0x84
87800f3c:	2300      	movs	r3, #0
87800f3e:	f2c0 200e 	movt	r0, #526	; 0x20e
87800f42:	461e      	mov	r6, r3
87800f44:	2288      	movs	r2, #136	; 0x88
87800f46:	f240 6524 	movw	r5, #1572	; 0x624
87800f4a:	f44f 7444 	mov.w	r4, #784	; 0x310
87800f4e:	f44f 7145 	mov.w	r1, #788	; 0x314
87800f52:	6006      	str	r6, [r0, #0]
87800f54:	f2c0 2302 	movt	r3, #514	; 0x202
87800f58:	f2c0 220e 	movt	r2, #526	; 0x20e
87800f5c:	f2c0 210e 	movt	r1, #526	; 0x20e
87800f60:	f241 00b0 	movw	r0, #4272	; 0x10b0
87800f64:	f2c0 250e 	movt	r5, #526	; 0x20e
87800f68:	f2c0 240e 	movt	r4, #526	; 0x20e
87800f6c:	2703      	movs	r7, #3
87800f6e:	6016      	str	r6, [r2, #0]
87800f70:	602f      	str	r7, [r5, #0]
87800f72:	461a      	mov	r2, r3
87800f74:	6020      	str	r0, [r4, #0]
87800f76:	6008      	str	r0, [r1, #0]
87800f78:	f8d3 1080 	ldr.w	r1, [r3, #128]	; 0x80
87800f7c:	f021 0101 	bic.w	r1, r1, #1
87800f80:	f8c3 1080 	str.w	r1, [r3, #128]	; 0x80
87800f84:	f8d3 1084 	ldr.w	r1, [r3, #132]	; 0x84
87800f88:	f021 0101 	bic.w	r1, r1, #1
87800f8c:	f8c3 1084 	str.w	r1, [r3, #132]	; 0x84
87800f90:	f8d2 3084 	ldr.w	r3, [r2, #132]	; 0x84
87800f94:	2400      	movs	r4, #0
87800f96:	f2c0 2402 	movt	r4, #514	; 0x202
87800f9a:	07db      	lsls	r3, r3, #31
87800f9c:	d5f8      	bpl.n	87800f90 <uart_init+0x58>
87800f9e:	2500      	movs	r5, #0
87800fa0:	f44f 4234 	mov.w	r2, #46080	; 0xb400
87800fa4:	f8c4 5080 	str.w	r5, [r4, #128]	; 0x80
87800fa8:	f2c0 42c4 	movt	r2, #1220	; 0x4c4
87800fac:	f8c4 5084 	str.w	r5, [r4, #132]	; 0x84
87800fb0:	f44f 31e1 	mov.w	r1, #115200	; 0x1c200
87800fb4:	f8d4 3084 	ldr.w	r3, [r4, #132]	; 0x84
87800fb8:	4620      	mov	r0, r4
87800fba:	f443 4380 	orr.w	r3, r3, #16384	; 0x4000
87800fbe:	f043 0325 	orr.w	r3, r3, #37	; 0x25
87800fc2:	f8c4 3084 	str.w	r3, [r4, #132]	; 0x84
87800fc6:	f8c4 5088 	str.w	r5, [r4, #136]	; 0x88
87800fca:	f8d4 3088 	ldr.w	r3, [r4, #136]	; 0x88
87800fce:	f043 0304 	orr.w	r3, r3, #4
87800fd2:	f8c4 3088 	str.w	r3, [r4, #136]	; 0x88
87800fd6:	f7ff feb3 	bl	87800d40 <uart_setbaudrate>
87800fda:	f8d4 3080 	ldr.w	r3, [r4, #128]	; 0x80
87800fde:	f043 0301 	orr.w	r3, r3, #1
87800fe2:	f8c4 3080 	str.w	r3, [r4, #128]	; 0x80
87800fe6:	bdf8      	pop	{r3, r4, r5, r6, r7, pc}

87800fe8 <raise>:
87800fe8:	4770      	bx	lr
87800fea:	bf00      	nop

87800fec <lcd_drawline>:
87800fec:	e92d 4ff0 	stmdb	sp!, {r4, r5, r6, r7, r8, r9, sl, fp, lr}
87800ff0:	ebc0 0902 	rsb	r9, r0, r2
87800ff4:	f1b9 0f00 	cmp.w	r9, #0
87800ff8:	b085      	sub	sp, #20
87800ffa:	ebc1 0a03 	rsb	sl, r1, r3
87800ffe:	bfc8      	it	gt
87801000:	2301      	movgt	r3, #1
87801002:	4607      	mov	r7, r0
87801004:	4688      	mov	r8, r1
87801006:	bfc8      	it	gt
87801008:	9302      	strgt	r3, [sp, #8]
8780100a:	dd33      	ble.n	87801074 <lcd_drawline+0x88>
8780100c:	f1ba 0f00 	cmp.w	sl, #0
87801010:	bfc4      	itt	gt
87801012:	2301      	movgt	r3, #1
87801014:	9303      	strgt	r3, [sp, #12]
87801016:	dd36      	ble.n	87801086 <lcd_drawline+0x9a>
87801018:	2500      	movs	r5, #0
8780101a:	45ca      	cmp	sl, r9
8780101c:	46d3      	mov	fp, sl
8780101e:	f24a 039c 	movw	r3, #41116	; 0xa09c
87801022:	bfb8      	it	lt
87801024:	46cb      	movlt	fp, r9
87801026:	462e      	mov	r6, r5
87801028:	462c      	mov	r4, r5
8780102a:	f10b 0201 	add.w	r2, fp, #1
8780102e:	f2c8 7380 	movt	r3, #34688	; 0x8780
87801032:	9200      	str	r2, [sp, #0]
87801034:	9301      	str	r3, [sp, #4]
87801036:	9b01      	ldr	r3, [sp, #4]
87801038:	444e      	add	r6, r9
8780103a:	fa1f f188 	uxth.w	r1, r8
8780103e:	b2b8      	uxth	r0, r7
87801040:	699a      	ldr	r2, [r3, #24]
87801042:	4455      	add	r5, sl
87801044:	f000 fd9a 	bl	87801b7c <lcd_drawpoint>
87801048:	455e      	cmp	r6, fp
8780104a:	f104 0401 	add.w	r4, r4, #1
8780104e:	bfc4      	itt	gt
87801050:	9b02      	ldrgt	r3, [sp, #8]
87801052:	ebcb 0606 	rsbgt	r6, fp, r6
87801056:	b2a4      	uxth	r4, r4
87801058:	bfc8      	it	gt
8780105a:	18ff      	addgt	r7, r7, r3
8780105c:	455d      	cmp	r5, fp
8780105e:	bfc2      	ittt	gt
87801060:	9b03      	ldrgt	r3, [sp, #12]
87801062:	ebcb 0505 	rsbgt	r5, fp, r5
87801066:	4498      	addgt	r8, r3
87801068:	9b00      	ldr	r3, [sp, #0]
8780106a:	429c      	cmp	r4, r3
8780106c:	dde3      	ble.n	87801036 <lcd_drawline+0x4a>
8780106e:	b005      	add	sp, #20
87801070:	e8bd 8ff0 	ldmia.w	sp!, {r4, r5, r6, r7, r8, r9, sl, fp, pc}
87801074:	bf1d      	ittte	ne
87801076:	f04f 33ff 	movne.w	r3, #4294967295	; 0xffffffff
8780107a:	f1c9 0900 	rsbne	r9, r9, #0
8780107e:	9302      	strne	r3, [sp, #8]
87801080:	f8cd 9008 	streq.w	r9, [sp, #8]
87801084:	e7c2      	b.n	8780100c <lcd_drawline+0x20>
87801086:	bf1d      	ittte	ne
87801088:	f04f 33ff 	movne.w	r3, #4294967295	; 0xffffffff
8780108c:	f1ca 0a00 	rsbne	sl, sl, #0
87801090:	9303      	strne	r3, [sp, #12]
87801092:	f8cd a00c 	streq.w	sl, [sp, #12]
87801096:	e7bf      	b.n	87801018 <lcd_drawline+0x2c>

87801098 <lcd_draw_rectangle>:
87801098:	e92d 41f0 	stmdb	sp!, {r4, r5, r6, r7, r8, lr}
8780109c:	461c      	mov	r4, r3
8780109e:	4606      	mov	r6, r0
878010a0:	460d      	mov	r5, r1
878010a2:	460b      	mov	r3, r1
878010a4:	4617      	mov	r7, r2
878010a6:	f7ff ffa1 	bl	87800fec <lcd_drawline>
878010aa:	4623      	mov	r3, r4
878010ac:	4632      	mov	r2, r6
878010ae:	4629      	mov	r1, r5
878010b0:	4630      	mov	r0, r6
878010b2:	f7ff ff9b 	bl	87800fec <lcd_drawline>
878010b6:	4623      	mov	r3, r4
878010b8:	463a      	mov	r2, r7
878010ba:	4621      	mov	r1, r4
878010bc:	4630      	mov	r0, r6
878010be:	f7ff ff95 	bl	87800fec <lcd_drawline>
878010c2:	4623      	mov	r3, r4
878010c4:	463a      	mov	r2, r7
878010c6:	4629      	mov	r1, r5
878010c8:	4638      	mov	r0, r7
878010ca:	e8bd 41f0 	ldmia.w	sp!, {r4, r5, r6, r7, r8, lr}
878010ce:	f7ff bf8d 	b.w	87800fec <lcd_drawline>
878010d2:	bf00      	nop

878010d4 <lcd_draw_Circle>:
878010d4:	4613      	mov	r3, r2
878010d6:	e92d 4ff0 	stmdb	sp!, {r4, r5, r6, r7, r8, r9, sl, fp, lr}
878010da:	f1c2 0201 	rsb	r2, r2, #1
878010de:	b085      	sub	sp, #20
878010e0:	9000      	str	r0, [sp, #0]
878010e2:	9201      	str	r2, [sp, #4]
878010e4:	2b00      	cmp	r3, #0
878010e6:	d066      	beq.n	878011b6 <lcd_draw_Circle+0xe2>
878010e8:	f24a 069c 	movw	r6, #41116	; 0xa09c
878010ec:	2700      	movs	r7, #0
878010ee:	f2c8 7680 	movt	r6, #34688	; 0x8780
878010f2:	468b      	mov	fp, r1
878010f4:	b29d      	uxth	r5, r3
878010f6:	9303      	str	r3, [sp, #12]
878010f8:	9b00      	ldr	r3, [sp, #0]
878010fa:	b2bc      	uxth	r4, r7
878010fc:	eb05 0a0b 	add.w	sl, r5, fp
87801100:	69b2      	ldr	r2, [r6, #24]
87801102:	fa1f fa8a 	uxth.w	sl, sl
87801106:	eb0b 0904 	add.w	r9, fp, r4
8780110a:	18e1      	adds	r1, r4, r3
8780110c:	fa1f f989 	uxth.w	r9, r9
87801110:	b289      	uxth	r1, r1
87801112:	4608      	mov	r0, r1
87801114:	9102      	str	r1, [sp, #8]
87801116:	4651      	mov	r1, sl
87801118:	f000 fd30 	bl	87801b7c <lcd_drawpoint>
8780111c:	9a00      	ldr	r2, [sp, #0]
8780111e:	4649      	mov	r1, r9
87801120:	eb05 0802 	add.w	r8, r5, r2
87801124:	69b2      	ldr	r2, [r6, #24]
87801126:	fa1f f888 	uxth.w	r8, r8
8780112a:	4640      	mov	r0, r8
8780112c:	f000 fd26 	bl	87801b7c <lcd_drawpoint>
87801130:	9a00      	ldr	r2, [sp, #0]
87801132:	4651      	mov	r1, sl
87801134:	1b12      	subs	r2, r2, r4
87801136:	ebc4 040b 	rsb	r4, r4, fp
8780113a:	fa1f fa82 	uxth.w	sl, r2
8780113e:	69b2      	ldr	r2, [r6, #24]
87801140:	b2a4      	uxth	r4, r4
87801142:	4650      	mov	r0, sl
87801144:	f000 fd1a 	bl	87801b7c <lcd_drawpoint>
87801148:	9a00      	ldr	r2, [sp, #0]
8780114a:	4649      	mov	r1, r9
8780114c:	1b52      	subs	r2, r2, r5
8780114e:	ebc5 050b 	rsb	r5, r5, fp
87801152:	fa1f f982 	uxth.w	r9, r2
87801156:	b2ad      	uxth	r5, r5
87801158:	69b2      	ldr	r2, [r6, #24]
8780115a:	4648      	mov	r0, r9
8780115c:	f000 fd0e 	bl	87801b7c <lcd_drawpoint>
87801160:	4650      	mov	r0, sl
87801162:	69b2      	ldr	r2, [r6, #24]
87801164:	4629      	mov	r1, r5
87801166:	f000 fd09 	bl	87801b7c <lcd_drawpoint>
8780116a:	4648      	mov	r0, r9
8780116c:	69b2      	ldr	r2, [r6, #24]
8780116e:	4621      	mov	r1, r4
87801170:	f000 fd04 	bl	87801b7c <lcd_drawpoint>
87801174:	4629      	mov	r1, r5
87801176:	9802      	ldr	r0, [sp, #8]
87801178:	69b2      	ldr	r2, [r6, #24]
8780117a:	f000 fcff 	bl	87801b7c <lcd_drawpoint>
8780117e:	4621      	mov	r1, r4
87801180:	69b2      	ldr	r2, [r6, #24]
87801182:	4640      	mov	r0, r8
87801184:	f000 fcfa 	bl	87801b7c <lcd_drawpoint>
87801188:	9901      	ldr	r1, [sp, #4]
8780118a:	9b03      	ldr	r3, [sp, #12]
8780118c:	2900      	cmp	r1, #0
8780118e:	eba7 0203 	sub.w	r2, r7, r3
87801192:	bfa8      	it	ge
87801194:	f103 33ff 	addge.w	r3, r3, #4294967295	; 0xffffffff
87801198:	eb01 0242 	add.w	r2, r1, r2, lsl #1
8780119c:	bfba      	itte	lt
8780119e:	460a      	movlt	r2, r1
878011a0:	eb02 0247 	addlt.w	r2, r2, r7, lsl #1
878011a4:	3205      	addge	r2, #5
878011a6:	f107 0701 	add.w	r7, r7, #1
878011aa:	bfae      	itee	ge
878011ac:	9201      	strge	r2, [sp, #4]
878011ae:	3203      	addlt	r2, #3
878011b0:	9201      	strlt	r2, [sp, #4]
878011b2:	42bb      	cmp	r3, r7
878011b4:	dc9e      	bgt.n	878010f4 <lcd_draw_Circle+0x20>
878011b6:	b005      	add	sp, #20
878011b8:	e8bd 8ff0 	ldmia.w	sp!, {r4, r5, r6, r7, r8, r9, sl, fp, pc}

878011bc <lcd_showchar>:
878011bc:	e92d 4ff0 	stmdb	sp!, {r4, r5, r6, r7, r8, r9, sl, fp, lr}
878011c0:	461e      	mov	r6, r3
878011c2:	f013 0307 	ands.w	r3, r3, #7
878011c6:	ea4f 0456 	mov.w	r4, r6, lsr #1
878011ca:	bf18      	it	ne
878011cc:	2301      	movne	r3, #1
878011ce:	eb03 05d6 	add.w	r5, r3, r6, lsr #3
878011d2:	4689      	mov	r9, r1
878011d4:	b087      	sub	sp, #28
878011d6:	fb15 f104 	smulbb	r1, r5, r4
878011da:	3a20      	subs	r2, #32
878011dc:	b2d2      	uxtb	r2, r2
878011de:	9001      	str	r0, [sp, #4]
878011e0:	f89d b040 	ldrb.w	fp, [sp, #64]	; 0x40
878011e4:	f011 01ff 	ands.w	r1, r1, #255	; 0xff
878011e8:	d06c      	beq.n	878012c4 <lcd_showchar+0x108>
878011ea:	b217      	sxth	r7, r2
878011ec:	483d      	ldr	r0, [pc, #244]	; (878012e4 <lcd_showchar+0x128>)
878011ee:	3901      	subs	r1, #1
878011f0:	ea4f 0887 	mov.w	r8, r7, lsl #2
878011f4:	b2c9      	uxtb	r1, r1
878011f6:	013c      	lsls	r4, r7, #4
878011f8:	eb08 1e47 	add.w	lr, r8, r7, lsl #5
878011fc:	f644 259c 	movw	r5, #19100	; 0x4a9c
87801200:	f500 6cbe 	add.w	ip, r0, #1520	; 0x5f0
87801204:	eb0c 13c7 	add.w	r3, ip, r7, lsl #7
87801208:	f2c8 7580 	movt	r5, #34688	; 0x8780
8780120c:	f10e 0201 	add.w	r2, lr, #1
87801210:	440a      	add	r2, r1
87801212:	f205 4a74 	addw	sl, r5, #1140	; 0x474
87801216:	ebc8 0104 	rsb	r1, r8, r4
8780121a:	9302      	str	r3, [sp, #8]
8780121c:	eb0a 0302 	add.w	r3, sl, r2
87801220:	f24a 079c 	movw	r7, #41116	; 0xa09c
87801224:	9305      	str	r3, [sp, #20]
87801226:	186b      	adds	r3, r5, r1
87801228:	9303      	str	r3, [sp, #12]
8780122a:	1903      	adds	r3, r0, r4
8780122c:	44f2      	add	sl, lr
8780122e:	9304      	str	r3, [sp, #16]
87801230:	465b      	mov	r3, fp
87801232:	f2c8 7780 	movt	r7, #34688	; 0x8780
87801236:	46d3      	mov	fp, sl
87801238:	464c      	mov	r4, r9
8780123a:	469a      	mov	sl, r3
8780123c:	2e0c      	cmp	r6, #12
8780123e:	d04a      	beq.n	878012d6 <lcd_showchar+0x11a>
87801240:	2e10      	cmp	r6, #16
87801242:	d04b      	beq.n	878012dc <lcd_showchar+0x120>
87801244:	2e18      	cmp	r6, #24
87801246:	bf08      	it	eq
87801248:	f89b 5000 	ldrbeq.w	r5, [fp]
8780124c:	d003      	beq.n	87801256 <lcd_showchar+0x9a>
8780124e:	2e20      	cmp	r6, #32
87801250:	d138      	bne.n	878012c4 <lcd_showchar+0x108>
87801252:	9b02      	ldr	r3, [sp, #8]
87801254:	781d      	ldrb	r5, [r3, #0]
87801256:	f104 0808 	add.w	r8, r4, #8
8780125a:	fa1f f888 	uxth.w	r8, r8
8780125e:	e00c      	b.n	8780127a <lcd_showchar+0xbe>
87801260:	3401      	adds	r4, #1
87801262:	883b      	ldrh	r3, [r7, #0]
87801264:	b2a4      	uxth	r4, r4
87801266:	006d      	lsls	r5, r5, #1
87801268:	42a3      	cmp	r3, r4
8780126a:	ebc9 0204 	rsb	r2, r9, r4
8780126e:	b2ed      	uxtb	r5, r5
87801270:	d928      	bls.n	878012c4 <lcd_showchar+0x108>
87801272:	42b2      	cmp	r2, r6
87801274:	d00c      	beq.n	87801290 <lcd_showchar+0xd4>
87801276:	4544      	cmp	r4, r8
87801278:	d016      	beq.n	878012a8 <lcd_showchar+0xec>
8780127a:	062b      	lsls	r3, r5, #24
8780127c:	d425      	bmi.n	878012ca <lcd_showchar+0x10e>
8780127e:	f1ba 0f00 	cmp.w	sl, #0
87801282:	d1ed      	bne.n	87801260 <lcd_showchar+0xa4>
87801284:	69fa      	ldr	r2, [r7, #28]
87801286:	4621      	mov	r1, r4
87801288:	9801      	ldr	r0, [sp, #4]
8780128a:	f000 fc77 	bl	87801b7c <lcd_drawpoint>
8780128e:	e7e7      	b.n	87801260 <lcd_showchar+0xa4>
87801290:	9b01      	ldr	r3, [sp, #4]
87801292:	f24a 029c 	movw	r2, #41116	; 0xa09c
87801296:	f2c8 7280 	movt	r2, #34688	; 0x8780
8780129a:	8852      	ldrh	r2, [r2, #2]
8780129c:	3301      	adds	r3, #1
8780129e:	b29b      	uxth	r3, r3
878012a0:	429a      	cmp	r2, r3
878012a2:	9301      	str	r3, [sp, #4]
878012a4:	d90e      	bls.n	878012c4 <lcd_showchar+0x108>
878012a6:	464c      	mov	r4, r9
878012a8:	9b03      	ldr	r3, [sp, #12]
878012aa:	f10b 0b01 	add.w	fp, fp, #1
878012ae:	3301      	adds	r3, #1
878012b0:	9303      	str	r3, [sp, #12]
878012b2:	9b04      	ldr	r3, [sp, #16]
878012b4:	3301      	adds	r3, #1
878012b6:	9304      	str	r3, [sp, #16]
878012b8:	9b02      	ldr	r3, [sp, #8]
878012ba:	3301      	adds	r3, #1
878012bc:	9302      	str	r3, [sp, #8]
878012be:	9b05      	ldr	r3, [sp, #20]
878012c0:	459b      	cmp	fp, r3
878012c2:	d1bb      	bne.n	8780123c <lcd_showchar+0x80>
878012c4:	b007      	add	sp, #28
878012c6:	e8bd 8ff0 	ldmia.w	sp!, {r4, r5, r6, r7, r8, r9, sl, fp, pc}
878012ca:	69ba      	ldr	r2, [r7, #24]
878012cc:	4621      	mov	r1, r4
878012ce:	9801      	ldr	r0, [sp, #4]
878012d0:	f000 fc54 	bl	87801b7c <lcd_drawpoint>
878012d4:	e7c4      	b.n	87801260 <lcd_showchar+0xa4>
878012d6:	9b03      	ldr	r3, [sp, #12]
878012d8:	781d      	ldrb	r5, [r3, #0]
878012da:	e7bc      	b.n	87801256 <lcd_showchar+0x9a>
878012dc:	9b04      	ldr	r3, [sp, #16]
878012de:	781d      	ldrb	r5, [r3, #0]
878012e0:	e7b9      	b.n	87801256 <lcd_showchar+0x9a>
878012e2:	bf00      	nop
878012e4:	87805c6c 	strhi	r5, [r0, ip, ror #24]

878012e8 <lcd_pow>:
878012e8:	1e4b      	subs	r3, r1, #1
878012ea:	2201      	movs	r2, #1
878012ec:	b2db      	uxtb	r3, r3
878012ee:	b129      	cbz	r1, 878012fc <lcd_pow+0x14>
878012f0:	3b01      	subs	r3, #1
878012f2:	fb00 f202 	mul.w	r2, r0, r2
878012f6:	b2db      	uxtb	r3, r3
878012f8:	2bff      	cmp	r3, #255	; 0xff
878012fa:	d1f9      	bne.n	878012f0 <lcd_pow+0x8>
878012fc:	4610      	mov	r0, r2
878012fe:	4770      	bx	lr

87801300 <lcd_shownum>:
87801300:	e92d 4ff0 	stmdb	sp!, {r4, r5, r6, r7, r8, r9, sl, fp, lr}
87801304:	b087      	sub	sp, #28
87801306:	f89d a040 	ldrb.w	sl, [sp, #64]	; 0x40
8780130a:	2b00      	cmp	r3, #0
8780130c:	d042      	beq.n	87801394 <lcd_shownum+0x94>
8780130e:	4617      	mov	r7, r2
87801310:	1e5a      	subs	r2, r3, #1
87801312:	2500      	movs	r5, #0
87801314:	fa5f f982 	uxtb.w	r9, r2
87801318:	f64c 48cd 	movw	r8, #52429	; 0xcccd
8780131c:	ea4f 0b5a 	mov.w	fp, sl, lsr #1
87801320:	3b02      	subs	r3, #2
87801322:	9104      	str	r1, [sp, #16]
87801324:	4604      	mov	r4, r0
87801326:	462e      	mov	r6, r5
87801328:	f6cc 48cc 	movt	r8, #52428	; 0xcccc
8780132c:	9303      	str	r3, [sp, #12]
8780132e:	f109 0301 	add.w	r3, r9, #1
87801332:	9205      	str	r2, [sp, #20]
87801334:	9302      	str	r3, [sp, #8]
87801336:	b2ea      	uxtb	r2, r5
87801338:	9b03      	ldr	r3, [sp, #12]
8780133a:	2101      	movs	r1, #1
8780133c:	454a      	cmp	r2, r9
8780133e:	eba3 0302 	sub.w	r3, r3, r2
87801342:	b2db      	uxtb	r3, r3
87801344:	d006      	beq.n	87801354 <lcd_shownum+0x54>
87801346:	3b01      	subs	r3, #1
87801348:	00ca      	lsls	r2, r1, #3
8780134a:	b2db      	uxtb	r3, r3
8780134c:	eb02 0141 	add.w	r1, r2, r1, lsl #1
87801350:	2bff      	cmp	r3, #255	; 0xff
87801352:	d1f8      	bne.n	87801346 <lcd_shownum+0x46>
87801354:	4638      	mov	r0, r7
87801356:	f002 ffab 	bl	878042b0 <__aeabi_uidiv>
8780135a:	fba0 2308 	umull	r2, r3, r0, r8
8780135e:	08db      	lsrs	r3, r3, #3
87801360:	00da      	lsls	r2, r3, #3
87801362:	eb02 0343 	add.w	r3, r2, r3, lsl #1
87801366:	1ac3      	subs	r3, r0, r3
87801368:	b2da      	uxtb	r2, r3
8780136a:	b91e      	cbnz	r6, 87801374 <lcd_shownum+0x74>
8780136c:	9905      	ldr	r1, [sp, #20]
8780136e:	42a9      	cmp	r1, r5
87801370:	dd01      	ble.n	87801376 <lcd_shownum+0x76>
87801372:	b193      	cbz	r3, 8780139a <lcd_shownum+0x9a>
87801374:	2601      	movs	r6, #1
87801376:	2300      	movs	r3, #0
87801378:	3230      	adds	r2, #48	; 0x30
8780137a:	9300      	str	r3, [sp, #0]
8780137c:	b2d2      	uxtb	r2, r2
8780137e:	4653      	mov	r3, sl
87801380:	9904      	ldr	r1, [sp, #16]
87801382:	4620      	mov	r0, r4
87801384:	f7ff ff1a 	bl	878011bc <lcd_showchar>
87801388:	9b02      	ldr	r3, [sp, #8]
8780138a:	3501      	adds	r5, #1
8780138c:	445c      	add	r4, fp
8780138e:	b2a4      	uxth	r4, r4
87801390:	429d      	cmp	r5, r3
87801392:	d1d0      	bne.n	87801336 <lcd_shownum+0x36>
87801394:	b007      	add	sp, #28
87801396:	e8bd 8ff0 	ldmia.w	sp!, {r4, r5, r6, r7, r8, r9, sl, fp, pc}
8780139a:	9600      	str	r6, [sp, #0]
8780139c:	4653      	mov	r3, sl
8780139e:	2220      	movs	r2, #32
878013a0:	9904      	ldr	r1, [sp, #16]
878013a2:	4620      	mov	r0, r4
878013a4:	f7ff ff0a 	bl	878011bc <lcd_showchar>
878013a8:	e7ee      	b.n	87801388 <lcd_shownum+0x88>
878013aa:	bf00      	nop

878013ac <lcd_showxnum>:
878013ac:	e92d 4ff0 	stmdb	sp!, {r4, r5, r6, r7, r8, r9, sl, fp, lr}
878013b0:	b089      	sub	sp, #36	; 0x24
878013b2:	f89d a048 	ldrb.w	sl, [sp, #72]	; 0x48
878013b6:	f89d e04c 	ldrb.w	lr, [sp, #76]	; 0x4c
878013ba:	2b00      	cmp	r3, #0
878013bc:	d04a      	beq.n	87801454 <lcd_showxnum+0xa8>
878013be:	4617      	mov	r7, r2
878013c0:	1e5a      	subs	r2, r3, #1
878013c2:	fa5f f982 	uxtb.w	r9, r2
878013c6:	3b02      	subs	r3, #2
878013c8:	2500      	movs	r5, #0
878013ca:	ea4f 0b5a 	mov.w	fp, sl, lsr #1
878013ce:	f64c 48cd 	movw	r8, #52429	; 0xcccd
878013d2:	9206      	str	r2, [sp, #24]
878013d4:	9303      	str	r3, [sp, #12]
878013d6:	fa4f f28e 	sxtb.w	r2, lr
878013da:	f109 0301 	add.w	r3, r9, #1
878013de:	9105      	str	r1, [sp, #20]
878013e0:	4604      	mov	r4, r0
878013e2:	462e      	mov	r6, r5
878013e4:	f6cc 48cc 	movt	r8, #52428	; 0xcccc
878013e8:	9302      	str	r3, [sp, #8]
878013ea:	f00e 0301 	and.w	r3, lr, #1
878013ee:	9207      	str	r2, [sp, #28]
878013f0:	9304      	str	r3, [sp, #16]
878013f2:	b2ea      	uxtb	r2, r5
878013f4:	9b03      	ldr	r3, [sp, #12]
878013f6:	2101      	movs	r1, #1
878013f8:	454a      	cmp	r2, r9
878013fa:	eba3 0302 	sub.w	r3, r3, r2
878013fe:	b2db      	uxtb	r3, r3
87801400:	d006      	beq.n	87801410 <lcd_showxnum+0x64>
87801402:	3b01      	subs	r3, #1
87801404:	00ca      	lsls	r2, r1, #3
87801406:	b2db      	uxtb	r3, r3
87801408:	eb02 0141 	add.w	r1, r2, r1, lsl #1
8780140c:	2bff      	cmp	r3, #255	; 0xff
8780140e:	d1f8      	bne.n	87801402 <lcd_showxnum+0x56>
87801410:	4638      	mov	r0, r7
87801412:	f002 ff4d 	bl	878042b0 <__aeabi_uidiv>
87801416:	fba0 2308 	umull	r2, r3, r0, r8
8780141a:	08db      	lsrs	r3, r3, #3
8780141c:	00da      	lsls	r2, r3, #3
8780141e:	eb02 0343 	add.w	r3, r2, r3, lsl #1
87801422:	1ac3      	subs	r3, r0, r3
87801424:	b2da      	uxtb	r2, r3
87801426:	b9c6      	cbnz	r6, 8780145a <lcd_showxnum+0xae>
87801428:	9906      	ldr	r1, [sp, #24]
8780142a:	42a9      	cmp	r1, r5
8780142c:	dd16      	ble.n	8780145c <lcd_showxnum+0xb0>
8780142e:	b9a3      	cbnz	r3, 8780145a <lcd_showxnum+0xae>
87801430:	9b07      	ldr	r3, [sp, #28]
87801432:	4620      	mov	r0, r4
87801434:	9905      	ldr	r1, [sp, #20]
87801436:	2b00      	cmp	r3, #0
87801438:	9b04      	ldr	r3, [sp, #16]
8780143a:	bfb4      	ite	lt
8780143c:	2230      	movlt	r2, #48	; 0x30
8780143e:	2220      	movge	r2, #32
87801440:	9300      	str	r3, [sp, #0]
87801442:	4653      	mov	r3, sl
87801444:	f7ff feba 	bl	878011bc <lcd_showchar>
87801448:	9b02      	ldr	r3, [sp, #8]
8780144a:	3501      	adds	r5, #1
8780144c:	445c      	add	r4, fp
8780144e:	b2a4      	uxth	r4, r4
87801450:	429d      	cmp	r5, r3
87801452:	d1ce      	bne.n	878013f2 <lcd_showxnum+0x46>
87801454:	b009      	add	sp, #36	; 0x24
87801456:	e8bd 8ff0 	ldmia.w	sp!, {r4, r5, r6, r7, r8, r9, sl, fp, pc}
8780145a:	2601      	movs	r6, #1
8780145c:	9b04      	ldr	r3, [sp, #16]
8780145e:	3230      	adds	r2, #48	; 0x30
87801460:	b2d2      	uxtb	r2, r2
87801462:	9905      	ldr	r1, [sp, #20]
87801464:	4620      	mov	r0, r4
87801466:	9300      	str	r3, [sp, #0]
87801468:	4653      	mov	r3, sl
8780146a:	f7ff fea7 	bl	878011bc <lcd_showchar>
8780146e:	e7eb      	b.n	87801448 <lcd_showxnum+0x9c>

87801470 <lcd_show_string>:
87801470:	e92d 4ff0 	stmdb	sp!, {r4, r5, r6, r7, r8, r9, sl, fp, lr}
87801474:	b085      	sub	sp, #20
87801476:	9f0f      	ldr	r7, [sp, #60]	; 0x3c
87801478:	4402      	add	r2, r0
8780147a:	fa1f f882 	uxth.w	r8, r2
8780147e:	440b      	add	r3, r1
87801480:	fa1f f983 	uxth.w	r9, r3
87801484:	460d      	mov	r5, r1
87801486:	783a      	ldrb	r2, [r7, #0]
87801488:	f89d 6038 	ldrb.w	r6, [sp, #56]	; 0x38
8780148c:	f1a2 0320 	sub.w	r3, r2, #32
87801490:	2b5e      	cmp	r3, #94	; 0x5e
87801492:	d81e      	bhi.n	878014d2 <lcd_show_string+0x62>
87801494:	b2c3      	uxtb	r3, r0
87801496:	4604      	mov	r4, r0
87801498:	ea4f 0b56 	mov.w	fp, r6, lsr #1
8780149c:	f04f 0a00 	mov.w	sl, #0
878014a0:	9303      	str	r3, [sp, #12]
878014a2:	e00b      	b.n	878014bc <lcd_show_string+0x4c>
878014a4:	f8cd a000 	str.w	sl, [sp]
878014a8:	445c      	add	r4, fp
878014aa:	f7ff fe87 	bl	878011bc <lcd_showchar>
878014ae:	f817 2f01 	ldrb.w	r2, [r7, #1]!
878014b2:	b2a4      	uxth	r4, r4
878014b4:	f1a2 0320 	sub.w	r3, r2, #32
878014b8:	2b5e      	cmp	r3, #94	; 0x5e
878014ba:	d80a      	bhi.n	878014d2 <lcd_show_string+0x62>
878014bc:	45a0      	cmp	r8, r4
878014be:	eb05 0106 	add.w	r1, r5, r6
878014c2:	bf9c      	itt	ls
878014c4:	b28d      	uxthls	r5, r1
878014c6:	9c03      	ldrls	r4, [sp, #12]
878014c8:	4633      	mov	r3, r6
878014ca:	454d      	cmp	r5, r9
878014cc:	4629      	mov	r1, r5
878014ce:	4620      	mov	r0, r4
878014d0:	d3e8      	bcc.n	878014a4 <lcd_show_string+0x34>
878014d2:	b005      	add	sp, #20
878014d4:	e8bd 8ff0 	ldmia.w	sp!, {r4, r5, r6, r7, r8, r9, sl, fp, pc}

878014d8 <lcdclk_init>:
878014d8:	b430      	push	{r4, r5}
878014da:	f44f 4400 	mov.w	r4, #32768	; 0x8000
878014de:	f2c0 240c 	movt	r4, #524	; 0x20c
878014e2:	2500      	movs	r5, #0
878014e4:	f440 1081 	orr.w	r0, r0, #1056768	; 0x102000
878014e8:	f44f 4380 	mov.w	r3, #16384	; 0x4000
878014ec:	f8c4 50b0 	str.w	r5, [r4, #176]	; 0xb0
878014f0:	f2c0 230c 	movt	r3, #524	; 0x20c
878014f4:	f8c4 50c0 	str.w	r5, [r4, #192]	; 0xc0
878014f8:	3901      	subs	r1, #1
878014fa:	f8c4 00a0 	str.w	r0, [r4, #160]	; 0xa0
878014fe:	3a01      	subs	r2, #1
87801500:	f8d4 0170 	ldr.w	r0, [r4, #368]	; 0x170
87801504:	f020 4040 	bic.w	r0, r0, #3221225472	; 0xc0000000
87801508:	f8c4 0170 	str.w	r0, [r4, #368]	; 0x170
8780150c:	6b98      	ldr	r0, [r3, #56]	; 0x38
8780150e:	bc30      	pop	{r4, r5}
87801510:	f420 3060 	bic.w	r0, r0, #229376	; 0x38000
87801514:	6398      	str	r0, [r3, #56]	; 0x38
87801516:	6b98      	ldr	r0, [r3, #56]	; 0x38
87801518:	f440 3080 	orr.w	r0, r0, #65536	; 0x10000
8780151c:	6398      	str	r0, [r3, #56]	; 0x38
8780151e:	6b98      	ldr	r0, [r3, #56]	; 0x38
87801520:	f420 40e0 	bic.w	r0, r0, #28672	; 0x7000
87801524:	6398      	str	r0, [r3, #56]	; 0x38
87801526:	6b98      	ldr	r0, [r3, #56]	; 0x38
87801528:	ea40 3101 	orr.w	r1, r0, r1, lsl #12
8780152c:	6399      	str	r1, [r3, #56]	; 0x38
8780152e:	6999      	ldr	r1, [r3, #24]
87801530:	f021 7160 	bic.w	r1, r1, #58720256	; 0x3800000
87801534:	6199      	str	r1, [r3, #24]
87801536:	6999      	ldr	r1, [r3, #24]
87801538:	ea41 52c2 	orr.w	r2, r1, r2, lsl #23
8780153c:	619a      	str	r2, [r3, #24]
8780153e:	6b9a      	ldr	r2, [r3, #56]	; 0x38
87801540:	f422 6260 	bic.w	r2, r2, #3584	; 0xe00
87801544:	639a      	str	r2, [r3, #56]	; 0x38
87801546:	6b9a      	ldr	r2, [r3, #56]	; 0x38
87801548:	639a      	str	r2, [r3, #56]	; 0x38
8780154a:	4770      	bx	lr

8780154c <lcd_reset>:
8780154c:	f44f 4300 	mov.w	r3, #32768	; 0x8000
87801550:	f2c0 231c 	movt	r3, #540	; 0x21c
87801554:	681a      	ldr	r2, [r3, #0]
87801556:	f042 4200 	orr.w	r2, r2, #2147483648	; 0x80000000
8780155a:	601a      	str	r2, [r3, #0]
8780155c:	4770      	bx	lr
8780155e:	bf00      	nop

87801560 <lcd_noreset>:
87801560:	f44f 4300 	mov.w	r3, #32768	; 0x8000
87801564:	f2c0 231c 	movt	r3, #540	; 0x21c
87801568:	681a      	ldr	r2, [r3, #0]
8780156a:	f022 4200 	bic.w	r2, r2, #2147483648	; 0x80000000
8780156e:	601a      	str	r2, [r3, #0]
87801570:	4770      	bx	lr
87801572:	bf00      	nop

87801574 <lcd_enable>:
87801574:	f44f 4300 	mov.w	r3, #32768	; 0x8000
87801578:	f2c0 231c 	movt	r3, #540	; 0x21c
8780157c:	681a      	ldr	r2, [r3, #0]
8780157e:	f042 0201 	orr.w	r2, r2, #1
87801582:	601a      	str	r2, [r3, #0]
87801584:	4770      	bx	lr
87801586:	bf00      	nop

87801588 <lcd_read_panelid>:
87801588:	f44f 7288 	mov.w	r2, #272	; 0x110
8780158c:	f44f 7367 	mov.w	r3, #924	; 0x39c
87801590:	b570      	push	{r4, r5, r6, lr}
87801592:	f2c0 220e 	movt	r2, #526	; 0x20e
87801596:	b084      	sub	sp, #16
87801598:	2405      	movs	r4, #5
8780159a:	f2c0 230e 	movt	r3, #526	; 0x20e
8780159e:	f241 01b0 	movw	r1, #4272	; 0x10b0
878015a2:	f44f 4080 	mov.w	r0, #16384	; 0x4000
878015a6:	6014      	str	r4, [r2, #0]
878015a8:	f2c0 200a 	movt	r0, #522	; 0x20a
878015ac:	6019      	str	r1, [r3, #0]
878015ae:	aa01      	add	r2, sp, #4
878015b0:	2301      	movs	r3, #1
878015b2:	2103      	movs	r1, #3
878015b4:	9301      	str	r3, [sp, #4]
878015b6:	f88d 3008 	strb.w	r3, [sp, #8]
878015ba:	f44f 7670 	mov.w	r6, #960	; 0x3c0
878015be:	f7ff f973 	bl	878008a8 <gpio_init>
878015c2:	f44f 739a 	mov.w	r3, #308	; 0x134
878015c6:	f44f 70aa 	mov.w	r0, #340	; 0x154
878015ca:	f2c0 230e 	movt	r3, #526	; 0x20e
878015ce:	f2c0 200e 	movt	r0, #526	; 0x20e
878015d2:	f44f 72ba 	mov.w	r2, #372	; 0x174
878015d6:	f44f 7578 	mov.w	r5, #992	; 0x3e0
878015da:	f44f 6180 	mov.w	r1, #1024	; 0x400
878015de:	601c      	str	r4, [r3, #0]
878015e0:	f2c0 220e 	movt	r2, #526	; 0x20e
878015e4:	f24f 0380 	movw	r3, #61568	; 0xf080
878015e8:	6004      	str	r4, [r0, #0]
878015ea:	f2c0 250e 	movt	r5, #526	; 0x20e
878015ee:	f2c0 210e 	movt	r1, #526	; 0x20e
878015f2:	f2c0 260e 	movt	r6, #526	; 0x20e
878015f6:	f44f 4080 	mov.w	r0, #16384	; 0x4000
878015fa:	6014      	str	r4, [r2, #0]
878015fc:	f2c0 200a 	movt	r0, #522	; 0x20a
87801600:	6033      	str	r3, [r6, #0]
87801602:	aa01      	add	r2, sp, #4
87801604:	602b      	str	r3, [r5, #0]
87801606:	2400      	movs	r4, #0
87801608:	600b      	str	r3, [r1, #0]
8780160a:	210c      	movs	r1, #12
8780160c:	9401      	str	r4, [sp, #4]
8780160e:	f7ff f94b 	bl	878008a8 <gpio_init>
87801612:	f44f 4080 	mov.w	r0, #16384	; 0x4000
87801616:	aa01      	add	r2, sp, #4
87801618:	2114      	movs	r1, #20
8780161a:	f2c0 200a 	movt	r0, #522	; 0x20a
8780161e:	f7ff f943 	bl	878008a8 <gpio_init>
87801622:	f44f 4080 	mov.w	r0, #16384	; 0x4000
87801626:	aa01      	add	r2, sp, #4
87801628:	211c      	movs	r1, #28
8780162a:	f2c0 200a 	movt	r0, #522	; 0x20a
8780162e:	f7ff f93b 	bl	878008a8 <gpio_init>
87801632:	f44f 4080 	mov.w	r0, #16384	; 0x4000
87801636:	211c      	movs	r1, #28
87801638:	f2c0 200a 	movt	r0, #522	; 0x20a
8780163c:	f7ff f8ce 	bl	878007dc <gpio_PinRead>
87801640:	4604      	mov	r4, r0
87801642:	f44f 4080 	mov.w	r0, #16384	; 0x4000
87801646:	2114      	movs	r1, #20
87801648:	f2c0 200a 	movt	r0, #522	; 0x20a
8780164c:	f7ff f8c6 	bl	878007dc <gpio_PinRead>
87801650:	4605      	mov	r5, r0
87801652:	f44f 4080 	mov.w	r0, #16384	; 0x4000
87801656:	f2c0 200a 	movt	r0, #522	; 0x20a
8780165a:	210c      	movs	r1, #12
8780165c:	f7ff f8be 	bl	878007dc <gpio_PinRead>
87801660:	b2c0      	uxtb	r0, r0
87801662:	b2ed      	uxtb	r5, r5
87801664:	0080      	lsls	r0, r0, #2
87801666:	ea40 0045 	orr.w	r0, r0, r5, lsl #1
8780166a:	4320      	orrs	r0, r4
8780166c:	f010 00ff 	ands.w	r0, r0, #255	; 0xff
87801670:	bf08      	it	eq
87801672:	f244 3042 	movweq	r0, #17218	; 0x4342
87801676:	d101      	bne.n	8780167c <lcd_read_panelid+0xf4>
87801678:	b004      	add	sp, #16
8780167a:	bd70      	pop	{r4, r5, r6, pc}
8780167c:	2801      	cmp	r0, #1
8780167e:	bf08      	it	eq
87801680:	f247 0084 	movweq	r0, #28804	; 0x7084
87801684:	d0f8      	beq.n	87801678 <lcd_read_panelid+0xf0>
87801686:	2802      	cmp	r0, #2
87801688:	bf08      	it	eq
8780168a:	f247 0016 	movweq	r0, #28694	; 0x7016
8780168e:	d0f3      	beq.n	87801678 <lcd_read_panelid+0xf0>
87801690:	2804      	cmp	r0, #4
87801692:	bf08      	it	eq
87801694:	f244 3084 	movweq	r0, #17284	; 0x4384
87801698:	d0ee      	beq.n	87801678 <lcd_read_panelid+0xf0>
8780169a:	2805      	cmp	r0, #5
8780169c:	f241 0018 	movw	r0, #4120	; 0x1018
878016a0:	bf18      	it	ne
878016a2:	2000      	movne	r0, #0
878016a4:	e7e8      	b.n	87801678 <lcd_read_panelid+0xf0>
878016a6:	bf00      	nop

878016a8 <lcdgpio_init>:
878016a8:	b5f0      	push	{r4, r5, r6, r7, lr}
878016aa:	f44f 758c 	mov.w	r5, #280	; 0x118
878016ae:	2300      	movs	r3, #0
878016b0:	f2c0 250e 	movt	r5, #526	; 0x20e
878016b4:	f44f 708e 	mov.w	r0, #284	; 0x11c
878016b8:	f44f 7790 	mov.w	r7, #288	; 0x120
878016bc:	602b      	str	r3, [r5, #0]
878016be:	f2c0 200e 	movt	r0, #526	; 0x20e
878016c2:	f44f 7492 	mov.w	r4, #292	; 0x124
878016c6:	f44f 7294 	mov.w	r2, #296	; 0x128
878016ca:	f44f 7196 	mov.w	r1, #300	; 0x12c
878016ce:	f44f 7698 	mov.w	r6, #304	; 0x130
878016d2:	f44f 759a 	mov.w	r5, #308	; 0x134
878016d6:	6003      	str	r3, [r0, #0]
878016d8:	f2c0 270e 	movt	r7, #526	; 0x20e
878016dc:	f2c0 240e 	movt	r4, #526	; 0x20e
878016e0:	f2c0 220e 	movt	r2, #526	; 0x20e
878016e4:	f2c0 210e 	movt	r1, #526	; 0x20e
878016e8:	f2c0 260e 	movt	r6, #526	; 0x20e
878016ec:	f2c0 250e 	movt	r5, #526	; 0x20e
878016f0:	f44f 709c 	mov.w	r0, #312	; 0x138
878016f4:	603b      	str	r3, [r7, #0]
878016f6:	f2c0 200e 	movt	r0, #526	; 0x20e
878016fa:	6023      	str	r3, [r4, #0]
878016fc:	f44f 779e 	mov.w	r7, #316	; 0x13c
87801700:	6013      	str	r3, [r2, #0]
87801702:	f44f 74a0 	mov.w	r4, #320	; 0x140
87801706:	600b      	str	r3, [r1, #0]
87801708:	f44f 72a2 	mov.w	r2, #324	; 0x144
8780170c:	6033      	str	r3, [r6, #0]
8780170e:	f44f 71a4 	mov.w	r1, #328	; 0x148
87801712:	602b      	str	r3, [r5, #0]
87801714:	f44f 76a6 	mov.w	r6, #332	; 0x14c
87801718:	f44f 75a8 	mov.w	r5, #336	; 0x150
8780171c:	6003      	str	r3, [r0, #0]
8780171e:	f2c0 270e 	movt	r7, #526	; 0x20e
87801722:	f2c0 240e 	movt	r4, #526	; 0x20e
87801726:	f2c0 220e 	movt	r2, #526	; 0x20e
8780172a:	f2c0 210e 	movt	r1, #526	; 0x20e
8780172e:	f2c0 260e 	movt	r6, #526	; 0x20e
87801732:	f2c0 250e 	movt	r5, #526	; 0x20e
87801736:	f44f 70aa 	mov.w	r0, #340	; 0x154
8780173a:	603b      	str	r3, [r7, #0]
8780173c:	f2c0 200e 	movt	r0, #526	; 0x20e
87801740:	6023      	str	r3, [r4, #0]
87801742:	f44f 77ac 	mov.w	r7, #344	; 0x158
87801746:	6013      	str	r3, [r2, #0]
87801748:	f44f 74ae 	mov.w	r4, #348	; 0x15c
8780174c:	600b      	str	r3, [r1, #0]
8780174e:	f44f 72b0 	mov.w	r2, #352	; 0x160
87801752:	6033      	str	r3, [r6, #0]
87801754:	f44f 71b2 	mov.w	r1, #356	; 0x164
87801758:	602b      	str	r3, [r5, #0]
8780175a:	f44f 76b4 	mov.w	r6, #360	; 0x168
8780175e:	f44f 75b6 	mov.w	r5, #364	; 0x16c
87801762:	6003      	str	r3, [r0, #0]
87801764:	f2c0 270e 	movt	r7, #526	; 0x20e
87801768:	f2c0 240e 	movt	r4, #526	; 0x20e
8780176c:	f2c0 220e 	movt	r2, #526	; 0x20e
87801770:	f2c0 210e 	movt	r1, #526	; 0x20e
87801774:	f2c0 260e 	movt	r6, #526	; 0x20e
87801778:	f2c0 250e 	movt	r5, #526	; 0x20e
8780177c:	f44f 70b8 	mov.w	r0, #368	; 0x170
87801780:	603b      	str	r3, [r7, #0]
87801782:	f2c0 200e 	movt	r0, #526	; 0x20e
87801786:	6023      	str	r3, [r4, #0]
87801788:	f44f 77ba 	mov.w	r7, #372	; 0x174
8780178c:	6013      	str	r3, [r2, #0]
8780178e:	f44f 7482 	mov.w	r4, #260	; 0x104
87801792:	600b      	str	r3, [r1, #0]
87801794:	f44f 7284 	mov.w	r2, #264	; 0x108
87801798:	6033      	str	r3, [r6, #0]
8780179a:	f44f 7186 	mov.w	r1, #268	; 0x10c
8780179e:	602b      	str	r3, [r5, #0]
878017a0:	f240 56dc 	movw	r6, #1500	; 0x5dc
878017a4:	f44f 7588 	mov.w	r5, #272	; 0x110
878017a8:	6003      	str	r3, [r0, #0]
878017aa:	f2c0 270e 	movt	r7, #526	; 0x20e
878017ae:	f2c0 240e 	movt	r4, #526	; 0x20e
878017b2:	f2c0 220e 	movt	r2, #526	; 0x20e
878017b6:	f2c0 210e 	movt	r1, #526	; 0x20e
878017ba:	f2c0 260e 	movt	r6, #526	; 0x20e
878017be:	f2c0 250e 	movt	r5, #526	; 0x20e
878017c2:	f44f 7069 	mov.w	r0, #932	; 0x3a4
878017c6:	603b      	str	r3, [r7, #0]
878017c8:	f2c0 200e 	movt	r0, #526	; 0x20e
878017cc:	6023      	str	r3, [r4, #0]
878017ce:	f44f 776a 	mov.w	r7, #936	; 0x3a8
878017d2:	6013      	str	r3, [r2, #0]
878017d4:	f44f 746b 	mov.w	r4, #940	; 0x3ac
878017d8:	600b      	str	r3, [r1, #0]
878017da:	f44f 726c 	mov.w	r2, #944	; 0x3b0
878017de:	6033      	str	r3, [r6, #0]
878017e0:	f44f 716d 	mov.w	r1, #948	; 0x3b4
878017e4:	602b      	str	r3, [r5, #0]
878017e6:	f44f 766e 	mov.w	r6, #952	; 0x3b8
878017ea:	23b9      	movs	r3, #185	; 0xb9
878017ec:	f44f 756f 	mov.w	r5, #956	; 0x3bc
878017f0:	6003      	str	r3, [r0, #0]
878017f2:	f2c0 270e 	movt	r7, #526	; 0x20e
878017f6:	f2c0 240e 	movt	r4, #526	; 0x20e
878017fa:	f2c0 220e 	movt	r2, #526	; 0x20e
878017fe:	f2c0 210e 	movt	r1, #526	; 0x20e
87801802:	f2c0 260e 	movt	r6, #526	; 0x20e
87801806:	f2c0 250e 	movt	r5, #526	; 0x20e
8780180a:	f44f 7070 	mov.w	r0, #960	; 0x3c0
8780180e:	603b      	str	r3, [r7, #0]
87801810:	f2c0 200e 	movt	r0, #526	; 0x20e
87801814:	6023      	str	r3, [r4, #0]
87801816:	f44f 7771 	mov.w	r7, #964	; 0x3c4
8780181a:	6013      	str	r3, [r2, #0]
8780181c:	f44f 7472 	mov.w	r4, #968	; 0x3c8
87801820:	600b      	str	r3, [r1, #0]
87801822:	f44f 7273 	mov.w	r2, #972	; 0x3cc
87801826:	6033      	str	r3, [r6, #0]
87801828:	f44f 7174 	mov.w	r1, #976	; 0x3d0
8780182c:	602b      	str	r3, [r5, #0]
8780182e:	f44f 7675 	mov.w	r6, #980	; 0x3d4
87801832:	f44f 7576 	mov.w	r5, #984	; 0x3d8
87801836:	6003      	str	r3, [r0, #0]
87801838:	f2c0 270e 	movt	r7, #526	; 0x20e
8780183c:	f2c0 240e 	movt	r4, #526	; 0x20e
87801840:	f2c0 220e 	movt	r2, #526	; 0x20e
87801844:	f2c0 210e 	movt	r1, #526	; 0x20e
87801848:	f2c0 260e 	movt	r6, #526	; 0x20e
8780184c:	f2c0 250e 	movt	r5, #526	; 0x20e
87801850:	f44f 7077 	mov.w	r0, #988	; 0x3dc
87801854:	603b      	str	r3, [r7, #0]
87801856:	f2c0 200e 	movt	r0, #526	; 0x20e
8780185a:	6023      	str	r3, [r4, #0]
8780185c:	f44f 7778 	mov.w	r7, #992	; 0x3e0
87801860:	6013      	str	r3, [r2, #0]
87801862:	f44f 7479 	mov.w	r4, #996	; 0x3e4
87801866:	600b      	str	r3, [r1, #0]
87801868:	f44f 727a 	mov.w	r2, #1000	; 0x3e8
8780186c:	6033      	str	r3, [r6, #0]
8780186e:	f44f 717b 	mov.w	r1, #1004	; 0x3ec
87801872:	602b      	str	r3, [r5, #0]
87801874:	f44f 767c 	mov.w	r6, #1008	; 0x3f0
87801878:	f44f 757d 	mov.w	r5, #1012	; 0x3f4
8780187c:	6003      	str	r3, [r0, #0]
8780187e:	f2c0 270e 	movt	r7, #526	; 0x20e
87801882:	f2c0 240e 	movt	r4, #526	; 0x20e
87801886:	f2c0 220e 	movt	r2, #526	; 0x20e
8780188a:	f2c0 210e 	movt	r1, #526	; 0x20e
8780188e:	f2c0 260e 	movt	r6, #526	; 0x20e
87801892:	f2c0 250e 	movt	r5, #526	; 0x20e
87801896:	f44f 707e 	mov.w	r0, #1016	; 0x3f8
8780189a:	603b      	str	r3, [r7, #0]
8780189c:	f2c0 200e 	movt	r0, #526	; 0x20e
878018a0:	6023      	str	r3, [r4, #0]
878018a2:	f44f 777f 	mov.w	r7, #1020	; 0x3fc
878018a6:	6013      	str	r3, [r2, #0]
878018a8:	f44f 6480 	mov.w	r4, #1024	; 0x400
878018ac:	600b      	str	r3, [r1, #0]
878018ae:	f44f 7264 	mov.w	r2, #912	; 0x390
878018b2:	6033      	str	r3, [r6, #0]
878018b4:	f44f 7165 	mov.w	r1, #916	; 0x394
878018b8:	602b      	str	r3, [r5, #0]
878018ba:	f44f 7666 	mov.w	r6, #920	; 0x398
878018be:	f44f 7567 	mov.w	r5, #924	; 0x39c
878018c2:	6003      	str	r3, [r0, #0]
878018c4:	b085      	sub	sp, #20
878018c6:	f2c0 270e 	movt	r7, #526	; 0x20e
878018ca:	f2c0 240e 	movt	r4, #526	; 0x20e
878018ce:	f2c0 220e 	movt	r2, #526	; 0x20e
878018d2:	f2c0 210e 	movt	r1, #526	; 0x20e
878018d6:	f2c0 260e 	movt	r6, #526	; 0x20e
878018da:	f2c0 250e 	movt	r5, #526	; 0x20e
878018de:	f44f 4040 	mov.w	r0, #49152	; 0xc000
878018e2:	603b      	str	r3, [r7, #0]
878018e4:	f2c0 2009 	movt	r0, #521	; 0x209
878018e8:	6023      	str	r3, [r4, #0]
878018ea:	2401      	movs	r4, #1
878018ec:	6013      	str	r3, [r2, #0]
878018ee:	aa01      	add	r2, sp, #4
878018f0:	600b      	str	r3, [r1, #0]
878018f2:	2108      	movs	r1, #8
878018f4:	6033      	str	r3, [r6, #0]
878018f6:	602b      	str	r3, [r5, #0]
878018f8:	9401      	str	r4, [sp, #4]
878018fa:	f88d 4008 	strb.w	r4, [sp, #8]
878018fe:	f7fe ffd3 	bl	878008a8 <gpio_init>
87801902:	b005      	add	sp, #20
87801904:	bdf0      	pop	{r4, r5, r6, r7, pc}
87801906:	bf00      	nop

87801908 <lcd_init>:
87801908:	e92d 4ff8 	stmdb	sp!, {r3, r4, r5, r6, r7, r8, r9, sl, fp, lr}
8780190c:	f44f 4400 	mov.w	r4, #32768	; 0x8000
87801910:	f7ff fe3a 	bl	87801588 <lcd_read_panelid>
87801914:	4601      	mov	r1, r0
87801916:	4605      	mov	r5, r0
87801918:	f249 10dc 	movw	r0, #37340	; 0x91dc
8780191c:	f2c0 241c 	movt	r4, #540	; 0x21c
87801920:	f2c8 7080 	movt	r0, #34688	; 0x8780
87801924:	f001 f8b8 	bl	87802a98 <printf>
87801928:	f7ff febe 	bl	878016a8 <lcdgpio_init>
8780192c:	6823      	ldr	r3, [r4, #0]
8780192e:	200a      	movs	r0, #10
87801930:	f043 4300 	orr.w	r3, r3, #2147483648	; 0x80000000
87801934:	6023      	str	r3, [r4, #0]
87801936:	f7fe fe87 	bl	87800648 <delay_ms>
8780193a:	6823      	ldr	r3, [r4, #0]
8780193c:	f244 3242 	movw	r2, #17218	; 0x4342
87801940:	4295      	cmp	r5, r2
87801942:	f023 4300 	bic.w	r3, r3, #2147483648	; 0x80000000
87801946:	6023      	str	r3, [r4, #0]
87801948:	f000 80d7 	beq.w	87801afa <lcd_init+0x1f2>
8780194c:	f244 3384 	movw	r3, #17284	; 0x4384
87801950:	429d      	cmp	r5, r3
87801952:	f000 8084 	beq.w	87801a5e <lcd_init+0x156>
87801956:	f247 0384 	movw	r3, #28804	; 0x7084
8780195a:	429d      	cmp	r5, r3
8780195c:	f000 80a7 	beq.w	87801aae <lcd_init+0x1a6>
87801960:	f247 0316 	movw	r3, #28694	; 0x7016
87801964:	429d      	cmp	r5, r3
87801966:	f000 80e3 	beq.w	87801b30 <lcd_init+0x228>
8780196a:	f24a 049c 	movw	r4, #41116	; 0xa09c
8780196e:	f2c8 7480 	movt	r4, #34688	; 0x8780
87801972:	89a1      	ldrh	r1, [r4, #12]
87801974:	89e6      	ldrh	r6, [r4, #14]
87801976:	f8b4 9002 	ldrh.w	r9, [r4, #2]
8780197a:	f8b4 c000 	ldrh.w	ip, [r4]
8780197e:	f8b4 b006 	ldrh.w	fp, [r4, #6]
87801982:	440e      	add	r6, r1
87801984:	8923      	ldrh	r3, [r4, #8]
87801986:	eb06 0709 	add.w	r7, r6, r9
8780198a:	8a22      	ldrh	r2, [r4, #16]
8780198c:	f449 2a80 	orr.w	sl, r9, #262144	; 0x40000
87801990:	f8b4 800a 	ldrh.w	r8, [r4, #10]
87801994:	445b      	add	r3, fp
87801996:	443a      	add	r2, r7
87801998:	ea43 4606 	orr.w	r6, r3, r6, lsl #16
8780199c:	ea42 4781 	orr.w	r7, r2, r1, lsl #18
878019a0:	4463      	add	r3, ip
878019a2:	ea4f 4c0c 	mov.w	ip, ip, lsl #16
878019a6:	4498      	add	r8, r3
878019a8:	f44f 4300 	mov.w	r3, #32768	; 0x8000
878019ac:	f2c0 231c 	movt	r3, #540	; 0x21c
878019b0:	2200      	movs	r2, #0
878019b2:	f04f 4e09 	mov.w	lr, #2298478592	; 0x89000000
878019b6:	2104      	movs	r1, #4
878019b8:	f06f 457f 	mvn.w	r5, #4278190080	; 0xff000000
878019bc:	f8c4 e014 	str.w	lr, [r4, #20]
878019c0:	7121      	strb	r1, [r4, #4]
878019c2:	2014      	movs	r0, #20
878019c4:	61a5      	str	r5, [r4, #24]
878019c6:	61e2      	str	r2, [r4, #28]
878019c8:	601a      	str	r2, [r3, #0]
878019ca:	6819      	ldr	r1, [r3, #0]
878019cc:	f441 2120 	orr.w	r1, r1, #655360	; 0xa0000
878019d0:	f441 6172 	orr.w	r1, r1, #3872	; 0xf20
878019d4:	6019      	str	r1, [r3, #0]
878019d6:	611a      	str	r2, [r3, #16]
878019d8:	6919      	ldr	r1, [r3, #16]
878019da:	f441 21e0 	orr.w	r1, r1, #458752	; 0x70000
878019de:	6119      	str	r1, [r3, #16]
878019e0:	631a      	str	r2, [r3, #48]	; 0x30
878019e2:	6b19      	ldr	r1, [r3, #48]	; 0x30
878019e4:	ea4c 0101 	orr.w	r1, ip, r1
878019e8:	6319      	str	r1, [r3, #48]	; 0x30
878019ea:	6b19      	ldr	r1, [r3, #48]	; 0x30
878019ec:	ea49 0101 	orr.w	r1, r9, r1
878019f0:	6319      	str	r1, [r3, #48]	; 0x30
878019f2:	671a      	str	r2, [r3, #112]	; 0x70
878019f4:	6f1a      	ldr	r2, [r3, #112]	; 0x70
878019f6:	ea4b 0202 	orr.w	r2, fp, r2
878019fa:	671a      	str	r2, [r3, #112]	; 0x70
878019fc:	6f1a      	ldr	r2, [r3, #112]	; 0x70
878019fe:	f442 1280 	orr.w	r2, r2, #1048576	; 0x100000
87801a02:	671a      	str	r2, [r3, #112]	; 0x70
87801a04:	6f1a      	ldr	r2, [r3, #112]	; 0x70
87801a06:	f442 1200 	orr.w	r2, r2, #2097152	; 0x200000
87801a0a:	671a      	str	r2, [r3, #112]	; 0x70
87801a0c:	6f1a      	ldr	r2, [r3, #112]	; 0x70
87801a0e:	f042 7280 	orr.w	r2, r2, #16777216	; 0x1000000
87801a12:	671a      	str	r2, [r3, #112]	; 0x70
87801a14:	6f1a      	ldr	r2, [r3, #112]	; 0x70
87801a16:	f042 0201 	orr.w	r2, r2, #1
87801a1a:	671a      	str	r2, [r3, #112]	; 0x70
87801a1c:	f8c3 8080 	str.w	r8, [r3, #128]	; 0x80
87801a20:	f8c3 7090 	str.w	r7, [r3, #144]	; 0x90
87801a24:	f8c3 60a0 	str.w	r6, [r3, #160]	; 0xa0
87801a28:	f8c3 a0b0 	str.w	sl, [r3, #176]	; 0xb0
87801a2c:	f8c3 e040 	str.w	lr, [r3, #64]	; 0x40
87801a30:	f8c3 e050 	str.w	lr, [r3, #80]	; 0x50
87801a34:	681a      	ldr	r2, [r3, #0]
87801a36:	f042 0201 	orr.w	r2, r2, #1
87801a3a:	601a      	str	r2, [r3, #0]
87801a3c:	f7fe fe04 	bl	87800648 <delay_ms>
87801a40:	8821      	ldrh	r1, [r4, #0]
87801a42:	8862      	ldrh	r2, [r4, #2]
87801a44:	6963      	ldr	r3, [r4, #20]
87801a46:	fb02 f201 	mul.w	r2, r2, r1
87801a4a:	b132      	cbz	r2, 87801a5a <lcd_init+0x152>
87801a4c:	eb03 0282 	add.w	r2, r3, r2, lsl #2
87801a50:	4629      	mov	r1, r5
87801a52:	f843 1b04 	str.w	r1, [r3], #4
87801a56:	4293      	cmp	r3, r2
87801a58:	d1fb      	bne.n	87801a52 <lcd_init+0x14a>
87801a5a:	e8bd 8ff8 	ldmia.w	sp!, {r3, r4, r5, r6, r7, r8, r9, sl, fp, pc}
87801a5e:	f24a 049c 	movw	r4, #41116	; 0xa09c
87801a62:	f44f 7248 	mov.w	r2, #800	; 0x320
87801a66:	f2c8 7480 	movt	r4, #34688	; 0x8780
87801a6a:	2620      	movs	r6, #32
87801a6c:	270d      	movs	r7, #13
87801a6e:	2303      	movs	r3, #3
87801a70:	f44f 7ef0 	mov.w	lr, #480	; 0x1e0
87801a74:	2530      	movs	r5, #48	; 0x30
87801a76:	2058      	movs	r0, #88	; 0x58
87801a78:	2128      	movs	r1, #40	; 0x28
87801a7a:	4692      	mov	sl, r2
87801a7c:	8126      	strh	r6, [r4, #8]
87801a7e:	8167      	strh	r7, [r4, #10]
87801a80:	2623      	movs	r6, #35	; 0x23
87801a82:	f44f 7774 	mov.w	r7, #976	; 0x3d0
87801a86:	f8a4 e000 	strh.w	lr, [r4]
87801a8a:	81a5      	strh	r5, [r4, #12]
87801a8c:	f2c0 0a04 	movt	sl, #4
87801a90:	81e0      	strh	r0, [r4, #14]
87801a92:	4691      	mov	r9, r2
87801a94:	8221      	strh	r1, [r4, #16]
87801a96:	469b      	mov	fp, r3
87801a98:	8062      	strh	r2, [r4, #2]
87801a9a:	f2c0 0688 	movt	r6, #136	; 0x88
87801a9e:	80e3      	strh	r3, [r4, #6]
87801aa0:	f2c0 07c0 	movt	r7, #192	; 0xc0
87801aa4:	f44f 7804 	mov.w	r8, #528	; 0x210
87801aa8:	f04f 7cf0 	mov.w	ip, #31457280	; 0x1e00000
87801aac:	e77c      	b.n	878019a8 <lcd_init+0xa0>
87801aae:	f24a 049c 	movw	r4, #41116	; 0xa09c
87801ab2:	f44f 7248 	mov.w	r2, #800	; 0x320
87801ab6:	f2c8 7480 	movt	r4, #34688	; 0x8780
87801aba:	f44f 76f0 	mov.w	r6, #480	; 0x1e0
87801abe:	2717      	movs	r7, #23
87801ac0:	2301      	movs	r3, #1
87801ac2:	2516      	movs	r5, #22
87801ac4:	202e      	movs	r0, #46	; 0x2e
87801ac6:	21d2      	movs	r1, #210	; 0xd2
87801ac8:	4692      	mov	sl, r2
87801aca:	8026      	strh	r6, [r4, #0]
87801acc:	2618      	movs	r6, #24
87801ace:	8127      	strh	r7, [r4, #8]
87801ad0:	f240 4721 	movw	r7, #1057	; 0x421
87801ad4:	8165      	strh	r5, [r4, #10]
87801ad6:	f2c0 0a04 	movt	sl, #4
87801ada:	81e0      	strh	r0, [r4, #14]
87801adc:	4691      	mov	r9, r2
87801ade:	8221      	strh	r1, [r4, #16]
87801ae0:	469b      	mov	fp, r3
87801ae2:	8062      	strh	r2, [r4, #2]
87801ae4:	f2c0 062f 	movt	r6, #47	; 0x2f
87801ae8:	80e3      	strh	r3, [r4, #6]
87801aea:	f2c0 0704 	movt	r7, #4
87801aee:	81a3      	strh	r3, [r4, #12]
87801af0:	f240 280e 	movw	r8, #526	; 0x20e
87801af4:	f04f 7cf0 	mov.w	ip, #31457280	; 0x1e00000
87801af8:	e756      	b.n	878019a8 <lcd_init+0xa0>
87801afa:	f24a 049c 	movw	r4, #41116	; 0xa09c
87801afe:	2308      	movs	r3, #8
87801b00:	f2c8 7480 	movt	r4, #34688	; 0x8780
87801b04:	f44f 7088 	mov.w	r0, #272	; 0x110
87801b08:	2501      	movs	r5, #1
87801b0a:	f44f 7ef0 	mov.w	lr, #480	; 0x1e0
87801b0e:	2728      	movs	r7, #40	; 0x28
87801b10:	2605      	movs	r6, #5
87801b12:	8020      	strh	r0, [r4, #0]
87801b14:	461a      	mov	r2, r3
87801b16:	4619      	mov	r1, r3
87801b18:	201b      	movs	r0, #27
87801b1a:	f8a4 e002 	strh.w	lr, [r4, #2]
87801b1e:	81e7      	strh	r7, [r4, #14]
87801b20:	8226      	strh	r6, [r4, #16]
87801b22:	8123      	strh	r3, [r4, #8]
87801b24:	8163      	strh	r3, [r4, #10]
87801b26:	80e5      	strh	r5, [r4, #6]
87801b28:	81a5      	strh	r5, [r4, #12]
87801b2a:	f7ff fcd5 	bl	878014d8 <lcdclk_init>
87801b2e:	e720      	b.n	87801972 <lcd_init+0x6a>
87801b30:	f24a 049c 	movw	r4, #41116	; 0xa09c
87801b34:	f44f 6180 	mov.w	r1, #1024	; 0x400
87801b38:	f2c8 7480 	movt	r4, #34688	; 0x8780
87801b3c:	2203      	movs	r2, #3
87801b3e:	23a0      	movs	r3, #160	; 0xa0
87801b40:	2617      	movs	r6, #23
87801b42:	468a      	mov	sl, r1
87801b44:	f44f 67a8 	mov.w	r7, #1344	; 0x540
87801b48:	f363 461f 	bfi	r6, r3, #16, #16
87801b4c:	4689      	mov	r9, r1
87801b4e:	f44f 7016 	mov.w	r0, #600	; 0x258
87801b52:	8061      	strh	r1, [r4, #2]
87801b54:	4693      	mov	fp, r2
87801b56:	210c      	movs	r1, #12
87801b58:	80e2      	strh	r2, [r4, #6]
87801b5a:	228c      	movs	r2, #140	; 0x8c
87801b5c:	8223      	strh	r3, [r4, #16]
87801b5e:	2314      	movs	r3, #20
87801b60:	f2c0 0a04 	movt	sl, #4
87801b64:	f2c0 0750 	movt	r7, #80	; 0x50
87801b68:	8020      	strh	r0, [r4, #0]
87801b6a:	f240 287b 	movw	r8, #635	; 0x27b
87801b6e:	8161      	strh	r1, [r4, #10]
87801b70:	f04f 7c16 	mov.w	ip, #39321600	; 0x2580000
87801b74:	81e2      	strh	r2, [r4, #14]
87801b76:	8123      	strh	r3, [r4, #8]
87801b78:	81a3      	strh	r3, [r4, #12]
87801b7a:	e715      	b.n	878019a8 <lcd_init+0xa0>

87801b7c <lcd_drawpoint>:
87801b7c:	b430      	push	{r4, r5}
87801b7e:	f24a 049c 	movw	r4, #41116	; 0xa09c
87801b82:	f2c8 7480 	movt	r4, #34688	; 0x8780
87801b86:	8863      	ldrh	r3, [r4, #2]
87801b88:	7925      	ldrb	r5, [r4, #4]
87801b8a:	6964      	ldr	r4, [r4, #20]
87801b8c:	fb01 0103 	mla	r1, r1, r3, r0
87801b90:	fb01 f105 	mul.w	r1, r1, r5
87801b94:	510a      	str	r2, [r1, r4]
87801b96:	bc30      	pop	{r4, r5}
87801b98:	4770      	bx	lr
87801b9a:	bf00      	nop

87801b9c <lcd_readpoint>:
87801b9c:	f24a 029c 	movw	r2, #41116	; 0xa09c
87801ba0:	b410      	push	{r4}
87801ba2:	f2c8 7280 	movt	r2, #34688	; 0x8780
87801ba6:	8853      	ldrh	r3, [r2, #2]
87801ba8:	7914      	ldrb	r4, [r2, #4]
87801baa:	6952      	ldr	r2, [r2, #20]
87801bac:	fb01 0103 	mla	r1, r1, r3, r0
87801bb0:	fb01 f104 	mul.w	r1, r1, r4
87801bb4:	f85d 4b04 	ldr.w	r4, [sp], #4
87801bb8:	5888      	ldr	r0, [r1, r2]
87801bba:	4770      	bx	lr

87801bbc <lcd_clear>:
87801bbc:	f24a 039c 	movw	r3, #41116	; 0xa09c
87801bc0:	f2c8 7380 	movt	r3, #34688	; 0x8780
87801bc4:	8819      	ldrh	r1, [r3, #0]
87801bc6:	885a      	ldrh	r2, [r3, #2]
87801bc8:	695b      	ldr	r3, [r3, #20]
87801bca:	fb02 f201 	mul.w	r2, r2, r1
87801bce:	b12a      	cbz	r2, 87801bdc <lcd_clear+0x20>
87801bd0:	eb03 0282 	add.w	r2, r3, r2, lsl #2
87801bd4:	f843 0b04 	str.w	r0, [r3], #4
87801bd8:	4293      	cmp	r3, r2
87801bda:	d1fb      	bne.n	87801bd4 <lcd_clear+0x18>
87801bdc:	4770      	bx	lr
87801bde:	bf00      	nop

87801be0 <lcd_fill>:
87801be0:	e92d 43f0 	stmdb	sp!, {r4, r5, r6, r7, r8, r9, lr}
87801be4:	f24a 069c 	movw	r6, #41116	; 0xa09c
87801be8:	f2c8 7680 	movt	r6, #34688	; 0x8780
87801bec:	4699      	mov	r9, r3
87801bee:	f8b6 8002 	ldrh.w	r8, [r6, #2]
87801bf2:	8834      	ldrh	r4, [r6, #0]
87801bf4:	9b07      	ldr	r3, [sp, #28]
87801bf6:	4590      	cmp	r8, r2
87801bf8:	bf9c      	itt	ls
87801bfa:	f108 32ff 	addls.w	r2, r8, #4294967295	; 0xffffffff
87801bfe:	b292      	uxthls	r2, r2
87801c00:	454c      	cmp	r4, r9
87801c02:	bf9c      	itt	ls
87801c04:	f104 34ff 	addls.w	r4, r4, #4294967295	; 0xffffffff
87801c08:	fa1f f984 	uxthls.w	r9, r4
87801c0c:	4589      	cmp	r9, r1
87801c0e:	d316      	bcc.n	87801c3e <lcd_fill+0x5e>
87801c10:	4282      	cmp	r2, r0
87801c12:	d30e      	bcc.n	87801c32 <lcd_fill+0x52>
87801c14:	fb01 fc08 	mul.w	ip, r1, r8
87801c18:	4604      	mov	r4, r0
87801c1a:	f896 e004 	ldrb.w	lr, [r6, #4]
87801c1e:	eb04 050c 	add.w	r5, r4, ip
87801c22:	3401      	adds	r4, #1
87801c24:	6977      	ldr	r7, [r6, #20]
87801c26:	b2a4      	uxth	r4, r4
87801c28:	fb05 f50e 	mul.w	r5, r5, lr
87801c2c:	42a2      	cmp	r2, r4
87801c2e:	51eb      	str	r3, [r5, r7]
87801c30:	d2f3      	bcs.n	87801c1a <lcd_fill+0x3a>
87801c32:	3101      	adds	r1, #1
87801c34:	b289      	uxth	r1, r1
87801c36:	4589      	cmp	r9, r1
87801c38:	d2ea      	bcs.n	87801c10 <lcd_fill+0x30>
87801c3a:	e8bd 83f0 	ldmia.w	sp!, {r4, r5, r6, r7, r8, r9, pc}
87801c3e:	e8bd 83f0 	ldmia.w	sp!, {r4, r5, r6, r7, r8, r9, pc}
87801c42:	bf00      	nop

87801c44 <rtc_isleapyear.part.0>:
87801c44:	0783      	lsls	r3, r0, #30
87801c46:	d111      	bne.n	87801c6c <rtc_isleapyear.part.0+0x28>
87801c48:	f248 521f 	movw	r2, #34079	; 0x851f
87801c4c:	f2c5 12eb 	movt	r2, #20971	; 0x51eb
87801c50:	fba0 2302 	umull	r2, r3, r0, r2
87801c54:	095a      	lsrs	r2, r3, #5
87801c56:	0113      	lsls	r3, r2, #4
87801c58:	eb03 0382 	add.w	r3, r3, r2, lsl #2
87801c5c:	eb03 0383 	add.w	r3, r3, r3, lsl #2
87801c60:	1ac0      	subs	r0, r0, r3
87801c62:	b280      	uxth	r0, r0
87801c64:	3000      	adds	r0, #0
87801c66:	bf18      	it	ne
87801c68:	2001      	movne	r0, #1
87801c6a:	4770      	bx	lr
87801c6c:	2000      	movs	r0, #0
87801c6e:	4770      	bx	lr

87801c70 <rtc_enable>:
87801c70:	f44f 4340 	mov.w	r3, #49152	; 0xc000
87801c74:	f2c0 230c 	movt	r3, #524	; 0x20c
87801c78:	6b99      	ldr	r1, [r3, #56]	; 0x38
87801c7a:	461a      	mov	r2, r3
87801c7c:	f041 0101 	orr.w	r1, r1, #1
87801c80:	6399      	str	r1, [r3, #56]	; 0x38
87801c82:	6b93      	ldr	r3, [r2, #56]	; 0x38
87801c84:	07db      	lsls	r3, r3, #31
87801c86:	d5fc      	bpl.n	87801c82 <rtc_enable+0x12>
87801c88:	4770      	bx	lr
87801c8a:	bf00      	nop

87801c8c <rtc_disable>:
87801c8c:	f44f 4340 	mov.w	r3, #49152	; 0xc000
87801c90:	f2c0 230c 	movt	r3, #524	; 0x20c
87801c94:	6b99      	ldr	r1, [r3, #56]	; 0x38
87801c96:	461a      	mov	r2, r3
87801c98:	f021 0101 	bic.w	r1, r1, #1
87801c9c:	6399      	str	r1, [r3, #56]	; 0x38
87801c9e:	6b93      	ldr	r3, [r2, #56]	; 0x38
87801ca0:	07db      	lsls	r3, r3, #31
87801ca2:	d4fc      	bmi.n	87801c9e <rtc_disable+0x12>
87801ca4:	4770      	bx	lr
87801ca6:	bf00      	nop

87801ca8 <rtc_isleapyear>:
87801ca8:	b430      	push	{r4, r5}
87801caa:	f248 541f 	movw	r4, #34079	; 0x851f
87801cae:	f2c5 14eb 	movt	r4, #20971	; 0x51eb
87801cb2:	fba0 4504 	umull	r4, r5, r0, r4
87801cb6:	09e9      	lsrs	r1, r5, #7
87801cb8:	018a      	lsls	r2, r1, #6
87801cba:	eb02 1201 	add.w	r2, r2, r1, lsl #4
87801cbe:	eb02 0282 	add.w	r2, r2, r2, lsl #2
87801cc2:	1a83      	subs	r3, r0, r2
87801cc4:	b29b      	uxth	r3, r3
87801cc6:	b10b      	cbz	r3, 87801ccc <rtc_isleapyear+0x24>
87801cc8:	bc30      	pop	{r4, r5}
87801cca:	e7bb      	b.n	87801c44 <rtc_isleapyear.part.0>
87801ccc:	2001      	movs	r0, #1
87801cce:	bc30      	pop	{r4, r5}
87801cd0:	4770      	bx	lr
87801cd2:	bf00      	nop

87801cd4 <rtc_coverdate_to_seconds>:
87801cd4:	e92d 41f0 	stmdb	sp!, {r4, r5, r6, r7, r8, lr}
87801cd8:	f249 13ec 	movw	r3, #37356	; 0x91ec
87801cdc:	8805      	ldrh	r5, [r0, #0]
87801cde:	f2c8 7380 	movt	r3, #34688	; 0x8780
87801ce2:	4606      	mov	r6, r0
87801ce4:	f240 74b2 	movw	r4, #1970	; 0x7b2
87801ce8:	6818      	ldr	r0, [r3, #0]
87801cea:	b084      	sub	sp, #16
87801cec:	6859      	ldr	r1, [r3, #4]
87801cee:	42a5      	cmp	r5, r4
87801cf0:	689a      	ldr	r2, [r3, #8]
87801cf2:	466f      	mov	r7, sp
87801cf4:	68db      	ldr	r3, [r3, #12]
87801cf6:	c70f      	stmia	r7!, {r0, r1, r2, r3}
87801cf8:	d958      	bls.n	87801dac <rtc_coverdate_to_seconds+0xd8>
87801cfa:	f248 581f 	movw	r8, #34079	; 0x851f
87801cfe:	2700      	movs	r7, #0
87801d00:	f2c5 18eb 	movt	r8, #20971	; 0x51eb
87801d04:	e008      	b.n	87801d18 <rtc_coverdate_to_seconds+0x44>
87801d06:	f7ff ff9d 	bl	87801c44 <rtc_isleapyear.part.0>
87801d0a:	b990      	cbnz	r0, 87801d32 <rtc_coverdate_to_seconds+0x5e>
87801d0c:	3401      	adds	r4, #1
87801d0e:	f207 176d 	addw	r7, r7, #365	; 0x16d
87801d12:	b2a4      	uxth	r4, r4
87801d14:	42ac      	cmp	r4, r5
87801d16:	d012      	beq.n	87801d3e <rtc_coverdate_to_seconds+0x6a>
87801d18:	fba4 2308 	umull	r2, r3, r4, r8
87801d1c:	4620      	mov	r0, r4
87801d1e:	09da      	lsrs	r2, r3, #7
87801d20:	0193      	lsls	r3, r2, #6
87801d22:	eb03 1302 	add.w	r3, r3, r2, lsl #4
87801d26:	eb03 0383 	add.w	r3, r3, r3, lsl #2
87801d2a:	1ae3      	subs	r3, r4, r3
87801d2c:	b29b      	uxth	r3, r3
87801d2e:	2b00      	cmp	r3, #0
87801d30:	d1e9      	bne.n	87801d06 <rtc_coverdate_to_seconds+0x32>
87801d32:	3401      	adds	r4, #1
87801d34:	f507 77b7 	add.w	r7, r7, #366	; 0x16e
87801d38:	b2a4      	uxth	r4, r4
87801d3a:	42ac      	cmp	r4, r5
87801d3c:	d1ec      	bne.n	87801d18 <rtc_coverdate_to_seconds+0x44>
87801d3e:	f248 521f 	movw	r2, #34079	; 0x851f
87801d42:	f896 8002 	ldrb.w	r8, [r6, #2]
87801d46:	f2c5 12eb 	movt	r2, #20971	; 0x51eb
87801d4a:	a904      	add	r1, sp, #16
87801d4c:	fba5 2302 	umull	r2, r3, r5, r2
87801d50:	eb01 0248 	add.w	r2, r1, r8, lsl #1
87801d54:	f832 0c10 	ldrh.w	r0, [r2, #-16]
87801d58:	09da      	lsrs	r2, r3, #7
87801d5a:	0193      	lsls	r3, r2, #6
87801d5c:	4407      	add	r7, r0
87801d5e:	eb03 1302 	add.w	r3, r3, r2, lsl #4
87801d62:	eb03 0383 	add.w	r3, r3, r3, lsl #2
87801d66:	1aeb      	subs	r3, r5, r3
87801d68:	b29b      	uxth	r3, r3
87801d6a:	bb3b      	cbnz	r3, 87801dbc <rtc_coverdate_to_seconds+0xe8>
87801d6c:	f1b8 0f02 	cmp.w	r8, #2
87801d70:	bf88      	it	hi
87801d72:	3701      	addhi	r7, #1
87801d74:	7932      	ldrb	r2, [r6, #4]
87801d76:	f44f 45a3 	mov.w	r5, #20864	; 0x5180
87801d7a:	f896 e005 	ldrb.w	lr, [r6, #5]
87801d7e:	f2c0 0501 	movt	r5, #1
87801d82:	78f3      	ldrb	r3, [r6, #3]
87801d84:	79b0      	ldrb	r0, [r6, #6]
87801d86:	0211      	lsls	r1, r2, #8
87801d88:	ea4f 148e 	mov.w	r4, lr, lsl #6
87801d8c:	3b01      	subs	r3, #1
87801d8e:	eba1 1202 	sub.w	r2, r1, r2, lsl #4
87801d92:	441f      	add	r7, r3
87801d94:	eba4 038e 	sub.w	r3, r4, lr, lsl #2
87801d98:	2100      	movs	r1, #0
87801d9a:	ebc2 1202 	rsb	r2, r2, r2, lsl #4
87801d9e:	441a      	add	r2, r3
87801da0:	4402      	add	r2, r0
87801da2:	fb05 2007 	mla	r0, r5, r7, r2
87801da6:	b004      	add	sp, #16
87801da8:	e8bd 81f0 	ldmia.w	sp!, {r4, r5, r6, r7, r8, pc}
87801dac:	f896 8002 	ldrb.w	r8, [r6, #2]
87801db0:	ab04      	add	r3, sp, #16
87801db2:	4625      	mov	r5, r4
87801db4:	eb03 0348 	add.w	r3, r3, r8, lsl #1
87801db8:	f833 7c10 	ldrh.w	r7, [r3, #-16]
87801dbc:	4628      	mov	r0, r5
87801dbe:	f7ff ff41 	bl	87801c44 <rtc_isleapyear.part.0>
87801dc2:	2800      	cmp	r0, #0
87801dc4:	d0d6      	beq.n	87801d74 <rtc_coverdate_to_seconds+0xa0>
87801dc6:	e7d1      	b.n	87801d6c <rtc_coverdate_to_seconds+0x98>

87801dc8 <rtc_setdatetime>:
87801dc8:	b538      	push	{r3, r4, r5, lr}
87801dca:	f44f 4340 	mov.w	r3, #49152	; 0xc000
87801dce:	f2c0 230c 	movt	r3, #524	; 0x20c
87801dd2:	461a      	mov	r2, r3
87801dd4:	6b9d      	ldr	r5, [r3, #56]	; 0x38
87801dd6:	6b99      	ldr	r1, [r3, #56]	; 0x38
87801dd8:	f021 0101 	bic.w	r1, r1, #1
87801ddc:	6399      	str	r1, [r3, #56]	; 0x38
87801dde:	6b93      	ldr	r3, [r2, #56]	; 0x38
87801de0:	f44f 4440 	mov.w	r4, #49152	; 0xc000
87801de4:	f2c0 240c 	movt	r4, #524	; 0x20c
87801de8:	07d9      	lsls	r1, r3, #31
87801dea:	d4f8      	bmi.n	87801dde <rtc_setdatetime+0x16>
87801dec:	f7ff ff72 	bl	87801cd4 <rtc_coverdate_to_seconds>
87801df0:	0c43      	lsrs	r3, r0, #17
87801df2:	07ea      	lsls	r2, r5, #31
87801df4:	ea4f 30c0 	mov.w	r0, r0, lsl #15
87801df8:	ea43 33c1 	orr.w	r3, r3, r1, lsl #15
87801dfc:	6523      	str	r3, [r4, #80]	; 0x50
87801dfe:	6560      	str	r0, [r4, #84]	; 0x54
87801e00:	d507      	bpl.n	87801e12 <rtc_setdatetime+0x4a>
87801e02:	6ba3      	ldr	r3, [r4, #56]	; 0x38
87801e04:	4622      	mov	r2, r4
87801e06:	f043 0301 	orr.w	r3, r3, #1
87801e0a:	63a3      	str	r3, [r4, #56]	; 0x38
87801e0c:	6b93      	ldr	r3, [r2, #56]	; 0x38
87801e0e:	07db      	lsls	r3, r3, #31
87801e10:	d5fc      	bpl.n	87801e0c <rtc_setdatetime+0x44>
87801e12:	bd38      	pop	{r3, r4, r5, pc}

87801e14 <rtc_init>:
87801e14:	f44f 4340 	mov.w	r3, #49152	; 0xc000
87801e18:	b5f0      	push	{r4, r5, r6, r7, lr}
87801e1a:	f2c0 230c 	movt	r3, #524	; 0x20c
87801e1e:	b083      	sub	sp, #12
87801e20:	f04f 0e06 	mov.w	lr, #6
87801e24:	2712      	movs	r7, #18
87801e26:	6899      	ldr	r1, [r3, #8]
87801e28:	260c      	movs	r6, #12
87801e2a:	252a      	movs	r5, #42	; 0x2a
87801e2c:	241e      	movs	r4, #30
87801e2e:	461a      	mov	r2, r3
87801e30:	f240 70ea 	movw	r0, #2026	; 0x7ea
87801e34:	f041 4100 	orr.w	r1, r1, #2147483648	; 0x80000000
87801e38:	f441 7180 	orr.w	r1, r1, #256	; 0x100
87801e3c:	6099      	str	r1, [r3, #8]
87801e3e:	f88d e002 	strb.w	lr, [sp, #2]
87801e42:	f88d 7003 	strb.w	r7, [sp, #3]
87801e46:	f88d 6004 	strb.w	r6, [sp, #4]
87801e4a:	f88d 5005 	strb.w	r5, [sp, #5]
87801e4e:	f88d 4006 	strb.w	r4, [sp, #6]
87801e52:	6b99      	ldr	r1, [r3, #56]	; 0x38
87801e54:	f8ad 0000 	strh.w	r0, [sp]
87801e58:	f041 0101 	orr.w	r1, r1, #1
87801e5c:	6399      	str	r1, [r3, #56]	; 0x38
87801e5e:	6b93      	ldr	r3, [r2, #56]	; 0x38
87801e60:	07db      	lsls	r3, r3, #31
87801e62:	d5fc      	bpl.n	87801e5e <rtc_init+0x4a>
87801e64:	4668      	mov	r0, sp
87801e66:	f7ff ffaf 	bl	87801dc8 <rtc_setdatetime>
87801e6a:	b003      	add	sp, #12
87801e6c:	bdf0      	pop	{r4, r5, r6, r7, pc}
87801e6e:	bf00      	nop

87801e70 <rtc_getseconds>:
87801e70:	f44f 4240 	mov.w	r2, #49152	; 0xc000
87801e74:	2100      	movs	r1, #0
87801e76:	f2c0 220c 	movt	r2, #524	; 0x20c
87801e7a:	6d13      	ldr	r3, [r2, #80]	; 0x50
87801e7c:	6d50      	ldr	r0, [r2, #84]	; 0x54
87801e7e:	045b      	lsls	r3, r3, #17
87801e80:	ea43 30d0 	orr.w	r0, r3, r0, lsr #15
87801e84:	4770      	bx	lr
87801e86:	bf00      	nop

87801e88 <rtc_convertseconds_to_datetime>:
87801e88:	4b55      	ldr	r3, [pc, #340]	; (87801fe0 <rtc_convertseconds_to_datetime+0x158>)
87801e8a:	e92d 43f0 	stmdb	sp!, {r4, r5, r6, r7, r8, r9, lr}
87801e8e:	4616      	mov	r6, r2
87801e90:	4680      	mov	r8, r0
87801e92:	4689      	mov	r9, r1
87801e94:	b085      	sub	sp, #20
87801e96:	f248 571f 	movw	r7, #34079	; 0x851f
87801e9a:	6818      	ldr	r0, [r3, #0]
87801e9c:	466c      	mov	r4, sp
87801e9e:	6859      	ldr	r1, [r3, #4]
87801ea0:	f2c5 17eb 	movt	r7, #20971	; 0x51eb
87801ea4:	689a      	ldr	r2, [r3, #8]
87801ea6:	7b1d      	ldrb	r5, [r3, #12]
87801ea8:	2300      	movs	r3, #0
87801eaa:	c407      	stmia	r4!, {r0, r1, r2}
87801eac:	f44f 42a3 	mov.w	r2, #20864	; 0x5180
87801eb0:	7025      	strb	r5, [r4, #0]
87801eb2:	4640      	mov	r0, r8
87801eb4:	4649      	mov	r1, r9
87801eb6:	f2c0 0201 	movt	r2, #1
87801eba:	f002 fb35 	bl	87804528 <__aeabi_uldivmod>
87801ebe:	f44f 42a3 	mov.w	r2, #20864	; 0x5180
87801ec2:	1c44      	adds	r4, r0, #1
87801ec4:	f141 0500 	adc.w	r5, r1, #0
87801ec8:	4640      	mov	r0, r8
87801eca:	4649      	mov	r1, r9
87801ecc:	f2c0 0201 	movt	r2, #1
87801ed0:	2300      	movs	r3, #0
87801ed2:	f002 fb29 	bl	87804528 <__aeabi_uldivmod>
87801ed6:	4690      	mov	r8, r2
87801ed8:	4699      	mov	r9, r3
87801eda:	f44f 6261 	mov.w	r2, #3600	; 0xe10
87801ede:	2300      	movs	r3, #0
87801ee0:	4640      	mov	r0, r8
87801ee2:	4649      	mov	r1, r9
87801ee4:	f002 fb20 	bl	87804528 <__aeabi_uldivmod>
87801ee8:	4649      	mov	r1, r9
87801eea:	7130      	strb	r0, [r6, #4]
87801eec:	f44f 6261 	mov.w	r2, #3600	; 0xe10
87801ef0:	4640      	mov	r0, r8
87801ef2:	2300      	movs	r3, #0
87801ef4:	f002 fb18 	bl	87804528 <__aeabi_uldivmod>
87801ef8:	4690      	mov	r8, r2
87801efa:	4699      	mov	r9, r3
87801efc:	223c      	movs	r2, #60	; 0x3c
87801efe:	2300      	movs	r3, #0
87801f00:	4640      	mov	r0, r8
87801f02:	4649      	mov	r1, r9
87801f04:	f002 fb10 	bl	87804528 <__aeabi_uldivmod>
87801f08:	4649      	mov	r1, r9
87801f0a:	7170      	strb	r0, [r6, #5]
87801f0c:	223c      	movs	r2, #60	; 0x3c
87801f0e:	4640      	mov	r0, r8
87801f10:	2300      	movs	r3, #0
87801f12:	f002 fb09 	bl	87804528 <__aeabi_uldivmod>
87801f16:	f240 73b2 	movw	r3, #1970	; 0x7b2
87801f1a:	f240 116d 	movw	r1, #365	; 0x16d
87801f1e:	4698      	mov	r8, r3
87801f20:	4689      	mov	r9, r1
87801f22:	71b2      	strb	r2, [r6, #6]
87801f24:	8033      	strh	r3, [r6, #0]
87801f26:	2300      	movs	r3, #0
87801f28:	460a      	mov	r2, r1
87801f2a:	42ab      	cmp	r3, r5
87801f2c:	f108 0001 	add.w	r0, r8, #1
87801f30:	bf08      	it	eq
87801f32:	42a1      	cmpeq	r1, r4
87801f34:	f44f 71b7 	mov.w	r1, #366	; 0x16e
87801f38:	d21c      	bcs.n	87801f74 <rtc_convertseconds_to_datetime+0xec>
87801f3a:	fa1f f880 	uxth.w	r8, r0
87801f3e:	1aa4      	subs	r4, r4, r2
87801f40:	eb65 0503 	sbc.w	r5, r5, r3
87801f44:	fba8 2307 	umull	r2, r3, r8, r7
87801f48:	4640      	mov	r0, r8
87801f4a:	f8a6 8000 	strh.w	r8, [r6]
87801f4e:	09da      	lsrs	r2, r3, #7
87801f50:	0193      	lsls	r3, r2, #6
87801f52:	eb03 1302 	add.w	r3, r3, r2, lsl #4
87801f56:	eb03 0383 	add.w	r3, r3, r3, lsl #2
87801f5a:	ebc3 0308 	rsb	r3, r3, r8
87801f5e:	b29b      	uxth	r3, r3
87801f60:	2b00      	cmp	r3, #0
87801f62:	d0e0      	beq.n	87801f26 <rtc_convertseconds_to_datetime+0x9e>
87801f64:	f7ff fe6e 	bl	87801c44 <rtc_isleapyear.part.0>
87801f68:	2800      	cmp	r0, #0
87801f6a:	bf0c      	ite	eq
87801f6c:	4649      	moveq	r1, r9
87801f6e:	f44f 71b7 	movne.w	r1, #366	; 0x16e
87801f72:	e7d8      	b.n	87801f26 <rtc_convertseconds_to_datetime+0x9e>
87801f74:	f248 521f 	movw	r2, #34079	; 0x851f
87801f78:	f2c5 12eb 	movt	r2, #20971	; 0x51eb
87801f7c:	fba8 2302 	umull	r2, r3, r8, r2
87801f80:	09da      	lsrs	r2, r3, #7
87801f82:	0193      	lsls	r3, r2, #6
87801f84:	eb03 1302 	add.w	r3, r3, r2, lsl #4
87801f88:	eb03 0383 	add.w	r3, r3, r3, lsl #2
87801f8c:	ebc3 0308 	rsb	r3, r3, r8
87801f90:	b29b      	uxth	r3, r3
87801f92:	b1db      	cbz	r3, 87801fcc <rtc_convertseconds_to_datetime+0x144>
87801f94:	4640      	mov	r0, r8
87801f96:	f7ff fe55 	bl	87801c44 <rtc_isleapyear.part.0>
87801f9a:	b9b8      	cbnz	r0, 87801fcc <rtc_convertseconds_to_datetime+0x144>
87801f9c:	466f      	mov	r7, sp
87801f9e:	2201      	movs	r2, #1
87801fa0:	2300      	movs	r3, #0
87801fa2:	f817 0f01 	ldrb.w	r0, [r7, #1]!
87801fa6:	2100      	movs	r1, #0
87801fa8:	42a9      	cmp	r1, r5
87801faa:	bf08      	it	eq
87801fac:	42a0      	cmpeq	r0, r4
87801fae:	d211      	bcs.n	87801fd4 <rtc_convertseconds_to_datetime+0x14c>
87801fb0:	3201      	adds	r2, #1
87801fb2:	f143 0300 	adc.w	r3, r3, #0
87801fb6:	1a24      	subs	r4, r4, r0
87801fb8:	eb65 0501 	sbc.w	r5, r5, r1
87801fbc:	2b00      	cmp	r3, #0
87801fbe:	bf08      	it	eq
87801fc0:	2a0d      	cmpeq	r2, #13
87801fc2:	d1ee      	bne.n	87801fa2 <rtc_convertseconds_to_datetime+0x11a>
87801fc4:	70f4      	strb	r4, [r6, #3]
87801fc6:	b005      	add	sp, #20
87801fc8:	e8bd 83f0 	ldmia.w	sp!, {r4, r5, r6, r7, r8, r9, pc}
87801fcc:	231d      	movs	r3, #29
87801fce:	f88d 3002 	strb.w	r3, [sp, #2]
87801fd2:	e7e3      	b.n	87801f9c <rtc_convertseconds_to_datetime+0x114>
87801fd4:	70b2      	strb	r2, [r6, #2]
87801fd6:	70f4      	strb	r4, [r6, #3]
87801fd8:	b005      	add	sp, #20
87801fda:	e8bd 83f0 	ldmia.w	sp!, {r4, r5, r6, r7, r8, r9, pc}
87801fde:	bf00      	nop
87801fe0:	878091fc 			; <UNDEFINED> instruction: 0x878091fc

87801fe4 <rtc_getdatetime>:
87801fe4:	b410      	push	{r4}
87801fe6:	f44f 4440 	mov.w	r4, #49152	; 0xc000
87801fea:	f2c0 240c 	movt	r4, #524	; 0x20c
87801fee:	4602      	mov	r2, r0
87801ff0:	2100      	movs	r1, #0
87801ff2:	6d23      	ldr	r3, [r4, #80]	; 0x50
87801ff4:	6d60      	ldr	r0, [r4, #84]	; 0x54
87801ff6:	f85d 4b04 	ldr.w	r4, [sp], #4
87801ffa:	045b      	lsls	r3, r3, #17
87801ffc:	ea43 30d0 	orr.w	r0, r3, r0, lsr #15
87802000:	f7ff bf42 	b.w	87801e88 <rtc_convertseconds_to_datetime>

87802004 <i2c_check_and_clear_error.part.1>:
87802004:	4602      	mov	r2, r0
87802006:	2004      	movs	r0, #4
87802008:	8993      	ldrh	r3, [r2, #12]
8780200a:	f023 0310 	bic.w	r3, r3, #16
8780200e:	041b      	lsls	r3, r3, #16
87802010:	0c1b      	lsrs	r3, r3, #16
87802012:	8193      	strh	r3, [r2, #12]
87802014:	8913      	ldrh	r3, [r2, #8]
87802016:	f023 0380 	bic.w	r3, r3, #128	; 0x80
8780201a:	041b      	lsls	r3, r3, #16
8780201c:	0c1b      	lsrs	r3, r3, #16
8780201e:	8113      	strh	r3, [r2, #8]
87802020:	8913      	ldrh	r3, [r2, #8]
87802022:	b29b      	uxth	r3, r3
87802024:	f043 0380 	orr.w	r3, r3, #128	; 0x80
87802028:	8113      	strh	r3, [r2, #8]
8780202a:	4770      	bx	lr

8780202c <i2c_init>:
8780202c:	8903      	ldrh	r3, [r0, #8]
8780202e:	2215      	movs	r2, #21
87802030:	f023 0380 	bic.w	r3, r3, #128	; 0x80
87802034:	041b      	lsls	r3, r3, #16
87802036:	0c1b      	lsrs	r3, r3, #16
87802038:	8103      	strh	r3, [r0, #8]
8780203a:	8082      	strh	r2, [r0, #4]
8780203c:	8903      	ldrh	r3, [r0, #8]
8780203e:	b29b      	uxth	r3, r3
87802040:	f043 0380 	orr.w	r3, r3, #128	; 0x80
87802044:	8103      	strh	r3, [r0, #8]
87802046:	4770      	bx	lr

87802048 <i2c_master_start>:
87802048:	8983      	ldrh	r3, [r0, #12]
8780204a:	f003 0320 	and.w	r3, r3, #32
8780204e:	b29b      	uxth	r3, r3
87802050:	b98b      	cbnz	r3, 87802076 <i2c_master_start+0x2e>
87802052:	b410      	push	{r4}
87802054:	f1a2 0201 	sub.w	r2, r2, #1
87802058:	8904      	ldrh	r4, [r0, #8]
8780205a:	fab2 f282 	clz	r2, r2
8780205e:	0952      	lsrs	r2, r2, #5
87802060:	ea42 0141 	orr.w	r1, r2, r1, lsl #1
87802064:	b2a2      	uxth	r2, r4
87802066:	f85d 4b04 	ldr.w	r4, [sp], #4
8780206a:	f042 0230 	orr.w	r2, r2, #48	; 0x30
8780206e:	8102      	strh	r2, [r0, #8]
87802070:	8201      	strh	r1, [r0, #16]
87802072:	4618      	mov	r0, r3
87802074:	4770      	bx	lr
87802076:	2301      	movs	r3, #1
87802078:	4618      	mov	r0, r3
8780207a:	4770      	bx	lr

8780207c <i2c_master_stop>:
8780207c:	8903      	ldrh	r3, [r0, #8]
8780207e:	f64f 72ff 	movw	r2, #65535	; 0xffff
87802082:	f023 0338 	bic.w	r3, r3, #56	; 0x38
87802086:	041b      	lsls	r3, r3, #16
87802088:	0c1b      	lsrs	r3, r3, #16
8780208a:	8103      	strh	r3, [r0, #8]
8780208c:	e000      	b.n	87802090 <i2c_master_stop+0x14>
8780208e:	b14a      	cbz	r2, 878020a4 <i2c_master_stop+0x28>
87802090:	8983      	ldrh	r3, [r0, #12]
87802092:	3a01      	subs	r2, #1
87802094:	b292      	uxth	r2, r2
87802096:	f003 0320 	and.w	r3, r3, #32
8780209a:	b29b      	uxth	r3, r3
8780209c:	2b00      	cmp	r3, #0
8780209e:	d1f6      	bne.n	8780208e <i2c_master_stop+0x12>
878020a0:	4618      	mov	r0, r3
878020a2:	4770      	bx	lr
878020a4:	2005      	movs	r0, #5
878020a6:	4770      	bx	lr

878020a8 <i2c_master_repeated_start>:
878020a8:	4603      	mov	r3, r0
878020aa:	8980      	ldrh	r0, [r0, #12]
878020ac:	b410      	push	{r4}
878020ae:	0684      	lsls	r4, r0, #26
878020b0:	d504      	bpl.n	878020bc <i2c_master_repeated_start+0x14>
878020b2:	8918      	ldrh	r0, [r3, #8]
878020b4:	0680      	lsls	r0, r0, #26
878020b6:	bf58      	it	pl
878020b8:	2001      	movpl	r0, #1
878020ba:	d50d      	bpl.n	878020d8 <i2c_master_repeated_start+0x30>
878020bc:	891c      	ldrh	r4, [r3, #8]
878020be:	f1a2 0201 	sub.w	r2, r2, #1
878020c2:	fab2 f282 	clz	r2, r2
878020c6:	2000      	movs	r0, #0
878020c8:	0952      	lsrs	r2, r2, #5
878020ca:	ea42 0141 	orr.w	r1, r2, r1, lsl #1
878020ce:	b2a2      	uxth	r2, r4
878020d0:	f042 0214 	orr.w	r2, r2, #20
878020d4:	811a      	strh	r2, [r3, #8]
878020d6:	8219      	strh	r1, [r3, #16]
878020d8:	f85d 4b04 	ldr.w	r4, [sp], #4
878020dc:	4770      	bx	lr
878020de:	bf00      	nop

878020e0 <i2c_check_and_clear_error>:
878020e0:	06cb      	lsls	r3, r1, #27
878020e2:	d500      	bpl.n	878020e6 <i2c_check_and_clear_error+0x6>
878020e4:	e78e      	b.n	87802004 <i2c_check_and_clear_error.part.1>
878020e6:	f011 0f01 	tst.w	r1, #1
878020ea:	bf14      	ite	ne
878020ec:	2003      	movne	r0, #3
878020ee:	2000      	moveq	r0, #0
878020f0:	4770      	bx	lr
878020f2:	bf00      	nop

878020f4 <i2c_master_write>:
878020f4:	b570      	push	{r4, r5, r6, lr}
878020f6:	4604      	mov	r4, r0
878020f8:	460d      	mov	r5, r1
878020fa:	89a3      	ldrh	r3, [r4, #12]
878020fc:	0619      	lsls	r1, r3, #24
878020fe:	d4fc      	bmi.n	878020fa <i2c_master_write+0x6>
87802100:	89a3      	ldrh	r3, [r4, #12]
87802102:	18ae      	adds	r6, r5, r2
87802104:	f023 0302 	bic.w	r3, r3, #2
87802108:	041b      	lsls	r3, r3, #16
8780210a:	0c1b      	lsrs	r3, r3, #16
8780210c:	81a3      	strh	r3, [r4, #12]
8780210e:	8923      	ldrh	r3, [r4, #8]
87802110:	b29b      	uxth	r3, r3
87802112:	f043 0310 	orr.w	r3, r3, #16
87802116:	8123      	strh	r3, [r4, #8]
87802118:	42b5      	cmp	r5, r6
8780211a:	d011      	beq.n	87802140 <i2c_master_write+0x4c>
8780211c:	f815 3b01 	ldrb.w	r3, [r5], #1
87802120:	8223      	strh	r3, [r4, #16]
87802122:	89a3      	ldrh	r3, [r4, #12]
87802124:	079b      	lsls	r3, r3, #30
87802126:	d4fc      	bmi.n	87802122 <i2c_master_write+0x2e>
87802128:	89a3      	ldrh	r3, [r4, #12]
8780212a:	f023 0302 	bic.w	r3, r3, #2
8780212e:	041b      	lsls	r3, r3, #16
87802130:	0c1b      	lsrs	r3, r3, #16
87802132:	81a3      	strh	r3, [r4, #12]
87802134:	89a3      	ldrh	r3, [r4, #12]
87802136:	b29b      	uxth	r3, r3
87802138:	06d8      	lsls	r0, r3, #27
8780213a:	d417      	bmi.n	8780216c <i2c_master_write+0x78>
8780213c:	07d9      	lsls	r1, r3, #31
8780213e:	d5eb      	bpl.n	87802118 <i2c_master_write+0x24>
87802140:	89a2      	ldrh	r2, [r4, #12]
87802142:	f64f 73ff 	movw	r3, #65535	; 0xffff
87802146:	f022 0202 	bic.w	r2, r2, #2
8780214a:	0412      	lsls	r2, r2, #16
8780214c:	0c12      	lsrs	r2, r2, #16
8780214e:	81a2      	strh	r2, [r4, #12]
87802150:	8922      	ldrh	r2, [r4, #8]
87802152:	f022 0238 	bic.w	r2, r2, #56	; 0x38
87802156:	0412      	lsls	r2, r2, #16
87802158:	0c12      	lsrs	r2, r2, #16
8780215a:	8122      	strh	r2, [r4, #8]
8780215c:	e000      	b.n	87802160 <i2c_master_write+0x6c>
8780215e:	b123      	cbz	r3, 8780216a <i2c_master_write+0x76>
87802160:	89a2      	ldrh	r2, [r4, #12]
87802162:	3b01      	subs	r3, #1
87802164:	b29b      	uxth	r3, r3
87802166:	0692      	lsls	r2, r2, #26
87802168:	d4f9      	bmi.n	8780215e <i2c_master_write+0x6a>
8780216a:	bd70      	pop	{r4, r5, r6, pc}
8780216c:	4620      	mov	r0, r4
8780216e:	f7ff ff49 	bl	87802004 <i2c_check_and_clear_error.part.1>
87802172:	2800      	cmp	r0, #0
87802174:	d0d0      	beq.n	87802118 <i2c_master_write+0x24>
87802176:	e7e3      	b.n	87802140 <i2c_master_write+0x4c>

87802178 <i2c_master_read>:
87802178:	b430      	push	{r4, r5}
8780217a:	2300      	movs	r3, #0
8780217c:	b082      	sub	sp, #8
8780217e:	f88d 3007 	strb.w	r3, [sp, #7]
87802182:	f89d 3007 	ldrb.w	r3, [sp, #7]
87802186:	3301      	adds	r3, #1
87802188:	b2db      	uxtb	r3, r3
8780218a:	f88d 3007 	strb.w	r3, [sp, #7]
8780218e:	8983      	ldrh	r3, [r0, #12]
87802190:	f003 0380 	and.w	r3, r3, #128	; 0x80
87802194:	b29b      	uxth	r3, r3
87802196:	2b00      	cmp	r3, #0
87802198:	d1f9      	bne.n	8780218e <i2c_master_read+0x16>
8780219a:	8984      	ldrh	r4, [r0, #12]
8780219c:	2a01      	cmp	r2, #1
8780219e:	f024 0402 	bic.w	r4, r4, #2
878021a2:	ea4f 4404 	mov.w	r4, r4, lsl #16
878021a6:	ea4f 4414 	mov.w	r4, r4, lsr #16
878021aa:	8184      	strh	r4, [r0, #12]
878021ac:	8904      	ldrh	r4, [r0, #8]
878021ae:	f024 0418 	bic.w	r4, r4, #24
878021b2:	ea4f 4404 	mov.w	r4, r4, lsl #16
878021b6:	ea4f 4414 	mov.w	r4, r4, lsr #16
878021ba:	8104      	strh	r4, [r0, #8]
878021bc:	d02d      	beq.n	8780221a <i2c_master_read+0xa2>
878021be:	8903      	ldrh	r3, [r0, #8]
878021c0:	1e54      	subs	r4, r2, #1
878021c2:	b2db      	uxtb	r3, r3
878021c4:	f88d 3007 	strb.w	r3, [sp, #7]
878021c8:	b322      	cbz	r2, 87802214 <i2c_master_read+0x9c>
878021ca:	4622      	mov	r2, r4
878021cc:	460d      	mov	r5, r1
878021ce:	8983      	ldrh	r3, [r0, #12]
878021d0:	079b      	lsls	r3, r3, #30
878021d2:	d5fc      	bpl.n	878021ce <i2c_master_read+0x56>
878021d4:	8983      	ldrh	r3, [r0, #12]
878021d6:	f023 0302 	bic.w	r3, r3, #2
878021da:	041b      	lsls	r3, r3, #16
878021dc:	0c1b      	lsrs	r3, r3, #16
878021de:	8183      	strh	r3, [r0, #12]
878021e0:	b132      	cbz	r2, 878021f0 <i2c_master_read+0x78>
878021e2:	2a01      	cmp	r2, #1
878021e4:	d024      	beq.n	87802230 <i2c_master_read+0xb8>
878021e6:	8a03      	ldrh	r3, [r0, #16]
878021e8:	3a01      	subs	r2, #1
878021ea:	f805 3b01 	strb.w	r3, [r5], #1
878021ee:	e7ee      	b.n	878021ce <i2c_master_read+0x56>
878021f0:	8902      	ldrh	r2, [r0, #8]
878021f2:	190b      	adds	r3, r1, r4
878021f4:	f64f 71ff 	movw	r1, #65535	; 0xffff
878021f8:	f022 0238 	bic.w	r2, r2, #56	; 0x38
878021fc:	0412      	lsls	r2, r2, #16
878021fe:	0c12      	lsrs	r2, r2, #16
87802200:	8102      	strh	r2, [r0, #8]
87802202:	e000      	b.n	87802206 <i2c_master_read+0x8e>
87802204:	b121      	cbz	r1, 87802210 <i2c_master_read+0x98>
87802206:	8982      	ldrh	r2, [r0, #12]
87802208:	3901      	subs	r1, #1
8780220a:	b289      	uxth	r1, r1
8780220c:	0692      	lsls	r2, r2, #26
8780220e:	d4f9      	bmi.n	87802204 <i2c_master_read+0x8c>
87802210:	8a02      	ldrh	r2, [r0, #16]
87802212:	701a      	strb	r2, [r3, #0]
87802214:	b002      	add	sp, #8
87802216:	bc30      	pop	{r4, r5}
87802218:	4770      	bx	lr
8780221a:	8902      	ldrh	r2, [r0, #8]
8780221c:	461c      	mov	r4, r3
8780221e:	b293      	uxth	r3, r2
87802220:	f043 0308 	orr.w	r3, r3, #8
87802224:	8103      	strh	r3, [r0, #8]
87802226:	8903      	ldrh	r3, [r0, #8]
87802228:	b2db      	uxtb	r3, r3
8780222a:	f88d 3007 	strb.w	r3, [sp, #7]
8780222e:	e7cc      	b.n	878021ca <i2c_master_read+0x52>
87802230:	8903      	ldrh	r3, [r0, #8]
87802232:	b29b      	uxth	r3, r3
87802234:	f043 0308 	orr.w	r3, r3, #8
87802238:	8103      	strh	r3, [r0, #8]
8780223a:	e7d4      	b.n	878021e6 <i2c_master_read+0x6e>

8780223c <i2c_master_transfer>:
8780223c:	b538      	push	{r3, r4, r5, lr}
8780223e:	8983      	ldrh	r3, [r0, #12]
87802240:	684a      	ldr	r2, [r1, #4]
87802242:	f023 0312 	bic.w	r3, r3, #18
87802246:	041b      	lsls	r3, r3, #16
87802248:	0c1b      	lsrs	r3, r3, #16
8780224a:	8183      	strh	r3, [r0, #12]
8780224c:	8983      	ldrh	r3, [r0, #12]
8780224e:	061b      	lsls	r3, r3, #24
87802250:	d5fc      	bpl.n	8780224c <i2c_master_transfer+0x10>
87802252:	7b0b      	ldrb	r3, [r1, #12]
87802254:	b14b      	cbz	r3, 8780226a <i2c_master_transfer+0x2e>
87802256:	8983      	ldrh	r3, [r0, #12]
87802258:	780c      	ldrb	r4, [r1, #0]
8780225a:	f003 0320 	and.w	r3, r3, #32
8780225e:	b29b      	uxth	r3, r3
87802260:	2b00      	cmp	r3, #0
87802262:	f000 8087 	beq.w	87802374 <i2c_master_transfer+0x138>
87802266:	2001      	movs	r0, #1
87802268:	bd38      	pop	{r3, r4, r5, pc}
8780226a:	8984      	ldrh	r4, [r0, #12]
8780226c:	780b      	ldrb	r3, [r1, #0]
8780226e:	06a5      	lsls	r5, r4, #26
87802270:	d4f9      	bmi.n	87802266 <i2c_master_transfer+0x2a>
87802272:	8905      	ldrh	r5, [r0, #8]
87802274:	005c      	lsls	r4, r3, #1
87802276:	f1a2 0301 	sub.w	r3, r2, #1
8780227a:	fab3 f383 	clz	r3, r3
8780227e:	095b      	lsrs	r3, r3, #5
87802280:	b2aa      	uxth	r2, r5
87802282:	f042 0230 	orr.w	r2, r2, #48	; 0x30
87802286:	8102      	strh	r2, [r0, #8]
87802288:	4323      	orrs	r3, r4
8780228a:	b29b      	uxth	r3, r3
8780228c:	8203      	strh	r3, [r0, #16]
8780228e:	8983      	ldrh	r3, [r0, #12]
87802290:	079c      	lsls	r4, r3, #30
87802292:	d5fc      	bpl.n	8780228e <i2c_master_transfer+0x52>
87802294:	8983      	ldrh	r3, [r0, #12]
87802296:	460d      	mov	r5, r1
87802298:	4604      	mov	r4, r0
8780229a:	b29b      	uxth	r3, r3
8780229c:	06da      	lsls	r2, r3, #27
8780229e:	d413      	bmi.n	878022c8 <i2c_master_transfer+0x8c>
878022a0:	07db      	lsls	r3, r3, #31
878022a2:	d515      	bpl.n	878022d0 <i2c_master_transfer+0x94>
878022a4:	2003      	movs	r0, #3
878022a6:	8922      	ldrh	r2, [r4, #8]
878022a8:	f64f 73ff 	movw	r3, #65535	; 0xffff
878022ac:	f022 0238 	bic.w	r2, r2, #56	; 0x38
878022b0:	0412      	lsls	r2, r2, #16
878022b2:	0c12      	lsrs	r2, r2, #16
878022b4:	8122      	strh	r2, [r4, #8]
878022b6:	e000      	b.n	878022ba <i2c_master_transfer+0x7e>
878022b8:	b12b      	cbz	r3, 878022c6 <i2c_master_transfer+0x8a>
878022ba:	89a2      	ldrh	r2, [r4, #12]
878022bc:	3b01      	subs	r3, #1
878022be:	b29b      	uxth	r3, r3
878022c0:	0695      	lsls	r5, r2, #26
878022c2:	d4f9      	bmi.n	878022b8 <i2c_master_transfer+0x7c>
878022c4:	bd38      	pop	{r3, r4, r5, pc}
878022c6:	bd38      	pop	{r3, r4, r5, pc}
878022c8:	f7ff fe9c 	bl	87802004 <i2c_check_and_clear_error.part.1>
878022cc:	2800      	cmp	r0, #0
878022ce:	d1ea      	bne.n	878022a6 <i2c_master_transfer+0x6a>
878022d0:	7b2b      	ldrb	r3, [r5, #12]
878022d2:	b96b      	cbnz	r3, 878022f0 <i2c_master_transfer+0xb4>
878022d4:	686b      	ldr	r3, [r5, #4]
878022d6:	2b00      	cmp	r3, #0
878022d8:	d141      	bne.n	8780235e <i2c_master_transfer+0x122>
878022da:	696b      	ldr	r3, [r5, #20]
878022dc:	2b00      	cmp	r3, #0
878022de:	d138      	bne.n	87802352 <i2c_master_transfer+0x116>
878022e0:	2000      	movs	r0, #0
878022e2:	bd38      	pop	{r3, r4, r5, pc}
878022e4:	4620      	mov	r0, r4
878022e6:	f7ff fe8d 	bl	87802004 <i2c_check_and_clear_error.part.1>
878022ea:	b9d8      	cbnz	r0, 87802324 <i2c_master_transfer+0xe8>
878022ec:	7b2b      	ldrb	r3, [r5, #12]
878022ee:	b353      	cbz	r3, 87802346 <i2c_master_transfer+0x10a>
878022f0:	89a3      	ldrh	r3, [r4, #12]
878022f2:	68aa      	ldr	r2, [r5, #8]
878022f4:	f023 0302 	bic.w	r3, r3, #2
878022f8:	041b      	lsls	r3, r3, #16
878022fa:	0c1b      	lsrs	r3, r3, #16
878022fc:	81a3      	strh	r3, [r4, #12]
878022fe:	7b2b      	ldrb	r3, [r5, #12]
87802300:	3b01      	subs	r3, #1
87802302:	b2db      	uxtb	r3, r3
87802304:	00d9      	lsls	r1, r3, #3
87802306:	732b      	strb	r3, [r5, #12]
87802308:	fa22 f301 	lsr.w	r3, r2, r1
8780230c:	b29b      	uxth	r3, r3
8780230e:	8223      	strh	r3, [r4, #16]
87802310:	89a3      	ldrh	r3, [r4, #12]
87802312:	0799      	lsls	r1, r3, #30
87802314:	d5fc      	bpl.n	87802310 <i2c_master_transfer+0xd4>
87802316:	89a3      	ldrh	r3, [r4, #12]
87802318:	b29b      	uxth	r3, r3
8780231a:	06da      	lsls	r2, r3, #27
8780231c:	d4e2      	bmi.n	878022e4 <i2c_master_transfer+0xa8>
8780231e:	07db      	lsls	r3, r3, #31
87802320:	d5e4      	bpl.n	878022ec <i2c_master_transfer+0xb0>
87802322:	2003      	movs	r0, #3
87802324:	8922      	ldrh	r2, [r4, #8]
87802326:	f64f 73ff 	movw	r3, #65535	; 0xffff
8780232a:	f022 0238 	bic.w	r2, r2, #56	; 0x38
8780232e:	0412      	lsls	r2, r2, #16
87802330:	0c12      	lsrs	r2, r2, #16
87802332:	8122      	strh	r2, [r4, #8]
87802334:	e001      	b.n	8780233a <i2c_master_transfer+0xfe>
87802336:	2b00      	cmp	r3, #0
87802338:	d0c5      	beq.n	878022c6 <i2c_master_transfer+0x8a>
8780233a:	89a2      	ldrh	r2, [r4, #12]
8780233c:	3b01      	subs	r3, #1
8780233e:	b29b      	uxth	r3, r3
87802340:	0695      	lsls	r5, r2, #26
87802342:	d4f8      	bmi.n	87802336 <i2c_master_transfer+0xfa>
87802344:	bd38      	pop	{r3, r4, r5, pc}
87802346:	686b      	ldr	r3, [r5, #4]
87802348:	2b01      	cmp	r3, #1
8780234a:	d01a      	beq.n	87802382 <i2c_master_transfer+0x146>
8780234c:	2b00      	cmp	r3, #0
8780234e:	d0c4      	beq.n	878022da <i2c_master_transfer+0x9e>
87802350:	e7c6      	b.n	878022e0 <i2c_master_transfer+0xa4>
87802352:	6929      	ldr	r1, [r5, #16]
87802354:	4620      	mov	r0, r4
87802356:	696a      	ldr	r2, [r5, #20]
87802358:	f7ff fecc 	bl	878020f4 <i2c_master_write>
8780235c:	686b      	ldr	r3, [r5, #4]
8780235e:	2b01      	cmp	r3, #1
87802360:	d1be      	bne.n	878022e0 <i2c_master_transfer+0xa4>
87802362:	696b      	ldr	r3, [r5, #20]
87802364:	2b00      	cmp	r3, #0
87802366:	d0bb      	beq.n	878022e0 <i2c_master_transfer+0xa4>
87802368:	6929      	ldr	r1, [r5, #16]
8780236a:	4620      	mov	r0, r4
8780236c:	696a      	ldr	r2, [r5, #20]
8780236e:	f7ff ff03 	bl	87802178 <i2c_master_read>
87802372:	e7b5      	b.n	878022e0 <i2c_master_transfer+0xa4>
87802374:	8902      	ldrh	r2, [r0, #8]
87802376:	0064      	lsls	r4, r4, #1
87802378:	b292      	uxth	r2, r2
8780237a:	f042 0230 	orr.w	r2, r2, #48	; 0x30
8780237e:	8102      	strh	r2, [r0, #8]
87802380:	e782      	b.n	87802288 <i2c_master_transfer+0x4c>
87802382:	89a3      	ldrh	r3, [r4, #12]
87802384:	f023 0302 	bic.w	r3, r3, #2
87802388:	041b      	lsls	r3, r3, #16
8780238a:	0c1b      	lsrs	r3, r3, #16
8780238c:	81a3      	strh	r3, [r4, #12]
8780238e:	89a2      	ldrh	r2, [r4, #12]
87802390:	782b      	ldrb	r3, [r5, #0]
87802392:	0691      	lsls	r1, r2, #26
87802394:	d502      	bpl.n	8780239c <i2c_master_transfer+0x160>
87802396:	8922      	ldrh	r2, [r4, #8]
87802398:	0692      	lsls	r2, r2, #26
8780239a:	d508      	bpl.n	878023ae <i2c_master_transfer+0x172>
8780239c:	8922      	ldrh	r2, [r4, #8]
8780239e:	005b      	lsls	r3, r3, #1
878023a0:	f043 0301 	orr.w	r3, r3, #1
878023a4:	b292      	uxth	r2, r2
878023a6:	f042 0214 	orr.w	r2, r2, #20
878023aa:	8122      	strh	r2, [r4, #8]
878023ac:	8223      	strh	r3, [r4, #16]
878023ae:	89a3      	ldrh	r3, [r4, #12]
878023b0:	079b      	lsls	r3, r3, #30
878023b2:	d5fc      	bpl.n	878023ae <i2c_master_transfer+0x172>
878023b4:	89a3      	ldrh	r3, [r4, #12]
878023b6:	b29b      	uxth	r3, r3
878023b8:	06d8      	lsls	r0, r3, #27
878023ba:	d412      	bmi.n	878023e2 <i2c_master_transfer+0x1a6>
878023bc:	07d9      	lsls	r1, r3, #31
878023be:	d5d0      	bpl.n	87802362 <i2c_master_transfer+0x126>
878023c0:	8922      	ldrh	r2, [r4, #8]
878023c2:	f64f 73ff 	movw	r3, #65535	; 0xffff
878023c6:	f022 0238 	bic.w	r2, r2, #56	; 0x38
878023ca:	0412      	lsls	r2, r2, #16
878023cc:	0c12      	lsrs	r2, r2, #16
878023ce:	8122      	strh	r2, [r4, #8]
878023d0:	e000      	b.n	878023d4 <i2c_master_transfer+0x198>
878023d2:	b123      	cbz	r3, 878023de <i2c_master_transfer+0x1a2>
878023d4:	89a2      	ldrh	r2, [r4, #12]
878023d6:	3b01      	subs	r3, #1
878023d8:	b29b      	uxth	r3, r3
878023da:	0692      	lsls	r2, r2, #26
878023dc:	d4f9      	bmi.n	878023d2 <i2c_master_transfer+0x196>
878023de:	2006      	movs	r0, #6
878023e0:	bd38      	pop	{r3, r4, r5, pc}
878023e2:	4620      	mov	r0, r4
878023e4:	f7ff fe0e 	bl	87802004 <i2c_check_and_clear_error.part.1>
878023e8:	2800      	cmp	r0, #0
878023ea:	d1e9      	bne.n	878023c0 <i2c_master_transfer+0x184>
878023ec:	e772      	b.n	878022d4 <i2c_master_transfer+0x98>
878023ee:	bf00      	nop

878023f0 <ap3216c_readonebyte>:
878023f0:	b510      	push	{r4, lr}
878023f2:	b088      	sub	sp, #32
878023f4:	9004      	str	r0, [sp, #16]
878023f6:	2000      	movs	r0, #0
878023f8:	2301      	movs	r3, #1
878023fa:	2200      	movs	r2, #0
878023fc:	f10d 0407 	add.w	r4, sp, #7
87802400:	a902      	add	r1, sp, #8
87802402:	f2c0 201a 	movt	r0, #538	; 0x21a
87802406:	9406      	str	r4, [sp, #24]
87802408:	f88d 2007 	strb.w	r2, [sp, #7]
8780240c:	9303      	str	r3, [sp, #12]
8780240e:	f88d 3014 	strb.w	r3, [sp, #20]
87802412:	9307      	str	r3, [sp, #28]
87802414:	f7ff ff12 	bl	8780223c <i2c_master_transfer>
87802418:	b008      	add	sp, #32
8780241a:	bd10      	pop	{r4, pc}

8780241c <ap3216c_writeonebyte>:
8780241c:	b530      	push	{r4, r5, lr}
8780241e:	b089      	sub	sp, #36	; 0x24
87802420:	9004      	str	r0, [sp, #16]
87802422:	2000      	movs	r0, #0
87802424:	2301      	movs	r3, #1
87802426:	2400      	movs	r4, #0
87802428:	f10d 0507 	add.w	r5, sp, #7
8780242c:	a902      	add	r1, sp, #8
8780242e:	f2c0 201a 	movt	r0, #538	; 0x21a
87802432:	9506      	str	r5, [sp, #24]
87802434:	f88d 2007 	strb.w	r2, [sp, #7]
87802438:	9403      	str	r4, [sp, #12]
8780243a:	f88d 3014 	strb.w	r3, [sp, #20]
8780243e:	9307      	str	r3, [sp, #28]
87802440:	f7ff fefc 	bl	8780223c <i2c_master_transfer>
87802444:	1b00      	subs	r0, r0, r4
87802446:	bf18      	it	ne
87802448:	2001      	movne	r0, #1
8780244a:	b009      	add	sp, #36	; 0x24
8780244c:	bd30      	pop	{r4, r5, pc}
8780244e:	bf00      	nop

87802450 <ap3216c_init>:
87802450:	20b4      	movs	r0, #180	; 0xb4
87802452:	f240 52a4 	movw	r2, #1444	; 0x5a4
87802456:	b5f8      	push	{r3, r4, r5, r6, r7, lr}
87802458:	f2c0 200e 	movt	r0, #526	; 0x20e
8780245c:	f04f 0e01 	mov.w	lr, #1
87802460:	2612      	movs	r6, #18
87802462:	f2c0 220e 	movt	r2, #526	; 0x20e
87802466:	25b8      	movs	r5, #184	; 0xb8
87802468:	f44f 64b5 	mov.w	r4, #1448	; 0x5a8
8780246c:	f44f 7150 	mov.w	r1, #832	; 0x340
87802470:	f44f 7351 	mov.w	r3, #836	; 0x344
87802474:	6006      	str	r6, [r0, #0]
87802476:	f2c0 230e 	movt	r3, #526	; 0x20e
8780247a:	f8c2 e000 	str.w	lr, [r2]
8780247e:	f2c0 210e 	movt	r1, #526	; 0x20e
87802482:	f247 02b0 	movw	r2, #28848	; 0x70b0
87802486:	f2c0 250e 	movt	r5, #526	; 0x20e
8780248a:	f2c0 240e 	movt	r4, #526	; 0x20e
8780248e:	2702      	movs	r7, #2
87802490:	2000      	movs	r0, #0
87802492:	602e      	str	r6, [r5, #0]
87802494:	f2c0 201a 	movt	r0, #538	; 0x21a
87802498:	6027      	str	r7, [r4, #0]
8780249a:	600a      	str	r2, [r1, #0]
8780249c:	601a      	str	r2, [r3, #0]
8780249e:	f7ff fdc5 	bl	8780202c <i2c_init>
878024a2:	2204      	movs	r2, #4
878024a4:	2100      	movs	r1, #0
878024a6:	201e      	movs	r0, #30
878024a8:	f7ff ffb8 	bl	8780241c <ap3216c_writeonebyte>
878024ac:	2032      	movs	r0, #50	; 0x32
878024ae:	f7fe f8cb 	bl	87800648 <delay_ms>
878024b2:	2243      	movs	r2, #67	; 0x43
878024b4:	2100      	movs	r1, #0
878024b6:	201e      	movs	r0, #30
878024b8:	f7ff ffb0 	bl	8780241c <ap3216c_writeonebyte>
878024bc:	2100      	movs	r1, #0
878024be:	201e      	movs	r0, #30
878024c0:	f7ff ff96 	bl	878023f0 <ap3216c_readonebyte>
878024c4:	4604      	mov	r4, r0
878024c6:	4601      	mov	r1, r0
878024c8:	f249 200c 	movw	r0, #37388	; 0x920c
878024cc:	f2c8 7080 	movt	r0, #34688	; 0x8780
878024d0:	f000 fae2 	bl	87802a98 <printf>
878024d4:	1ee0      	subs	r0, r4, #3
878024d6:	bf18      	it	ne
878024d8:	2001      	movne	r0, #1
878024da:	bdf8      	pop	{r3, r4, r5, r6, r7, pc}

878024dc <ap3216c_readdate>:
878024dc:	e92d 41f0 	stmdb	sp!, {r4, r5, r6, r7, r8, lr}
878024e0:	b082      	sub	sp, #8
878024e2:	4680      	mov	r8, r0
878024e4:	460f      	mov	r7, r1
878024e6:	4616      	mov	r6, r2
878024e8:	466d      	mov	r5, sp
878024ea:	240a      	movs	r4, #10
878024ec:	4621      	mov	r1, r4
878024ee:	3401      	adds	r4, #1
878024f0:	b2e4      	uxtb	r4, r4
878024f2:	201e      	movs	r0, #30
878024f4:	f7ff ff7c 	bl	878023f0 <ap3216c_readonebyte>
878024f8:	2c10      	cmp	r4, #16
878024fa:	f805 0b01 	strb.w	r0, [r5], #1
878024fe:	d1f5      	bne.n	878024ec <ap3216c_readdate+0x10>
87802500:	f89d 3000 	ldrb.w	r3, [sp]
87802504:	061a      	lsls	r2, r3, #24
87802506:	bf42      	ittt	mi
87802508:	2300      	movmi	r3, #0
8780250a:	f8a8 3000 	strhmi.w	r3, [r8]
8780250e:	803b      	strhmi	r3, [r7, #0]
87802510:	d412      	bmi.n	87802538 <ap3216c_readdate+0x5c>
87802512:	f89d 0001 	ldrb.w	r0, [sp, #1]
87802516:	f003 0303 	and.w	r3, r3, #3
8780251a:	f89d 1005 	ldrb.w	r1, [sp, #5]
8780251e:	f89d 2004 	ldrb.w	r2, [sp, #4]
87802522:	f001 013f 	and.w	r1, r1, #63	; 0x3f
87802526:	ea43 0380 	orr.w	r3, r3, r0, lsl #2
8780252a:	f002 020f 	and.w	r2, r2, #15
8780252e:	ea42 1201 	orr.w	r2, r2, r1, lsl #4
87802532:	f8a8 3000 	strh.w	r3, [r8]
87802536:	803a      	strh	r2, [r7, #0]
87802538:	f89d 2003 	ldrb.w	r2, [sp, #3]
8780253c:	f89d 3002 	ldrb.w	r3, [sp, #2]
87802540:	ea43 2302 	orr.w	r3, r3, r2, lsl #8
87802544:	8033      	strh	r3, [r6, #0]
87802546:	b002      	add	sp, #8
87802548:	e8bd 81f0 	ldmia.w	sp!, {r4, r5, r6, r7, r8, pc}

8780254c <spi_init>:
8780254c:	2200      	movs	r2, #0
8780254e:	f44f 5100 	mov.w	r1, #8192	; 0x2000
87802552:	6082      	str	r2, [r0, #8]
87802554:	6883      	ldr	r3, [r0, #8]
87802556:	f443 03e0 	orr.w	r3, r3, #7340032	; 0x700000
8780255a:	f043 0319 	orr.w	r3, r3, #25
8780255e:	6083      	str	r3, [r0, #8]
87802560:	60c2      	str	r2, [r0, #12]
87802562:	61c1      	str	r1, [r0, #28]
87802564:	6883      	ldr	r3, [r0, #8]
87802566:	f423 437f 	bic.w	r3, r3, #65280	; 0xff00
8780256a:	6083      	str	r3, [r0, #8]
8780256c:	6883      	ldr	r3, [r0, #8]
8780256e:	f443 4310 	orr.w	r3, r3, #36864	; 0x9000
87802572:	6083      	str	r3, [r0, #8]
87802574:	4770      	bx	lr
87802576:	bf00      	nop

87802578 <spich0_readwrite_byte>:
87802578:	6883      	ldr	r3, [r0, #8]
8780257a:	f423 2340 	bic.w	r3, r3, #786432	; 0xc0000
8780257e:	6083      	str	r3, [r0, #8]
87802580:	6883      	ldr	r3, [r0, #8]
87802582:	6083      	str	r3, [r0, #8]
87802584:	6983      	ldr	r3, [r0, #24]
87802586:	07da      	lsls	r2, r3, #31
87802588:	d5fc      	bpl.n	87802584 <spich0_readwrite_byte+0xc>
8780258a:	6041      	str	r1, [r0, #4]
8780258c:	6983      	ldr	r3, [r0, #24]
8780258e:	071b      	lsls	r3, r3, #28
87802590:	d5fc      	bpl.n	8780258c <spich0_readwrite_byte+0x14>
87802592:	6800      	ldr	r0, [r0, #0]
87802594:	b2c0      	uxtb	r0, r0
87802596:	4770      	bx	lr

87802598 <icm20608_read_reg>:
87802598:	b570      	push	{r4, r5, r6, lr}
8780259a:	f44f 4440 	mov.w	r4, #49152	; 0xc000
8780259e:	f2c0 2409 	movt	r4, #521	; 0x209
878025a2:	2500      	movs	r5, #0
878025a4:	462a      	mov	r2, r5
878025a6:	4606      	mov	r6, r0
878025a8:	f2c0 2501 	movt	r5, #513	; 0x201
878025ac:	4620      	mov	r0, r4
878025ae:	2114      	movs	r1, #20
878025b0:	f7fe f904 	bl	878007bc <gpio_PinWrite>
878025b4:	f046 0180 	orr.w	r1, r6, #128	; 0x80
878025b8:	4628      	mov	r0, r5
878025ba:	f7ff ffdd 	bl	87802578 <spich0_readwrite_byte>
878025be:	4628      	mov	r0, r5
878025c0:	21ff      	movs	r1, #255	; 0xff
878025c2:	f7ff ffd9 	bl	87802578 <spich0_readwrite_byte>
878025c6:	2201      	movs	r2, #1
878025c8:	4605      	mov	r5, r0
878025ca:	2114      	movs	r1, #20
878025cc:	4620      	mov	r0, r4
878025ce:	f7fe f8f5 	bl	878007bc <gpio_PinWrite>
878025d2:	4628      	mov	r0, r5
878025d4:	bd70      	pop	{r4, r5, r6, pc}
878025d6:	bf00      	nop

878025d8 <icm20608_write_reg>:
878025d8:	b5f8      	push	{r3, r4, r5, r6, r7, lr}
878025da:	f44f 4440 	mov.w	r4, #49152	; 0xc000
878025de:	f2c0 2409 	movt	r4, #521	; 0x209
878025e2:	2500      	movs	r5, #0
878025e4:	462a      	mov	r2, r5
878025e6:	4607      	mov	r7, r0
878025e8:	460e      	mov	r6, r1
878025ea:	4620      	mov	r0, r4
878025ec:	f2c0 2501 	movt	r5, #513	; 0x201
878025f0:	2114      	movs	r1, #20
878025f2:	f7fe f8e3 	bl	878007bc <gpio_PinWrite>
878025f6:	f007 017f 	and.w	r1, r7, #127	; 0x7f
878025fa:	4628      	mov	r0, r5
878025fc:	f7ff ffbc 	bl	87802578 <spich0_readwrite_byte>
87802600:	4631      	mov	r1, r6
87802602:	4628      	mov	r0, r5
87802604:	f7ff ffb8 	bl	87802578 <spich0_readwrite_byte>
87802608:	4620      	mov	r0, r4
8780260a:	2201      	movs	r2, #1
8780260c:	2114      	movs	r1, #20
8780260e:	e8bd 40f8 	ldmia.w	sp!, {r3, r4, r5, r6, r7, lr}
87802612:	f7fe b8d3 	b.w	878007bc <gpio_PinWrite>
87802616:	bf00      	nop

87802618 <icm20608_init>:
87802618:	b5f0      	push	{r4, r5, r6, r7, lr}
8780261a:	2498      	movs	r4, #152	; 0x98
8780261c:	2308      	movs	r3, #8
8780261e:	f2c0 240e 	movt	r4, #526	; 0x20e
87802622:	f240 5e54 	movw	lr, #1364	; 0x554
87802626:	259c      	movs	r5, #156	; 0x9c
87802628:	f240 525c 	movw	r2, #1372	; 0x55c
8780262c:	21a0      	movs	r1, #160	; 0xa0
8780262e:	6023      	str	r3, [r4, #0]
87802630:	f2c0 2e0e 	movt	lr, #526	; 0x20e
87802634:	2400      	movs	r4, #0
87802636:	f2c0 250e 	movt	r5, #526	; 0x20e
8780263a:	f2c0 220e 	movt	r2, #526	; 0x20e
8780263e:	f2c0 210e 	movt	r1, #526	; 0x20e
87802642:	f44f 67ab 	mov.w	r7, #1368	; 0x558
87802646:	f44f 7049 	mov.w	r0, #804	; 0x324
8780264a:	f8ce 4000 	str.w	r4, [lr]
8780264e:	f2c0 270e 	movt	r7, #526	; 0x20e
87802652:	602b      	str	r3, [r5, #0]
87802654:	f2c0 200e 	movt	r0, #526	; 0x20e
87802658:	6014      	str	r4, [r2, #0]
8780265a:	f44f 764a 	mov.w	r6, #808	; 0x328
8780265e:	600b      	str	r3, [r1, #0]
87802660:	f44f 754b 	mov.w	r5, #812	; 0x32c
87802664:	f241 03b0 	movw	r3, #4272	; 0x10b0
87802668:	2294      	movs	r2, #148	; 0x94
8780266a:	f44f 7148 	mov.w	r1, #800	; 0x320
8780266e:	b085      	sub	sp, #20
87802670:	603c      	str	r4, [r7, #0]
87802672:	f2c0 250e 	movt	r5, #526	; 0x20e
87802676:	6003      	str	r3, [r0, #0]
87802678:	f2c0 220e 	movt	r2, #526	; 0x20e
8780267c:	f2c0 210e 	movt	r1, #526	; 0x20e
87802680:	f2c0 260e 	movt	r6, #526	; 0x20e
87802684:	2705      	movs	r7, #5
87802686:	f44f 4040 	mov.w	r0, #49152	; 0xc000
8780268a:	6033      	str	r3, [r6, #0]
8780268c:	f2c0 2009 	movt	r0, #521	; 0x209
87802690:	602b      	str	r3, [r5, #0]
87802692:	2501      	movs	r5, #1
87802694:	6017      	str	r7, [r2, #0]
87802696:	aa01      	add	r2, sp, #4
87802698:	600b      	str	r3, [r1, #0]
8780269a:	2114      	movs	r1, #20
8780269c:	f88d 4008 	strb.w	r4, [sp, #8]
878026a0:	9501      	str	r5, [sp, #4]
878026a2:	f7fe f901 	bl	878008a8 <gpio_init>
878026a6:	4620      	mov	r0, r4
878026a8:	f2c0 2001 	movt	r0, #513	; 0x201
878026ac:	f7ff ff4e 	bl	8780254c <spi_init>
878026b0:	2180      	movs	r1, #128	; 0x80
878026b2:	206b      	movs	r0, #107	; 0x6b
878026b4:	f7ff ff90 	bl	878025d8 <icm20608_write_reg>
878026b8:	2032      	movs	r0, #50	; 0x32
878026ba:	f7fd ffc5 	bl	87800648 <delay_ms>
878026be:	4629      	mov	r1, r5
878026c0:	206b      	movs	r0, #107	; 0x6b
878026c2:	f7ff ff89 	bl	878025d8 <icm20608_write_reg>
878026c6:	2032      	movs	r0, #50	; 0x32
878026c8:	f7fd ffbe 	bl	87800648 <delay_ms>
878026cc:	2075      	movs	r0, #117	; 0x75
878026ce:	f7ff ff63 	bl	87802598 <icm20608_read_reg>
878026d2:	3052      	adds	r0, #82	; 0x52
878026d4:	b2c0      	uxtb	r0, r0
878026d6:	42a8      	cmp	r0, r5
878026d8:	bf88      	it	hi
878026da:	4628      	movhi	r0, r5
878026dc:	d901      	bls.n	878026e2 <icm20608_init+0xca>
878026de:	b005      	add	sp, #20
878026e0:	bdf0      	pop	{r4, r5, r6, r7, pc}
878026e2:	4621      	mov	r1, r4
878026e4:	2019      	movs	r0, #25
878026e6:	f7ff ff77 	bl	878025d8 <icm20608_write_reg>
878026ea:	2118      	movs	r1, #24
878026ec:	201b      	movs	r0, #27
878026ee:	f7ff ff73 	bl	878025d8 <icm20608_write_reg>
878026f2:	2118      	movs	r1, #24
878026f4:	201c      	movs	r0, #28
878026f6:	f7ff ff6f 	bl	878025d8 <icm20608_write_reg>
878026fa:	2104      	movs	r1, #4
878026fc:	201a      	movs	r0, #26
878026fe:	f7ff ff6b 	bl	878025d8 <icm20608_write_reg>
87802702:	2104      	movs	r1, #4
87802704:	201d      	movs	r0, #29
87802706:	f7ff ff67 	bl	878025d8 <icm20608_write_reg>
8780270a:	4621      	mov	r1, r4
8780270c:	206c      	movs	r0, #108	; 0x6c
8780270e:	f7ff ff63 	bl	878025d8 <icm20608_write_reg>
87802712:	4621      	mov	r1, r4
87802714:	201e      	movs	r0, #30
87802716:	f7ff ff5f 	bl	878025d8 <icm20608_write_reg>
8780271a:	4621      	mov	r1, r4
8780271c:	2023      	movs	r0, #35	; 0x23
8780271e:	f7ff ff5b 	bl	878025d8 <icm20608_write_reg>
87802722:	201b      	movs	r0, #27
87802724:	f7ff ff38 	bl	87802598 <icm20608_read_reg>
87802728:	4601      	mov	r1, r0
8780272a:	f249 202c 	movw	r0, #37420	; 0x922c
8780272e:	f2c8 7080 	movt	r0, #34688	; 0x8780
87802732:	f000 f9b1 	bl	87802a98 <printf>
87802736:	4620      	mov	r0, r4
87802738:	b005      	add	sp, #20
8780273a:	bdf0      	pop	{r4, r5, r6, r7, pc}

8780273c <icm20608_read_len>:
8780273c:	b570      	push	{r4, r5, r6, lr}
8780273e:	4606      	mov	r6, r0
87802740:	f44f 4040 	mov.w	r0, #49152	; 0xc000
87802744:	4615      	mov	r5, r2
87802746:	f2c0 2009 	movt	r0, #521	; 0x209
8780274a:	460c      	mov	r4, r1
8780274c:	2200      	movs	r2, #0
8780274e:	2114      	movs	r1, #20
87802750:	f7fe f834 	bl	878007bc <gpio_PinWrite>
87802754:	2000      	movs	r0, #0
87802756:	f046 0180 	orr.w	r1, r6, #128	; 0x80
8780275a:	f2c0 2001 	movt	r0, #513	; 0x201
8780275e:	f7ff ff0b 	bl	87802578 <spich0_readwrite_byte>
87802762:	b155      	cbz	r5, 8780277a <icm20608_read_len+0x3e>
87802764:	4425      	add	r5, r4
87802766:	2000      	movs	r0, #0
87802768:	21ff      	movs	r1, #255	; 0xff
8780276a:	f2c0 2001 	movt	r0, #513	; 0x201
8780276e:	f7ff ff03 	bl	87802578 <spich0_readwrite_byte>
87802772:	f804 0b01 	strb.w	r0, [r4], #1
87802776:	42ac      	cmp	r4, r5
87802778:	d1f5      	bne.n	87802766 <icm20608_read_len+0x2a>
8780277a:	f44f 4040 	mov.w	r0, #49152	; 0xc000
8780277e:	2201      	movs	r2, #1
87802780:	f2c0 2009 	movt	r0, #521	; 0x209
87802784:	2114      	movs	r1, #20
87802786:	e8bd 4070 	ldmia.w	sp!, {r4, r5, r6, lr}
8780278a:	f7fe b817 	b.w	878007bc <gpio_PinWrite>
8780278e:	bf00      	nop

87802790 <icm20608_gyro_scaleget>:
87802790:	b508      	push	{r3, lr}
87802792:	201b      	movs	r0, #27
87802794:	f7ff ff00 	bl	87802598 <icm20608_read_reg>
87802798:	f3c0 00c1 	ubfx	r0, r0, #3, #2
8780279c:	2802      	cmp	r0, #2
8780279e:	d00a      	beq.n	878027b6 <icm20608_gyro_scaleget+0x26>
878027a0:	2803      	cmp	r0, #3
878027a2:	d00b      	beq.n	878027bc <icm20608_gyro_scaleget+0x2c>
878027a4:	eddf 7a07 	vldr	s15, [pc, #28]	; 878027c4 <icm20608_gyro_scaleget+0x34>
878027a8:	2801      	cmp	r0, #1
878027aa:	ed9f 0a07 	vldr	s0, [pc, #28]	; 878027c8 <icm20608_gyro_scaleget+0x38>
878027ae:	bf08      	it	eq
878027b0:	eeb0 0a67 	vmoveq.f32	s0, s15
878027b4:	bd08      	pop	{r3, pc}
878027b6:	ed9f 0a05 	vldr	s0, [pc, #20]	; 878027cc <icm20608_gyro_scaleget+0x3c>
878027ba:	bd08      	pop	{r3, pc}
878027bc:	ed9f 0a04 	vldr	s0, [pc, #16]	; 878027d0 <icm20608_gyro_scaleget+0x40>
878027c0:	bd08      	pop	{r3, pc}
878027c2:	bf00      	nop
878027c4:	42830000 	addmi	r0, r3, #0
878027c8:	43030000 	movwmi	r0, #12288	; 0x3000
878027cc:	42033333 	andmi	r3, r3, #-872415232	; 0xcc000000
878027d0:	41833333 	orrmi	r3, r3, r3, lsr r3

878027d4 <icm20608_accel_scaleget>:
878027d4:	b508      	push	{r3, lr}
878027d6:	201c      	movs	r0, #28
878027d8:	f7ff fede 	bl	87802598 <icm20608_read_reg>
878027dc:	f3c0 00c1 	ubfx	r0, r0, #3, #2
878027e0:	2802      	cmp	r0, #2
878027e2:	d008      	beq.n	878027f6 <icm20608_accel_scaleget+0x22>
878027e4:	2803      	cmp	r0, #3
878027e6:	d009      	beq.n	878027fc <icm20608_accel_scaleget+0x28>
878027e8:	2801      	cmp	r0, #1
878027ea:	bf0c      	ite	eq
878027ec:	f44f 5000 	moveq.w	r0, #8192	; 0x2000
878027f0:	f44f 4080 	movne.w	r0, #16384	; 0x4000
878027f4:	bd08      	pop	{r3, pc}
878027f6:	f44f 5080 	mov.w	r0, #4096	; 0x1000
878027fa:	bd08      	pop	{r3, pc}
878027fc:	f44f 6000 	mov.w	r0, #2048	; 0x800
87802800:	bd08      	pop	{r3, pc}
87802802:	bf00      	nop

87802804 <icm20608_getdata>:
87802804:	b5f0      	push	{r4, r5, r6, r7, lr}
87802806:	220e      	movs	r2, #14
87802808:	ed2d 8b02 	vpush	{d8}
8780280c:	b085      	sub	sp, #20
8780280e:	4669      	mov	r1, sp
87802810:	203b      	movs	r0, #59	; 0x3b
87802812:	f7ff ff93 	bl	8780273c <icm20608_read_len>
87802816:	f7ff ffbb 	bl	87802790 <icm20608_gyro_scaleget>
8780281a:	eeb0 8a40 	vmov.f32	s16, s0
8780281e:	f7ff ffd9 	bl	878027d4 <icm20608_accel_scaleget>
87802822:	f89d 1007 	ldrb.w	r1, [sp, #7]
87802826:	f24a 03bc 	movw	r3, #41148	; 0xa0bc
8780282a:	f89d 6006 	ldrb.w	r6, [sp, #6]
8780282e:	f2c8 7380 	movt	r3, #34688	; 0x8780
87802832:	f89d 2009 	ldrb.w	r2, [sp, #9]
87802836:	f89d c008 	ldrb.w	ip, [sp, #8]
8780283a:	ee07 0a90 	vmov	s15, r0
8780283e:	ea41 2606 	orr.w	r6, r1, r6, lsl #8
87802842:	eef8 5ae7 	vcvt.f32.s32	s11, s15
87802846:	eeb3 6a09 	vmov.f32	s12, #57	; 0x39
8780284a:	b236      	sxth	r6, r6
8780284c:	ea42 2c0c 	orr.w	ip, r2, ip, lsl #8
87802850:	f89d 100b 	ldrb.w	r1, [sp, #11]
87802854:	fa0f fc8c 	sxth.w	ip, ip
87802858:	f89d e00a 	ldrb.w	lr, [sp, #10]
8780285c:	ee07 6a90 	vmov	s15, r6
87802860:	f89d 200d 	ldrb.w	r2, [sp, #13]
87802864:	eef8 7ae7 	vcvt.f32.s32	s15, s15
87802868:	f89d 500c 	ldrb.w	r5, [sp, #12]
8780286c:	ea41 2e0e 	orr.w	lr, r1, lr, lsl #8
87802870:	f89d 7000 	ldrb.w	r7, [sp]
87802874:	fa0f fe8e 	sxth.w	lr, lr
87802878:	f89d 1003 	ldrb.w	r1, [sp, #3]
8780287c:	ee37 6ac6 	vsub.f32	s12, s15, s12
87802880:	ee07 ca90 	vmov	s15, ip
87802884:	ea42 2505 	orr.w	r5, r2, r5, lsl #8
87802888:	eeb8 4ae7 	vcvt.f32.s32	s8, s15
8780288c:	f89d 2001 	ldrb.w	r2, [sp, #1]
87802890:	b22d      	sxth	r5, r5
87802892:	ee07 ea90 	vmov	s15, lr
87802896:	f89d 4002 	ldrb.w	r4, [sp, #2]
8780289a:	ee84 4a08 	vdiv.f32	s8, s8, s16
8780289e:	ed9f 3b38 	vldr	d3, [pc, #224]	; 87802980 <icm20608_getdata+0x17c>
878028a2:	ea42 2707 	orr.w	r7, r2, r7, lsl #8
878028a6:	f89d 0004 	ldrb.w	r0, [sp, #4]
878028aa:	f89d 2005 	ldrb.w	r2, [sp, #5]
878028ae:	ea41 2404 	orr.w	r4, r1, r4, lsl #8
878028b2:	eeb7 6ac6 	vcvt.f64.f32	d6, s12
878028b6:	b23f      	sxth	r7, r7
878028b8:	eef8 7ae7 	vcvt.f32.s32	s15, s15
878028bc:	b224      	sxth	r4, r4
878028be:	ed9f 1a34 	vldr	s2, [pc, #208]	; 87802990 <icm20608_getdata+0x18c>
878028c2:	ea42 2000 	orr.w	r0, r2, r0, lsl #8
878028c6:	ee07 5a10 	vmov	s14, r5
878028ca:	ee86 6b03 	vdiv.f64	d6, d6, d3
878028ce:	eec7 4a88 	vdiv.f32	s9, s15, s16
878028d2:	b200      	sxth	r0, r0
878028d4:	ee07 4a90 	vmov	s15, r4
878028d8:	eeb8 0ac7 	vcvt.f32.s32	s0, s14
878028dc:	ee07 7a10 	vmov	s14, r7
878028e0:	eef8 1ae7 	vcvt.f32.s32	s3, s15
878028e4:	ee07 0a90 	vmov	s15, r0
878028e8:	eeb8 5ac7 	vcvt.f32.s32	s10, s14
878028ec:	eef8 7ae7 	vcvt.f32.s32	s15, s15
878028f0:	ee24 7a01 	vmul.f32	s14, s8, s2
878028f4:	eec1 1aa5 	vdiv.f32	s3, s3, s11
878028f8:	ee85 5a25 	vdiv.f32	s10, s10, s11
878028fc:	eec7 5aa5 	vdiv.f32	s11, s15, s11
87802900:	eefd 7ac7 	vcvt.s32.f32	s15, s14
87802904:	ee80 0a08 	vdiv.f32	s0, s0, s16
87802908:	eeb3 2b09 	vmov.f64	d2, #57	; 0x39
8780290c:	ed9f 3b1e 	vldr	d3, [pc, #120]	; 87802988 <icm20608_getdata+0x184>
87802910:	ee17 1a90 	vmov	r1, s15
87802914:	ee64 7a81 	vmul.f32	s15, s9, s2
87802918:	619e      	str	r6, [r3, #24]
8780291a:	e883 5000 	stmia.w	r3, {ip, lr}
8780291e:	609d      	str	r5, [r3, #8]
87802920:	eefd 7ae7 	vcvt.s32.f32	s15, s15
87802924:	61d9      	str	r1, [r3, #28]
87802926:	60df      	str	r7, [r3, #12]
87802928:	611c      	str	r4, [r3, #16]
8780292a:	ee17 2a90 	vmov	r2, s15
8780292e:	ee36 7b02 	vadd.f64	d7, d6, d2
87802932:	ee25 5a01 	vmul.f32	s10, s10, s2
87802936:	ee20 0a01 	vmul.f32	s0, s0, s2
8780293a:	ee21 6a81 	vmul.f32	s12, s3, s2
8780293e:	ee27 7b03 	vmul.f64	d7, d7, d3
87802942:	eebd 5ac5 	vcvt.s32.f32	s10, s10
87802946:	ee65 6a81 	vmul.f32	s13, s11, s2
8780294a:	eebd 0ac0 	vcvt.s32.f32	s0, s0
8780294e:	eebd 6ac6 	vcvt.s32.f32	s12, s12
87802952:	eebd 7bc7 	vcvt.s32.f64	s14, d7
87802956:	eefd 6ae6 	vcvt.s32.f32	s13, s13
8780295a:	621a      	str	r2, [r3, #32]
8780295c:	ed83 0a09 	vstr	s0, [r3, #36]	; 0x24
87802960:	ed83 5a0a 	vstr	s10, [r3, #40]	; 0x28
87802964:	ed83 6a0b 	vstr	s12, [r3, #44]	; 0x2c
87802968:	6158      	str	r0, [r3, #20]
8780296a:	edc3 6a0c 	vstr	s13, [r3, #48]	; 0x30
8780296e:	ed83 7a0d 	vstr	s14, [r3, #52]	; 0x34
87802972:	b005      	add	sp, #20
87802974:	ecbd 8b02 	vpop	{d8}
87802978:	bdf0      	pop	{r4, r5, r6, r7, pc}
8780297a:	bf00      	nop
8780297c:	f3af 8000 	nop.w
87802980:	cccccccd 	stclgt	12, cr12, [ip], {205}	; 0xcd
87802984:	40746ccc 	rsbsmi	r6, r4, ip, asr #25
87802988:	00000000 	andeq	r0, r0, r0
8780298c:	40590000 	subsmi	r0, r9, r0
87802990:	42c80000 	sbcmi	r0, r8, #0
87802994:	f3af 8000 	nop.w

87802998 <__div64_32>:
87802998:	e92d 4ff8 	stmdb	sp!, {r3, r4, r5, r6, r7, r8, r9, sl, fp, lr}
8780299c:	4688      	mov	r8, r1
8780299e:	e9d0 6700 	ldrd	r6, r7, [r0]
878029a2:	f04f 0b00 	mov.w	fp, #0
878029a6:	4681      	mov	r9, r0
878029a8:	468a      	mov	sl, r1
878029aa:	4644      	mov	r4, r8
878029ac:	465d      	mov	r5, fp
878029ae:	42b9      	cmp	r1, r7
878029b0:	bf84      	itt	hi
878029b2:	2200      	movhi	r2, #0
878029b4:	2300      	movhi	r3, #0
878029b6:	d80b      	bhi.n	878029d0 <__div64_32+0x38>
878029b8:	4638      	mov	r0, r7
878029ba:	f001 fc79 	bl	878042b0 <__aeabi_uidiv>
878029be:	4686      	mov	lr, r0
878029c0:	2000      	movs	r0, #0
878029c2:	fb08 f10e 	mul.w	r1, r8, lr
878029c6:	1a36      	subs	r6, r6, r0
878029c8:	4602      	mov	r2, r0
878029ca:	4673      	mov	r3, lr
878029cc:	eb67 0701 	sbc.w	r7, r7, r1
878029d0:	45bb      	cmp	fp, r7
878029d2:	bf08      	it	eq
878029d4:	45b2      	cmpeq	sl, r6
878029d6:	bf34      	ite	cc
878029d8:	2101      	movcc	r1, #1
878029da:	2100      	movcs	r1, #0
878029dc:	f1ba 0f01 	cmp.w	sl, #1
878029e0:	f001 0101 	and.w	r1, r1, #1
878029e4:	f17b 0000 	sbcs.w	r0, fp, #0
878029e8:	f04f 0001 	mov.w	r0, #1
878029ec:	bfb8      	it	lt
878029ee:	2100      	movlt	r1, #0
878029f0:	b371      	cbz	r1, 87802a50 <__div64_32+0xb8>
878029f2:	2100      	movs	r1, #0
878029f4:	1924      	adds	r4, r4, r4
878029f6:	416d      	adcs	r5, r5
878029f8:	1800      	adds	r0, r0, r0
878029fa:	4149      	adcs	r1, r1
878029fc:	2c01      	cmp	r4, #1
878029fe:	f175 0e00 	sbcs.w	lr, r5, #0
87802a02:	bfac      	ite	ge
87802a04:	f04f 0e01 	movge.w	lr, #1
87802a08:	f04f 0e00 	movlt.w	lr, #0
87802a0c:	42bd      	cmp	r5, r7
87802a0e:	f00e 0e01 	and.w	lr, lr, #1
87802a12:	bf08      	it	eq
87802a14:	42b4      	cmpeq	r4, r6
87802a16:	bf28      	it	cs
87802a18:	f04f 0e00 	movcs.w	lr, #0
87802a1c:	f1be 0f00 	cmp.w	lr, #0
87802a20:	d1e8      	bne.n	878029f4 <__div64_32+0x5c>
87802a22:	42af      	cmp	r7, r5
87802a24:	bf08      	it	eq
87802a26:	42a6      	cmpeq	r6, r4
87802a28:	d304      	bcc.n	87802a34 <__div64_32+0x9c>
87802a2a:	1b36      	subs	r6, r6, r4
87802a2c:	eb67 0705 	sbc.w	r7, r7, r5
87802a30:	1812      	adds	r2, r2, r0
87802a32:	414b      	adcs	r3, r1
87802a34:	0849      	lsrs	r1, r1, #1
87802a36:	ea4f 0030 	mov.w	r0, r0, rrx
87802a3a:	086d      	lsrs	r5, r5, #1
87802a3c:	ea4f 0434 	mov.w	r4, r4, rrx
87802a40:	ea50 0e01 	orrs.w	lr, r0, r1
87802a44:	d1ed      	bne.n	87802a22 <__div64_32+0x8a>
87802a46:	e9c9 2300 	strd	r2, r3, [r9]
87802a4a:	4630      	mov	r0, r6
87802a4c:	e8bd 8ff8 	ldmia.w	sp!, {r3, r4, r5, r6, r7, r8, r9, sl, fp, pc}
87802a50:	2100      	movs	r1, #0
87802a52:	e7e6      	b.n	87802a22 <__div64_32+0x8a>

87802a54 <__muldi3>:
87802a54:	fb02 f101 	mul.w	r1, r2, r1
87802a58:	b4f0      	push	{r4, r5, r6, r7}
87802a5a:	4604      	mov	r4, r0
87802a5c:	ea4f 4610 	mov.w	r6, r0, lsr #16
87802a60:	ea4f 4512 	mov.w	r5, r2, lsr #16
87802a64:	ea20 4706 	bic.w	r7, r0, r6, lsl #16
87802a68:	ea22 4205 	bic.w	r2, r2, r5, lsl #16
87802a6c:	fb07 f002 	mul.w	r0, r7, r2
87802a70:	fb06 f202 	mul.w	r2, r6, r2
87802a74:	fb05 f707 	mul.w	r7, r5, r7
87802a78:	fb06 f505 	mul.w	r5, r6, r5
87802a7c:	19d7      	adds	r7, r2, r7
87802a7e:	bf28      	it	cs
87802a80:	f505 3580 	addcs.w	r5, r5, #65536	; 0x10000
87802a84:	eb10 4007 	adds.w	r0, r0, r7, lsl #16
87802a88:	eb45 4517 	adc.w	r5, r5, r7, lsr #16
87802a8c:	fb03 1104 	mla	r1, r3, r4, r1
87802a90:	4429      	add	r1, r5
87802a92:	bcf0      	pop	{r4, r5, r6, r7}
87802a94:	4770      	bx	lr
87802a96:	bf00      	nop

87802a98 <printf>:
87802a98:	b40f      	push	{r0, r1, r2, r3}
87802a9a:	f649 009c 	movw	r0, #39068	; 0x989c
87802a9e:	b570      	push	{r4, r5, r6, lr}
87802aa0:	f2c8 7080 	movt	r0, #34688	; 0x8780
87802aa4:	aa05      	add	r2, sp, #20
87802aa6:	2400      	movs	r4, #0
87802aa8:	9904      	ldr	r1, [sp, #16]
87802aaa:	f001 f917 	bl	87803cdc <vsprintf>
87802aae:	4d0b      	ldr	r5, [pc, #44]	; (87802adc <printf+0x44>)
87802ab0:	4606      	mov	r6, r0
87802ab2:	e003      	b.n	87802abc <printf+0x24>
87802ab4:	f815 0f01 	ldrb.w	r0, [r5, #1]!
87802ab8:	f7fe f914 	bl	87800ce4 <putc>
87802abc:	f649 009c 	movw	r0, #39068	; 0x989c
87802ac0:	f2c8 7080 	movt	r0, #34688	; 0x8780
87802ac4:	f000 f8fc 	bl	87802cc0 <strlen>
87802ac8:	4284      	cmp	r4, r0
87802aca:	f104 0401 	add.w	r4, r4, #1
87802ace:	d3f1      	bcc.n	87802ab4 <printf+0x1c>
87802ad0:	4630      	mov	r0, r6
87802ad2:	e8bd 4070 	ldmia.w	sp!, {r4, r5, r6, lr}
87802ad6:	b004      	add	sp, #16
87802ad8:	4770      	bx	lr
87802ada:	bf00      	nop
87802adc:	8780989b 			; <UNDEFINED> instruction: 0x8780989b

87802ae0 <scanf>:
87802ae0:	b40f      	push	{r0, r1, r2, r3}
87802ae2:	b570      	push	{r4, r5, r6, lr}
87802ae4:	2500      	movs	r5, #0
87802ae6:	4e10      	ldr	r6, [pc, #64]	; (87802b28 <scanf+0x48>)
87802ae8:	e002      	b.n	87802af0 <scanf+0x10>
87802aea:	3501      	adds	r5, #1
87802aec:	f806 4f01 	strb.w	r4, [r6, #1]!
87802af0:	f7fe f904 	bl	87800cfc <getc>
87802af4:	4604      	mov	r4, r0
87802af6:	f7fe f8f5 	bl	87800ce4 <putc>
87802afa:	2c0d      	cmp	r4, #13
87802afc:	bf18      	it	ne
87802afe:	2c0a      	cmpne	r4, #10
87802b00:	d1f3      	bne.n	87802aea <scanf+0xa>
87802b02:	f649 009c 	movw	r0, #39068	; 0x989c
87802b06:	2300      	movs	r3, #0
87802b08:	f2c8 7080 	movt	r0, #34688	; 0x8780
87802b0c:	aa05      	add	r2, sp, #20
87802b0e:	4405      	add	r5, r0
87802b10:	9904      	ldr	r1, [sp, #16]
87802b12:	f500 6080 	add.w	r0, r0, #1024	; 0x400
87802b16:	f885 3400 	strb.w	r3, [r5, #1024]	; 0x400
87802b1a:	f001 f8f1 	bl	87803d00 <vsscanf>
87802b1e:	e8bd 4070 	ldmia.w	sp!, {r4, r5, r6, lr}
87802b22:	b004      	add	sp, #16
87802b24:	4770      	bx	lr
87802b26:	bf00      	nop
87802b28:	87809c9b 			; <UNDEFINED> instruction: 0x87809c9b

87802b2c <strnicmp>:
87802b2c:	b322      	cbz	r2, 87802b78 <strnicmp+0x4c>
87802b2e:	b5f0      	push	{r4, r5, r6, r7, lr}
87802b30:	f249 2594 	movw	r5, #37524	; 0x9294
87802b34:	3801      	subs	r0, #1
87802b36:	f2c8 7580 	movt	r5, #34688	; 0x8780
87802b3a:	e008      	b.n	87802b4e <strnicmp+0x22>
87802b3c:	07f6      	lsls	r6, r6, #31
87802b3e:	fa5f f38e 	uxtb.w	r3, lr
87802b42:	d500      	bpl.n	87802b46 <strnicmp+0x1a>
87802b44:	b2fc      	uxtb	r4, r7
87802b46:	42a3      	cmp	r3, r4
87802b48:	d114      	bne.n	87802b74 <strnicmp+0x48>
87802b4a:	3a01      	subs	r2, #1
87802b4c:	d01a      	beq.n	87802b84 <strnicmp+0x58>
87802b4e:	f810 3f01 	ldrb.w	r3, [r0, #1]!
87802b52:	f811 4b01 	ldrb.w	r4, [r1], #1
87802b56:	b18b      	cbz	r3, 87802b7c <strnicmp+0x50>
87802b58:	b194      	cbz	r4, 87802b80 <strnicmp+0x54>
87802b5a:	42a3      	cmp	r3, r4
87802b5c:	d0f5      	beq.n	87802b4a <strnicmp+0x1e>
87802b5e:	5cee      	ldrb	r6, [r5, r3]
87802b60:	f104 0720 	add.w	r7, r4, #32
87802b64:	f103 0e20 	add.w	lr, r3, #32
87802b68:	f016 0f01 	tst.w	r6, #1
87802b6c:	5d2e      	ldrb	r6, [r5, r4]
87802b6e:	d1e5      	bne.n	87802b3c <strnicmp+0x10>
87802b70:	07f6      	lsls	r6, r6, #31
87802b72:	d4e7      	bmi.n	87802b44 <strnicmp+0x18>
87802b74:	1b18      	subs	r0, r3, r4
87802b76:	bdf0      	pop	{r4, r5, r6, r7, pc}
87802b78:	4610      	mov	r0, r2
87802b7a:	4770      	bx	lr
87802b7c:	4260      	negs	r0, r4
87802b7e:	bdf0      	pop	{r4, r5, r6, r7, pc}
87802b80:	4618      	mov	r0, r3
87802b82:	bdf0      	pop	{r4, r5, r6, r7, pc}
87802b84:	4610      	mov	r0, r2
87802b86:	bdf0      	pop	{r4, r5, r6, r7, pc}

87802b88 <strcpy>:
87802b88:	1e42      	subs	r2, r0, #1
87802b8a:	f811 3b01 	ldrb.w	r3, [r1], #1
87802b8e:	f802 3f01 	strb.w	r3, [r2, #1]!
87802b92:	2b00      	cmp	r3, #0
87802b94:	d1f9      	bne.n	87802b8a <strcpy+0x2>
87802b96:	4770      	bx	lr

87802b98 <strncpy>:
87802b98:	b410      	push	{r4}
87802b9a:	440a      	add	r2, r1
87802b9c:	1e44      	subs	r4, r0, #1
87802b9e:	e004      	b.n	87802baa <strncpy+0x12>
87802ba0:	f811 3b01 	ldrb.w	r3, [r1], #1
87802ba4:	f804 3f01 	strb.w	r3, [r4, #1]!
87802ba8:	b10b      	cbz	r3, 87802bae <strncpy+0x16>
87802baa:	4291      	cmp	r1, r2
87802bac:	d1f8      	bne.n	87802ba0 <strncpy+0x8>
87802bae:	f85d 4b04 	ldr.w	r4, [sp], #4
87802bb2:	4770      	bx	lr

87802bb4 <strcat>:
87802bb4:	7803      	ldrb	r3, [r0, #0]
87802bb6:	b163      	cbz	r3, 87802bd2 <strcat+0x1e>
87802bb8:	4603      	mov	r3, r0
87802bba:	f813 2f01 	ldrb.w	r2, [r3, #1]!
87802bbe:	2a00      	cmp	r2, #0
87802bc0:	d1fb      	bne.n	87802bba <strcat+0x6>
87802bc2:	3b01      	subs	r3, #1
87802bc4:	f811 2b01 	ldrb.w	r2, [r1], #1
87802bc8:	f803 2f01 	strb.w	r2, [r3, #1]!
87802bcc:	2a00      	cmp	r2, #0
87802bce:	d1f9      	bne.n	87802bc4 <strcat+0x10>
87802bd0:	4770      	bx	lr
87802bd2:	4603      	mov	r3, r0
87802bd4:	e7f5      	b.n	87802bc2 <strcat+0xe>
87802bd6:	bf00      	nop

87802bd8 <strncat>:
87802bd8:	b1ba      	cbz	r2, 87802c0a <strncat+0x32>
87802bda:	7803      	ldrb	r3, [r0, #0]
87802bdc:	b430      	push	{r4, r5}
87802bde:	b1bb      	cbz	r3, 87802c10 <strncat+0x38>
87802be0:	4603      	mov	r3, r0
87802be2:	f813 4f01 	ldrb.w	r4, [r3, #1]!
87802be6:	2c00      	cmp	r4, #0
87802be8:	d1fb      	bne.n	87802be2 <strncat+0xa>
87802bea:	f811 4b01 	ldrb.w	r4, [r1], #1
87802bee:	461d      	mov	r5, r3
87802bf0:	f803 4b01 	strb.w	r4, [r3], #1
87802bf4:	b144      	cbz	r4, 87802c08 <strncat+0x30>
87802bf6:	3a01      	subs	r2, #1
87802bf8:	d008      	beq.n	87802c0c <strncat+0x34>
87802bfa:	f811 4b01 	ldrb.w	r4, [r1], #1
87802bfe:	461d      	mov	r5, r3
87802c00:	f803 4b01 	strb.w	r4, [r3], #1
87802c04:	2c00      	cmp	r4, #0
87802c06:	d1f6      	bne.n	87802bf6 <strncat+0x1e>
87802c08:	bc30      	pop	{r4, r5}
87802c0a:	4770      	bx	lr
87802c0c:	706a      	strb	r2, [r5, #1]
87802c0e:	e7fb      	b.n	87802c08 <strncat+0x30>
87802c10:	4603      	mov	r3, r0
87802c12:	e7f2      	b.n	87802bfa <strncat+0x22>

87802c14 <strcmp>:
87802c14:	1e42      	subs	r2, r0, #1
87802c16:	e000      	b.n	87802c1a <strcmp+0x6>
87802c18:	b148      	cbz	r0, 87802c2e <strcmp+0x1a>
87802c1a:	f812 0f01 	ldrb.w	r0, [r2, #1]!
87802c1e:	f811 3b01 	ldrb.w	r3, [r1], #1
87802c22:	1ac3      	subs	r3, r0, r3
87802c24:	f013 03ff 	ands.w	r3, r3, #255	; 0xff
87802c28:	d0f6      	beq.n	87802c18 <strcmp+0x4>
87802c2a:	b258      	sxtb	r0, r3
87802c2c:	4770      	bx	lr
87802c2e:	4770      	bx	lr

87802c30 <strncmp>:
87802c30:	b302      	cbz	r2, 87802c74 <strncmp+0x44>
87802c32:	b470      	push	{r4, r5, r6}
87802c34:	1c4d      	adds	r5, r1, #1
87802c36:	7803      	ldrb	r3, [r0, #0]
87802c38:	780e      	ldrb	r6, [r1, #0]
87802c3a:	1b9e      	subs	r6, r3, r6
87802c3c:	f016 06ff 	ands.w	r6, r6, #255	; 0xff
87802c40:	bf18      	it	ne
87802c42:	b270      	sxtbne	r0, r6
87802c44:	d10e      	bne.n	87802c64 <strncmp+0x34>
87802c46:	b1bb      	cbz	r3, 87802c78 <strncmp+0x48>
87802c48:	440a      	add	r2, r1
87802c4a:	e008      	b.n	87802c5e <strncmp+0x2e>
87802c4c:	f810 4f01 	ldrb.w	r4, [r0, #1]!
87802c50:	f815 3b01 	ldrb.w	r3, [r5], #1
87802c54:	1ae3      	subs	r3, r4, r3
87802c56:	f013 03ff 	ands.w	r3, r3, #255	; 0xff
87802c5a:	d105      	bne.n	87802c68 <strncmp+0x38>
87802c5c:	b13c      	cbz	r4, 87802c6e <strncmp+0x3e>
87802c5e:	4295      	cmp	r5, r2
87802c60:	d1f4      	bne.n	87802c4c <strncmp+0x1c>
87802c62:	2000      	movs	r0, #0
87802c64:	bc70      	pop	{r4, r5, r6}
87802c66:	4770      	bx	lr
87802c68:	b258      	sxtb	r0, r3
87802c6a:	bc70      	pop	{r4, r5, r6}
87802c6c:	4770      	bx	lr
87802c6e:	4620      	mov	r0, r4
87802c70:	bc70      	pop	{r4, r5, r6}
87802c72:	4770      	bx	lr
87802c74:	4610      	mov	r0, r2
87802c76:	4770      	bx	lr
87802c78:	4618      	mov	r0, r3
87802c7a:	e7f3      	b.n	87802c64 <strncmp+0x34>

87802c7c <strchr>:
87802c7c:	7803      	ldrb	r3, [r0, #0]
87802c7e:	b2c9      	uxtb	r1, r1
87802c80:	428b      	cmp	r3, r1
87802c82:	d006      	beq.n	87802c92 <strchr+0x16>
87802c84:	b123      	cbz	r3, 87802c90 <strchr+0x14>
87802c86:	f810 3f01 	ldrb.w	r3, [r0, #1]!
87802c8a:	428b      	cmp	r3, r1
87802c8c:	d1fa      	bne.n	87802c84 <strchr+0x8>
87802c8e:	4770      	bx	lr
87802c90:	4618      	mov	r0, r3
87802c92:	4770      	bx	lr

87802c94 <strrchr>:
87802c94:	7803      	ldrb	r3, [r0, #0]
87802c96:	b18b      	cbz	r3, 87802cbc <strrchr+0x28>
87802c98:	4603      	mov	r3, r0
87802c9a:	f813 2f01 	ldrb.w	r2, [r3, #1]!
87802c9e:	2a00      	cmp	r2, #0
87802ca0:	d1fb      	bne.n	87802c9a <strrchr+0x6>
87802ca2:	b2c9      	uxtb	r1, r1
87802ca4:	2200      	movs	r2, #0
87802ca6:	e003      	b.n	87802cb0 <strrchr+0x1c>
87802ca8:	3b01      	subs	r3, #1
87802caa:	4298      	cmp	r0, r3
87802cac:	d804      	bhi.n	87802cb8 <strrchr+0x24>
87802cae:	781a      	ldrb	r2, [r3, #0]
87802cb0:	428a      	cmp	r2, r1
87802cb2:	d1f9      	bne.n	87802ca8 <strrchr+0x14>
87802cb4:	4618      	mov	r0, r3
87802cb6:	4770      	bx	lr
87802cb8:	2000      	movs	r0, #0
87802cba:	4770      	bx	lr
87802cbc:	4603      	mov	r3, r0
87802cbe:	e7f0      	b.n	87802ca2 <strrchr+0xe>

87802cc0 <strlen>:
87802cc0:	7802      	ldrb	r2, [r0, #0]
87802cc2:	b132      	cbz	r2, 87802cd2 <strlen+0x12>
87802cc4:	4603      	mov	r3, r0
87802cc6:	f813 1f01 	ldrb.w	r1, [r3, #1]!
87802cca:	2900      	cmp	r1, #0
87802ccc:	d1fb      	bne.n	87802cc6 <strlen+0x6>
87802cce:	1a18      	subs	r0, r3, r0
87802cd0:	4770      	bx	lr
87802cd2:	4610      	mov	r0, r2
87802cd4:	4770      	bx	lr
87802cd6:	bf00      	nop

87802cd8 <strnlen>:
87802cd8:	b199      	cbz	r1, 87802d02 <strnlen+0x2a>
87802cda:	7803      	ldrb	r3, [r0, #0]
87802cdc:	b19b      	cbz	r3, 87802d06 <strnlen+0x2e>
87802cde:	b410      	push	{r4}
87802ce0:	4401      	add	r1, r0
87802ce2:	1c43      	adds	r3, r0, #1
87802ce4:	e002      	b.n	87802cec <strnlen+0x14>
87802ce6:	781c      	ldrb	r4, [r3, #0]
87802ce8:	3301      	adds	r3, #1
87802cea:	b134      	cbz	r4, 87802cfa <strnlen+0x22>
87802cec:	428b      	cmp	r3, r1
87802cee:	461a      	mov	r2, r3
87802cf0:	d1f9      	bne.n	87802ce6 <strnlen+0xe>
87802cf2:	1a18      	subs	r0, r3, r0
87802cf4:	f85d 4b04 	ldr.w	r4, [sp], #4
87802cf8:	4770      	bx	lr
87802cfa:	1a10      	subs	r0, r2, r0
87802cfc:	f85d 4b04 	ldr.w	r4, [sp], #4
87802d00:	4770      	bx	lr
87802d02:	4608      	mov	r0, r1
87802d04:	4770      	bx	lr
87802d06:	4618      	mov	r0, r3
87802d08:	4770      	bx	lr
87802d0a:	bf00      	nop

87802d0c <strspn>:
87802d0c:	b470      	push	{r4, r5, r6}
87802d0e:	4605      	mov	r5, r0
87802d10:	7804      	ldrb	r4, [r0, #0]
87802d12:	b1ac      	cbz	r4, 87802d40 <strspn+0x34>
87802d14:	780e      	ldrb	r6, [r1, #0]
87802d16:	2000      	movs	r0, #0
87802d18:	b14e      	cbz	r6, 87802d2e <strspn+0x22>
87802d1a:	42a6      	cmp	r6, r4
87802d1c:	d009      	beq.n	87802d32 <strspn+0x26>
87802d1e:	460a      	mov	r2, r1
87802d20:	e001      	b.n	87802d26 <strspn+0x1a>
87802d22:	429c      	cmp	r4, r3
87802d24:	d005      	beq.n	87802d32 <strspn+0x26>
87802d26:	f812 3f01 	ldrb.w	r3, [r2, #1]!
87802d2a:	2b00      	cmp	r3, #0
87802d2c:	d1f9      	bne.n	87802d22 <strspn+0x16>
87802d2e:	bc70      	pop	{r4, r5, r6}
87802d30:	4770      	bx	lr
87802d32:	f815 4f01 	ldrb.w	r4, [r5, #1]!
87802d36:	3001      	adds	r0, #1
87802d38:	2c00      	cmp	r4, #0
87802d3a:	d1ed      	bne.n	87802d18 <strspn+0xc>
87802d3c:	bc70      	pop	{r4, r5, r6}
87802d3e:	4770      	bx	lr
87802d40:	4620      	mov	r0, r4
87802d42:	e7f4      	b.n	87802d2e <strspn+0x22>

87802d44 <strpbrk>:
87802d44:	b430      	push	{r4, r5}
87802d46:	7804      	ldrb	r4, [r0, #0]
87802d48:	b17c      	cbz	r4, 87802d6a <strpbrk+0x26>
87802d4a:	780d      	ldrb	r5, [r1, #0]
87802d4c:	b14d      	cbz	r5, 87802d62 <strpbrk+0x1e>
87802d4e:	42a5      	cmp	r5, r4
87802d50:	d00c      	beq.n	87802d6c <strpbrk+0x28>
87802d52:	460a      	mov	r2, r1
87802d54:	e001      	b.n	87802d5a <strpbrk+0x16>
87802d56:	429c      	cmp	r4, r3
87802d58:	d008      	beq.n	87802d6c <strpbrk+0x28>
87802d5a:	f812 3f01 	ldrb.w	r3, [r2, #1]!
87802d5e:	2b00      	cmp	r3, #0
87802d60:	d1f9      	bne.n	87802d56 <strpbrk+0x12>
87802d62:	f810 4f01 	ldrb.w	r4, [r0, #1]!
87802d66:	2c00      	cmp	r4, #0
87802d68:	d1f0      	bne.n	87802d4c <strpbrk+0x8>
87802d6a:	4620      	mov	r0, r4
87802d6c:	bc30      	pop	{r4, r5}
87802d6e:	4770      	bx	lr

87802d70 <strtok>:
87802d70:	b5f0      	push	{r4, r5, r6, r7, lr}
87802d72:	f24a 0ef4 	movw	lr, #41204	; 0xa0f4
87802d76:	f2c8 7e80 	movt	lr, #34688	; 0x8780
87802d7a:	2800      	cmp	r0, #0
87802d7c:	d03e      	beq.n	87802dfc <strtok+0x8c>
87802d7e:	7804      	ldrb	r4, [r0, #0]
87802d80:	2c00      	cmp	r4, #0
87802d82:	d037      	beq.n	87802df4 <strtok+0x84>
87802d84:	780d      	ldrb	r5, [r1, #0]
87802d86:	4607      	mov	r7, r0
87802d88:	2600      	movs	r6, #0
87802d8a:	b14d      	cbz	r5, 87802da0 <strtok+0x30>
87802d8c:	42a5      	cmp	r5, r4
87802d8e:	d01e      	beq.n	87802dce <strtok+0x5e>
87802d90:	460a      	mov	r2, r1
87802d92:	e001      	b.n	87802d98 <strtok+0x28>
87802d94:	429c      	cmp	r4, r3
87802d96:	d01a      	beq.n	87802dce <strtok+0x5e>
87802d98:	f812 3f01 	ldrb.w	r3, [r2, #1]!
87802d9c:	2b00      	cmp	r3, #0
87802d9e:	d1f9      	bne.n	87802d94 <strtok+0x24>
87802da0:	5d84      	ldrb	r4, [r0, r6]
87802da2:	4430      	add	r0, r6
87802da4:	4606      	mov	r6, r0
87802da6:	b32c      	cbz	r4, 87802df4 <strtok+0x84>
87802da8:	b14d      	cbz	r5, 87802dbe <strtok+0x4e>
87802daa:	42a5      	cmp	r5, r4
87802dac:	d01a      	beq.n	87802de4 <strtok+0x74>
87802dae:	460a      	mov	r2, r1
87802db0:	e001      	b.n	87802db6 <strtok+0x46>
87802db2:	429c      	cmp	r4, r3
87802db4:	d016      	beq.n	87802de4 <strtok+0x74>
87802db6:	f812 3f01 	ldrb.w	r3, [r2, #1]!
87802dba:	2b00      	cmp	r3, #0
87802dbc:	d1f9      	bne.n	87802db2 <strtok+0x42>
87802dbe:	f816 4f01 	ldrb.w	r4, [r6, #1]!
87802dc2:	2c00      	cmp	r4, #0
87802dc4:	d1f0      	bne.n	87802da8 <strtok+0x38>
87802dc6:	4626      	mov	r6, r4
87802dc8:	f8ce 6000 	str.w	r6, [lr]
87802dcc:	bdf0      	pop	{r4, r5, r6, r7, pc}
87802dce:	f817 4f01 	ldrb.w	r4, [r7, #1]!
87802dd2:	3601      	adds	r6, #1
87802dd4:	2c00      	cmp	r4, #0
87802dd6:	d1d8      	bne.n	87802d8a <strtok+0x1a>
87802dd8:	5d84      	ldrb	r4, [r0, r6]
87802dda:	4430      	add	r0, r6
87802ddc:	4606      	mov	r6, r0
87802dde:	2c00      	cmp	r4, #0
87802de0:	d1e2      	bne.n	87802da8 <strtok+0x38>
87802de2:	e007      	b.n	87802df4 <strtok+0x84>
87802de4:	7833      	ldrb	r3, [r6, #0]
87802de6:	4632      	mov	r2, r6
87802de8:	2b00      	cmp	r3, #0
87802dea:	d0ed      	beq.n	87802dc8 <strtok+0x58>
87802dec:	2300      	movs	r3, #0
87802dee:	3601      	adds	r6, #1
87802df0:	7013      	strb	r3, [r2, #0]
87802df2:	e7e9      	b.n	87802dc8 <strtok+0x58>
87802df4:	2000      	movs	r0, #0
87802df6:	f8ce 0000 	str.w	r0, [lr]
87802dfa:	bdf0      	pop	{r4, r5, r6, r7, pc}
87802dfc:	f8de 0000 	ldr.w	r0, [lr]
87802e00:	2800      	cmp	r0, #0
87802e02:	d1bc      	bne.n	87802d7e <strtok+0xe>
87802e04:	e7e2      	b.n	87802dcc <strtok+0x5c>
87802e06:	bf00      	nop

87802e08 <strsep>:
87802e08:	b4f0      	push	{r4, r5, r6, r7}
87802e0a:	4607      	mov	r7, r0
87802e0c:	6800      	ldr	r0, [r0, #0]
87802e0e:	b198      	cbz	r0, 87802e38 <strsep+0x30>
87802e10:	7804      	ldrb	r4, [r0, #0]
87802e12:	b184      	cbz	r4, 87802e36 <strsep+0x2e>
87802e14:	780e      	ldrb	r6, [r1, #0]
87802e16:	4605      	mov	r5, r0
87802e18:	b14e      	cbz	r6, 87802e2e <strsep+0x26>
87802e1a:	42a6      	cmp	r6, r4
87802e1c:	d00e      	beq.n	87802e3c <strsep+0x34>
87802e1e:	460a      	mov	r2, r1
87802e20:	e001      	b.n	87802e26 <strsep+0x1e>
87802e22:	429c      	cmp	r4, r3
87802e24:	d00a      	beq.n	87802e3c <strsep+0x34>
87802e26:	f812 3f01 	ldrb.w	r3, [r2, #1]!
87802e2a:	2b00      	cmp	r3, #0
87802e2c:	d1f9      	bne.n	87802e22 <strsep+0x1a>
87802e2e:	f815 4f01 	ldrb.w	r4, [r5, #1]!
87802e32:	2c00      	cmp	r4, #0
87802e34:	d1f0      	bne.n	87802e18 <strsep+0x10>
87802e36:	603c      	str	r4, [r7, #0]
87802e38:	bcf0      	pop	{r4, r5, r6, r7}
87802e3a:	4770      	bx	lr
87802e3c:	2300      	movs	r3, #0
87802e3e:	1c6c      	adds	r4, r5, #1
87802e40:	702b      	strb	r3, [r5, #0]
87802e42:	e7f8      	b.n	87802e36 <strsep+0x2e>

87802e44 <memset>:
87802e44:	b132      	cbz	r2, 87802e54 <memset+0x10>
87802e46:	b2c9      	uxtb	r1, r1
87802e48:	4402      	add	r2, r0
87802e4a:	4603      	mov	r3, r0
87802e4c:	f803 1b01 	strb.w	r1, [r3], #1
87802e50:	4293      	cmp	r3, r2
87802e52:	d1fb      	bne.n	87802e4c <memset+0x8>
87802e54:	4770      	bx	lr
87802e56:	bf00      	nop

87802e58 <bcopy>:
87802e58:	b13a      	cbz	r2, 87802e6a <bcopy+0x12>
87802e5a:	3901      	subs	r1, #1
87802e5c:	4402      	add	r2, r0
87802e5e:	f810 3b01 	ldrb.w	r3, [r0], #1
87802e62:	4290      	cmp	r0, r2
87802e64:	f801 3f01 	strb.w	r3, [r1, #1]!
87802e68:	d1f9      	bne.n	87802e5e <bcopy+0x6>
87802e6a:	4770      	bx	lr

87802e6c <memcpy>:
87802e6c:	b152      	cbz	r2, 87802e84 <memcpy+0x18>
87802e6e:	440a      	add	r2, r1
87802e70:	1e43      	subs	r3, r0, #1
87802e72:	b410      	push	{r4}
87802e74:	f811 4b01 	ldrb.w	r4, [r1], #1
87802e78:	4291      	cmp	r1, r2
87802e7a:	f803 4f01 	strb.w	r4, [r3, #1]!
87802e7e:	d1f9      	bne.n	87802e74 <memcpy+0x8>
87802e80:	f85d 4b04 	ldr.w	r4, [sp], #4
87802e84:	4770      	bx	lr
87802e86:	bf00      	nop

87802e88 <memmove>:
87802e88:	4288      	cmp	r0, r1
87802e8a:	b410      	push	{r4}
87802e8c:	d80b      	bhi.n	87802ea6 <memmove+0x1e>
87802e8e:	b13a      	cbz	r2, 87802ea0 <memmove+0x18>
87802e90:	440a      	add	r2, r1
87802e92:	1e43      	subs	r3, r0, #1
87802e94:	f811 4b01 	ldrb.w	r4, [r1], #1
87802e98:	4291      	cmp	r1, r2
87802e9a:	f803 4f01 	strb.w	r4, [r3, #1]!
87802e9e:	d1f9      	bne.n	87802e94 <memmove+0xc>
87802ea0:	f85d 4b04 	ldr.w	r4, [sp], #4
87802ea4:	4770      	bx	lr
87802ea6:	4411      	add	r1, r2
87802ea8:	1883      	adds	r3, r0, r2
87802eaa:	2a00      	cmp	r2, #0
87802eac:	d0f8      	beq.n	87802ea0 <memmove+0x18>
87802eae:	1a8a      	subs	r2, r1, r2
87802eb0:	f811 4d01 	ldrb.w	r4, [r1, #-1]!
87802eb4:	4291      	cmp	r1, r2
87802eb6:	f803 4d01 	strb.w	r4, [r3, #-1]!
87802eba:	d1f9      	bne.n	87802eb0 <memmove+0x28>
87802ebc:	f85d 4b04 	ldr.w	r4, [sp], #4
87802ec0:	4770      	bx	lr
87802ec2:	bf00      	nop

87802ec4 <memcmp>:
87802ec4:	b1aa      	cbz	r2, 87802ef2 <memcmp+0x2e>
87802ec6:	b430      	push	{r4, r5}
87802ec8:	4604      	mov	r4, r0
87802eca:	7803      	ldrb	r3, [r0, #0]
87802ecc:	7808      	ldrb	r0, [r1, #0]
87802ece:	1a18      	subs	r0, r3, r0
87802ed0:	d10a      	bne.n	87802ee8 <memcmp+0x24>
87802ed2:	4422      	add	r2, r4
87802ed4:	3401      	adds	r4, #1
87802ed6:	e005      	b.n	87802ee4 <memcmp+0x20>
87802ed8:	f814 3b01 	ldrb.w	r3, [r4], #1
87802edc:	f811 5f01 	ldrb.w	r5, [r1, #1]!
87802ee0:	1b5b      	subs	r3, r3, r5
87802ee2:	d103      	bne.n	87802eec <memcmp+0x28>
87802ee4:	4294      	cmp	r4, r2
87802ee6:	d1f7      	bne.n	87802ed8 <memcmp+0x14>
87802ee8:	bc30      	pop	{r4, r5}
87802eea:	4770      	bx	lr
87802eec:	4618      	mov	r0, r3
87802eee:	bc30      	pop	{r4, r5}
87802ef0:	4770      	bx	lr
87802ef2:	4610      	mov	r0, r2
87802ef4:	4770      	bx	lr
87802ef6:	bf00      	nop

87802ef8 <memscan>:
87802ef8:	b182      	cbz	r2, 87802f1c <memscan+0x24>
87802efa:	7803      	ldrb	r3, [r0, #0]
87802efc:	428b      	cmp	r3, r1
87802efe:	d00d      	beq.n	87802f1c <memscan+0x24>
87802f00:	b410      	push	{r4}
87802f02:	4402      	add	r2, r0
87802f04:	1c43      	adds	r3, r0, #1
87802f06:	e002      	b.n	87802f0e <memscan+0x16>
87802f08:	7804      	ldrb	r4, [r0, #0]
87802f0a:	428c      	cmp	r4, r1
87802f0c:	d004      	beq.n	87802f18 <memscan+0x20>
87802f0e:	4293      	cmp	r3, r2
87802f10:	4618      	mov	r0, r3
87802f12:	f103 0301 	add.w	r3, r3, #1
87802f16:	d1f7      	bne.n	87802f08 <memscan+0x10>
87802f18:	f85d 4b04 	ldr.w	r4, [sp], #4
87802f1c:	4770      	bx	lr
87802f1e:	bf00      	nop

87802f20 <strstr>:
87802f20:	b5f0      	push	{r4, r5, r6, r7, lr}
87802f22:	468e      	mov	lr, r1
87802f24:	f891 c000 	ldrb.w	ip, [r1]
87802f28:	f1bc 0f00 	cmp.w	ip, #0
87802f2c:	d028      	beq.n	87802f80 <strstr+0x60>
87802f2e:	460e      	mov	r6, r1
87802f30:	f816 3f01 	ldrb.w	r3, [r6, #1]!
87802f34:	2b00      	cmp	r3, #0
87802f36:	d1fb      	bne.n	87802f30 <strstr+0x10>
87802f38:	ebb6 010e 	subs.w	r1, r6, lr
87802f3c:	d020      	beq.n	87802f80 <strstr+0x60>
87802f3e:	7807      	ldrb	r7, [r0, #0]
87802f40:	b12f      	cbz	r7, 87802f4e <strstr+0x2e>
87802f42:	4607      	mov	r7, r0
87802f44:	f817 3f01 	ldrb.w	r3, [r7, #1]!
87802f48:	2b00      	cmp	r3, #0
87802f4a:	d1fb      	bne.n	87802f44 <strstr+0x24>
87802f4c:	1a3f      	subs	r7, r7, r0
87802f4e:	42b9      	cmp	r1, r7
87802f50:	dc15      	bgt.n	87802f7e <strstr+0x5e>
87802f52:	3f01      	subs	r7, #1
87802f54:	b1a1      	cbz	r1, 87802f80 <strstr+0x60>
87802f56:	7803      	ldrb	r3, [r0, #0]
87802f58:	4563      	cmp	r3, ip
87802f5a:	d10c      	bne.n	87802f76 <strstr+0x56>
87802f5c:	4602      	mov	r2, r0
87802f5e:	f10e 0301 	add.w	r3, lr, #1
87802f62:	e005      	b.n	87802f70 <strstr+0x50>
87802f64:	f813 4b01 	ldrb.w	r4, [r3], #1
87802f68:	f812 5f01 	ldrb.w	r5, [r2, #1]!
87802f6c:	42a5      	cmp	r5, r4
87802f6e:	d102      	bne.n	87802f76 <strstr+0x56>
87802f70:	42b3      	cmp	r3, r6
87802f72:	d1f7      	bne.n	87802f64 <strstr+0x44>
87802f74:	bdf0      	pop	{r4, r5, r6, r7, pc}
87802f76:	428f      	cmp	r7, r1
87802f78:	f100 0001 	add.w	r0, r0, #1
87802f7c:	dae9      	bge.n	87802f52 <strstr+0x32>
87802f7e:	2000      	movs	r0, #0
87802f80:	bdf0      	pop	{r4, r5, r6, r7, pc}
87802f82:	bf00      	nop

87802f84 <memchr>:
87802f84:	b410      	push	{r4}
87802f86:	b2c9      	uxtb	r1, r1
87802f88:	4402      	add	r2, r0
87802f8a:	e004      	b.n	87802f96 <memchr+0x12>
87802f8c:	f813 4b01 	ldrb.w	r4, [r3], #1
87802f90:	428c      	cmp	r4, r1
87802f92:	d004      	beq.n	87802f9e <memchr+0x1a>
87802f94:	4618      	mov	r0, r3
87802f96:	4290      	cmp	r0, r2
87802f98:	4603      	mov	r3, r0
87802f9a:	d1f7      	bne.n	87802f8c <memchr+0x8>
87802f9c:	2000      	movs	r0, #0
87802f9e:	f85d 4b04 	ldr.w	r4, [sp], #4
87802fa2:	4770      	bx	lr

87802fa4 <number>:
87802fa4:	e92d 4ff0 	stmdb	sp!, {r4, r5, r6, r7, r8, r9, sl, fp, lr}
87802fa8:	b0a9      	sub	sp, #164	; 0xa4
87802faa:	460e      	mov	r6, r1
87802fac:	9932      	ldr	r1, [sp, #200]	; 0xc8
87802fae:	4604      	mov	r4, r0
87802fb0:	9835      	ldr	r0, [sp, #212]	; 0xd4
87802fb2:	390a      	subs	r1, #10
87802fb4:	bf18      	it	ne
87802fb6:	2101      	movne	r1, #1
87802fb8:	f000 0820 	and.w	r8, r0, #32
87802fbc:	ea01 1050 	and.w	r0, r1, r0, lsr #5
87802fc0:	fa5f f888 	uxtb.w	r8, r8
87802fc4:	9000      	str	r0, [sp, #0]
87802fc6:	9835      	ldr	r0, [sp, #212]	; 0xd4
87802fc8:	f010 0010 	ands.w	r0, r0, #16
87802fcc:	9002      	str	r0, [sp, #8]
87802fce:	bf1e      	ittt	ne
87802fd0:	9835      	ldrne	r0, [sp, #212]	; 0xd4
87802fd2:	f020 0001 	bicne.w	r0, r0, #1
87802fd6:	9035      	strne	r0, [sp, #212]	; 0xd4
87802fd8:	9835      	ldr	r0, [sp, #212]	; 0xd4
87802fda:	f010 0002 	ands.w	r0, r0, #2
87802fde:	d012      	beq.n	87803006 <number+0x62>
87802fe0:	2a00      	cmp	r2, #0
87802fe2:	f173 0000 	sbcs.w	r0, r3, #0
87802fe6:	f2c0 80e4 	blt.w	878031b2 <number+0x20e>
87802fea:	9835      	ldr	r0, [sp, #212]	; 0xd4
87802fec:	0740      	lsls	r0, r0, #29
87802fee:	f100 80c6 	bmi.w	8780317e <number+0x1da>
87802ff2:	9835      	ldr	r0, [sp, #212]	; 0xd4
87802ff4:	f010 0008 	ands.w	r0, r0, #8
87802ff8:	d005      	beq.n	87803006 <number+0x62>
87802ffa:	9833      	ldr	r0, [sp, #204]	; 0xcc
87802ffc:	3801      	subs	r0, #1
87802ffe:	9033      	str	r0, [sp, #204]	; 0xcc
87803000:	2020      	movs	r0, #32
87803002:	9001      	str	r0, [sp, #4]
87803004:	e000      	b.n	87803008 <number+0x64>
87803006:	9001      	str	r0, [sp, #4]
87803008:	9800      	ldr	r0, [sp, #0]
8780300a:	b130      	cbz	r0, 8780301a <number+0x76>
8780300c:	9832      	ldr	r0, [sp, #200]	; 0xc8
8780300e:	2810      	cmp	r0, #16
87803010:	f000 80c4 	beq.w	8780319c <number+0x1f8>
87803014:	9833      	ldr	r0, [sp, #204]	; 0xcc
87803016:	3801      	subs	r0, #1
87803018:	9033      	str	r0, [sp, #204]	; 0xcc
8780301a:	ea52 0003 	orrs.w	r0, r2, r3
8780301e:	d17b      	bne.n	87803118 <number+0x174>
87803020:	2200      	movs	r2, #0
87803022:	2501      	movs	r5, #1
87803024:	2330      	movs	r3, #48	; 0x30
87803026:	f88d 303c 	strb.w	r3, [sp, #60]	; 0x3c
8780302a:	9b34      	ldr	r3, [sp, #208]	; 0xd0
8780302c:	9933      	ldr	r1, [sp, #204]	; 0xcc
8780302e:	42ab      	cmp	r3, r5
87803030:	bfb8      	it	lt
87803032:	462b      	movlt	r3, r5
87803034:	1ac8      	subs	r0, r1, r3
87803036:	9935      	ldr	r1, [sp, #212]	; 0xd4
87803038:	f011 0f11 	tst.w	r1, #17
8780303c:	d10f      	bne.n	8780305e <number+0xba>
8780303e:	f1b0 0e01 	subs.w	lr, r0, #1
87803042:	f100 81c5 	bmi.w	878033d0 <number+0x42c>
87803046:	1821      	adds	r1, r4, r0
87803048:	2720      	movs	r7, #32
8780304a:	42a6      	cmp	r6, r4
8780304c:	f104 0401 	add.w	r4, r4, #1
87803050:	bf88      	it	hi
87803052:	f804 7c01 	strbhi.w	r7, [r4, #-1]
87803056:	428c      	cmp	r4, r1
87803058:	d1f7      	bne.n	8780304a <number+0xa6>
8780305a:	ebc0 000e 	rsb	r0, r0, lr
8780305e:	9901      	ldr	r1, [sp, #4]
87803060:	b139      	cbz	r1, 87803072 <number+0xce>
87803062:	42b4      	cmp	r4, r6
87803064:	f104 0401 	add.w	r4, r4, #1
87803068:	bf3c      	itt	cc
8780306a:	f89d 1004 	ldrbcc.w	r1, [sp, #4]
8780306e:	f804 1c01 	strbcc.w	r1, [r4, #-1]
87803072:	9900      	ldr	r1, [sp, #0]
87803074:	b149      	cbz	r1, 8780308a <number+0xe6>
87803076:	9f32      	ldr	r7, [sp, #200]	; 0xc8
87803078:	42b4      	cmp	r4, r6
8780307a:	bf3c      	itt	cc
8780307c:	2130      	movcc	r1, #48	; 0x30
8780307e:	7021      	strbcc	r1, [r4, #0]
87803080:	1c61      	adds	r1, r4, #1
87803082:	2f10      	cmp	r7, #16
87803084:	bf18      	it	ne
87803086:	460c      	movne	r4, r1
87803088:	d07f      	beq.n	8780318a <number+0x1e6>
8780308a:	9902      	ldr	r1, [sp, #8]
8780308c:	b999      	cbnz	r1, 878030b6 <number+0x112>
8780308e:	9935      	ldr	r1, [sp, #212]	; 0xd4
87803090:	f011 0f01 	tst.w	r1, #1
87803094:	bf14      	ite	ne
87803096:	2130      	movne	r1, #48	; 0x30
87803098:	2120      	moveq	r1, #32
8780309a:	1e47      	subs	r7, r0, #1
8780309c:	f100 819a 	bmi.w	878033d4 <number+0x430>
878030a0:	4420      	add	r0, r4
878030a2:	42a6      	cmp	r6, r4
878030a4:	f104 0401 	add.w	r4, r4, #1
878030a8:	bf88      	it	hi
878030aa:	f804 1c01 	strbhi.w	r1, [r4, #-1]
878030ae:	4284      	cmp	r4, r0
878030b0:	d1f7      	bne.n	878030a2 <number+0xfe>
878030b2:	f04f 30ff 	mov.w	r0, #4294967295	; 0xffffffff
878030b6:	429d      	cmp	r5, r3
878030b8:	f280 811f 	bge.w	878032fa <number+0x356>
878030bc:	1b5b      	subs	r3, r3, r5
878030be:	2130      	movs	r1, #48	; 0x30
878030c0:	4423      	add	r3, r4
878030c2:	42a6      	cmp	r6, r4
878030c4:	f104 0401 	add.w	r4, r4, #1
878030c8:	bf88      	it	hi
878030ca:	f804 1c01 	strbhi.w	r1, [r4, #-1]
878030ce:	429c      	cmp	r4, r3
878030d0:	d1f7      	bne.n	878030c2 <number+0x11e>
878030d2:	2a00      	cmp	r2, #0
878030d4:	f2c0 810d 	blt.w	878032f2 <number+0x34e>
878030d8:	1c51      	adds	r1, r2, #1
878030da:	ac0f      	add	r4, sp, #60	; 0x3c
878030dc:	4422      	add	r2, r4
878030de:	4419      	add	r1, r3
878030e0:	429e      	cmp	r6, r3
878030e2:	f103 0301 	add.w	r3, r3, #1
878030e6:	bf88      	it	hi
878030e8:	7814      	ldrbhi	r4, [r2, #0]
878030ea:	f102 32ff 	add.w	r2, r2, #4294967295	; 0xffffffff
878030ee:	bf88      	it	hi
878030f0:	f803 4c01 	strbhi.w	r4, [r3, #-1]
878030f4:	428b      	cmp	r3, r1
878030f6:	d1f3      	bne.n	878030e0 <number+0x13c>
878030f8:	2800      	cmp	r0, #0
878030fa:	f340 80fc 	ble.w	878032f6 <number+0x352>
878030fe:	4408      	add	r0, r1
87803100:	2320      	movs	r3, #32
87803102:	428e      	cmp	r6, r1
87803104:	f101 0101 	add.w	r1, r1, #1
87803108:	bf88      	it	hi
8780310a:	f801 3c01 	strbhi.w	r3, [r1, #-1]
8780310e:	4281      	cmp	r1, r0
87803110:	d1f7      	bne.n	87803102 <number+0x15e>
87803112:	b029      	add	sp, #164	; 0xa4
87803114:	e8bd 8ff0 	ldmia.w	sp!, {r4, r5, r6, r7, r8, r9, sl, fp, pc}
87803118:	2900      	cmp	r1, #0
8780311a:	d053      	beq.n	878031c4 <number+0x220>
8780311c:	9932      	ldr	r1, [sp, #200]	; 0xc8
8780311e:	2910      	cmp	r1, #16
87803120:	f101 3cff 	add.w	ip, r1, #4294967295	; 0xffffffff
87803124:	bf12      	itee	ne
87803126:	2003      	movne	r0, #3
87803128:	f04f 0c0f 	moveq.w	ip, #15
8780312c:	2004      	moveq	r0, #4
8780312e:	f249 2948 	movw	r9, #37448	; 0x9248
87803132:	f10d 073b 	add.w	r7, sp, #59	; 0x3b
87803136:	f2c8 7980 	movt	r9, #34688	; 0x8780
8780313a:	2500      	movs	r5, #0
8780313c:	f1c0 0a20 	rsb	sl, r0, #32
87803140:	fa5f fb82 	uxtb.w	fp, r2
87803144:	fa22 f100 	lsr.w	r1, r2, r0
87803148:	fa43 fe00 	asr.w	lr, r3, r0
8780314c:	ea0b 020c 	and.w	r2, fp, ip
87803150:	f819 b002 	ldrb.w	fp, [r9, r2]
87803154:	fa03 f20a 	lsl.w	r2, r3, sl
87803158:	3501      	adds	r5, #1
8780315a:	4311      	orrs	r1, r2
8780315c:	f1b0 0220 	subs.w	r2, r0, #32
87803160:	fa43 f202 	asr.w	r2, r3, r2
87803164:	ea48 030b 	orr.w	r3, r8, fp
87803168:	f807 3f01 	strb.w	r3, [r7, #1]!
8780316c:	4673      	mov	r3, lr
8780316e:	bf58      	it	pl
87803170:	4311      	orrpl	r1, r2
87803172:	460a      	mov	r2, r1
87803174:	ea52 0103 	orrs.w	r1, r2, r3
87803178:	d1e2      	bne.n	87803140 <number+0x19c>
8780317a:	1e6a      	subs	r2, r5, #1
8780317c:	e755      	b.n	8780302a <number+0x86>
8780317e:	9833      	ldr	r0, [sp, #204]	; 0xcc
87803180:	3801      	subs	r0, #1
87803182:	9033      	str	r0, [sp, #204]	; 0xcc
87803184:	202b      	movs	r0, #43	; 0x2b
87803186:	9001      	str	r0, [sp, #4]
87803188:	e73e      	b.n	87803008 <number+0x64>
8780318a:	428e      	cmp	r6, r1
8780318c:	f104 0402 	add.w	r4, r4, #2
87803190:	bf84      	itt	hi
87803192:	f048 0858 	orrhi.w	r8, r8, #88	; 0x58
87803196:	f804 8c01 	strbhi.w	r8, [r4, #-1]
8780319a:	e776      	b.n	8780308a <number+0xe6>
8780319c:	9933      	ldr	r1, [sp, #204]	; 0xcc
8780319e:	3902      	subs	r1, #2
878031a0:	9133      	str	r1, [sp, #204]	; 0xcc
878031a2:	ea52 0103 	orrs.w	r1, r2, r3
878031a6:	bf1c      	itt	ne
878031a8:	f04f 0c0f 	movne.w	ip, #15
878031ac:	2004      	movne	r0, #4
878031ae:	d1be      	bne.n	8780312e <number+0x18a>
878031b0:	e736      	b.n	87803020 <number+0x7c>
878031b2:	9833      	ldr	r0, [sp, #204]	; 0xcc
878031b4:	4252      	negs	r2, r2
878031b6:	eb63 0343 	sbc.w	r3, r3, r3, lsl #1
878031ba:	3801      	subs	r0, #1
878031bc:	9033      	str	r0, [sp, #204]	; 0xcc
878031be:	202d      	movs	r0, #45	; 0x2d
878031c0:	9001      	str	r0, [sp, #4]
878031c2:	e721      	b.n	87803008 <number+0x64>
878031c4:	4692      	mov	sl, r2
878031c6:	469b      	mov	fp, r3
878031c8:	f248 629f 	movw	r2, #34463	; 0x869f
878031cc:	2300      	movs	r3, #0
878031ce:	f2c0 0201 	movt	r2, #1
878031d2:	455b      	cmp	r3, fp
878031d4:	bf08      	it	eq
878031d6:	4552      	cmpeq	r2, sl
878031d8:	e9cd ab0c 	strd	sl, fp, [sp, #48]	; 0x30
878031dc:	f080 80fc 	bcs.w	878033d8 <number+0x434>
878031e0:	f248 61a0 	movw	r1, #34464	; 0x86a0
878031e4:	f645 20c5 	movw	r0, #23237	; 0x5ac5
878031e8:	f2c0 0101 	movt	r1, #1
878031ec:	f6c0 207c 	movt	r0, #2684	; 0xa7c
878031f0:	f10d 0541 	add.w	r5, sp, #65	; 0x41
878031f4:	e9cd 2304 	strd	r2, r3, [sp, #16]
878031f8:	9106      	str	r1, [sp, #24]
878031fa:	462f      	mov	r7, r5
878031fc:	9003      	str	r0, [sp, #12]
878031fe:	f8cd 801c 	str.w	r8, [sp, #28]
87803202:	9408      	str	r4, [sp, #32]
87803204:	9609      	str	r6, [sp, #36]	; 0x24
87803206:	e060      	b.n	878032ca <number+0x326>
87803208:	9a06      	ldr	r2, [sp, #24]
8780320a:	09d8      	lsrs	r0, r3, #7
8780320c:	f04f 0b00 	mov.w	fp, #0
87803210:	4603      	mov	r3, r0
87803212:	fb02 a010 	mls	r0, r2, r0, sl
87803216:	469a      	mov	sl, r3
87803218:	e9cd ab0c 	strd	sl, fp, [sp, #48]	; 0x30
8780321c:	f3c0 1803 	ubfx	r8, r0, #4, #4
87803220:	f3c0 2303 	ubfx	r3, r0, #8, #4
87803224:	0b02      	lsrs	r2, r0, #12
87803226:	eb08 0103 	add.w	r1, r8, r3
8780322a:	f000 0e0f 	and.w	lr, r0, #15
8780322e:	eb03 0c83 	add.w	ip, r3, r3, lsl #2
87803232:	4411      	add	r1, r2
87803234:	eb02 00c2 	add.w	r0, r2, r2, lsl #3
87803238:	00ce      	lsls	r6, r1, #3
8780323a:	4440      	add	r0, r8
8780323c:	eba6 0141 	sub.w	r1, r6, r1, lsl #1
87803240:	26cd      	movs	r6, #205	; 0xcd
87803242:	4460      	add	r0, ip
87803244:	4471      	add	r1, lr
87803246:	46bc      	mov	ip, r7
87803248:	fb06 f901 	mul.w	r9, r6, r1
8780324c:	3705      	adds	r7, #5
8780324e:	ea4f 29d9 	mov.w	r9, r9, lsr #11
87803252:	4448      	add	r0, r9
87803254:	ea4f 0ec9 	mov.w	lr, r9, lsl #3
87803258:	fb06 f800 	mul.w	r8, r6, r0
8780325c:	eb0e 0e49 	add.w	lr, lr, r9, lsl #1
87803260:	ebce 0101 	rsb	r1, lr, r1
87803264:	ea4f 28d8 	mov.w	r8, r8, lsr #11
87803268:	3130      	adds	r1, #48	; 0x30
8780326a:	f807 1c0a 	strb.w	r1, [r7, #-10]
8780326e:	eb08 0343 	add.w	r3, r8, r3, lsl #1
87803272:	ea4f 0ec8 	mov.w	lr, r8, lsl #3
87803276:	0119      	lsls	r1, r3, #4
87803278:	eb0e 0848 	add.w	r8, lr, r8, lsl #1
8780327c:	eba1 0183 	sub.w	r1, r1, r3, lsl #2
87803280:	ebc8 0800 	rsb	r8, r8, r0
87803284:	f108 0030 	add.w	r0, r8, #48	; 0x30
87803288:	4419      	add	r1, r3
8780328a:	f807 0c09 	strb.w	r0, [r7, #-9]
8780328e:	09c9      	lsrs	r1, r1, #7
87803290:	eb01 0282 	add.w	r2, r1, r2, lsl #2
87803294:	00c8      	lsls	r0, r1, #3
87803296:	fb06 f602 	mul.w	r6, r6, r2
8780329a:	eb00 0141 	add.w	r1, r0, r1, lsl #1
8780329e:	1a5b      	subs	r3, r3, r1
878032a0:	3330      	adds	r3, #48	; 0x30
878032a2:	0af6      	lsrs	r6, r6, #11
878032a4:	f807 3c08 	strb.w	r3, [r7, #-8]
878032a8:	00f3      	lsls	r3, r6, #3
878032aa:	f106 0130 	add.w	r1, r6, #48	; 0x30
878032ae:	f807 1c06 	strb.w	r1, [r7, #-6]
878032b2:	eb03 0646 	add.w	r6, r3, r6, lsl #1
878032b6:	1b92      	subs	r2, r2, r6
878032b8:	3230      	adds	r2, #48	; 0x30
878032ba:	f807 2c07 	strb.w	r2, [r7, #-7]
878032be:	e9dd 2304 	ldrd	r2, r3, [sp, #16]
878032c2:	455b      	cmp	r3, fp
878032c4:	bf08      	it	eq
878032c6:	4552      	cmpeq	r2, sl
878032c8:	d219      	bcs.n	878032fe <number+0x35a>
878032ca:	9b03      	ldr	r3, [sp, #12]
878032cc:	465c      	mov	r4, fp
878032ce:	2500      	movs	r5, #0
878032d0:	ea4f 125a 	mov.w	r2, sl, lsr #5
878032d4:	ea54 0105 	orrs.w	r1, r4, r5
878032d8:	fba2 2303 	umull	r2, r3, r2, r3
878032dc:	d094      	beq.n	87803208 <number+0x264>
878032de:	f248 61a0 	movw	r1, #34464	; 0x86a0
878032e2:	a80c      	add	r0, sp, #48	; 0x30
878032e4:	f2c0 0101 	movt	r1, #1
878032e8:	f7ff fb56 	bl	87802998 <__div64_32>
878032ec:	e9dd ab0c 	ldrd	sl, fp, [sp, #48]	; 0x30
878032f0:	e794      	b.n	8780321c <number+0x278>
878032f2:	4619      	mov	r1, r3
878032f4:	e700      	b.n	878030f8 <number+0x154>
878032f6:	4608      	mov	r0, r1
878032f8:	e70b      	b.n	87803112 <number+0x16e>
878032fa:	4623      	mov	r3, r4
878032fc:	e6e9      	b.n	878030d2 <number+0x12e>
878032fe:	f8dd 801c 	ldr.w	r8, [sp, #28]
87803302:	ab0f      	add	r3, sp, #60	; 0x3c
87803304:	9c08      	ldr	r4, [sp, #32]
87803306:	9e09      	ldr	r6, [sp, #36]	; 0x24
87803308:	9303      	str	r3, [sp, #12]
8780330a:	f3ca 1303 	ubfx	r3, sl, #4, #4
8780330e:	f3ca 2903 	ubfx	r9, sl, #8, #4
87803312:	ea4f 3e1a 	mov.w	lr, sl, lsr #12
87803316:	eb03 0209 	add.w	r2, r3, r9
8780331a:	f00a 070f 	and.w	r7, sl, #15
8780331e:	eb09 0589 	add.w	r5, r9, r9, lsl #2
87803322:	4472      	add	r2, lr
87803324:	eb0e 00ce 	add.w	r0, lr, lr, lsl #3
87803328:	00d1      	lsls	r1, r2, #3
8780332a:	f04f 0acd 	mov.w	sl, #205	; 0xcd
8780332e:	4403      	add	r3, r0
87803330:	eba1 0142 	sub.w	r1, r1, r2, lsl #1
87803334:	442b      	add	r3, r5
87803336:	4439      	add	r1, r7
87803338:	fb0a f201 	mul.w	r2, sl, r1
8780333c:	0ad2      	lsrs	r2, r2, #11
8780333e:	00d0      	lsls	r0, r2, #3
87803340:	eb00 0042 	add.w	r0, r0, r2, lsl #1
87803344:	189a      	adds	r2, r3, r2
87803346:	bf08      	it	eq
87803348:	f10c 0501 	addeq.w	r5, ip, #1
8780334c:	eba1 0100 	sub.w	r1, r1, r0
87803350:	f101 0130 	add.w	r1, r1, #48	; 0x30
87803354:	f88c 1000 	strb.w	r1, [ip]
87803358:	d037      	beq.n	878033ca <number+0x426>
8780335a:	fb0a f102 	mul.w	r1, sl, r2
8780335e:	0ac9      	lsrs	r1, r1, #11
87803360:	00c8      	lsls	r0, r1, #3
87803362:	eb01 0349 	add.w	r3, r1, r9, lsl #1
87803366:	eb00 0141 	add.w	r1, r0, r1, lsl #1
8780336a:	1a52      	subs	r2, r2, r1
8780336c:	3230      	adds	r2, #48	; 0x30
8780336e:	f88c 2001 	strb.w	r2, [ip, #1]
87803372:	ea53 020e 	orrs.w	r2, r3, lr
87803376:	bf08      	it	eq
87803378:	f10c 0502 	addeq.w	r5, ip, #2
8780337c:	d025      	beq.n	878033ca <number+0x426>
8780337e:	011a      	lsls	r2, r3, #4
87803380:	eba2 0283 	sub.w	r2, r2, r3, lsl #2
87803384:	441a      	add	r2, r3
87803386:	09d2      	lsrs	r2, r2, #7
87803388:	00d1      	lsls	r1, r2, #3
8780338a:	eb01 0142 	add.w	r1, r1, r2, lsl #1
8780338e:	eb12 028e 	adds.w	r2, r2, lr, lsl #2
87803392:	eba3 0301 	sub.w	r3, r3, r1
87803396:	bf08      	it	eq
87803398:	f10c 0503 	addeq.w	r5, ip, #3
8780339c:	f103 0330 	add.w	r3, r3, #48	; 0x30
878033a0:	f88c 3002 	strb.w	r3, [ip, #2]
878033a4:	d011      	beq.n	878033ca <number+0x426>
878033a6:	fb0a f302 	mul.w	r3, sl, r2
878033aa:	f10c 0504 	add.w	r5, ip, #4
878033ae:	0adb      	lsrs	r3, r3, #11
878033b0:	00d9      	lsls	r1, r3, #3
878033b2:	eb01 0143 	add.w	r1, r1, r3, lsl #1
878033b6:	1a52      	subs	r2, r2, r1
878033b8:	3230      	adds	r2, #48	; 0x30
878033ba:	f88c 2003 	strb.w	r2, [ip, #3]
878033be:	b123      	cbz	r3, 878033ca <number+0x426>
878033c0:	f10c 0505 	add.w	r5, ip, #5
878033c4:	3330      	adds	r3, #48	; 0x30
878033c6:	f88c 3004 	strb.w	r3, [ip, #4]
878033ca:	9b03      	ldr	r3, [sp, #12]
878033cc:	1aed      	subs	r5, r5, r3
878033ce:	e6d4      	b.n	8780317a <number+0x1d6>
878033d0:	4670      	mov	r0, lr
878033d2:	e644      	b.n	8780305e <number+0xba>
878033d4:	4638      	mov	r0, r7
878033d6:	e66e      	b.n	878030b6 <number+0x112>
878033d8:	ab0f      	add	r3, sp, #60	; 0x3c
878033da:	9303      	str	r3, [sp, #12]
878033dc:	469c      	mov	ip, r3
878033de:	e794      	b.n	8780330a <number+0x366>

878033e0 <simple_strtoul>:
878033e0:	b5f0      	push	{r4, r5, r6, r7, lr}
878033e2:	4606      	mov	r6, r0
878033e4:	b96a      	cbnz	r2, 87803402 <simple_strtoul+0x22>
878033e6:	7804      	ldrb	r4, [r0, #0]
878033e8:	2c30      	cmp	r4, #48	; 0x30
878033ea:	d043      	beq.n	87803474 <simple_strtoul+0x94>
878033ec:	f249 2794 	movw	r7, #37524	; 0x9294
878033f0:	4623      	mov	r3, r4
878033f2:	f2c8 7780 	movt	r7, #34688	; 0x8780
878033f6:	220a      	movs	r2, #10
878033f8:	f817 e004 	ldrb.w	lr, [r7, r4]
878033fc:	f00e 0544 	and.w	r5, lr, #68	; 0x44
87803400:	e00b      	b.n	8780341a <simple_strtoul+0x3a>
87803402:	2a10      	cmp	r2, #16
87803404:	d029      	beq.n	8780345a <simple_strtoul+0x7a>
87803406:	7803      	ldrb	r3, [r0, #0]
87803408:	f249 2794 	movw	r7, #37524	; 0x9294
8780340c:	f2c8 7780 	movt	r7, #34688	; 0x8780
87803410:	f817 e003 	ldrb.w	lr, [r7, r3]
87803414:	461c      	mov	r4, r3
87803416:	f00e 0544 	and.w	r5, lr, #68	; 0x44
8780341a:	4628      	mov	r0, r5
8780341c:	b1d5      	cbz	r5, 87803454 <simple_strtoul+0x74>
8780341e:	2000      	movs	r0, #0
87803420:	e009      	b.n	87803436 <simple_strtoul+0x56>
87803422:	f816 3f01 	ldrb.w	r3, [r6, #1]!
87803426:	fb02 4000 	mla	r0, r2, r0, r4
8780342a:	f817 e003 	ldrb.w	lr, [r7, r3]
8780342e:	461c      	mov	r4, r3
87803430:	f01e 0f44 	tst.w	lr, #68	; 0x44
87803434:	d00e      	beq.n	87803454 <simple_strtoul+0x74>
87803436:	f01e 0f04 	tst.w	lr, #4
8780343a:	f1a4 0430 	sub.w	r4, r4, #48	; 0x30
8780343e:	d107      	bne.n	87803450 <simple_strtoul+0x70>
87803440:	f1a3 0420 	sub.w	r4, r3, #32
87803444:	f01e 0f02 	tst.w	lr, #2
87803448:	bf18      	it	ne
8780344a:	b2e3      	uxtbne	r3, r4
8780344c:	f1a3 0437 	sub.w	r4, r3, #55	; 0x37
87803450:	4294      	cmp	r4, r2
87803452:	d3e6      	bcc.n	87803422 <simple_strtoul+0x42>
87803454:	b101      	cbz	r1, 87803458 <simple_strtoul+0x78>
87803456:	600e      	str	r6, [r1, #0]
87803458:	bdf0      	pop	{r4, r5, r6, r7, pc}
8780345a:	7804      	ldrb	r4, [r0, #0]
8780345c:	2c30      	cmp	r4, #48	; 0x30
8780345e:	d020      	beq.n	878034a2 <simple_strtoul+0xc2>
87803460:	f249 2794 	movw	r7, #37524	; 0x9294
87803464:	4623      	mov	r3, r4
87803466:	f2c8 7780 	movt	r7, #34688	; 0x8780
8780346a:	f817 e004 	ldrb.w	lr, [r7, r4]
8780346e:	f00e 0544 	and.w	r5, lr, #68	; 0x44
87803472:	e7d2      	b.n	8780341a <simple_strtoul+0x3a>
87803474:	7843      	ldrb	r3, [r0, #1]
87803476:	f249 2794 	movw	r7, #37524	; 0x9294
8780347a:	f2c8 7780 	movt	r7, #34688	; 0x8780
8780347e:	3001      	adds	r0, #1
87803480:	f817 e003 	ldrb.w	lr, [r7, r3]
87803484:	461c      	mov	r4, r3
87803486:	f01e 0f02 	tst.w	lr, #2
8780348a:	bf16      	itet	ne
8780348c:	f1a3 0220 	subne.w	r2, r3, #32
87803490:	461a      	moveq	r2, r3
87803492:	b2d2      	uxtbne	r2, r2
87803494:	2a58      	cmp	r2, #88	; 0x58
87803496:	d01d      	beq.n	878034d4 <simple_strtoul+0xf4>
87803498:	4606      	mov	r6, r0
8780349a:	f00e 0544 	and.w	r5, lr, #68	; 0x44
8780349e:	2208      	movs	r2, #8
878034a0:	e7bb      	b.n	8780341a <simple_strtoul+0x3a>
878034a2:	7843      	ldrb	r3, [r0, #1]
878034a4:	f249 2794 	movw	r7, #37524	; 0x9294
878034a8:	f2c8 7780 	movt	r7, #34688	; 0x8780
878034ac:	5cf8      	ldrb	r0, [r7, r3]
878034ae:	0780      	lsls	r0, r0, #30
878034b0:	bf44      	itt	mi
878034b2:	3b20      	submi	r3, #32
878034b4:	b2db      	uxtbmi	r3, r3
878034b6:	2b58      	cmp	r3, #88	; 0x58
878034b8:	bf0f      	iteee	eq
878034ba:	78b3      	ldrbeq	r3, [r6, #2]
878034bc:	2430      	movne	r4, #48	; 0x30
878034be:	f897 e030 	ldrbne.w	lr, [r7, #48]	; 0x30
878034c2:	4623      	movne	r3, r4
878034c4:	bf02      	ittt	eq
878034c6:	3602      	addeq	r6, #2
878034c8:	f817 e003 	ldrbeq.w	lr, [r7, r3]
878034cc:	461c      	moveq	r4, r3
878034ce:	f00e 0544 	and.w	r5, lr, #68	; 0x44
878034d2:	e7a2      	b.n	8780341a <simple_strtoul+0x3a>
878034d4:	78b5      	ldrb	r5, [r6, #2]
878034d6:	5d7a      	ldrb	r2, [r7, r5]
878034d8:	f012 0f44 	tst.w	r2, #68	; 0x44
878034dc:	d0dc      	beq.n	87803498 <simple_strtoul+0xb8>
878034de:	4696      	mov	lr, r2
878034e0:	462c      	mov	r4, r5
878034e2:	3602      	adds	r6, #2
878034e4:	462b      	mov	r3, r5
878034e6:	2210      	movs	r2, #16
878034e8:	e799      	b.n	8780341e <simple_strtoul+0x3e>
878034ea:	bf00      	nop

878034ec <simple_strtol>:
878034ec:	b510      	push	{r4, lr}
878034ee:	7804      	ldrb	r4, [r0, #0]
878034f0:	2c2d      	cmp	r4, #45	; 0x2d
878034f2:	d003      	beq.n	878034fc <simple_strtol+0x10>
878034f4:	e8bd 4010 	ldmia.w	sp!, {r4, lr}
878034f8:	f7ff bf72 	b.w	878033e0 <simple_strtoul>
878034fc:	3001      	adds	r0, #1
878034fe:	f7ff ff6f 	bl	878033e0 <simple_strtoul>
87803502:	4240      	negs	r0, r0
87803504:	bd10      	pop	{r4, pc}
87803506:	bf00      	nop

87803508 <simple_strtoull>:
87803508:	e92d 4ff0 	stmdb	sp!, {r4, r5, r6, r7, r8, r9, sl, fp, lr}
8780350c:	4684      	mov	ip, r0
8780350e:	468a      	mov	sl, r1
87803510:	4616      	mov	r6, r2
87803512:	2a00      	cmp	r2, #0
87803514:	d13f      	bne.n	87803596 <simple_strtoull+0x8e>
87803516:	7802      	ldrb	r2, [r0, #0]
87803518:	2a30      	cmp	r2, #48	; 0x30
8780351a:	d056      	beq.n	878035ca <simple_strtoull+0xc2>
8780351c:	f249 2b94 	movw	fp, #37524	; 0x9294
87803520:	4613      	mov	r3, r2
87803522:	f2c8 7b80 	movt	fp, #34688	; 0x8780
87803526:	260a      	movs	r6, #10
87803528:	f81b e002 	ldrb.w	lr, [fp, r2]
8780352c:	f00e 0144 	and.w	r1, lr, #68	; 0x44
87803530:	2900      	cmp	r1, #0
87803532:	d061      	beq.n	878035f8 <simple_strtoull+0xf0>
87803534:	2700      	movs	r7, #0
87803536:	2000      	movs	r0, #0
87803538:	2100      	movs	r1, #0
8780353a:	e00e      	b.n	8780355a <simple_strtoull+0x52>
8780353c:	f81c 3f01 	ldrb.w	r3, [ip, #1]!
87803540:	fb06 2101 	mla	r1, r6, r1, r2
87803544:	eb14 0008 	adds.w	r0, r4, r8
87803548:	f81b e003 	ldrb.w	lr, [fp, r3]
8780354c:	461a      	mov	r2, r3
8780354e:	4489      	add	r9, r1
87803550:	eb45 0109 	adc.w	r1, r5, r9
87803554:	f01e 0f44 	tst.w	lr, #68	; 0x44
87803558:	d016      	beq.n	87803588 <simple_strtoull+0x80>
8780355a:	f01e 0f04 	tst.w	lr, #4
8780355e:	f1a2 0430 	sub.w	r4, r2, #48	; 0x30
87803562:	d108      	bne.n	87803576 <simple_strtoull+0x6e>
87803564:	3b20      	subs	r3, #32
87803566:	f01e 0f02 	tst.w	lr, #2
8780356a:	b2db      	uxtb	r3, r3
8780356c:	f1a2 0437 	sub.w	r4, r2, #55	; 0x37
87803570:	bf18      	it	ne
87803572:	f1a3 0437 	subne.w	r4, r3, #55	; 0x37
87803576:	17e5      	asrs	r5, r4, #31
87803578:	fb00 f207 	mul.w	r2, r0, r7
8780357c:	42bd      	cmp	r5, r7
8780357e:	fba0 8906 	umull	r8, r9, r0, r6
87803582:	bf08      	it	eq
87803584:	42b4      	cmpeq	r4, r6
87803586:	d3d9      	bcc.n	8780353c <simple_strtoull+0x34>
87803588:	f1ba 0f00 	cmp.w	sl, #0
8780358c:	d001      	beq.n	87803592 <simple_strtoull+0x8a>
8780358e:	f8ca c000 	str.w	ip, [sl]
87803592:	e8bd 8ff0 	ldmia.w	sp!, {r4, r5, r6, r7, r8, r9, sl, fp, pc}
87803596:	2a10      	cmp	r2, #16
87803598:	d00a      	beq.n	878035b0 <simple_strtoull+0xa8>
8780359a:	7803      	ldrb	r3, [r0, #0]
8780359c:	f249 2b94 	movw	fp, #37524	; 0x9294
878035a0:	f2c8 7b80 	movt	fp, #34688	; 0x8780
878035a4:	f81b e003 	ldrb.w	lr, [fp, r3]
878035a8:	461a      	mov	r2, r3
878035aa:	f00e 0144 	and.w	r1, lr, #68	; 0x44
878035ae:	e7bf      	b.n	87803530 <simple_strtoull+0x28>
878035b0:	7802      	ldrb	r2, [r0, #0]
878035b2:	2a30      	cmp	r2, #48	; 0x30
878035b4:	d031      	beq.n	8780361a <simple_strtoull+0x112>
878035b6:	f249 2b94 	movw	fp, #37524	; 0x9294
878035ba:	4613      	mov	r3, r2
878035bc:	f2c8 7b80 	movt	fp, #34688	; 0x8780
878035c0:	f81b e002 	ldrb.w	lr, [fp, r2]
878035c4:	f00e 0144 	and.w	r1, lr, #68	; 0x44
878035c8:	e7b2      	b.n	87803530 <simple_strtoull+0x28>
878035ca:	7843      	ldrb	r3, [r0, #1]
878035cc:	f249 2b94 	movw	fp, #37524	; 0x9294
878035d0:	f2c8 7b80 	movt	fp, #34688	; 0x8780
878035d4:	3001      	adds	r0, #1
878035d6:	f81b e003 	ldrb.w	lr, [fp, r3]
878035da:	461a      	mov	r2, r3
878035dc:	f01e 0f02 	tst.w	lr, #2
878035e0:	bf16      	itet	ne
878035e2:	f1a3 0120 	subne.w	r1, r3, #32
878035e6:	4619      	moveq	r1, r3
878035e8:	b2c9      	uxtbne	r1, r1
878035ea:	2958      	cmp	r1, #88	; 0x58
878035ec:	d007      	beq.n	878035fe <simple_strtoull+0xf6>
878035ee:	4684      	mov	ip, r0
878035f0:	f00e 0144 	and.w	r1, lr, #68	; 0x44
878035f4:	2608      	movs	r6, #8
878035f6:	e79b      	b.n	87803530 <simple_strtoull+0x28>
878035f8:	2000      	movs	r0, #0
878035fa:	2100      	movs	r1, #0
878035fc:	e7c4      	b.n	87803588 <simple_strtoull+0x80>
878035fe:	f89c 4002 	ldrb.w	r4, [ip, #2]
87803602:	f81b 1004 	ldrb.w	r1, [fp, r4]
87803606:	f011 0f44 	tst.w	r1, #68	; 0x44
8780360a:	d0f0      	beq.n	878035ee <simple_strtoull+0xe6>
8780360c:	4622      	mov	r2, r4
8780360e:	f10c 0c02 	add.w	ip, ip, #2
87803612:	468e      	mov	lr, r1
87803614:	4623      	mov	r3, r4
87803616:	2610      	movs	r6, #16
87803618:	e78c      	b.n	87803534 <simple_strtoull+0x2c>
8780361a:	7843      	ldrb	r3, [r0, #1]
8780361c:	f249 2b94 	movw	fp, #37524	; 0x9294
87803620:	f2c8 7b80 	movt	fp, #34688	; 0x8780
87803624:	f81b 2003 	ldrb.w	r2, [fp, r3]
87803628:	0792      	lsls	r2, r2, #30
8780362a:	bf44      	itt	mi
8780362c:	3b20      	submi	r3, #32
8780362e:	b2db      	uxtbmi	r3, r3
87803630:	2b58      	cmp	r3, #88	; 0x58
87803632:	bf0f      	iteee	eq
87803634:	7883      	ldrbeq	r3, [r0, #2]
87803636:	2230      	movne	r2, #48	; 0x30
87803638:	f89b e030 	ldrbne.w	lr, [fp, #48]	; 0x30
8780363c:	4613      	movne	r3, r2
8780363e:	bf02      	ittt	eq
87803640:	f100 0c02 	addeq.w	ip, r0, #2
87803644:	f81b e003 	ldrbeq.w	lr, [fp, r3]
87803648:	461a      	moveq	r2, r3
8780364a:	f00e 0144 	and.w	r1, lr, #68	; 0x44
8780364e:	e76f      	b.n	87803530 <simple_strtoull+0x28>

87803650 <simple_strtoll>:
87803650:	b510      	push	{r4, lr}
87803652:	7804      	ldrb	r4, [r0, #0]
87803654:	2c2d      	cmp	r4, #45	; 0x2d
87803656:	d003      	beq.n	87803660 <simple_strtoll+0x10>
87803658:	e8bd 4010 	ldmia.w	sp!, {r4, lr}
8780365c:	f7ff bf54 	b.w	87803508 <simple_strtoull>
87803660:	3001      	adds	r0, #1
87803662:	f7ff ff51 	bl	87803508 <simple_strtoull>
87803666:	4240      	negs	r0, r0
87803668:	eb61 0141 	sbc.w	r1, r1, r1, lsl #1
8780366c:	bd10      	pop	{r4, pc}
8780366e:	bf00      	nop

87803670 <vsnprintf>:
87803670:	e92d 4ff0 	stmdb	sp!, {r4, r5, r6, r7, r8, r9, sl, fp, lr}
87803674:	f1b1 0b00 	subs.w	fp, r1, #0
87803678:	b089      	sub	sp, #36	; 0x24
8780367a:	f2c0 82f6 	blt.w	87803c6a <vsnprintf+0x5fa>
8780367e:	f10b 38ff 	add.w	r8, fp, #4294967295	; 0xffffffff
87803682:	469a      	mov	sl, r3
87803684:	4480      	add	r8, r0
87803686:	1e43      	subs	r3, r0, #1
87803688:	4598      	cmp	r8, r3
8780368a:	4605      	mov	r5, r0
8780368c:	4614      	mov	r4, r2
8780368e:	7810      	ldrb	r0, [r2, #0]
87803690:	f0c0 81c7 	bcc.w	87803a22 <vsnprintf+0x3b2>
87803694:	2800      	cmp	r0, #0
87803696:	f000 82f3 	beq.w	87803c80 <vsnprintf+0x610>
8780369a:	9505      	str	r5, [sp, #20]
8780369c:	f249 2358 	movw	r3, #37464	; 0x9258
878036a0:	f249 2994 	movw	r9, #37524	; 0x9294
878036a4:	f2c8 7380 	movt	r3, #34688	; 0x8780
878036a8:	f2c8 7980 	movt	r9, #34688	; 0x8780
878036ac:	9306      	str	r3, [sp, #24]
878036ae:	e008      	b.n	878036c2 <vsnprintf+0x52>
878036b0:	45a8      	cmp	r8, r5
878036b2:	bf28      	it	cs
878036b4:	7028      	strbcs	r0, [r5, #0]
878036b6:	7860      	ldrb	r0, [r4, #1]
878036b8:	3501      	adds	r5, #1
878036ba:	3401      	adds	r4, #1
878036bc:	2800      	cmp	r0, #0
878036be:	f000 8140 	beq.w	87803942 <vsnprintf+0x2d2>
878036c2:	2825      	cmp	r0, #37	; 0x25
878036c4:	bf08      	it	eq
878036c6:	2700      	moveq	r7, #0
878036c8:	d1f2      	bne.n	878036b0 <vsnprintf+0x40>
878036ca:	7861      	ldrb	r1, [r4, #1]
878036cc:	1c62      	adds	r2, r4, #1
878036ce:	f1a1 0320 	sub.w	r3, r1, #32
878036d2:	2b10      	cmp	r3, #16
878036d4:	d81e      	bhi.n	87803714 <vsnprintf+0xa4>
878036d6:	e8df f003 	tbb	[pc, r3]
878036da:	151d1d19 	ldrne	r1, [sp, #-3353]	; 0xd19
878036de:	1d1d1d1d 	ldcne	13, cr1, [sp, #-116]	; 0xffffff8c
878036e2:	111d1d1d 	tstne	sp, sp, lsl sp
878036e6:	1d1d0d1d 	ldcne	13, cr0, [sp, #-116]	; 0xffffff8c
878036ea:	f0470009 			; <UNDEFINED> instruction: 0xf0470009
878036ee:	0701      	lsls	r1, r0, #28
878036f0:	4614      	mov	r4, r2
878036f2:	e7ea      	b.n	878036ca <vsnprintf+0x5a>
878036f4:	f047 0710 	orr.w	r7, r7, #16
878036f8:	4614      	mov	r4, r2
878036fa:	e7e6      	b.n	878036ca <vsnprintf+0x5a>
878036fc:	f047 0704 	orr.w	r7, r7, #4
87803700:	4614      	mov	r4, r2
87803702:	e7e2      	b.n	878036ca <vsnprintf+0x5a>
87803704:	f047 0720 	orr.w	r7, r7, #32
87803708:	4614      	mov	r4, r2
8780370a:	e7de      	b.n	878036ca <vsnprintf+0x5a>
8780370c:	f047 0708 	orr.w	r7, r7, #8
87803710:	4614      	mov	r4, r2
87803712:	e7da      	b.n	878036ca <vsnprintf+0x5a>
87803714:	f819 3001 	ldrb.w	r3, [r9, r1]
87803718:	4608      	mov	r0, r1
8780371a:	075e      	lsls	r6, r3, #29
8780371c:	f140 80dd 	bpl.w	878038da <vsnprintf+0x26a>
87803720:	2600      	movs	r6, #0
87803722:	00f3      	lsls	r3, r6, #3
87803724:	eb03 0646 	add.w	r6, r3, r6, lsl #1
87803728:	4406      	add	r6, r0
8780372a:	f812 0f01 	ldrb.w	r0, [r2, #1]!
8780372e:	3e30      	subs	r6, #48	; 0x30
87803730:	f819 3000 	ldrb.w	r3, [r9, r0]
87803734:	075c      	lsls	r4, r3, #29
87803736:	d4f4      	bmi.n	87803722 <vsnprintf+0xb2>
87803738:	4603      	mov	r3, r0
8780373a:	2b2e      	cmp	r3, #46	; 0x2e
8780373c:	bf18      	it	ne
8780373e:	f04f 31ff 	movne.w	r1, #4294967295	; 0xffffffff
87803742:	f000 80e2 	beq.w	8780390a <vsnprintf+0x29a>
87803746:	f003 00df 	and.w	r0, r3, #223	; 0xdf
8780374a:	285a      	cmp	r0, #90	; 0x5a
8780374c:	bf18      	it	ne
8780374e:	284c      	cmpne	r0, #76	; 0x4c
87803750:	bf0c      	ite	eq
87803752:	2001      	moveq	r0, #1
87803754:	2000      	movne	r0, #0
87803756:	2b68      	cmp	r3, #104	; 0x68
87803758:	bf08      	it	eq
8780375a:	f040 0001 	orreq.w	r0, r0, #1
8780375e:	2800      	cmp	r0, #0
87803760:	d15b      	bne.n	8780381a <vsnprintf+0x1aa>
87803762:	f04f 30ff 	mov.w	r0, #4294967295	; 0xffffffff
87803766:	3b25      	subs	r3, #37	; 0x25
87803768:	2b53      	cmp	r3, #83	; 0x53
8780376a:	f200 8234 	bhi.w	87803bd6 <vsnprintf+0x566>
8780376e:	e8df f013 	tbh	[pc, r3, lsl #1]
87803772:	023201e7 	eorseq	r0, r2, #-1073741767	; 0xc0000039
87803776:	02320232 	eorseq	r0, r2, #536870915	; 0x20000003
8780377a:	02320232 	eorseq	r0, r2, #536870915	; 0x20000003
8780377e:	02320232 	eorseq	r0, r2, #536870915	; 0x20000003
87803782:	02320232 	eorseq	r0, r2, #536870915	; 0x20000003
87803786:	02320232 	eorseq	r0, r2, #536870915	; 0x20000003
8780378a:	02320232 	eorseq	r0, r2, #536870915	; 0x20000003
8780378e:	02320232 	eorseq	r0, r2, #536870915	; 0x20000003
87803792:	02320232 	eorseq	r0, r2, #536870915	; 0x20000003
87803796:	02320232 	eorseq	r0, r2, #536870915	; 0x20000003
8780379a:	02320232 	eorseq	r0, r2, #536870915	; 0x20000003
8780379e:	02320232 	eorseq	r0, r2, #536870915	; 0x20000003
878037a2:	02320232 	eorseq	r0, r2, #536870915	; 0x20000003
878037a6:	02320232 	eorseq	r0, r2, #536870915	; 0x20000003
878037aa:	02320232 	eorseq	r0, r2, #536870915	; 0x20000003
878037ae:	02320232 	eorseq	r0, r2, #536870915	; 0x20000003
878037b2:	02320232 	eorseq	r0, r2, #536870915	; 0x20000003
878037b6:	02320232 	eorseq	r0, r2, #536870915	; 0x20000003
878037ba:	02320232 	eorseq	r0, r2, #536870915	; 0x20000003
878037be:	02320232 	eorseq	r0, r2, #536870915	; 0x20000003
878037c2:	02320232 	eorseq	r0, r2, #536870915	; 0x20000003
878037c6:	02320232 	eorseq	r0, r2, #536870915	; 0x20000003
878037ca:	02320232 	eorseq	r0, r2, #536870915	; 0x20000003
878037ce:	02320232 	eorseq	r0, r2, #536870915	; 0x20000003
878037d2:	02320232 	eorseq	r0, r2, #536870915	; 0x20000003
878037d6:	016e0232 	cmneq	lr, r2, lsr r2
878037da:	02320232 	eorseq	r0, r2, #536870915	; 0x20000003
878037de:	02320232 	eorseq	r0, r2, #536870915	; 0x20000003
878037e2:	02320232 	eorseq	r0, r2, #536870915	; 0x20000003
878037e6:	02320232 	eorseq	r0, r2, #536870915	; 0x20000003
878037ea:	02320232 	eorseq	r0, r2, #536870915	; 0x20000003
878037ee:	01b301b9 			; <UNDEFINED> instruction: 0x01b301b9
878037f2:	02320232 	eorseq	r0, r2, #536870915	; 0x20000003
878037f6:	02320232 	eorseq	r0, r2, #536870915	; 0x20000003
878037fa:	023201b3 	eorseq	r0, r2, #-1073741780	; 0xc000002c
878037fe:	02320232 	eorseq	r0, r2, #536870915	; 0x20000003
87803802:	025a0232 	subseq	r0, sl, #536870915	; 0x20000003
87803806:	019701af 	orrseq	r0, r7, pc, lsr #3
8780380a:	02320232 	eorseq	r0, r2, #536870915	; 0x20000003
8780380e:	023201ed 	eorseq	r0, r2, #1073741883	; 0x4000003b
87803812:	0232026c 	eorseq	r0, r2, #108, 4	; 0xc0000006
87803816:	026a0232 	rsbeq	r0, sl, #536870915	; 0x20000003
8780381a:	4618      	mov	r0, r3
8780381c:	1c54      	adds	r4, r2, #1
8780381e:	286c      	cmp	r0, #108	; 0x6c
87803820:	7853      	ldrb	r3, [r2, #1]
87803822:	f000 809c 	beq.w	8780395e <vsnprintf+0x2ee>
87803826:	3b25      	subs	r3, #37	; 0x25
87803828:	2b53      	cmp	r3, #83	; 0x53
8780382a:	f200 81d5 	bhi.w	87803bd8 <vsnprintf+0x568>
8780382e:	e8df f013 	tbh	[pc, r3, lsl #1]
87803832:	01d30188 	bicseq	r0, r3, r8, lsl #3
87803836:	01d301d3 	ldrsbeq	r0, [r3, #19]
8780383a:	01d301d3 	ldrsbeq	r0, [r3, #19]
8780383e:	01d301d3 	ldrsbeq	r0, [r3, #19]
87803842:	01d301d3 	ldrsbeq	r0, [r3, #19]
87803846:	01d301d3 	ldrsbeq	r0, [r3, #19]
8780384a:	01d301d3 	ldrsbeq	r0, [r3, #19]
8780384e:	01d301d3 	ldrsbeq	r0, [r3, #19]
87803852:	01d301d3 	ldrsbeq	r0, [r3, #19]
87803856:	01d301d3 	ldrsbeq	r0, [r3, #19]
8780385a:	01d301d3 	ldrsbeq	r0, [r3, #19]
8780385e:	01d301d3 	ldrsbeq	r0, [r3, #19]
87803862:	01d301d3 	ldrsbeq	r0, [r3, #19]
87803866:	01d301d3 	ldrsbeq	r0, [r3, #19]
8780386a:	01d301d3 	ldrsbeq	r0, [r3, #19]
8780386e:	01d301d3 	ldrsbeq	r0, [r3, #19]
87803872:	01d301d3 	ldrsbeq	r0, [r3, #19]
87803876:	01d301d3 	ldrsbeq	r0, [r3, #19]
8780387a:	01d301d3 	ldrsbeq	r0, [r3, #19]
8780387e:	01d301d3 	ldrsbeq	r0, [r3, #19]
87803882:	01d301d3 	ldrsbeq	r0, [r3, #19]
87803886:	01d301d3 	ldrsbeq	r0, [r3, #19]
8780388a:	01d301d3 	ldrsbeq	r0, [r3, #19]
8780388e:	01d301d3 	ldrsbeq	r0, [r3, #19]
87803892:	01d301d3 	ldrsbeq	r0, [r3, #19]
87803896:	010f01d3 	ldrdeq	r0, [pc, -r3]
8780389a:	01d301d3 	ldrsbeq	r0, [r3, #19]
8780389e:	01d301d3 	ldrsbeq	r0, [r3, #19]
878038a2:	01d301d3 	ldrsbeq	r0, [r3, #19]
878038a6:	01d301d3 	ldrsbeq	r0, [r3, #19]
878038aa:	01d301d3 	ldrsbeq	r0, [r3, #19]
878038ae:	0154015a 	cmpeq	r4, sl, asr r1
878038b2:	01d301d3 	ldrsbeq	r0, [r3, #19]
878038b6:	01d301d3 	ldrsbeq	r0, [r3, #19]
878038ba:	01d30154 	bicseq	r0, r3, r4, asr r1
878038be:	01d301d3 	ldrsbeq	r0, [r3, #19]
878038c2:	01fb01d3 	ldrsbeq	r0, [fp, #19]!
878038c6:	01380150 	teqeq	r8, r0, asr r1
878038ca:	01d301d3 	ldrsbeq	r0, [r3, #19]
878038ce:	01d3018e 	bicseq	r0, r3, lr, lsl #3
878038d2:	01d3012e 	bicseq	r0, r3, lr, lsr #2
878038d6:	011101d3 			; <UNDEFINED> instruction: 0x011101d3
878038da:	292a      	cmp	r1, #42	; 0x2a
878038dc:	bf1c      	itt	ne
878038de:	460b      	movne	r3, r1
878038e0:	f04f 36ff 	movne.w	r6, #4294967295	; 0xffffffff
878038e4:	f47f af29 	bne.w	8780373a <vsnprintf+0xca>
878038e8:	f8da 6000 	ldr.w	r6, [sl]
878038ec:	1ca2      	adds	r2, r4, #2
878038ee:	78a3      	ldrb	r3, [r4, #2]
878038f0:	f10a 0a04 	add.w	sl, sl, #4
878038f4:	2e00      	cmp	r6, #0
878038f6:	bfbc      	itt	lt
878038f8:	4276      	neglt	r6, r6
878038fa:	f047 0710 	orrlt.w	r7, r7, #16
878038fe:	2b2e      	cmp	r3, #46	; 0x2e
87803900:	bf18      	it	ne
87803902:	f04f 31ff 	movne.w	r1, #4294967295	; 0xffffffff
87803906:	f47f af1e 	bne.w	87803746 <vsnprintf+0xd6>
8780390a:	7853      	ldrb	r3, [r2, #1]
8780390c:	1c54      	adds	r4, r2, #1
8780390e:	f819 0003 	ldrb.w	r0, [r9, r3]
87803912:	f000 0004 	and.w	r0, r0, #4
87803916:	f000 01ff 	and.w	r1, r0, #255	; 0xff
8780391a:	2800      	cmp	r0, #0
8780391c:	f000 808a 	beq.w	87803a34 <vsnprintf+0x3c4>
87803920:	2000      	movs	r0, #0
87803922:	4622      	mov	r2, r4
87803924:	4601      	mov	r1, r0
87803926:	00cc      	lsls	r4, r1, #3
87803928:	eb04 0141 	add.w	r1, r4, r1, lsl #1
8780392c:	4419      	add	r1, r3
8780392e:	f812 3f01 	ldrb.w	r3, [r2, #1]!
87803932:	3930      	subs	r1, #48	; 0x30
87803934:	f819 0003 	ldrb.w	r0, [r9, r3]
87803938:	0740      	lsls	r0, r0, #29
8780393a:	d4f4      	bmi.n	87803926 <vsnprintf+0x2b6>
8780393c:	ea21 71e1 	bic.w	r1, r1, r1, asr #31
87803940:	e701      	b.n	87803746 <vsnprintf+0xd6>
87803942:	462b      	mov	r3, r5
87803944:	9a05      	ldr	r2, [sp, #20]
87803946:	1aa8      	subs	r0, r5, r2
87803948:	4543      	cmp	r3, r8
8780394a:	d965      	bls.n	87803a18 <vsnprintf+0x3a8>
8780394c:	f1bb 0f00 	cmp.w	fp, #0
87803950:	d002      	beq.n	87803958 <vsnprintf+0x2e8>
87803952:	2300      	movs	r3, #0
87803954:	f888 3000 	strb.w	r3, [r8]
87803958:	b009      	add	sp, #36	; 0x24
8780395a:	e8bd 8ff0 	ldmia.w	sp!, {r4, r5, r6, r7, r8, r9, sl, fp, pc}
8780395e:	2b6c      	cmp	r3, #108	; 0x6c
87803960:	f000 816b 	beq.w	87803c3a <vsnprintf+0x5ca>
87803964:	3b25      	subs	r3, #37	; 0x25
87803966:	2b53      	cmp	r3, #83	; 0x53
87803968:	f200 8136 	bhi.w	87803bd8 <vsnprintf+0x568>
8780396c:	e8df f013 	tbh	[pc, r3, lsl #1]
87803970:	013400e9 	teqeq	r4, r9, ror #1
87803974:	01340134 	teqeq	r4, r4, lsr r1
87803978:	01340134 	teqeq	r4, r4, lsr r1
8780397c:	01340134 	teqeq	r4, r4, lsr r1
87803980:	01340134 	teqeq	r4, r4, lsr r1
87803984:	01340134 	teqeq	r4, r4, lsr r1
87803988:	01340134 	teqeq	r4, r4, lsr r1
8780398c:	01340134 	teqeq	r4, r4, lsr r1
87803990:	01340134 	teqeq	r4, r4, lsr r1
87803994:	01340134 	teqeq	r4, r4, lsr r1
87803998:	01340134 	teqeq	r4, r4, lsr r1
8780399c:	01340134 	teqeq	r4, r4, lsr r1
878039a0:	01340134 	teqeq	r4, r4, lsr r1
878039a4:	01340134 	teqeq	r4, r4, lsr r1
878039a8:	01340134 	teqeq	r4, r4, lsr r1
878039ac:	01340134 	teqeq	r4, r4, lsr r1
878039b0:	01340134 	teqeq	r4, r4, lsr r1
878039b4:	01340134 	teqeq	r4, r4, lsr r1
878039b8:	01340134 	teqeq	r4, r4, lsr r1
878039bc:	01340134 	teqeq	r4, r4, lsr r1
878039c0:	01340134 	teqeq	r4, r4, lsr r1
878039c4:	01340134 	teqeq	r4, r4, lsr r1
878039c8:	01340134 	teqeq	r4, r4, lsr r1
878039cc:	01340134 	teqeq	r4, r4, lsr r1
878039d0:	01340134 	teqeq	r4, r4, lsr r1
878039d4:	00700134 	rsbseq	r0, r0, r4, lsr r1
878039d8:	01340134 	teqeq	r4, r4, lsr r1
878039dc:	01340134 	teqeq	r4, r4, lsr r1
878039e0:	01340134 	teqeq	r4, r4, lsr r1
878039e4:	01340134 	teqeq	r4, r4, lsr r1
878039e8:	01340134 	teqeq	r4, r4, lsr r1
878039ec:	00b500bb 	ldrhteq	r0, [r5], fp
878039f0:	01340134 	teqeq	r4, r4, lsr r1
878039f4:	01340134 	teqeq	r4, r4, lsr r1
878039f8:	013400b5 	ldrheq	r0, [r4, -r5]!
878039fc:	01340134 	teqeq	r4, r4, lsr r1
87803a00:	01740134 	cmneq	r4, r4, lsr r1
87803a04:	009900b1 	ldrheq	r0, [r9], r1
87803a08:	01340134 	teqeq	r4, r4, lsr r1
87803a0c:	013400ef 	teqeq	r4, pc, ror #1
87803a10:	0134014f 	teqeq	r4, pc, asr #2
87803a14:	00720134 	rsbseq	r0, r2, r4, lsr r1
87803a18:	2200      	movs	r2, #0
87803a1a:	701a      	strb	r2, [r3, #0]
87803a1c:	b009      	add	sp, #36	; 0x24
87803a1e:	e8bd 8ff0 	ldmia.w	sp!, {r4, r5, r6, r7, r8, r9, sl, fp, pc}
87803a22:	9505      	str	r5, [sp, #20]
87803a24:	f1c5 0b00 	rsb	fp, r5, #0
87803a28:	462b      	mov	r3, r5
87803a2a:	2800      	cmp	r0, #0
87803a2c:	d0f4      	beq.n	87803a18 <vsnprintf+0x3a8>
87803a2e:	f04f 38ff 	mov.w	r8, #4294967295	; 0xffffffff
87803a32:	e633      	b.n	8780369c <vsnprintf+0x2c>
87803a34:	2b2a      	cmp	r3, #42	; 0x2a
87803a36:	bf09      	itett	eq
87803a38:	f8da 1000 	ldreq.w	r1, [sl]
87803a3c:	4622      	movne	r2, r4
87803a3e:	7893      	ldrbeq	r3, [r2, #2]
87803a40:	f10a 0a04 	addeq.w	sl, sl, #4
87803a44:	bf04      	itt	eq
87803a46:	3202      	addeq	r2, #2
87803a48:	ea21 71e1 	biceq.w	r1, r1, r1, asr #31
87803a4c:	e67b      	b.n	87803746 <vsnprintf+0xd6>
87803a4e:	4614      	mov	r4, r2
87803a50:	f047 0740 	orr.w	r7, r7, #64	; 0x40
87803a54:	f04f 0e10 	mov.w	lr, #16
87803a58:	284c      	cmp	r0, #76	; 0x4c
87803a5a:	d01c      	beq.n	87803a96 <vsnprintf+0x426>
87803a5c:	286c      	cmp	r0, #108	; 0x6c
87803a5e:	f000 80d8 	beq.w	87803c12 <vsnprintf+0x5a2>
87803a62:	f020 0320 	bic.w	r3, r0, #32
87803a66:	2b5a      	cmp	r3, #90	; 0x5a
87803a68:	f040 80c5 	bne.w	87803bf6 <vsnprintf+0x586>
87803a6c:	f8da 2000 	ldr.w	r2, [sl]
87803a70:	f10a 0a04 	add.w	sl, sl, #4
87803a74:	2300      	movs	r3, #0
87803a76:	9102      	str	r1, [sp, #8]
87803a78:	4628      	mov	r0, r5
87803a7a:	9703      	str	r7, [sp, #12]
87803a7c:	4641      	mov	r1, r8
87803a7e:	9601      	str	r6, [sp, #4]
87803a80:	f8cd e000 	str.w	lr, [sp]
87803a84:	f7ff fa8e 	bl	87802fa4 <number>
87803a88:	4605      	mov	r5, r0
87803a8a:	7860      	ldrb	r0, [r4, #1]
87803a8c:	e615      	b.n	878036ba <vsnprintf+0x4a>
87803a8e:	284c      	cmp	r0, #76	; 0x4c
87803a90:	f04f 0e0a 	mov.w	lr, #10
87803a94:	d1e2      	bne.n	87803a5c <vsnprintf+0x3ec>
87803a96:	e9da 2300 	ldrd	r2, r3, [sl]
87803a9a:	f10a 0a08 	add.w	sl, sl, #8
87803a9e:	e7ea      	b.n	87803a76 <vsnprintf+0x406>
87803aa0:	4614      	mov	r4, r2
87803aa2:	1c72      	adds	r2, r6, #1
87803aa4:	f04f 0310 	mov.w	r3, #16
87803aa8:	bf04      	itt	eq
87803aaa:	f047 0701 	orreq.w	r7, r7, #1
87803aae:	2608      	moveq	r6, #8
87803ab0:	f8da 2000 	ldr.w	r2, [sl]
87803ab4:	4628      	mov	r0, r5
87803ab6:	9102      	str	r1, [sp, #8]
87803ab8:	4641      	mov	r1, r8
87803aba:	e88d 0048 	stmia.w	sp, {r3, r6}
87803abe:	2300      	movs	r3, #0
87803ac0:	9703      	str	r7, [sp, #12]
87803ac2:	f10a 0a04 	add.w	sl, sl, #4
87803ac6:	f7ff fa6d 	bl	87802fa4 <number>
87803aca:	4605      	mov	r5, r0
87803acc:	7860      	ldrb	r0, [r4, #1]
87803ace:	e5f4      	b.n	878036ba <vsnprintf+0x4a>
87803ad0:	4614      	mov	r4, r2
87803ad2:	f04f 0e08 	mov.w	lr, #8
87803ad6:	e7bf      	b.n	87803a58 <vsnprintf+0x3e8>
87803ad8:	4614      	mov	r4, r2
87803ada:	f047 0702 	orr.w	r7, r7, #2
87803ade:	f04f 0e0a 	mov.w	lr, #10
87803ae2:	e7b9      	b.n	87803a58 <vsnprintf+0x3e8>
87803ae4:	4614      	mov	r4, r2
87803ae6:	06f9      	lsls	r1, r7, #27
87803ae8:	d40d      	bmi.n	87803b06 <vsnprintf+0x496>
87803aea:	3e01      	subs	r6, #1
87803aec:	2e00      	cmp	r6, #0
87803aee:	dd0a      	ble.n	87803b06 <vsnprintf+0x496>
87803af0:	19ab      	adds	r3, r5, r6
87803af2:	2220      	movs	r2, #32
87803af4:	45a8      	cmp	r8, r5
87803af6:	f105 0501 	add.w	r5, r5, #1
87803afa:	bf28      	it	cs
87803afc:	f805 2c01 	strbcs.w	r2, [r5, #-1]
87803b00:	429d      	cmp	r5, r3
87803b02:	d1f7      	bne.n	87803af4 <vsnprintf+0x484>
87803b04:	2600      	movs	r6, #0
87803b06:	f8da 3000 	ldr.w	r3, [sl]
87803b0a:	4545      	cmp	r5, r8
87803b0c:	f105 0101 	add.w	r1, r5, #1
87803b10:	f10a 0004 	add.w	r0, sl, #4
87803b14:	bf98      	it	ls
87803b16:	702b      	strbls	r3, [r5, #0]
87803b18:	2e01      	cmp	r6, #1
87803b1a:	bfc2      	ittt	gt
87803b1c:	19ad      	addgt	r5, r5, r6
87803b1e:	460b      	movgt	r3, r1
87803b20:	2220      	movgt	r2, #32
87803b22:	f340 80b1 	ble.w	87803c88 <vsnprintf+0x618>
87803b26:	4598      	cmp	r8, r3
87803b28:	f103 0301 	add.w	r3, r3, #1
87803b2c:	bf28      	it	cs
87803b2e:	f803 2c01 	strbcs.w	r2, [r3, #-1]
87803b32:	42ab      	cmp	r3, r5
87803b34:	d1f7      	bne.n	87803b26 <vsnprintf+0x4b6>
87803b36:	1e75      	subs	r5, r6, #1
87803b38:	4682      	mov	sl, r0
87803b3a:	440d      	add	r5, r1
87803b3c:	7860      	ldrb	r0, [r4, #1]
87803b3e:	e5bc      	b.n	878036ba <vsnprintf+0x4a>
87803b40:	4614      	mov	r4, r2
87803b42:	45a8      	cmp	r8, r5
87803b44:	bf24      	itt	cs
87803b46:	2325      	movcs	r3, #37	; 0x25
87803b48:	702b      	strbcs	r3, [r5, #0]
87803b4a:	e5b4      	b.n	878036b6 <vsnprintf+0x46>
87803b4c:	4614      	mov	r4, r2
87803b4e:	f8da 3000 	ldr.w	r3, [sl]
87803b52:	f10a 0a04 	add.w	sl, sl, #4
87803b56:	9a06      	ldr	r2, [sp, #24]
87803b58:	f5b3 6f80 	cmp.w	r3, #1024	; 0x400
87803b5c:	bf38      	it	cc
87803b5e:	4613      	movcc	r3, r2
87803b60:	4618      	mov	r0, r3
87803b62:	9307      	str	r3, [sp, #28]
87803b64:	f7ff f8b8 	bl	87802cd8 <strnlen>
87803b68:	f017 0f10 	tst.w	r7, #16
87803b6c:	9b07      	ldr	r3, [sp, #28]
87803b6e:	d111      	bne.n	87803b94 <vsnprintf+0x524>
87803b70:	4286      	cmp	r6, r0
87803b72:	f106 37ff 	add.w	r7, r6, #4294967295	; 0xffffffff
87803b76:	f340 808b 	ble.w	87803c90 <vsnprintf+0x620>
87803b7a:	1a32      	subs	r2, r6, r0
87803b7c:	2120      	movs	r1, #32
87803b7e:	442a      	add	r2, r5
87803b80:	45a8      	cmp	r8, r5
87803b82:	f105 0501 	add.w	r5, r5, #1
87803b86:	bf28      	it	cs
87803b88:	f805 1c01 	strbcs.w	r1, [r5, #-1]
87803b8c:	4295      	cmp	r5, r2
87803b8e:	d1f7      	bne.n	87803b80 <vsnprintf+0x510>
87803b90:	1bbe      	subs	r6, r7, r6
87803b92:	4406      	add	r6, r0
87803b94:	2800      	cmp	r0, #0
87803b96:	dd75      	ble.n	87803c84 <vsnprintf+0x614>
87803b98:	182a      	adds	r2, r5, r0
87803b9a:	45a8      	cmp	r8, r5
87803b9c:	f105 0501 	add.w	r5, r5, #1
87803ba0:	bf28      	it	cs
87803ba2:	7819      	ldrbcs	r1, [r3, #0]
87803ba4:	f103 0301 	add.w	r3, r3, #1
87803ba8:	bf28      	it	cs
87803baa:	f805 1c01 	strbcs.w	r1, [r5, #-1]
87803bae:	4295      	cmp	r5, r2
87803bb0:	d1f3      	bne.n	87803b9a <vsnprintf+0x52a>
87803bb2:	4286      	cmp	r6, r0
87803bb4:	bfdc      	itt	le
87803bb6:	4615      	movle	r5, r2
87803bb8:	7860      	ldrble	r0, [r4, #1]
87803bba:	f77f ad7e 	ble.w	878036ba <vsnprintf+0x4a>
87803bbe:	1a30      	subs	r0, r6, r0
87803bc0:	2320      	movs	r3, #32
87803bc2:	1815      	adds	r5, r2, r0
87803bc4:	4590      	cmp	r8, r2
87803bc6:	f102 0201 	add.w	r2, r2, #1
87803bca:	bf28      	it	cs
87803bcc:	f802 3c01 	strbcs.w	r3, [r2, #-1]
87803bd0:	42aa      	cmp	r2, r5
87803bd2:	d1f7      	bne.n	87803bc4 <vsnprintf+0x554>
87803bd4:	e759      	b.n	87803a8a <vsnprintf+0x41a>
87803bd6:	4614      	mov	r4, r2
87803bd8:	45a8      	cmp	r8, r5
87803bda:	bf24      	itt	cs
87803bdc:	2325      	movcs	r3, #37	; 0x25
87803bde:	702b      	strbcs	r3, [r5, #0]
87803be0:	1c6b      	adds	r3, r5, #1
87803be2:	7822      	ldrb	r2, [r4, #0]
87803be4:	b36a      	cbz	r2, 87803c42 <vsnprintf+0x5d2>
87803be6:	4543      	cmp	r3, r8
87803be8:	f105 0502 	add.w	r5, r5, #2
87803bec:	bf98      	it	ls
87803bee:	f805 2c01 	strbls.w	r2, [r5, #-1]
87803bf2:	7860      	ldrb	r0, [r4, #1]
87803bf4:	e561      	b.n	878036ba <vsnprintf+0x4a>
87803bf6:	2868      	cmp	r0, #104	; 0x68
87803bf8:	f10a 0304 	add.w	r3, sl, #4
87803bfc:	f8da 2000 	ldr.w	r2, [sl]
87803c00:	469a      	mov	sl, r3
87803c02:	d036      	beq.n	87803c72 <vsnprintf+0x602>
87803c04:	07bb      	lsls	r3, r7, #30
87803c06:	f57f af35 	bpl.w	87803a74 <vsnprintf+0x404>
87803c0a:	17d3      	asrs	r3, r2, #31
87803c0c:	e733      	b.n	87803a76 <vsnprintf+0x406>
87803c0e:	f04f 0e0a 	mov.w	lr, #10
87803c12:	f10a 0304 	add.w	r3, sl, #4
87803c16:	f8da 2000 	ldr.w	r2, [sl]
87803c1a:	469a      	mov	sl, r3
87803c1c:	07bb      	lsls	r3, r7, #30
87803c1e:	f57f af29 	bpl.w	87803a74 <vsnprintf+0x404>
87803c22:	17d3      	asrs	r3, r2, #31
87803c24:	e727      	b.n	87803a76 <vsnprintf+0x406>
87803c26:	4614      	mov	r4, r2
87803c28:	9a05      	ldr	r2, [sp, #20]
87803c2a:	f10a 0a04 	add.w	sl, sl, #4
87803c2e:	f85a 3c04 	ldr.w	r3, [sl, #-4]
87803c32:	1aaa      	subs	r2, r5, r2
87803c34:	601a      	str	r2, [r3, #0]
87803c36:	7860      	ldrb	r0, [r4, #1]
87803c38:	e53f      	b.n	878036ba <vsnprintf+0x4a>
87803c3a:	7893      	ldrb	r3, [r2, #2]
87803c3c:	204c      	movs	r0, #76	; 0x4c
87803c3e:	3202      	adds	r2, #2
87803c40:	e591      	b.n	87803766 <vsnprintf+0xf6>
87803c42:	461d      	mov	r5, r3
87803c44:	e67e      	b.n	87803944 <vsnprintf+0x2d4>
87803c46:	4614      	mov	r4, r2
87803c48:	e704      	b.n	87803a54 <vsnprintf+0x3e4>
87803c4a:	284c      	cmp	r0, #76	; 0x4c
87803c4c:	4614      	mov	r4, r2
87803c4e:	f04f 0e0a 	mov.w	lr, #10
87803c52:	f47f af06 	bne.w	87803a62 <vsnprintf+0x3f2>
87803c56:	e71e      	b.n	87803a96 <vsnprintf+0x426>
87803c58:	9905      	ldr	r1, [sp, #20]
87803c5a:	f10a 0a04 	add.w	sl, sl, #4
87803c5e:	f85a 3c04 	ldr.w	r3, [sl, #-4]
87803c62:	1a69      	subs	r1, r5, r1
87803c64:	6019      	str	r1, [r3, #0]
87803c66:	7890      	ldrb	r0, [r2, #2]
87803c68:	e527      	b.n	878036ba <vsnprintf+0x4a>
87803c6a:	2000      	movs	r0, #0
87803c6c:	b009      	add	sp, #36	; 0x24
87803c6e:	e8bd 8ff0 	ldmia.w	sp!, {r4, r5, r6, r7, r8, r9, sl, fp, pc}
87803c72:	07b8      	lsls	r0, r7, #30
87803c74:	bf4d      	iteet	mi
87803c76:	b212      	sxthmi	r2, r2
87803c78:	b292      	uxthpl	r2, r2
87803c7a:	2300      	movpl	r3, #0
87803c7c:	17d3      	asrmi	r3, r2, #31
87803c7e:	e6fa      	b.n	87803a76 <vsnprintf+0x406>
87803c80:	462b      	mov	r3, r5
87803c82:	e661      	b.n	87803948 <vsnprintf+0x2d8>
87803c84:	462a      	mov	r2, r5
87803c86:	e794      	b.n	87803bb2 <vsnprintf+0x542>
87803c88:	4682      	mov	sl, r0
87803c8a:	460d      	mov	r5, r1
87803c8c:	7860      	ldrb	r0, [r4, #1]
87803c8e:	e514      	b.n	878036ba <vsnprintf+0x4a>
87803c90:	463e      	mov	r6, r7
87803c92:	e77f      	b.n	87803b94 <vsnprintf+0x524>

87803c94 <vscnprintf>:
87803c94:	b510      	push	{r4, lr}
87803c96:	460c      	mov	r4, r1
87803c98:	f7ff fcea 	bl	87803670 <vsnprintf>
87803c9c:	4284      	cmp	r4, r0
87803c9e:	bf98      	it	ls
87803ca0:	f104 30ff 	addls.w	r0, r4, #4294967295	; 0xffffffff
87803ca4:	bd10      	pop	{r4, pc}
87803ca6:	bf00      	nop

87803ca8 <snprintf>:
87803ca8:	b40c      	push	{r2, r3}
87803caa:	b508      	push	{r3, lr}
87803cac:	ab03      	add	r3, sp, #12
87803cae:	9a02      	ldr	r2, [sp, #8]
87803cb0:	f7ff fcde 	bl	87803670 <vsnprintf>
87803cb4:	e8bd 4008 	ldmia.w	sp!, {r3, lr}
87803cb8:	b002      	add	sp, #8
87803cba:	4770      	bx	lr

87803cbc <scnprintf>:
87803cbc:	b40c      	push	{r2, r3}
87803cbe:	b510      	push	{r4, lr}
87803cc0:	460c      	mov	r4, r1
87803cc2:	ab03      	add	r3, sp, #12
87803cc4:	9a02      	ldr	r2, [sp, #8]
87803cc6:	f7ff fcd3 	bl	87803670 <vsnprintf>
87803cca:	4284      	cmp	r4, r0
87803ccc:	bf98      	it	ls
87803cce:	f104 30ff 	addls.w	r0, r4, #4294967295	; 0xffffffff
87803cd2:	e8bd 4010 	ldmia.w	sp!, {r4, lr}
87803cd6:	b002      	add	sp, #8
87803cd8:	4770      	bx	lr
87803cda:	bf00      	nop

87803cdc <vsprintf>:
87803cdc:	4613      	mov	r3, r2
87803cde:	460a      	mov	r2, r1
87803ce0:	f06f 4100 	mvn.w	r1, #2147483648	; 0x80000000
87803ce4:	f7ff bcc4 	b.w	87803670 <vsnprintf>

87803ce8 <sprintf>:
87803ce8:	b40e      	push	{r1, r2, r3}
87803cea:	f06f 4100 	mvn.w	r1, #2147483648	; 0x80000000
87803cee:	b500      	push	{lr}
87803cf0:	ab02      	add	r3, sp, #8
87803cf2:	9a01      	ldr	r2, [sp, #4]
87803cf4:	f7ff fcbc 	bl	87803670 <vsnprintf>
87803cf8:	f85d eb04 	ldr.w	lr, [sp], #4
87803cfc:	b003      	add	sp, #12
87803cfe:	4770      	bx	lr

87803d00 <vsscanf>:
87803d00:	e92d 4ff0 	stmdb	sp!, {r4, r5, r6, r7, r8, r9, sl, fp, lr}
87803d04:	f249 2494 	movw	r4, #37524	; 0x9294
87803d08:	780b      	ldrb	r3, [r1, #0]
87803d0a:	f2c8 7480 	movt	r4, #34688	; 0x8780
87803d0e:	b083      	sub	sp, #12
87803d10:	4607      	mov	r7, r0
87803d12:	460d      	mov	r5, r1
87803d14:	4696      	mov	lr, r2
87803d16:	46a0      	mov	r8, r4
87803d18:	2600      	movs	r6, #0
87803d1a:	b143      	cbz	r3, 87803d2e <vsscanf+0x2e>
87803d1c:	7801      	ldrb	r1, [r0, #0]
87803d1e:	b131      	cbz	r1, 87803d2e <vsscanf+0x2e>
87803d20:	5ce2      	ldrb	r2, [r4, r3]
87803d22:	0692      	lsls	r2, r2, #26
87803d24:	d407      	bmi.n	87803d36 <vsscanf+0x36>
87803d26:	2b25      	cmp	r3, #37	; 0x25
87803d28:	d020      	beq.n	87803d6c <vsscanf+0x6c>
87803d2a:	428b      	cmp	r3, r1
87803d2c:	d018      	beq.n	87803d60 <vsscanf+0x60>
87803d2e:	4630      	mov	r0, r6
87803d30:	b003      	add	sp, #12
87803d32:	e8bd 8ff0 	ldmia.w	sp!, {r4, r5, r6, r7, r8, r9, sl, fp, pc}
87803d36:	f815 3f01 	ldrb.w	r3, [r5, #1]!
87803d3a:	5ce2      	ldrb	r2, [r4, r3]
87803d3c:	0692      	lsls	r2, r2, #26
87803d3e:	d4fa      	bmi.n	87803d36 <vsscanf+0x36>
87803d40:	f818 2001 	ldrb.w	r2, [r8, r1]
87803d44:	0691      	lsls	r1, r2, #26
87803d46:	d504      	bpl.n	87803d52 <vsscanf+0x52>
87803d48:	f810 2f01 	ldrb.w	r2, [r0, #1]!
87803d4c:	5ca2      	ldrb	r2, [r4, r2]
87803d4e:	0692      	lsls	r2, r2, #26
87803d50:	d4fa      	bmi.n	87803d48 <vsscanf+0x48>
87803d52:	2b00      	cmp	r3, #0
87803d54:	bf18      	it	ne
87803d56:	2b25      	cmpne	r3, #37	; 0x25
87803d58:	d006      	beq.n	87803d68 <vsscanf+0x68>
87803d5a:	7801      	ldrb	r1, [r0, #0]
87803d5c:	428b      	cmp	r3, r1
87803d5e:	d1e6      	bne.n	87803d2e <vsscanf+0x2e>
87803d60:	786b      	ldrb	r3, [r5, #1]
87803d62:	3001      	adds	r0, #1
87803d64:	3501      	adds	r5, #1
87803d66:	e7d8      	b.n	87803d1a <vsscanf+0x1a>
87803d68:	2b00      	cmp	r3, #0
87803d6a:	d0e0      	beq.n	87803d2e <vsscanf+0x2e>
87803d6c:	786b      	ldrb	r3, [r5, #1]
87803d6e:	3501      	adds	r5, #1
87803d70:	2b2a      	cmp	r3, #42	; 0x2a
87803d72:	f000 80f1 	beq.w	87803f58 <vsscanf+0x258>
87803d76:	5ce2      	ldrb	r2, [r4, r3]
87803d78:	4619      	mov	r1, r3
87803d7a:	0752      	lsls	r2, r2, #29
87803d7c:	bf5c      	itt	pl
87803d7e:	4619      	movpl	r1, r3
87803d80:	f04f 33ff 	movpl.w	r3, #4294967295	; 0xffffffff
87803d84:	d50a      	bpl.n	87803d9c <vsscanf+0x9c>
87803d86:	2300      	movs	r3, #0
87803d88:	00da      	lsls	r2, r3, #3
87803d8a:	eb02 0343 	add.w	r3, r2, r3, lsl #1
87803d8e:	440b      	add	r3, r1
87803d90:	f815 1f01 	ldrb.w	r1, [r5, #1]!
87803d94:	3b30      	subs	r3, #48	; 0x30
87803d96:	5c62      	ldrb	r2, [r4, r1]
87803d98:	0752      	lsls	r2, r2, #29
87803d9a:	d4f5      	bmi.n	87803d88 <vsscanf+0x88>
87803d9c:	f001 02df 	and.w	r2, r1, #223	; 0xdf
87803da0:	46a9      	mov	r9, r5
87803da2:	2a5a      	cmp	r2, #90	; 0x5a
87803da4:	bf18      	it	ne
87803da6:	2a4c      	cmpne	r2, #76	; 0x4c
87803da8:	f04f 3cff 	mov.w	ip, #4294967295	; 0xffffffff
87803dac:	bf0c      	ite	eq
87803dae:	2201      	moveq	r2, #1
87803db0:	2200      	movne	r2, #0
87803db2:	2968      	cmp	r1, #104	; 0x68
87803db4:	bf08      	it	eq
87803db6:	f042 0201 	orreq.w	r2, r2, #1
87803dba:	2a00      	cmp	r2, #0
87803dbc:	f040 80b8 	bne.w	87803f30 <vsscanf+0x230>
87803dc0:	2900      	cmp	r1, #0
87803dc2:	d0b4      	beq.n	87803d2e <vsscanf+0x2e>
87803dc4:	f890 a000 	ldrb.w	sl, [r0]
87803dc8:	f1ba 0f00 	cmp.w	sl, #0
87803dcc:	d0af      	beq.n	87803d2e <vsscanf+0x2e>
87803dce:	3925      	subs	r1, #37	; 0x25
87803dd0:	f109 0501 	add.w	r5, r9, #1
87803dd4:	2953      	cmp	r1, #83	; 0x53
87803dd6:	d8aa      	bhi.n	87803d2e <vsscanf+0x2e>
87803dd8:	a201      	add	r2, pc, #4	; (adr r2, 87803de0 <vsscanf+0xe0>)
87803dda:	f852 f021 	ldr.w	pc, [r2, r1, lsl #2]
87803dde:	bf00      	nop
87803de0:	8780405d 			; <UNDEFINED> instruction: 0x8780405d
87803de4:	87803d2f 	strhi	r3, [r0, pc, lsr #26]
87803de8:	87803d2f 	strhi	r3, [r0, pc, lsr #26]
87803dec:	87803d2f 	strhi	r3, [r0, pc, lsr #26]
87803df0:	87803d2f 	strhi	r3, [r0, pc, lsr #26]
87803df4:	87803d2f 	strhi	r3, [r0, pc, lsr #26]
87803df8:	87803d2f 	strhi	r3, [r0, pc, lsr #26]
87803dfc:	87803d2f 	strhi	r3, [r0, pc, lsr #26]
87803e00:	87803d2f 	strhi	r3, [r0, pc, lsr #26]
87803e04:	87803d2f 	strhi	r3, [r0, pc, lsr #26]
87803e08:	87803d2f 	strhi	r3, [r0, pc, lsr #26]
87803e0c:	87803d2f 	strhi	r3, [r0, pc, lsr #26]
87803e10:	87803d2f 	strhi	r3, [r0, pc, lsr #26]
87803e14:	87803d2f 	strhi	r3, [r0, pc, lsr #26]
87803e18:	87803d2f 	strhi	r3, [r0, pc, lsr #26]
87803e1c:	87803d2f 	strhi	r3, [r0, pc, lsr #26]
87803e20:	87803d2f 	strhi	r3, [r0, pc, lsr #26]
87803e24:	87803d2f 	strhi	r3, [r0, pc, lsr #26]
87803e28:	87803d2f 	strhi	r3, [r0, pc, lsr #26]
87803e2c:	87803d2f 	strhi	r3, [r0, pc, lsr #26]
87803e30:	87803d2f 	strhi	r3, [r0, pc, lsr #26]
87803e34:	87803d2f 	strhi	r3, [r0, pc, lsr #26]
87803e38:	87803d2f 	strhi	r3, [r0, pc, lsr #26]
87803e3c:	87803d2f 	strhi	r3, [r0, pc, lsr #26]
87803e40:	87803d2f 	strhi	r3, [r0, pc, lsr #26]
87803e44:	87803d2f 	strhi	r3, [r0, pc, lsr #26]
87803e48:	87803d2f 	strhi	r3, [r0, pc, lsr #26]
87803e4c:	87803d2f 	strhi	r3, [r0, pc, lsr #26]
87803e50:	87803d2f 	strhi	r3, [r0, pc, lsr #26]
87803e54:	87803d2f 	strhi	r3, [r0, pc, lsr #26]
87803e58:	87803d2f 	strhi	r3, [r0, pc, lsr #26]
87803e5c:	87803d2f 	strhi	r3, [r0, pc, lsr #26]
87803e60:	87803d2f 	strhi	r3, [r0, pc, lsr #26]
87803e64:	87803d2f 	strhi	r3, [r0, pc, lsr #26]
87803e68:	87803d2f 	strhi	r3, [r0, pc, lsr #26]
87803e6c:	87803d2f 	strhi	r3, [r0, pc, lsr #26]
87803e70:	87803d2f 	strhi	r3, [r0, pc, lsr #26]
87803e74:	87803d2f 	strhi	r3, [r0, pc, lsr #26]
87803e78:	87803d2f 	strhi	r3, [r0, pc, lsr #26]
87803e7c:	87803d2f 	strhi	r3, [r0, pc, lsr #26]
87803e80:	87803d2f 	strhi	r3, [r0, pc, lsr #26]
87803e84:	87803d2f 	strhi	r3, [r0, pc, lsr #26]
87803e88:	87803d2f 	strhi	r3, [r0, pc, lsr #26]
87803e8c:	87803d2f 	strhi	r3, [r0, pc, lsr #26]
87803e90:	87803d2f 	strhi	r3, [r0, pc, lsr #26]
87803e94:	87803d2f 	strhi	r3, [r0, pc, lsr #26]
87803e98:	87803d2f 	strhi	r3, [r0, pc, lsr #26]
87803e9c:	87803d2f 	strhi	r3, [r0, pc, lsr #26]
87803ea0:	87803d2f 	strhi	r3, [r0, pc, lsr #26]
87803ea4:	87803d2f 	strhi	r3, [r0, pc, lsr #26]
87803ea8:	87803d2f 	strhi	r3, [r0, pc, lsr #26]
87803eac:	8780406d 	strhi	r4, [r0, sp, rrx]
87803eb0:	87803d2f 	strhi	r3, [r0, pc, lsr #26]
87803eb4:	87803d2f 	strhi	r3, [r0, pc, lsr #26]
87803eb8:	87803d2f 	strhi	r3, [r0, pc, lsr #26]
87803ebc:	87803d2f 	strhi	r3, [r0, pc, lsr #26]
87803ec0:	87803d2f 	strhi	r3, [r0, pc, lsr #26]
87803ec4:	87803d2f 	strhi	r3, [r0, pc, lsr #26]
87803ec8:	87803d2f 	strhi	r3, [r0, pc, lsr #26]
87803ecc:	87803d2f 	strhi	r3, [r0, pc, lsr #26]
87803ed0:	87803d2f 	strhi	r3, [r0, pc, lsr #26]
87803ed4:	87803d2f 	strhi	r3, [r0, pc, lsr #26]
87803ed8:	8780413d 			; <UNDEFINED> instruction: 0x8780413d
87803edc:	8780416f 	strhi	r4, [r0, pc, ror #2]
87803ee0:	87803d2f 	strhi	r3, [r0, pc, lsr #26]
87803ee4:	87803d2f 	strhi	r3, [r0, pc, lsr #26]
87803ee8:	87803d2f 	strhi	r3, [r0, pc, lsr #26]
87803eec:	87803d2f 	strhi	r3, [r0, pc, lsr #26]
87803ef0:	87803f93 			; <UNDEFINED> instruction: 0x87803f93
87803ef4:	87803d2f 	strhi	r3, [r0, pc, lsr #26]
87803ef8:	87803d2f 	strhi	r3, [r0, pc, lsr #26]
87803efc:	87803d2f 	strhi	r3, [r0, pc, lsr #26]
87803f00:	87803d2f 	strhi	r3, [r0, pc, lsr #26]
87803f04:	8780412b 	strhi	r4, [r0, fp, lsr #2]
87803f08:	878040a1 	strhi	r4, [r0, r1, lsr #1]
87803f0c:	87803d2f 	strhi	r3, [r0, pc, lsr #26]
87803f10:	87803d2f 	strhi	r3, [r0, pc, lsr #26]
87803f14:	87803d2f 	strhi	r3, [r0, pc, lsr #26]
87803f18:	878040cf 	strhi	r4, [r0, pc, asr #1]
87803f1c:	87803d2f 	strhi	r3, [r0, pc, lsr #26]
87803f20:	87804087 	strhi	r4, [r0, r7, lsl #1]
87803f24:	87803d2f 	strhi	r3, [r0, pc, lsr #26]
87803f28:	87803d2f 	strhi	r3, [r0, pc, lsr #26]
87803f2c:	8780406d 	strhi	r4, [r0, sp, rrx]
87803f30:	786a      	ldrb	r2, [r5, #1]
87803f32:	468c      	mov	ip, r1
87803f34:	f105 0901 	add.w	r9, r5, #1
87803f38:	4291      	cmp	r1, r2
87803f3a:	bf18      	it	ne
87803f3c:	4611      	movne	r1, r2
87803f3e:	f47f af3f 	bne.w	87803dc0 <vsscanf+0xc0>
87803f42:	2968      	cmp	r1, #104	; 0x68
87803f44:	f000 8199 	beq.w	8780427a <vsscanf+0x57a>
87803f48:	296c      	cmp	r1, #108	; 0x6c
87803f4a:	bf02      	ittt	eq
87803f4c:	f105 0902 	addeq.w	r9, r5, #2
87803f50:	78a9      	ldrbeq	r1, [r5, #2]
87803f52:	f04f 0c4c 	moveq.w	ip, #76	; 0x4c
87803f56:	e733      	b.n	87803dc0 <vsscanf+0xc0>
87803f58:	f894 202a 	ldrb.w	r2, [r4, #42]	; 0x2a
87803f5c:	0691      	lsls	r1, r2, #26
87803f5e:	d40a      	bmi.n	87803f76 <vsscanf+0x276>
87803f60:	f815 3f01 	ldrb.w	r3, [r5, #1]!
87803f64:	5ce2      	ldrb	r2, [r4, r3]
87803f66:	1c19      	adds	r1, r3, #0
87803f68:	bf18      	it	ne
87803f6a:	2101      	movne	r1, #1
87803f6c:	f082 0220 	eor.w	r2, r2, #32
87803f70:	ea11 1252 	ands.w	r2, r1, r2, lsr #5
87803f74:	d1f4      	bne.n	87803f60 <vsscanf+0x260>
87803f76:	7802      	ldrb	r2, [r0, #0]
87803f78:	e001      	b.n	87803f7e <vsscanf+0x27e>
87803f7a:	f810 2f01 	ldrb.w	r2, [r0, #1]!
87803f7e:	5ca1      	ldrb	r1, [r4, r2]
87803f80:	3200      	adds	r2, #0
87803f82:	bf18      	it	ne
87803f84:	2201      	movne	r2, #1
87803f86:	f081 0120 	eor.w	r1, r1, #32
87803f8a:	ea12 1251 	ands.w	r2, r2, r1, lsr #5
87803f8e:	d1f4      	bne.n	87803f7a <vsscanf+0x27a>
87803f90:	e6c3      	b.n	87803d1a <vsscanf+0x1a>
87803f92:	2200      	movs	r2, #0
87803f94:	f814 300a 	ldrb.w	r3, [r4, sl]
87803f98:	0699      	lsls	r1, r3, #26
87803f9a:	bf44      	itt	mi
87803f9c:	2101      	movmi	r1, #1
87803f9e:	468b      	movmi	fp, r1
87803fa0:	f140 8171 	bpl.w	87804286 <vsscanf+0x586>
87803fa4:	f810 3f01 	ldrb.w	r3, [r0, #1]!
87803fa8:	f814 a003 	ldrb.w	sl, [r4, r3]
87803fac:	f01a 0f20 	tst.w	sl, #32
87803fb0:	d1f8      	bne.n	87803fa4 <vsscanf+0x2a4>
87803fb2:	2b2d      	cmp	r3, #45	; 0x2d
87803fb4:	bf14      	ite	ne
87803fb6:	2100      	movne	r1, #0
87803fb8:	f001 0101 	andeq.w	r1, r1, #1
87803fbc:	469a      	mov	sl, r3
87803fbe:	b109      	cbz	r1, 87803fc4 <vsscanf+0x2c4>
87803fc0:	f890 a001 	ldrb.w	sl, [r0, #1]
87803fc4:	f1ba 0f00 	cmp.w	sl, #0
87803fc8:	f43f aeb1 	beq.w	87803d2e <vsscanf+0x2e>
87803fcc:	2a10      	cmp	r2, #16
87803fce:	f000 8120 	beq.w	87804212 <vsscanf+0x512>
87803fd2:	2a0a      	cmp	r2, #10
87803fd4:	d002      	beq.n	87803fdc <vsscanf+0x2dc>
87803fd6:	2a08      	cmp	r2, #8
87803fd8:	d06b      	beq.n	878040b2 <vsscanf+0x3b2>
87803fda:	b922      	cbnz	r2, 87803fe6 <vsscanf+0x2e6>
87803fdc:	f814 300a 	ldrb.w	r3, [r4, sl]
87803fe0:	0759      	lsls	r1, r3, #29
87803fe2:	f57f aea4 	bpl.w	87803d2e <vsscanf+0x2e>
87803fe6:	f1ac 0c48 	sub.w	ip, ip, #72	; 0x48
87803fea:	f1bc 0f32 	cmp.w	ip, #50	; 0x32
87803fee:	f200 810a 	bhi.w	87804206 <vsscanf+0x506>
87803ff2:	e8df f01c 	tbh	[pc, ip, lsl #1]
87803ff6:	010800ec 	smlatteq	r8, ip, r0, r0
87803ffa:	01080108 	tsteq	r8, r8, lsl #2
87803ffe:	010800fa 	strdeq	r0, [r8, -sl]
87804002:	01080108 	tsteq	r8, r8, lsl #2
87804006:	01080108 	tsteq	r8, r8, lsl #2
8780400a:	01080108 	tsteq	r8, r8, lsl #2
8780400e:	01080108 	tsteq	r8, r8, lsl #2
87804012:	01080108 	tsteq	r8, r8, lsl #2
87804016:	01080108 	tsteq	r8, r8, lsl #2
8780401a:	010800da 	ldrdeq	r0, [r8, -sl]
8780401e:	01080108 	tsteq	r8, r8, lsl #2
87804022:	01080108 	tsteq	r8, r8, lsl #2
87804026:	01080108 	tsteq	r8, r8, lsl #2
8780402a:	01080108 	tsteq	r8, r8, lsl #2
8780402e:	01080108 	tsteq	r8, r8, lsl #2
87804032:	01080108 	tsteq	r8, r8, lsl #2
87804036:	010800cc 	smlabteq	r8, ip, r0, r0
8780403a:	01080108 	tsteq	r8, r8, lsl #2
8780403e:	010800be 	strheq	r0, [r8, -lr]
87804042:	01080108 	tsteq	r8, r8, lsl #2
87804046:	01080108 	tsteq	r8, r8, lsl #2
8780404a:	01080108 	tsteq	r8, r8, lsl #2
8780404e:	01080108 	tsteq	r8, r8, lsl #2
87804052:	01080108 	tsteq	r8, r8, lsl #2
87804056:	01080108 	tsteq	r8, r8, lsl #2
8780405a:	f1ba00da 			; <UNDEFINED> instruction: 0xf1ba00da
8780405e:	0f25      	lsrs	r5, r4, #28
87804060:	f47f ae65 	bne.w	87803d2e <vsscanf+0x2e>
87804064:	3001      	adds	r0, #1
87804066:	f899 3001 	ldrb.w	r3, [r9, #1]
8780406a:	e656      	b.n	87803d1a <vsscanf+0x1a>
8780406c:	f814 300a 	ldrb.w	r3, [r4, sl]
87804070:	2210      	movs	r2, #16
87804072:	f003 0320 	and.w	r3, r3, #32
87804076:	f003 0bff 	and.w	fp, r3, #255	; 0xff
8780407a:	2b00      	cmp	r3, #0
8780407c:	f000 80c9 	beq.w	87804212 <vsscanf+0x512>
87804080:	2100      	movs	r1, #0
87804082:	468b      	mov	fp, r1
87804084:	e78e      	b.n	87803fa4 <vsscanf+0x2a4>
87804086:	f814 300a 	ldrb.w	r3, [r4, sl]
8780408a:	220a      	movs	r2, #10
8780408c:	f003 0320 	and.w	r3, r3, #32
87804090:	f003 0bff 	and.w	fp, r3, #255	; 0xff
87804094:	2b00      	cmp	r3, #0
87804096:	d0a1      	beq.n	87803fdc <vsscanf+0x2dc>
87804098:	2100      	movs	r1, #0
8780409a:	220a      	movs	r2, #10
8780409c:	468b      	mov	fp, r1
8780409e:	e781      	b.n	87803fa4 <vsscanf+0x2a4>
878040a0:	f814 300a 	ldrb.w	r3, [r4, sl]
878040a4:	2208      	movs	r2, #8
878040a6:	f003 0320 	and.w	r3, r3, #32
878040aa:	f003 0bff 	and.w	fp, r3, #255	; 0xff
878040ae:	2b00      	cmp	r3, #0
878040b0:	d1e6      	bne.n	87804080 <vsscanf+0x380>
878040b2:	f814 300a 	ldrb.w	r3, [r4, sl]
878040b6:	f083 0304 	eor.w	r3, r3, #4
878040ba:	f3c3 0380 	ubfx	r3, r3, #2, #1
878040be:	f1ba 0f37 	cmp.w	sl, #55	; 0x37
878040c2:	bf88      	it	hi
878040c4:	f043 0301 	orrhi.w	r3, r3, #1
878040c8:	2b00      	cmp	r3, #0
878040ca:	d08c      	beq.n	87803fe6 <vsscanf+0x2e6>
878040cc:	e62f      	b.n	87803d2e <vsscanf+0x2e>
878040ce:	1c5a      	adds	r2, r3, #1
878040d0:	f10e 0c04 	add.w	ip, lr, #4
878040d4:	f8de 1000 	ldr.w	r1, [lr]
878040d8:	f000 80a2 	beq.w	87804220 <vsscanf+0x520>
878040dc:	f814 200a 	ldrb.w	r2, [r4, sl]
878040e0:	0692      	lsls	r2, r2, #26
878040e2:	bf58      	it	pl
878040e4:	4652      	movpl	r2, sl
878040e6:	d507      	bpl.n	878040f8 <vsscanf+0x3f8>
878040e8:	f810 af01 	ldrb.w	sl, [r0, #1]!
878040ec:	f814 200a 	ldrb.w	r2, [r4, sl]
878040f0:	0692      	lsls	r2, r2, #26
878040f2:	d4f9      	bmi.n	878040e8 <vsscanf+0x3e8>
878040f4:	4652      	mov	r2, sl
878040f6:	b18a      	cbz	r2, 8780411c <vsscanf+0x41c>
878040f8:	b183      	cbz	r3, 8780411c <vsscanf+0x41c>
878040fa:	f100 0e01 	add.w	lr, r0, #1
878040fe:	e006      	b.n	8780410e <vsscanf+0x40e>
87804100:	f814 a002 	ldrb.w	sl, [r4, r2]
87804104:	f01a 0f20 	tst.w	sl, #32
87804108:	d108      	bne.n	8780411c <vsscanf+0x41c>
8780410a:	3b01      	subs	r3, #1
8780410c:	d006      	beq.n	8780411c <vsscanf+0x41c>
8780410e:	f801 2b01 	strb.w	r2, [r1], #1
87804112:	4670      	mov	r0, lr
87804114:	f81e 2b01 	ldrb.w	r2, [lr], #1
87804118:	2a00      	cmp	r2, #0
8780411a:	d1f1      	bne.n	87804100 <vsscanf+0x400>
8780411c:	2300      	movs	r3, #0
8780411e:	3601      	adds	r6, #1
87804120:	700b      	strb	r3, [r1, #0]
87804122:	46e6      	mov	lr, ip
87804124:	f899 3001 	ldrb.w	r3, [r9, #1]
87804128:	e5f7      	b.n	87803d1a <vsscanf+0x1a>
8780412a:	f8de 3000 	ldr.w	r3, [lr]
8780412e:	1bc2      	subs	r2, r0, r7
87804130:	f10e 0e04 	add.w	lr, lr, #4
87804134:	601a      	str	r2, [r3, #0]
87804136:	f899 3001 	ldrb.w	r3, [r9, #1]
8780413a:	e5ee      	b.n	87803d1a <vsscanf+0x1a>
8780413c:	f8de 1000 	ldr.w	r1, [lr]
87804140:	1c5a      	adds	r2, r3, #1
87804142:	bf08      	it	eq
87804144:	2301      	moveq	r3, #1
87804146:	1c42      	adds	r2, r0, #1
87804148:	f10e 0e04 	add.w	lr, lr, #4
8780414c:	f101 3cff 	add.w	ip, r1, #4294967295	; 0xffffffff
87804150:	e003      	b.n	8780415a <vsscanf+0x45a>
87804152:	f812 1b01 	ldrb.w	r1, [r2], #1
87804156:	468a      	mov	sl, r1
87804158:	b129      	cbz	r1, 87804166 <vsscanf+0x466>
8780415a:	3b01      	subs	r3, #1
8780415c:	f80c af01 	strb.w	sl, [ip, #1]!
87804160:	2b00      	cmp	r3, #0
87804162:	4610      	mov	r0, r2
87804164:	dcf5      	bgt.n	87804152 <vsscanf+0x452>
87804166:	3601      	adds	r6, #1
87804168:	f899 3001 	ldrb.w	r3, [r9, #1]
8780416c:	e5d5      	b.n	87803d1a <vsscanf+0x1a>
8780416e:	220a      	movs	r2, #10
87804170:	e710      	b.n	87803f94 <vsscanf+0x294>
87804172:	f8de a000 	ldr.w	sl, [lr]
87804176:	f1bb 0f00 	cmp.w	fp, #0
8780417a:	d018      	beq.n	878041ae <vsscanf+0x4ae>
8780417c:	f10e 0b04 	add.w	fp, lr, #4
87804180:	a901      	add	r1, sp, #4
87804182:	f7ff f9b3 	bl	878034ec <simple_strtol>
87804186:	46de      	mov	lr, fp
87804188:	f8ca 0000 	str.w	r0, [sl]
8780418c:	e017      	b.n	878041be <vsscanf+0x4be>
8780418e:	f8de a000 	ldr.w	sl, [lr]
87804192:	f1bb 0f00 	cmp.w	fp, #0
87804196:	d05c      	beq.n	87804252 <vsscanf+0x552>
87804198:	f10e 0b04 	add.w	fp, lr, #4
8780419c:	a901      	add	r1, sp, #4
8780419e:	f7ff f9a5 	bl	878034ec <simple_strtol>
878041a2:	46de      	mov	lr, fp
878041a4:	f8aa 0000 	strh.w	r0, [sl]
878041a8:	e009      	b.n	878041be <vsscanf+0x4be>
878041aa:	f8de a000 	ldr.w	sl, [lr]
878041ae:	f10e 0b04 	add.w	fp, lr, #4
878041b2:	a901      	add	r1, sp, #4
878041b4:	f7ff f914 	bl	878033e0 <simple_strtoul>
878041b8:	46de      	mov	lr, fp
878041ba:	f8ca 0000 	str.w	r0, [sl]
878041be:	9801      	ldr	r0, [sp, #4]
878041c0:	3601      	adds	r6, #1
878041c2:	2800      	cmp	r0, #0
878041c4:	f43f adb3 	beq.w	87803d2e <vsscanf+0x2e>
878041c8:	f899 3001 	ldrb.w	r3, [r9, #1]
878041cc:	e5a5      	b.n	87803d1a <vsscanf+0x1a>
878041ce:	f8de a000 	ldr.w	sl, [lr]
878041d2:	f1bb 0f00 	cmp.w	fp, #0
878041d6:	d033      	beq.n	87804240 <vsscanf+0x540>
878041d8:	f10e 0b04 	add.w	fp, lr, #4
878041dc:	a901      	add	r1, sp, #4
878041de:	f7ff f985 	bl	878034ec <simple_strtol>
878041e2:	46de      	mov	lr, fp
878041e4:	f88a 0000 	strb.w	r0, [sl]
878041e8:	e7e9      	b.n	878041be <vsscanf+0x4be>
878041ea:	f8de a000 	ldr.w	sl, [lr]
878041ee:	f1bb 0f00 	cmp.w	fp, #0
878041f2:	d01c      	beq.n	8780422e <vsscanf+0x52e>
878041f4:	f10e 0b04 	add.w	fp, lr, #4
878041f8:	a901      	add	r1, sp, #4
878041fa:	f7ff fa29 	bl	87803650 <simple_strtoll>
878041fe:	46de      	mov	lr, fp
87804200:	e9ca 0100 	strd	r0, r1, [sl]
87804204:	e7db      	b.n	878041be <vsscanf+0x4be>
87804206:	f1bb 0f00 	cmp.w	fp, #0
8780420a:	d02b      	beq.n	87804264 <vsscanf+0x564>
8780420c:	f8de a000 	ldr.w	sl, [lr]
87804210:	e7b4      	b.n	8780417c <vsscanf+0x47c>
87804212:	f814 300a 	ldrb.w	r3, [r4, sl]
87804216:	f013 0f44 	tst.w	r3, #68	; 0x44
8780421a:	f47f aee4 	bne.w	87803fe6 <vsscanf+0x2e6>
8780421e:	e586      	b.n	87803d2e <vsscanf+0x2e>
87804220:	f814 300a 	ldrb.w	r3, [r4, sl]
87804224:	069b      	lsls	r3, r3, #26
87804226:	d535      	bpl.n	87804294 <vsscanf+0x594>
87804228:	f06f 4300 	mvn.w	r3, #2147483648	; 0x80000000
8780422c:	e75c      	b.n	878040e8 <vsscanf+0x3e8>
8780422e:	f10e 0b04 	add.w	fp, lr, #4
87804232:	a901      	add	r1, sp, #4
87804234:	f7ff f968 	bl	87803508 <simple_strtoull>
87804238:	46de      	mov	lr, fp
8780423a:	e9ca 0100 	strd	r0, r1, [sl]
8780423e:	e7be      	b.n	878041be <vsscanf+0x4be>
87804240:	f10e 0b04 	add.w	fp, lr, #4
87804244:	a901      	add	r1, sp, #4
87804246:	f7ff f8cb 	bl	878033e0 <simple_strtoul>
8780424a:	46de      	mov	lr, fp
8780424c:	f88a 0000 	strb.w	r0, [sl]
87804250:	e7b5      	b.n	878041be <vsscanf+0x4be>
87804252:	f10e 0b04 	add.w	fp, lr, #4
87804256:	a901      	add	r1, sp, #4
87804258:	f7ff f8c2 	bl	878033e0 <simple_strtoul>
8780425c:	46de      	mov	lr, fp
8780425e:	f8aa 0000 	strh.w	r0, [sl]
87804262:	e7ac      	b.n	878041be <vsscanf+0x4be>
87804264:	f8de a000 	ldr.w	sl, [lr]
87804268:	f10e 0b04 	add.w	fp, lr, #4
8780426c:	a901      	add	r1, sp, #4
8780426e:	f7ff f8b7 	bl	878033e0 <simple_strtoul>
87804272:	46de      	mov	lr, fp
87804274:	f8ca 0000 	str.w	r0, [sl]
87804278:	e7a1      	b.n	878041be <vsscanf+0x4be>
8780427a:	f105 0902 	add.w	r9, r5, #2
8780427e:	78a9      	ldrb	r1, [r5, #2]
87804280:	f04f 0c48 	mov.w	ip, #72	; 0x48
87804284:	e59c      	b.n	87803dc0 <vsscanf+0xc0>
87804286:	f1ba 0f2d 	cmp.w	sl, #45	; 0x2d
8780428a:	f04f 0b01 	mov.w	fp, #1
8780428e:	f43f ae97 	beq.w	87803fc0 <vsscanf+0x2c0>
87804292:	e69e      	b.n	87803fd2 <vsscanf+0x2d2>
87804294:	4652      	mov	r2, sl
87804296:	f06f 4300 	mvn.w	r3, #2147483648	; 0x80000000
8780429a:	e72e      	b.n	878040fa <vsscanf+0x3fa>

8780429c <sscanf>:
8780429c:	b40e      	push	{r1, r2, r3}
8780429e:	b500      	push	{lr}
878042a0:	aa02      	add	r2, sp, #8
878042a2:	9901      	ldr	r1, [sp, #4]
878042a4:	f7ff fd2c 	bl	87803d00 <vsscanf>
878042a8:	f85d eb04 	ldr.w	lr, [sp], #4
878042ac:	b003      	add	sp, #12
878042ae:	4770      	bx	lr

878042b0 <__aeabi_uidiv>:
878042b0:	1e4a      	subs	r2, r1, #1
878042b2:	bf08      	it	eq
878042b4:	4770      	bxeq	lr
878042b6:	f0c0 8124 	bcc.w	87804502 <__aeabi_uidiv+0x252>
878042ba:	4288      	cmp	r0, r1
878042bc:	f240 8116 	bls.w	878044ec <__aeabi_uidiv+0x23c>
878042c0:	4211      	tst	r1, r2
878042c2:	f000 8117 	beq.w	878044f4 <__aeabi_uidiv+0x244>
878042c6:	fab0 f380 	clz	r3, r0
878042ca:	fab1 f281 	clz	r2, r1
878042ce:	eba2 0303 	sub.w	r3, r2, r3
878042d2:	f1c3 031f 	rsb	r3, r3, #31
878042d6:	a204      	add	r2, pc, #16	; (adr r2, 878042e8 <__aeabi_uidiv+0x38>)
878042d8:	eb02 1303 	add.w	r3, r2, r3, lsl #4
878042dc:	f04f 0200 	mov.w	r2, #0
878042e0:	469f      	mov	pc, r3
878042e2:	bf00      	nop
878042e4:	f3af 8000 	nop.w
878042e8:	ebb0 7fc1 	cmp.w	r0, r1, lsl #31
878042ec:	bf00      	nop
878042ee:	eb42 0202 	adc.w	r2, r2, r2
878042f2:	bf28      	it	cs
878042f4:	eba0 70c1 	subcs.w	r0, r0, r1, lsl #31
878042f8:	ebb0 7f81 	cmp.w	r0, r1, lsl #30
878042fc:	bf00      	nop
878042fe:	eb42 0202 	adc.w	r2, r2, r2
87804302:	bf28      	it	cs
87804304:	eba0 7081 	subcs.w	r0, r0, r1, lsl #30
87804308:	ebb0 7f41 	cmp.w	r0, r1, lsl #29
8780430c:	bf00      	nop
8780430e:	eb42 0202 	adc.w	r2, r2, r2
87804312:	bf28      	it	cs
87804314:	eba0 7041 	subcs.w	r0, r0, r1, lsl #29
87804318:	ebb0 7f01 	cmp.w	r0, r1, lsl #28
8780431c:	bf00      	nop
8780431e:	eb42 0202 	adc.w	r2, r2, r2
87804322:	bf28      	it	cs
87804324:	eba0 7001 	subcs.w	r0, r0, r1, lsl #28
87804328:	ebb0 6fc1 	cmp.w	r0, r1, lsl #27
8780432c:	bf00      	nop
8780432e:	eb42 0202 	adc.w	r2, r2, r2
87804332:	bf28      	it	cs
87804334:	eba0 60c1 	subcs.w	r0, r0, r1, lsl #27
87804338:	ebb0 6f81 	cmp.w	r0, r1, lsl #26
8780433c:	bf00      	nop
8780433e:	eb42 0202 	adc.w	r2, r2, r2
87804342:	bf28      	it	cs
87804344:	eba0 6081 	subcs.w	r0, r0, r1, lsl #26
87804348:	ebb0 6f41 	cmp.w	r0, r1, lsl #25
8780434c:	bf00      	nop
8780434e:	eb42 0202 	adc.w	r2, r2, r2
87804352:	bf28      	it	cs
87804354:	eba0 6041 	subcs.w	r0, r0, r1, lsl #25
87804358:	ebb0 6f01 	cmp.w	r0, r1, lsl #24
8780435c:	bf00      	nop
8780435e:	eb42 0202 	adc.w	r2, r2, r2
87804362:	bf28      	it	cs
87804364:	eba0 6001 	subcs.w	r0, r0, r1, lsl #24
87804368:	ebb0 5fc1 	cmp.w	r0, r1, lsl #23
8780436c:	bf00      	nop
8780436e:	eb42 0202 	adc.w	r2, r2, r2
87804372:	bf28      	it	cs
87804374:	eba0 50c1 	subcs.w	r0, r0, r1, lsl #23
87804378:	ebb0 5f81 	cmp.w	r0, r1, lsl #22
8780437c:	bf00      	nop
8780437e:	eb42 0202 	adc.w	r2, r2, r2
87804382:	bf28      	it	cs
87804384:	eba0 5081 	subcs.w	r0, r0, r1, lsl #22
87804388:	ebb0 5f41 	cmp.w	r0, r1, lsl #21
8780438c:	bf00      	nop
8780438e:	eb42 0202 	adc.w	r2, r2, r2
87804392:	bf28      	it	cs
87804394:	eba0 5041 	subcs.w	r0, r0, r1, lsl #21
87804398:	ebb0 5f01 	cmp.w	r0, r1, lsl #20
8780439c:	bf00      	nop
8780439e:	eb42 0202 	adc.w	r2, r2, r2
878043a2:	bf28      	it	cs
878043a4:	eba0 5001 	subcs.w	r0, r0, r1, lsl #20
878043a8:	ebb0 4fc1 	cmp.w	r0, r1, lsl #19
878043ac:	bf00      	nop
878043ae:	eb42 0202 	adc.w	r2, r2, r2
878043b2:	bf28      	it	cs
878043b4:	eba0 40c1 	subcs.w	r0, r0, r1, lsl #19
878043b8:	ebb0 4f81 	cmp.w	r0, r1, lsl #18
878043bc:	bf00      	nop
878043be:	eb42 0202 	adc.w	r2, r2, r2
878043c2:	bf28      	it	cs
878043c4:	eba0 4081 	subcs.w	r0, r0, r1, lsl #18
878043c8:	ebb0 4f41 	cmp.w	r0, r1, lsl #17
878043cc:	bf00      	nop
878043ce:	eb42 0202 	adc.w	r2, r2, r2
878043d2:	bf28      	it	cs
878043d4:	eba0 4041 	subcs.w	r0, r0, r1, lsl #17
878043d8:	ebb0 4f01 	cmp.w	r0, r1, lsl #16
878043dc:	bf00      	nop
878043de:	eb42 0202 	adc.w	r2, r2, r2
878043e2:	bf28      	it	cs
878043e4:	eba0 4001 	subcs.w	r0, r0, r1, lsl #16
878043e8:	ebb0 3fc1 	cmp.w	r0, r1, lsl #15
878043ec:	bf00      	nop
878043ee:	eb42 0202 	adc.w	r2, r2, r2
878043f2:	bf28      	it	cs
878043f4:	eba0 30c1 	subcs.w	r0, r0, r1, lsl #15
878043f8:	ebb0 3f81 	cmp.w	r0, r1, lsl #14
878043fc:	bf00      	nop
878043fe:	eb42 0202 	adc.w	r2, r2, r2
87804402:	bf28      	it	cs
87804404:	eba0 3081 	subcs.w	r0, r0, r1, lsl #14
87804408:	ebb0 3f41 	cmp.w	r0, r1, lsl #13
8780440c:	bf00      	nop
8780440e:	eb42 0202 	adc.w	r2, r2, r2
87804412:	bf28      	it	cs
87804414:	eba0 3041 	subcs.w	r0, r0, r1, lsl #13
87804418:	ebb0 3f01 	cmp.w	r0, r1, lsl #12
8780441c:	bf00      	nop
8780441e:	eb42 0202 	adc.w	r2, r2, r2
87804422:	bf28      	it	cs
87804424:	eba0 3001 	subcs.w	r0, r0, r1, lsl #12
87804428:	ebb0 2fc1 	cmp.w	r0, r1, lsl #11
8780442c:	bf00      	nop
8780442e:	eb42 0202 	adc.w	r2, r2, r2
87804432:	bf28      	it	cs
87804434:	eba0 20c1 	subcs.w	r0, r0, r1, lsl #11
87804438:	ebb0 2f81 	cmp.w	r0, r1, lsl #10
8780443c:	bf00      	nop
8780443e:	eb42 0202 	adc.w	r2, r2, r2
87804442:	bf28      	it	cs
87804444:	eba0 2081 	subcs.w	r0, r0, r1, lsl #10
87804448:	ebb0 2f41 	cmp.w	r0, r1, lsl #9
8780444c:	bf00      	nop
8780444e:	eb42 0202 	adc.w	r2, r2, r2
87804452:	bf28      	it	cs
87804454:	eba0 2041 	subcs.w	r0, r0, r1, lsl #9
87804458:	ebb0 2f01 	cmp.w	r0, r1, lsl #8
8780445c:	bf00      	nop
8780445e:	eb42 0202 	adc.w	r2, r2, r2
87804462:	bf28      	it	cs
87804464:	eba0 2001 	subcs.w	r0, r0, r1, lsl #8
87804468:	ebb0 1fc1 	cmp.w	r0, r1, lsl #7
8780446c:	bf00      	nop
8780446e:	eb42 0202 	adc.w	r2, r2, r2
87804472:	bf28      	it	cs
87804474:	eba0 10c1 	subcs.w	r0, r0, r1, lsl #7
87804478:	ebb0 1f81 	cmp.w	r0, r1, lsl #6
8780447c:	bf00      	nop
8780447e:	eb42 0202 	adc.w	r2, r2, r2
87804482:	bf28      	it	cs
87804484:	eba0 1081 	subcs.w	r0, r0, r1, lsl #6
87804488:	ebb0 1f41 	cmp.w	r0, r1, lsl #5
8780448c:	bf00      	nop
8780448e:	eb42 0202 	adc.w	r2, r2, r2
87804492:	bf28      	it	cs
87804494:	eba0 1041 	subcs.w	r0, r0, r1, lsl #5
87804498:	ebb0 1f01 	cmp.w	r0, r1, lsl #4
8780449c:	bf00      	nop
8780449e:	eb42 0202 	adc.w	r2, r2, r2
878044a2:	bf28      	it	cs
878044a4:	eba0 1001 	subcs.w	r0, r0, r1, lsl #4
878044a8:	ebb0 0fc1 	cmp.w	r0, r1, lsl #3
878044ac:	bf00      	nop
878044ae:	eb42 0202 	adc.w	r2, r2, r2
878044b2:	bf28      	it	cs
878044b4:	eba0 00c1 	subcs.w	r0, r0, r1, lsl #3
878044b8:	ebb0 0f81 	cmp.w	r0, r1, lsl #2
878044bc:	bf00      	nop
878044be:	eb42 0202 	adc.w	r2, r2, r2
878044c2:	bf28      	it	cs
878044c4:	eba0 0081 	subcs.w	r0, r0, r1, lsl #2
878044c8:	ebb0 0f41 	cmp.w	r0, r1, lsl #1
878044cc:	bf00      	nop
878044ce:	eb42 0202 	adc.w	r2, r2, r2
878044d2:	bf28      	it	cs
878044d4:	eba0 0041 	subcs.w	r0, r0, r1, lsl #1
878044d8:	ebb0 0f01 	cmp.w	r0, r1
878044dc:	bf00      	nop
878044de:	eb42 0202 	adc.w	r2, r2, r2
878044e2:	bf28      	it	cs
878044e4:	eba0 0001 	subcs.w	r0, r0, r1
878044e8:	4610      	mov	r0, r2
878044ea:	4770      	bx	lr
878044ec:	bf0c      	ite	eq
878044ee:	2001      	moveq	r0, #1
878044f0:	2000      	movne	r0, #0
878044f2:	4770      	bx	lr
878044f4:	fab1 f281 	clz	r2, r1
878044f8:	f1c2 021f 	rsb	r2, r2, #31
878044fc:	fa20 f002 	lsr.w	r0, r0, r2
87804500:	4770      	bx	lr
87804502:	b108      	cbz	r0, 87804508 <__aeabi_uidiv+0x258>
87804504:	f04f 30ff 	mov.w	r0, #4294967295	; 0xffffffff
87804508:	f000 b826 	b.w	87804558 <__aeabi_idiv0>

8780450c <__aeabi_uidivmod>:
8780450c:	2900      	cmp	r1, #0
8780450e:	d0f8      	beq.n	87804502 <__aeabi_uidiv+0x252>
87804510:	e92d 4003 	stmdb	sp!, {r0, r1, lr}
87804514:	f7ff fecc 	bl	878042b0 <__aeabi_uidiv>
87804518:	e8bd 4006 	ldmia.w	sp!, {r1, r2, lr}
8780451c:	fb02 f300 	mul.w	r3, r2, r0
87804520:	eba1 0103 	sub.w	r1, r1, r3
87804524:	4770      	bx	lr
87804526:	bf00      	nop

87804528 <__aeabi_uldivmod>:
87804528:	b953      	cbnz	r3, 87804540 <__aeabi_uldivmod+0x18>
8780452a:	b94a      	cbnz	r2, 87804540 <__aeabi_uldivmod+0x18>
8780452c:	2900      	cmp	r1, #0
8780452e:	bf08      	it	eq
87804530:	2800      	cmpeq	r0, #0
87804532:	bf1c      	itt	ne
87804534:	f04f 31ff 	movne.w	r1, #4294967295	; 0xffffffff
87804538:	f04f 30ff 	movne.w	r0, #4294967295	; 0xffffffff
8780453c:	f000 b80c 	b.w	87804558 <__aeabi_idiv0>
87804540:	f1ad 0c08 	sub.w	ip, sp, #8
87804544:	e96d ce04 	strd	ip, lr, [sp, #-16]!
87804548:	f000 f80c 	bl	87804564 <__udivmoddi4>
8780454c:	f8dd e004 	ldr.w	lr, [sp, #4]
87804550:	e9dd 2302 	ldrd	r2, r3, [sp, #8]
87804554:	b004      	add	sp, #16
87804556:	4770      	bx	lr

87804558 <__aeabi_idiv0>:
87804558:	b502      	push	{r1, lr}
8780455a:	f04f 0008 	mov.w	r0, #8
8780455e:	f7fc fd43 	bl	87800fe8 <raise>
87804562:	bd02      	pop	{r1, pc}

87804564 <__udivmoddi4>:
87804564:	e92d 43f0 	stmdb	sp!, {r4, r5, r6, r7, r8, r9, lr}
87804568:	460d      	mov	r5, r1
8780456a:	429d      	cmp	r5, r3
8780456c:	4604      	mov	r4, r0
8780456e:	4610      	mov	r0, r2
87804570:	4619      	mov	r1, r3
87804572:	bf08      	it	eq
87804574:	4284      	cmpeq	r4, r0
87804576:	9a07      	ldr	r2, [sp, #28]
87804578:	bf3c      	itt	cc
8780457a:	2000      	movcc	r0, #0
8780457c:	2100      	movcc	r1, #0
8780457e:	d36a      	bcc.n	87804656 <__udivmoddi4+0xf2>
87804580:	fab1 f681 	clz	r6, r1
87804584:	2900      	cmp	r1, #0
87804586:	d06f      	beq.n	87804668 <__udivmoddi4+0x104>
87804588:	fab5 f385 	clz	r3, r5
8780458c:	2d00      	cmp	r5, #0
8780458e:	d067      	beq.n	87804660 <__udivmoddi4+0xfc>
87804590:	1af3      	subs	r3, r6, r3
87804592:	f1a3 0c20 	sub.w	ip, r3, #32
87804596:	fa01 f703 	lsl.w	r7, r1, r3
8780459a:	fa00 fe0c 	lsl.w	lr, r0, ip
8780459e:	f1c3 0820 	rsb	r8, r3, #32
878045a2:	fa20 f108 	lsr.w	r1, r0, r8
878045a6:	fa00 f603 	lsl.w	r6, r0, r3
878045aa:	ea47 070e 	orr.w	r7, r7, lr
878045ae:	469e      	mov	lr, r3
878045b0:	430f      	orrs	r7, r1
878045b2:	42bd      	cmp	r5, r7
878045b4:	bf08      	it	eq
878045b6:	42b4      	cmpeq	r4, r6
878045b8:	bf3c      	itt	cc
878045ba:	2000      	movcc	r0, #0
878045bc:	2100      	movcc	r1, #0
878045be:	d30c      	bcc.n	878045da <__udivmoddi4+0x76>
878045c0:	f04f 0901 	mov.w	r9, #1
878045c4:	1ba4      	subs	r4, r4, r6
878045c6:	fa29 f808 	lsr.w	r8, r9, r8
878045ca:	fa09 f10c 	lsl.w	r1, r9, ip
878045ce:	fa09 f003 	lsl.w	r0, r9, r3
878045d2:	ea41 0108 	orr.w	r1, r1, r8
878045d6:	eb65 0507 	sbc.w	r5, r5, r7
878045da:	2b00      	cmp	r3, #0
878045dc:	d03b      	beq.n	87804656 <__udivmoddi4+0xf2>
878045de:	087f      	lsrs	r7, r7, #1
878045e0:	ea4f 0636 	mov.w	r6, r6, rrx
878045e4:	e009      	b.n	878045fa <__udivmoddi4+0x96>
878045e6:	1ba4      	subs	r4, r4, r6
878045e8:	eb65 0507 	sbc.w	r5, r5, r7
878045ec:	1924      	adds	r4, r4, r4
878045ee:	416d      	adcs	r5, r5
878045f0:	3401      	adds	r4, #1
878045f2:	f145 0500 	adc.w	r5, r5, #0
878045f6:	3b01      	subs	r3, #1
878045f8:	d007      	beq.n	8780460a <__udivmoddi4+0xa6>
878045fa:	42bd      	cmp	r5, r7
878045fc:	bf08      	it	eq
878045fe:	42b4      	cmpeq	r4, r6
87804600:	d2f1      	bcs.n	878045e6 <__udivmoddi4+0x82>
87804602:	1924      	adds	r4, r4, r4
87804604:	416d      	adcs	r5, r5
87804606:	3b01      	subs	r3, #1
87804608:	d1f7      	bne.n	878045fa <__udivmoddi4+0x96>
8780460a:	f1ce 0720 	rsb	r7, lr, #32
8780460e:	fa24 f60e 	lsr.w	r6, r4, lr
87804612:	fa05 f707 	lsl.w	r7, r5, r7
87804616:	f1ae 0320 	sub.w	r3, lr, #32
8780461a:	fa25 f303 	lsr.w	r3, r5, r3
8780461e:	fa25 fc0e 	lsr.w	ip, r5, lr
87804622:	1900      	adds	r0, r0, r4
87804624:	ea46 0607 	orr.w	r6, r6, r7
87804628:	ea46 0403 	orr.w	r4, r6, r3
8780462c:	4169      	adcs	r1, r5
8780462e:	4665      	mov	r5, ip
87804630:	f1ae 0c20 	sub.w	ip, lr, #32
87804634:	fa05 f70e 	lsl.w	r7, r5, lr
87804638:	fa04 fc0c 	lsl.w	ip, r4, ip
8780463c:	fa04 f60e 	lsl.w	r6, r4, lr
87804640:	f1ce 0320 	rsb	r3, lr, #32
87804644:	fa24 f303 	lsr.w	r3, r4, r3
87804648:	ea47 070c 	orr.w	r7, r7, ip
8780464c:	1b80      	subs	r0, r0, r6
8780464e:	ea47 0703 	orr.w	r7, r7, r3
87804652:	eb61 0107 	sbc.w	r1, r1, r7
87804656:	b10a      	cbz	r2, 8780465c <__udivmoddi4+0xf8>
87804658:	e9c2 4500 	strd	r4, r5, [r2]
8780465c:	e8bd 83f0 	ldmia.w	sp!, {r4, r5, r6, r7, r8, r9, pc}
87804660:	fab4 f384 	clz	r3, r4
87804664:	3320      	adds	r3, #32
87804666:	e793      	b.n	87804590 <__udivmoddi4+0x2c>
87804668:	fab0 f380 	clz	r3, r0
8780466c:	f103 0620 	add.w	r6, r3, #32
87804670:	fab5 f385 	clz	r3, r5
87804674:	2d00      	cmp	r5, #0
87804676:	d18b      	bne.n	87804590 <__udivmoddi4+0x2c>
87804678:	e7f2      	b.n	87804660 <__udivmoddi4+0xfc>
8780467a:	bf00      	nop
8780467c:	0000      	movs	r0, r0
	...

87804680 <__main_from_arm>:
87804680:	e51ff004 	ldr	pc, [pc, #-4]	; 87804684 <__main_from_arm+0x4>
87804684:	87804689 	strhi	r4, [r0, r9, lsl #13]

Disassembly of section .text.startup:

87804688 <main>:
87804688:	e92d 41f0 	stmdb	sp!, {r4, r5, r6, r7, r8, lr}
8780468c:	b082      	sub	sp, #8
8780468e:	f7fc f94f 	bl	87800930 <int_init>
87804692:	f24a 089c 	movw	r8, #41116	; 0xa09c
87804696:	f44f 047f 	mov.w	r4, #16711680	; 0xff0000
8780469a:	f7fb feef 	bl	8780047c <imx6u_clkinit>
8780469e:	f7fb ff9d 	bl	878005dc <delay_init>
878046a2:	f7fb fedb 	bl	8780045c <clk_enable>
878046a6:	f7fb ff57 	bl	87800558 <led_init>
878046aa:	f7fc f809 	bl	878006c0 <beep_init>
878046ae:	f7fc fc43 	bl	87800f38 <uart_init>
878046b2:	f7fd f929 	bl	87801908 <lcd_init>
878046b6:	f644 12a0 	movw	r2, #18848	; 0x49a0
878046ba:	2318      	movs	r3, #24
878046bc:	f2c8 7280 	movt	r2, #34688	; 0x8780
878046c0:	9300      	str	r3, [sp, #0]
878046c2:	9201      	str	r2, [sp, #4]
878046c4:	210a      	movs	r1, #10
878046c6:	f44f 72c8 	mov.w	r2, #400	; 0x190
878046ca:	2032      	movs	r0, #50	; 0x32
878046cc:	f2c8 7880 	movt	r8, #34688	; 0x8780
878046d0:	f644 16e4 	movw	r6, #18916	; 0x49e4
878046d4:	f8c8 4018 	str.w	r4, [r8, #24]
878046d8:	2410      	movs	r4, #16
878046da:	f7fc fec9 	bl	87801470 <lcd_show_string>
878046de:	f644 12b8 	movw	r2, #18872	; 0x49b8
878046e2:	4623      	mov	r3, r4
878046e4:	f2c8 7280 	movt	r2, #34688	; 0x8780
878046e8:	9400      	str	r4, [sp, #0]
878046ea:	9201      	str	r2, [sp, #4]
878046ec:	2128      	movs	r1, #40	; 0x28
878046ee:	22c8      	movs	r2, #200	; 0xc8
878046f0:	2032      	movs	r0, #50	; 0x32
878046f2:	f7fc febd 	bl	87801470 <lcd_show_string>
878046f6:	f644 12c8 	movw	r2, #18888	; 0x49c8
878046fa:	4623      	mov	r3, r4
878046fc:	f2c8 7280 	movt	r2, #34688	; 0x8780
87804700:	9400      	str	r4, [sp, #0]
87804702:	9201      	str	r2, [sp, #4]
87804704:	213c      	movs	r1, #60	; 0x3c
87804706:	22c8      	movs	r2, #200	; 0xc8
87804708:	2032      	movs	r0, #50	; 0x32
8780470a:	f7fc feb1 	bl	87801470 <lcd_show_string>
8780470e:	f644 12d8 	movw	r2, #18904	; 0x49d8
87804712:	4623      	mov	r3, r4
87804714:	f2c8 7280 	movt	r2, #34688	; 0x8780
87804718:	9400      	str	r4, [sp, #0]
8780471a:	9201      	str	r2, [sp, #4]
8780471c:	2150      	movs	r1, #80	; 0x50
8780471e:	22c8      	movs	r2, #200	; 0xc8
87804720:	2032      	movs	r0, #50	; 0x32
87804722:	f644 14fc 	movw	r4, #18940	; 0x49fc
87804726:	461f      	mov	r7, r3
87804728:	f2c8 7680 	movt	r6, #34688	; 0x8780
8780472c:	f2c8 7480 	movt	r4, #34688	; 0x8780
87804730:	f7fc fe9e 	bl	87801470 <lcd_show_string>
87804734:	e017      	b.n	87804766 <main+0xde>
87804736:	2310      	movs	r3, #16
87804738:	22c8      	movs	r2, #200	; 0xc8
8780473a:	2164      	movs	r1, #100	; 0x64
8780473c:	2032      	movs	r0, #50	; 0x32
8780473e:	9601      	str	r6, [sp, #4]
87804740:	9700      	str	r7, [sp, #0]
87804742:	f7fc fe95 	bl	87801470 <lcd_show_string>
87804746:	f44f 70fa 	mov.w	r0, #500	; 0x1f4
8780474a:	f7fb ff7d 	bl	87800648 <delay_ms>
8780474e:	2032      	movs	r0, #50	; 0x32
87804750:	9401      	str	r4, [sp, #4]
87804752:	2310      	movs	r3, #16
87804754:	9700      	str	r7, [sp, #0]
87804756:	22c8      	movs	r2, #200	; 0xc8
87804758:	2164      	movs	r1, #100	; 0x64
8780475a:	f7fc fe89 	bl	87801470 <lcd_show_string>
8780475e:	f44f 70fa 	mov.w	r0, #500	; 0x1f4
87804762:	f7fb ff71 	bl	87800648 <delay_ms>
87804766:	f7fd ff57 	bl	87802618 <icm20608_init>
8780476a:	4605      	mov	r5, r0
8780476c:	2800      	cmp	r0, #0
8780476e:	d1e2      	bne.n	87804736 <main+0xae>
87804770:	f644 2314 	movw	r3, #18964	; 0x4a14
87804774:	2610      	movs	r6, #16
87804776:	f2c8 7380 	movt	r3, #34688	; 0x8780
8780477a:	22c8      	movs	r2, #200	; 0xc8
8780477c:	9301      	str	r3, [sp, #4]
8780477e:	2164      	movs	r1, #100	; 0x64
87804780:	4633      	mov	r3, r6
87804782:	2032      	movs	r0, #50	; 0x32
87804784:	9600      	str	r6, [sp, #0]
87804786:	f644 2478 	movw	r4, #19064	; 0x4a78
8780478a:	f7fc fe71 	bl	87801470 <lcd_show_string>
8780478e:	f644 2224 	movw	r2, #18980	; 0x4a24
87804792:	4633      	mov	r3, r6
87804794:	f2c8 7280 	movt	r2, #34688	; 0x8780
87804798:	2182      	movs	r1, #130	; 0x82
8780479a:	9201      	str	r2, [sp, #4]
8780479c:	2032      	movs	r0, #50	; 0x32
8780479e:	22c8      	movs	r2, #200	; 0xc8
878047a0:	9600      	str	r6, [sp, #0]
878047a2:	f7fc fe65 	bl	87801470 <lcd_show_string>
878047a6:	f644 2230 	movw	r2, #18992	; 0x4a30
878047aa:	4633      	mov	r3, r6
878047ac:	f2c8 7280 	movt	r2, #34688	; 0x8780
878047b0:	2196      	movs	r1, #150	; 0x96
878047b2:	9201      	str	r2, [sp, #4]
878047b4:	2032      	movs	r0, #50	; 0x32
878047b6:	22c8      	movs	r2, #200	; 0xc8
878047b8:	9600      	str	r6, [sp, #0]
878047ba:	f7fc fe59 	bl	87801470 <lcd_show_string>
878047be:	f644 223c 	movw	r2, #19004	; 0x4a3c
878047c2:	4633      	mov	r3, r6
878047c4:	f2c8 7280 	movt	r2, #34688	; 0x8780
878047c8:	21aa      	movs	r1, #170	; 0xaa
878047ca:	9201      	str	r2, [sp, #4]
878047cc:	2032      	movs	r0, #50	; 0x32
878047ce:	22c8      	movs	r2, #200	; 0xc8
878047d0:	9600      	str	r6, [sp, #0]
878047d2:	f7fc fe4d 	bl	87801470 <lcd_show_string>
878047d6:	f644 2248 	movw	r2, #19016	; 0x4a48
878047da:	4633      	mov	r3, r6
878047dc:	f2c8 7280 	movt	r2, #34688	; 0x8780
878047e0:	21be      	movs	r1, #190	; 0xbe
878047e2:	9201      	str	r2, [sp, #4]
878047e4:	2032      	movs	r0, #50	; 0x32
878047e6:	22c8      	movs	r2, #200	; 0xc8
878047e8:	9600      	str	r6, [sp, #0]
878047ea:	f7fc fe41 	bl	87801470 <lcd_show_string>
878047ee:	f644 2254 	movw	r2, #19028	; 0x4a54
878047f2:	4633      	mov	r3, r6
878047f4:	f2c8 7280 	movt	r2, #34688	; 0x8780
878047f8:	21d2      	movs	r1, #210	; 0xd2
878047fa:	9201      	str	r2, [sp, #4]
878047fc:	2032      	movs	r0, #50	; 0x32
878047fe:	22c8      	movs	r2, #200	; 0xc8
87804800:	9600      	str	r6, [sp, #0]
87804802:	f7fc fe35 	bl	87801470 <lcd_show_string>
87804806:	f644 2260 	movw	r2, #19040	; 0x4a60
8780480a:	4633      	mov	r3, r6
8780480c:	f2c8 7280 	movt	r2, #34688	; 0x8780
87804810:	21e6      	movs	r1, #230	; 0xe6
87804812:	9201      	str	r2, [sp, #4]
87804814:	2032      	movs	r0, #50	; 0x32
87804816:	22c8      	movs	r2, #200	; 0xc8
87804818:	9600      	str	r6, [sp, #0]
8780481a:	f7fc fe29 	bl	87801470 <lcd_show_string>
8780481e:	f644 226c 	movw	r2, #19052	; 0x4a6c
87804822:	f2c8 7480 	movt	r4, #34688	; 0x8780
87804826:	f2c8 7280 	movt	r2, #34688	; 0x8780
8780482a:	4633      	mov	r3, r6
8780482c:	9201      	str	r2, [sp, #4]
8780482e:	21fa      	movs	r1, #250	; 0xfa
87804830:	22c8      	movs	r2, #200	; 0xc8
87804832:	2032      	movs	r0, #50	; 0x32
87804834:	9600      	str	r6, [sp, #0]
87804836:	f644 277c 	movw	r7, #19068	; 0x4a7c
8780483a:	f7fc fe19 	bl	87801470 <lcd_show_string>
8780483e:	4633      	mov	r3, r6
87804840:	9401      	str	r4, [sp, #4]
87804842:	22c8      	movs	r2, #200	; 0xc8
87804844:	2182      	movs	r1, #130	; 0x82
87804846:	20e7      	movs	r0, #231	; 0xe7
87804848:	9600      	str	r6, [sp, #0]
8780484a:	f7fc fe11 	bl	87801470 <lcd_show_string>
8780484e:	9401      	str	r4, [sp, #4]
87804850:	4633      	mov	r3, r6
87804852:	22c8      	movs	r2, #200	; 0xc8
87804854:	2196      	movs	r1, #150	; 0x96
87804856:	20e7      	movs	r0, #231	; 0xe7
87804858:	9600      	str	r6, [sp, #0]
8780485a:	f7fc fe09 	bl	87801470 <lcd_show_string>
8780485e:	f2c8 7780 	movt	r7, #34688	; 0x8780
87804862:	9401      	str	r4, [sp, #4]
87804864:	4633      	mov	r3, r6
87804866:	22c8      	movs	r2, #200	; 0xc8
87804868:	21aa      	movs	r1, #170	; 0xaa
8780486a:	20e7      	movs	r0, #231	; 0xe7
8780486c:	9600      	str	r6, [sp, #0]
8780486e:	f24a 04bc 	movw	r4, #41148	; 0xa0bc
87804872:	f7fc fdfd 	bl	87801470 <lcd_show_string>
87804876:	4633      	mov	r3, r6
87804878:	22c8      	movs	r2, #200	; 0xc8
8780487a:	21be      	movs	r1, #190	; 0xbe
8780487c:	20e7      	movs	r0, #231	; 0xe7
8780487e:	9600      	str	r6, [sp, #0]
87804880:	f2c8 7480 	movt	r4, #34688	; 0x8780
87804884:	9701      	str	r7, [sp, #4]
87804886:	f7fc fdf3 	bl	87801470 <lcd_show_string>
8780488a:	4633      	mov	r3, r6
8780488c:	22c8      	movs	r2, #200	; 0xc8
8780488e:	21d2      	movs	r1, #210	; 0xd2
87804890:	20e7      	movs	r0, #231	; 0xe7
87804892:	9701      	str	r7, [sp, #4]
87804894:	9600      	str	r6, [sp, #0]
87804896:	f7fc fdeb 	bl	87801470 <lcd_show_string>
8780489a:	4633      	mov	r3, r6
8780489c:	22c8      	movs	r2, #200	; 0xc8
8780489e:	21e6      	movs	r1, #230	; 0xe6
878048a0:	20e7      	movs	r0, #231	; 0xe7
878048a2:	9701      	str	r7, [sp, #4]
878048a4:	9600      	str	r6, [sp, #0]
878048a6:	f7fc fde3 	bl	87801470 <lcd_show_string>
878048aa:	f644 2280 	movw	r2, #19072	; 0x4a80
878048ae:	4633      	mov	r3, r6
878048b0:	f2c8 7280 	movt	r2, #34688	; 0x8780
878048b4:	9600      	str	r6, [sp, #0]
878048b6:	9201      	str	r2, [sp, #4]
878048b8:	21fa      	movs	r1, #250	; 0xfa
878048ba:	22c8      	movs	r2, #200	; 0xc8
878048bc:	20e7      	movs	r0, #231	; 0xe7
878048be:	f7fc fdd7 	bl	87801470 <lcd_show_string>
878048c2:	23ff      	movs	r3, #255	; 0xff
878048c4:	f8c8 3018 	str.w	r3, [r8, #24]
878048c8:	f7fd ff9c 	bl	87802804 <icm20608_getdata>
878048cc:	68e3      	ldr	r3, [r4, #12]
878048ce:	2210      	movs	r2, #16
878048d0:	2182      	movs	r1, #130	; 0x82
878048d2:	2078      	movs	r0, #120	; 0x78
878048d4:	f7fb fd24 	bl	87800320 <integer_display>
878048d8:	6923      	ldr	r3, [r4, #16]
878048da:	2210      	movs	r2, #16
878048dc:	2196      	movs	r1, #150	; 0x96
878048de:	2078      	movs	r0, #120	; 0x78
878048e0:	f7fb fd1e 	bl	87800320 <integer_display>
878048e4:	6963      	ldr	r3, [r4, #20]
878048e6:	2210      	movs	r2, #16
878048e8:	21aa      	movs	r1, #170	; 0xaa
878048ea:	2078      	movs	r0, #120	; 0x78
878048ec:	f7fb fd18 	bl	87800320 <integer_display>
878048f0:	6823      	ldr	r3, [r4, #0]
878048f2:	2210      	movs	r2, #16
878048f4:	21be      	movs	r1, #190	; 0xbe
878048f6:	2078      	movs	r0, #120	; 0x78
878048f8:	f7fb fd12 	bl	87800320 <integer_display>
878048fc:	6863      	ldr	r3, [r4, #4]
878048fe:	2210      	movs	r2, #16
87804900:	21d2      	movs	r1, #210	; 0xd2
87804902:	2078      	movs	r0, #120	; 0x78
87804904:	f7fb fd0c 	bl	87800320 <integer_display>
87804908:	68a3      	ldr	r3, [r4, #8]
8780490a:	2210      	movs	r2, #16
8780490c:	21e6      	movs	r1, #230	; 0xe6
8780490e:	2078      	movs	r0, #120	; 0x78
87804910:	f7fb fd06 	bl	87800320 <integer_display>
87804914:	69a3      	ldr	r3, [r4, #24]
87804916:	2210      	movs	r2, #16
87804918:	21fa      	movs	r1, #250	; 0xfa
8780491a:	2078      	movs	r0, #120	; 0x78
8780491c:	f7fb fd00 	bl	87800320 <integer_display>
87804920:	6aa3      	ldr	r3, [r4, #40]	; 0x28
87804922:	2210      	movs	r2, #16
87804924:	2182      	movs	r1, #130	; 0x82
87804926:	20aa      	movs	r0, #170	; 0xaa
87804928:	f7fb fd36 	bl	87800398 <decimals_display>
8780492c:	6ae3      	ldr	r3, [r4, #44]	; 0x2c
8780492e:	2210      	movs	r2, #16
87804930:	2196      	movs	r1, #150	; 0x96
87804932:	20aa      	movs	r0, #170	; 0xaa
87804934:	f7fb fd30 	bl	87800398 <decimals_display>
87804938:	21aa      	movs	r1, #170	; 0xaa
8780493a:	6b23      	ldr	r3, [r4, #48]	; 0x30
8780493c:	4608      	mov	r0, r1
8780493e:	2210      	movs	r2, #16
87804940:	f7fb fd2a 	bl	87800398 <decimals_display>
87804944:	69e3      	ldr	r3, [r4, #28]
87804946:	2210      	movs	r2, #16
87804948:	21be      	movs	r1, #190	; 0xbe
8780494a:	20aa      	movs	r0, #170	; 0xaa
8780494c:	f7fb fd24 	bl	87800398 <decimals_display>
87804950:	6a23      	ldr	r3, [r4, #32]
87804952:	2210      	movs	r2, #16
87804954:	21d2      	movs	r1, #210	; 0xd2
87804956:	20aa      	movs	r0, #170	; 0xaa
87804958:	f7fb fd1e 	bl	87800398 <decimals_display>
8780495c:	f085 0501 	eor.w	r5, r5, #1
87804960:	6a63      	ldr	r3, [r4, #36]	; 0x24
87804962:	2210      	movs	r2, #16
87804964:	21e6      	movs	r1, #230	; 0xe6
87804966:	20aa      	movs	r0, #170	; 0xaa
87804968:	b2ed      	uxtb	r5, r5
8780496a:	f7fb fd15 	bl	87800398 <decimals_display>
8780496e:	6b63      	ldr	r3, [r4, #52]	; 0x34
87804970:	2210      	movs	r2, #16
87804972:	21fa      	movs	r1, #250	; 0xfa
87804974:	20aa      	movs	r0, #170	; 0xaa
87804976:	f7fb fd0f 	bl	87800398 <decimals_display>
8780497a:	2078      	movs	r0, #120	; 0x78
8780497c:	f7fb fe64 	bl	87800648 <delay_ms>
87804980:	2000      	movs	r0, #0
87804982:	4629      	mov	r1, r5
87804984:	f7fb fe14 	bl	878005b0 <led_switch>
87804988:	e79e      	b.n	878048c8 <main+0x240>
8780498a:	bf00      	nop

Disassembly of section .rodata:

8780498c <CSWTCH.15-0xf8>:
8780498c:	0064252d 	rsbeq	r2, r4, sp, lsr #10
87804990:	2e64252d 	cdpcs	5, 6, cr2, cr4, cr13, {1}
87804994:	00006425 	andeq	r6, r0, r5, lsr #8
87804998:	252e6425 	strcs	r6, [lr, #-1061]!	; 0x425
8780499c:	00000064 	andeq	r0, r0, r4, rrx
878049a0:	48504c41 	ldmdami	r0, {r0, r6, sl, fp, lr}^
878049a4:	4d492d41 	stclmi	13, cr2, [r9, #-260]	; 0xfffffefc
878049a8:	20553658 	subscs	r3, r5, r8, asr r6
878049ac:	20495053 	subcs	r5, r9, r3, asr r0
878049b0:	54534554 	ldrbpl	r4, [r3], #-1364	; 0x554
878049b4:	00000000 	andeq	r0, r0, r0
878049b8:	324d4349 	subcc	r4, sp, #603979777	; 0x24000001
878049bc:	38303630 	ldmdacc	r0!, {r4, r5, r9, sl, ip, sp}
878049c0:	53455420 	movtpl	r5, #21536	; 0x5420
878049c4:	00000054 	andeq	r0, r0, r4, asr r0
878049c8:	4d4f5441 	cfstrdmi	mvd5, [pc, #-260]	; 878048cc <main+0x244>
878049cc:	494c4140 	stmdbmi	ip, {r6, r8, lr}^
878049d0:	45544e45 	ldrbmi	r4, [r4, #-3653]	; 0xe45
878049d4:	0000004b 	andeq	r0, r0, fp, asr #32
878049d8:	39313032 	ldmdbcc	r1!, {r1, r4, r5, ip, sp}
878049dc:	322f332f 	eorcc	r3, pc, #-1140850688	; 0xbc000000
878049e0:	00000037 	andeq	r0, r0, r7, lsr r0
878049e4:	324d4349 	subcc	r4, sp, #603979777	; 0x24000001
878049e8:	38303630 	ldmdacc	r0!, {r4, r5, r9, sl, ip, sp}
878049ec:	65684320 	strbvs	r4, [r8, #-800]!	; 0x320
878049f0:	46206b63 	strtmi	r6, [r0], -r3, ror #22
878049f4:	656c6961 	strbvs	r6, [ip, #-2401]!	; 0x961
878049f8:	00002164 	andeq	r2, r0, r4, ror #2
878049fc:	61656c50 	cmnvs	r5, r0, asr ip
87804a00:	43206573 	teqmi	r0, #482344960	; 0x1cc00000
87804a04:	6b636568 	blvs	890ddfac <__bss_end+0x18d3eb4>
87804a08:	20202021 	eorcs	r2, r0, r1, lsr #32
87804a0c:	20202020 	eorcs	r2, r0, r0, lsr #32
87804a10:	00000020 	andeq	r0, r0, r0, lsr #32
87804a14:	324d4349 	subcc	r4, sp, #603979777	; 0x24000001
87804a18:	38303630 	ldmdacc	r0!, {r4, r5, r9, sl, ip, sp}
87804a1c:	61655220 	cmnvs	r5, r0, lsr #4
87804a20:	00007964 	andeq	r7, r0, r4, ror #18
87804a24:	65636361 	strbvs	r6, [r3, #-865]!	; 0x361
87804a28:	3a78206c 	bcc	8960cbe0 <__bss_end+0x1e02ae8>
87804a2c:	00000000 	andeq	r0, r0, r0
87804a30:	65636361 	strbvs	r6, [r3, #-865]!	; 0x361
87804a34:	3a79206c 	bcc	8964cbec <__bss_end+0x1e42af4>
87804a38:	00000000 	andeq	r0, r0, r0
87804a3c:	65636361 	strbvs	r6, [r3, #-865]!	; 0x361
87804a40:	3a7a206c 	bcc	8968cbf8 <__bss_end+0x1e82b00>
87804a44:	00000000 	andeq	r0, r0, r0
87804a48:	6f727967 	svcvs	0x00727967
87804a4c:	3a782020 	bcc	8960cad4 <__bss_end+0x1e029dc>
87804a50:	00000000 	andeq	r0, r0, r0
87804a54:	6f727967 	svcvs	0x00727967
87804a58:	3a792020 	bcc	8964cae0 <__bss_end+0x1e429e8>
87804a5c:	00000000 	andeq	r0, r0, r0
87804a60:	6f727967 	svcvs	0x00727967
87804a64:	3a7a2020 	bcc	8968caec <__bss_end+0x1e829f4>
87804a68:	00000000 	andeq	r0, r0, r0
87804a6c:	706d6574 	rsbvc	r6, sp, r4, ror r5
87804a70:	3a202020 	bcc	8800caf8 <__bss_end+0x802a00>
87804a74:	00000000 	andeq	r0, r0, r0
87804a78:	00000067 	andeq	r0, r0, r7, rrx
87804a7c:	00732f6f 	rsbseq	r2, r3, pc, ror #30
87804a80:	00000043 	andeq	r0, r0, r3, asr #32

87804a84 <CSWTCH.15>:
87804a84:	00000004 	andeq	r0, r0, r4
87804a88:	00000003 	andeq	r0, r0, r3
87804a8c:	00000002 	andeq	r0, r0, r2
87804a90:	00000001 	andeq	r0, r0, r1
87804a94:	00000000 	andeq	r0, r0, r0
87804a98:	00000006 	andeq	r0, r0, r6

87804a9c <asc2_1206>:
	...
87804aac:	0000403f 	andeq	r4, r0, pc, lsr r0
87804ab0:	00000000 	andeq	r0, r0, r0
87804ab4:	00300000 	eorseq	r0, r0, r0
87804ab8:	00300040 	eorseq	r0, r0, r0, asr #32
87804abc:	00000040 	andeq	r0, r0, r0, asr #32
87804ac0:	c00b0009 	andgt	r0, fp, r9
87804ac4:	c00b003d 	andgt	r0, fp, sp, lsr r0
87804ac8:	0009003d 	andeq	r0, r9, sp, lsr r0
87804acc:	4024c018 	eormi	ip, r4, r8, lsl r0
87804ad0:	4022e07f 	eormi	lr, r2, pc, ror r0
87804ad4:	00008031 	andeq	r8, r0, r1, lsr r0
87804ad8:	c0240018 	eorgt	r0, r4, r8, lsl r0
87804adc:	800d001b 	andhi	r0, sp, fp, lsl r0
87804ae0:	80014032 	andhi	r4, r1, r2, lsr r0
87804ae4:	401c8003 	andsmi	r8, ip, r3
87804ae8:	801c4027 	andshi	r4, ip, r7, lsr #32
87804aec:	40004007 	andmi	r4, r0, r7
87804af0:	00600010 	rsbeq	r0, r0, r0, lsl r0
	...
87804b00:	801f0000 	andshi	r0, pc, r0
87804b04:	20404020 	subcs	r4, r0, r0, lsr #32
87804b08:	20400000 	subcs	r0, r0, r0
87804b0c:	801f4020 	andshi	r4, pc, r0, lsr #32
87804b10:	00000000 	andeq	r0, r0, r0
87804b14:	00060009 	andeq	r0, r6, r9
87804b18:	0006801f 	andeq	r8, r6, pc, lsl r0
87804b1c:	00000009 	andeq	r0, r0, r9
87804b20:	00040004 	andeq	r0, r4, r4
87804b24:	0004803f 	andeq	r8, r4, pc, lsr r0
87804b28:	00000004 	andeq	r0, r0, r4
87804b2c:	60001000 	andvs	r1, r0, r0
	...
87804b38:	00040004 	andeq	r0, r4, r4
87804b3c:	00040004 	andeq	r0, r4, r4
87804b40:	00000004 	andeq	r0, r0, r4
87804b44:	40000000 	andmi	r0, r0, r0
	...
87804b50:	c0012000 	andgt	r2, r1, r0
87804b54:	00380006 	eorseq	r0, r8, r6
87804b58:	00000040 	andeq	r0, r0, r0, asr #32
87804b5c:	4020801f 	eormi	r8, r0, pc, lsl r0
87804b60:	40204020 	eormi	r4, r0, r0, lsr #32
87804b64:	0000801f 	andeq	r8, r0, pc, lsl r0
87804b68:	40100000 	andsmi	r0, r0, r0
87804b6c:	4000c03f 	andmi	ip, r0, pc, lsr r0
87804b70:	00000000 	andeq	r0, r0, r0
87804b74:	4021c018 	eormi	ip, r1, r8, lsl r0
87804b78:	40244022 	eormi	r4, r4, r2, lsr #32
87804b7c:	00004018 	andeq	r4, r0, r8, lsl r0
87804b80:	40208010 	eormi	r8, r0, r0, lsl r0
87804b84:	40244024 	eormi	r4, r4, r4, lsr #32
87804b88:	0000801b 	andeq	r8, r0, fp, lsl r0
87804b8c:	000d0002 	andeq	r0, sp, r2
87804b90:	c03f0011 	eorsgt	r0, pc, r1, lsl r0	; <UNPREDICTABLE>
87804b94:	00004001 	andeq	r4, r0, r1
87804b98:	4024803c 	eormi	r8, r4, ip, lsr r0
87804b9c:	40244024 	eormi	r4, r4, r4, lsr #32
87804ba0:	00008023 	andeq	r8, r0, r3, lsr #32
87804ba4:	4024801f 	eormi	r8, r4, pc, lsl r0
87804ba8:	40344024 	eorsmi	r4, r4, r4, lsr #32
87804bac:	00008003 	andeq	r8, r0, r3
87804bb0:	00200030 	eoreq	r0, r0, r0, lsr r0
87804bb4:	0038c027 	eorseq	ip, r8, r7, lsr #32
87804bb8:	00000020 	andeq	r0, r0, r0, lsr #32
87804bbc:	4024801b 	eormi	r8, r4, fp, lsl r0
87804bc0:	40244024 	eormi	r4, r4, r4, lsr #32
87804bc4:	0000801b 	andeq	r8, r0, fp, lsl r0
87804bc8:	c022001c 	eorgt	r0, r2, ip, lsl r0
87804bcc:	40224022 	eormi	r4, r2, r2, lsr #32
87804bd0:	0000801f 	andeq	r8, r0, pc, lsl r0
87804bd4:	00000000 	andeq	r0, r0, r0
87804bd8:	00004008 	andeq	r4, r0, r8
	...
87804be4:	00006004 	andeq	r6, r0, r4
87804be8:	00000000 	andeq	r0, r0, r0
87804bec:	00040000 	andeq	r0, r4, r0
87804bf0:	0011000a 	andseq	r0, r1, sl
87804bf4:	40408020 	submi	r8, r0, r0, lsr #32
87804bf8:	00090009 	andeq	r0, r9, r9
87804bfc:	00090009 	andeq	r0, r9, r9
87804c00:	00000009 	andeq	r0, r0, r9
87804c04:	40400000 	submi	r0, r0, r0
87804c08:	00118020 	andseq	r8, r1, r0, lsr #32
87804c0c:	0004000a 	andeq	r0, r4, sl
87804c10:	00200018 	eoreq	r0, r0, r8, lsl r0
87804c14:	00244023 	eoreq	r4, r4, r3, lsr #32
87804c18:	00000018 	andeq	r0, r0, r8, lsl r0
87804c1c:	4020801f 	eormi	r8, r0, pc, lsl r0
87804c20:	40294027 	eormi	r4, r9, r7, lsr #32
87804c24:	0000401f 	andeq	r4, r0, pc, lsl r0
87804c28:	c0074000 	andgt	r4, r7, r0
87804c2c:	000f0039 	andeq	r0, pc, r9, lsr r0	; <UNPREDICTABLE>
87804c30:	4000c001 	andmi	ip, r0, r1
87804c34:	c03f4020 	eorsgt	r4, pc, r0, lsr #32
87804c38:	40244024 	eormi	r4, r4, r4, lsr #32
87804c3c:	0000801b 	andeq	r8, r0, fp, lsl r0
87804c40:	4020801f 	eormi	r8, r0, pc, lsl r0
87804c44:	40204020 	eormi	r4, r0, r0, lsr #32
87804c48:	00008030 	andeq	r8, r0, r0, lsr r0
87804c4c:	c03f4020 	eorsgt	r4, pc, r0, lsr #32
87804c50:	40204020 	eormi	r4, r0, r0, lsr #32
87804c54:	0000801f 	andeq	r8, r0, pc, lsl r0
87804c58:	c03f4020 	eorsgt	r4, pc, r0, lsr #32
87804c5c:	402e4024 	eormi	r4, lr, r4, lsr #32
87804c60:	0000c030 	andeq	ip, r0, r0, lsr r0
87804c64:	c03f4020 	eorsgt	r4, pc, r0, lsr #32
87804c68:	002e4024 	eoreq	r4, lr, r4, lsr #32
87804c6c:	00000030 	andeq	r0, r0, r0, lsr r0
87804c70:	8010000f 	andshi	r0, r0, pc
87804c74:	40224020 	eormi	r4, r2, r0, lsr #32
87804c78:	00028033 	andeq	r8, r2, r3, lsr r0
87804c7c:	c03f4020 	eorsgt	r4, pc, r0, lsr #32
87804c80:	00040004 	andeq	r0, r4, r4
87804c84:	4020c03f 	eormi	ip, r0, pc, lsr r0
87804c88:	40204020 	eormi	r4, r0, r0, lsr #32
87804c8c:	4020c03f 	eormi	ip, r0, pc, lsr r0
87804c90:	00004020 	andeq	r4, r0, r0, lsr #32
87804c94:	20206000 	eorcs	r6, r0, r0
87804c98:	c03f2020 	eorsgt	r2, pc, r0, lsr #32
87804c9c:	00200020 	eoreq	r0, r0, r0, lsr #32
87804ca0:	c03f4020 	eorsgt	r4, pc, r0, lsr #32
87804ca4:	000b4024 	andeq	r4, fp, r4, lsr #32
87804ca8:	4020c030 	eormi	ip, r0, r0, lsr r0
87804cac:	c03f4020 	eorsgt	r4, pc, r0, lsr #32
87804cb0:	40004020 	andmi	r4, r0, r0, lsr #32
87804cb4:	c0004000 	andgt	r4, r0, r0
87804cb8:	003cc03f 	eorseq	ip, ip, pc, lsr r0
87804cbc:	003cc003 	eorseq	ip, ip, r3
87804cc0:	0000c03f 	andeq	ip, r0, pc, lsr r0
87804cc4:	c03f4020 	eorsgt	r4, pc, r0, lsr #32
87804cc8:	0023400c 	eoreq	r4, r3, ip
87804ccc:	0020c03f 	eoreq	ip, r0, pc, lsr r0
87804cd0:	4020801f 	eormi	r8, r0, pc, lsl r0
87804cd4:	40204020 	eormi	r4, r0, r0, lsr #32
87804cd8:	0000801f 	andeq	r8, r0, pc, lsl r0
87804cdc:	c03f4020 	eorsgt	r4, pc, r0, lsr #32
87804ce0:	00244024 	eoreq	r4, r4, r4, lsr #32
87804ce4:	00000018 	andeq	r0, r0, r8, lsl r0
87804ce8:	4021801f 	eormi	r8, r1, pc, lsl r0
87804cec:	e0204021 	eor	r4, r0, r1, lsr #32
87804cf0:	0000a01f 	andeq	sl, r0, pc, lsl r0
87804cf4:	c03f4020 	eorsgt	r4, pc, r0, lsr #32
87804cf8:	00264024 	eoreq	r4, r6, r4, lsr #32
87804cfc:	4000c019 	andmi	ip, r0, r9, lsl r0
87804d00:	4024c018 	eormi	ip, r4, r8, lsl r0
87804d04:	40224024 	eormi	r4, r2, r4, lsr #32
87804d08:	00008031 	andeq	r8, r0, r1, lsr r0
87804d0c:	40200030 	eormi	r0, r0, r0, lsr r0
87804d10:	4020c03f 	eormi	ip, r0, pc, lsr r0
87804d14:	00000030 	andeq	r0, r0, r0, lsr r0
87804d18:	803f0020 	eorshi	r0, pc, r0, lsr #32
87804d1c:	40004000 	andmi	r4, r0, r0
87804d20:	0020803f 	eoreq	r8, r0, pc, lsr r0
87804d24:	003e0020 	eorseq	r0, lr, r0, lsr #32
87804d28:	0007c001 	andeq	ip, r7, r1
87804d2c:	00200038 	eoreq	r0, r0, r8, lsr r0
87804d30:	c0070038 	andgt	r0, r7, r8, lsr r0
87804d34:	c007003c 	andgt	r0, r7, ip, lsr r0
87804d38:	00000038 	andeq	r0, r0, r8, lsr r0
87804d3c:	c0394020 	eorsgt	r4, r9, r0, lsr #32
87804d40:	c0390006 	eorsgt	r0, r9, r6
87804d44:	00004020 	andeq	r4, r0, r0, lsr #32
87804d48:	40380020 	eorsmi	r0, r8, r0, lsr #32
87804d4c:	4038c007 	eorsmi	ip, r8, r7
87804d50:	00000020 	andeq	r0, r0, r0, lsr #32
87804d54:	c0214030 	eorgt	r4, r1, r0, lsr r0
87804d58:	40384026 	eorsmi	r4, r8, r6, lsr #32
87804d5c:	0000c020 	andeq	ip, r0, r0, lsr #32
87804d60:	00000000 	andeq	r0, r0, r0
87804d64:	2040e07f 	subcs	lr, r0, pc, ror r0
87804d68:	00002040 	andeq	r2, r0, r0, asr #32
87804d6c:	00700000 	rsbseq	r0, r0, r0
87804d70:	8003000c 	andhi	r0, r3, ip
87804d74:	00004000 	andeq	r4, r0, r0
87804d78:	20400000 	subcs	r0, r0, r0
87804d7c:	e07f2040 	rsbs	r2, pc, r0, asr #32
87804d80:	00000000 	andeq	r0, r0, r0
87804d84:	00200000 	eoreq	r0, r0, r0
87804d88:	00200040 	eoreq	r0, r0, r0, asr #32
87804d8c:	00000000 	andeq	r0, r0, r0
87804d90:	10001000 	andne	r1, r0, r0
87804d94:	10001000 	andne	r1, r0, r0
87804d98:	10001000 	andne	r1, r0, r0
87804d9c:	00000000 	andeq	r0, r0, r0
87804da0:	00000040 	andeq	r0, r0, r0, asr #32
87804da4:	00000000 	andeq	r0, r0, r0
87804da8:	80020000 	andhi	r0, r2, r0
87804dac:	40054005 	andmi	r4, r5, r5
87804db0:	4000c003 	andmi	ip, r0, r3
87804db4:	c03f0020 	eorsgt	r0, pc, r0, lsr #32
87804db8:	40044004 	andmi	r4, r4, r4
87804dbc:	00008003 	andeq	r8, r0, r3
87804dc0:	80030000 	andhi	r0, r3, r0
87804dc4:	40044004 	andmi	r4, r4, r4
87804dc8:	00004006 	andeq	r4, r0, r6
87804dcc:	80030000 	andhi	r0, r3, r0
87804dd0:	40244004 	eormi	r4, r4, r4
87804dd4:	4000c03f 	andmi	ip, r0, pc, lsr r0
87804dd8:	80030000 	andhi	r0, r3, r0
87804ddc:	40054005 	andmi	r4, r5, r5
87804de0:	00004003 	andeq	r4, r0, r3
87804de4:	40040000 	andmi	r0, r4, r0
87804de8:	4024c01f 	eormi	ip, r4, pc, lsl r0
87804dec:	00204024 	eoreq	r4, r0, r4, lsr #32
87804df0:	e0020000 	and	r0, r2, r0
87804df4:	50055005 	andpl	r5, r5, r5
87804df8:	20045006 	andcs	r5, r4, r6
87804dfc:	c03f4020 	eorsgt	r4, pc, r0, lsr #32
87804e00:	00044004 	andeq	r4, r4, r4
87804e04:	4000c003 	andmi	ip, r0, r3
87804e08:	40040000 	andmi	r0, r4, r0
87804e0c:	4000c027 	andmi	ip, r0, r7, lsr #32
87804e10:	00000000 	andeq	r0, r0, r0
87804e14:	10001000 	andne	r1, r0, r0
87804e18:	e0271004 	eor	r1, r7, r4
87804e1c:	00000000 	andeq	r0, r0, r0
87804e20:	c03f4020 	eorsgt	r4, pc, r0, lsr #32
87804e24:	00074001 	andeq	r4, r7, r1
87804e28:	4004c004 	andmi	ip, r4, r4
87804e2c:	40204020 	eormi	r4, r0, r0, lsr #32
87804e30:	4000c03f 	andmi	ip, r0, pc, lsr r0
87804e34:	00004000 	andeq	r4, r0, r0
87804e38:	0004c007 	andeq	ip, r4, r7
87804e3c:	0004c007 	andeq	ip, r4, r7
87804e40:	0000c003 	andeq	ip, r0, r3
87804e44:	c0074004 	andgt	r4, r7, r4
87804e48:	00044004 	andeq	r4, r4, r4
87804e4c:	4000c003 	andmi	ip, r0, r3
87804e50:	80030000 	andhi	r0, r3, r0
87804e54:	40044004 	andmi	r4, r4, r4
87804e58:	00008003 	andeq	r8, r0, r3
87804e5c:	f0071004 			; <UNDEFINED> instruction: 0xf0071004
87804e60:	40045004 	andmi	r5, r4, r4
87804e64:	00008003 	andeq	r8, r0, r3
87804e68:	80030000 	andhi	r0, r3, r0
87804e6c:	50044004 	andpl	r4, r4, r4
87804e70:	1000f007 	andne	pc, r0, r7
87804e74:	c0074004 	andgt	r4, r7, r4
87804e78:	00044002 	andeq	r4, r4, r2
87804e7c:	00000004 	andeq	r0, r0, r4
87804e80:	40060000 	andmi	r0, r6, r0
87804e84:	40054005 	andmi	r4, r5, r5
87804e88:	0000c004 	andeq	ip, r0, r4
87804e8c:	00040000 	andeq	r0, r4, r0
87804e90:	4004801f 	andmi	r8, r4, pc, lsl r0
87804e94:	00004000 	andeq	r4, r0, r0
87804e98:	80070004 	andhi	r0, r7, r4
87804e9c:	40044000 	andmi	r4, r4, r0
87804ea0:	4000c007 	andmi	ip, r0, r7
87804ea4:	00070004 	andeq	r0, r7, r4
87804ea8:	8001c004 	andhi	ip, r1, r4
87804eac:	00040006 	andeq	r0, r4, r6
87804eb0:	c0010006 	andgt	r0, r1, r6
87804eb4:	c0010007 	andgt	r0, r1, r7
87804eb8:	00000006 	andeq	r0, r0, r6
87804ebc:	c0064004 	andgt	r4, r6, r4
87804ec0:	c0060001 	andgt	r0, r6, r1
87804ec4:	00004004 	andeq	r4, r0, r4
87804ec8:	10071004 	andne	r1, r7, r4
87804ecc:	8001e004 	andhi	lr, r1, r4
87804ed0:	00040006 	andeq	r0, r4, r6
87804ed4:	40040000 	andmi	r0, r4, r0
87804ed8:	4006c005 	andmi	ip, r6, r5
87804edc:	00004004 	andeq	r4, r0, r4
87804ee0:	00000000 	andeq	r0, r0, r0
87804ee4:	e07b0004 	rsbs	r0, fp, r4
87804ee8:	00002040 	andeq	r2, r0, r0, asr #32
87804eec:	00000000 	andeq	r0, r0, r0
87804ef0:	f0ff0000 			; <UNDEFINED> instruction: 0xf0ff0000
87804ef4:	00000000 	andeq	r0, r0, r0
87804ef8:	20400000 	subcs	r0, r0, r0
87804efc:	0004e07b 	andeq	lr, r4, fp, ror r0
87804f00:	00000000 	andeq	r0, r0, r0
87804f04:	00800040 	addeq	r0, r0, r0, asr #32
87804f08:	00200040 	eoreq	r0, r0, r0, asr #32
87804f0c:	00400020 	subeq	r0, r0, r0, lsr #32

87804f10 <asc2_2412>:
	...
87804f40:	0f000000 	svceq	0x00000000
87804f44:	fe0f3880 	cdp2	8, 0, cr3, cr15, cr0, {4}
87804f48:	38800f38 	stmcc	r0, {r3, r4, r5, r8, r9, sl, fp}
	...
87804f5c:	00010000 	andeq	r0, r1, r0
87804f60:	00000600 	andeq	r0, r0, r0, lsl #12
87804f64:	3800000c 	stmdacc	r0, {r2, r3}
87804f68:	00310000 	eorseq	r0, r1, r0
87804f6c:	00000600 	andeq	r0, r0, r0, lsl #12
87804f70:	3800000c 	stmdacc	r0, {r2, r3}
87804f74:	00300000 	eorseq	r0, r0, r0
	...
87804f80:	67008061 	strvs	r8, [r0, -r1, rrx]
87804f84:	80f907f8 	ldrshthi	r0, [r9], #120	; 0x78
87804f88:	00806100 	addeq	r6, r0, r0, lsl #2
87804f8c:	61008061 	tstvs	r0, r1, rrx
87804f90:	80610080 	rsbhi	r0, r1, r0, lsl #1
87804f94:	07f86700 	ldrbeq	r6, [r8, r0, lsl #14]!
87804f98:	610080f9 	strdvs	r8, [r0, -r9]
87804f9c:	00000080 	andeq	r0, r0, r0, lsl #1
87804fa0:	00000000 	andeq	r0, r0, r0
87804fa4:	c0010000 	andgt	r0, r1, r0
87804fa8:	f0e003e0 			; <UNDEFINED> instruction: 0xf0e003e0
87804fac:	04083006 	streq	r3, [r8], #-6
87804fb0:	ff1f0818 			; <UNDEFINED> instruction: 0xff1f0818
87804fb4:	080e04fe 	stmdaeq	lr, {r1, r2, r3, r4, r5, r6, r7, sl}
87804fb8:	03f08707 	mvnseq	r8, #1835008	; 0x1c0000
87804fbc:	0000e081 	andeq	lr, r0, r1, lsl #1
87804fc0:	00000000 	andeq	r0, r0, r0
87804fc4:	0600f001 	streq	pc, [r0], -r1
87804fc8:	0404000c 	streq	r0, [r4], #-12
87804fcc:	700c0608 	andvc	r0, ip, r8, lsl #12
87804fd0:	00c0f901 	sbceq	pc, r0, r1, lsl #18
87804fd4:	3b00000e 	blcc	87805014 <asc2_2412+0x104>
87804fd8:	18ec00e0 	stmiane	ip!, {r5, r6, r7}^
87804fdc:	04080807 	streq	r0, [r8], #-2055	; 0x807
87804fe0:	0300180c 	movweq	r1, #2060	; 0x80c
87804fe4:	000000e0 	andeq	r0, r0, r0, ror #1
87804fe8:	00e00100 	rsceq	r0, r0, r0, lsl #2
87804fec:	f803f007 			; <UNDEFINED> instruction: 0xf803f007
87804ff0:	081c0418 	ldmdaeq	ip, {r3, r4, sl}
87804ff4:	07081704 	streq	r1, [r8, -r4, lsl #14]
87804ff8:	c003d0e1 	andgt	sp, r3, r1, ror #1
87804ffc:	b02300e0 	eorlt	r0, r3, r0, ror #1
87805000:	00083c00 	andeq	r3, r8, r0, lsl #24
87805004:	00000820 	andeq	r0, r0, r0, lsr #16
87805008:	00000010 	andeq	r0, r0, r0, lsl r0
8780500c:	01000000 	mrseq	r0, (UNDEF: 0)
87805010:	00310000 	eorseq	r0, r1, r0
87805014:	00003200 	andeq	r3, r0, r0, lsl #4
87805018:	0000001c 	andeq	r0, r0, ip, lsl r0
	...
87805040:	ff01007f 			; <UNDEFINED> instruction: 0xff01007f
87805044:	f08007c0 			; <UNDEFINED> instruction: 0xf08007c0
87805048:	1018000c 	andsne	r0, r8, ip
8780504c:	00200400 	eoreq	r0, r0, r0, lsl #8
87805050:	00000002 	andeq	r0, r0, r2
87805054:	20000000 	andcs	r0, r0, r0
87805058:	00100200 	andseq	r0, r0, r0, lsl #4
8780505c:	18000c04 	stmdane	r0, {r2, sl, fp}
87805060:	01f08007 	mvnseq	r8, r7
87805064:	7f00c0ff 	svcvc	0x0000c0ff
	...
8780507c:	66000042 	strvs	r0, [r0], -r2, asr #32
87805080:	00660000 	rsbeq	r0, r6, r0
87805084:	00003c00 	andeq	r3, r0, r0, lsl #24
87805088:	ff030018 			; <UNDEFINED> instruction: 0xff030018
8780508c:	001800c0 	andseq	r0, r8, r0, asr #1
87805090:	00003c00 	andeq	r3, r0, r0, lsl #24
87805094:	66000066 	strvs	r0, [r0], -r6, rrx
87805098:	00420000 	subeq	r0, r2, r0
8780509c:	00000000 	andeq	r0, r0, r0
878050a0:	08000008 	stmdaeq	r0, {r3}
878050a4:	00080000 	andeq	r0, r8, r0
878050a8:	00000800 	andeq	r0, r0, r0, lsl #16
878050ac:	ff010008 			; <UNDEFINED> instruction: 0xff010008
878050b0:	000800c0 	andeq	r0, r8, r0, asr #1
878050b4:	00000800 	andeq	r0, r0, r0, lsl #16
878050b8:	08000008 	stmdaeq	r0, {r3}
878050bc:	00080000 	andeq	r0, r8, r0
878050c0:	00000000 	andeq	r0, r0, r0
878050c4:	00000100 	andeq	r0, r0, r0, lsl #2
878050c8:	32000031 	andcc	r0, r0, #49	; 0x31
878050cc:	001c0000 	andseq	r0, ip, r0
	...
878050e8:	08000008 	stmdaeq	r0, {r3}
878050ec:	00080000 	andeq	r0, r8, r0
878050f0:	00000800 	andeq	r0, r0, r0, lsl #16
878050f4:	08000008 	stmdaeq	r0, {r3}
878050f8:	00080000 	andeq	r0, r8, r0
878050fc:	00000800 	andeq	r0, r0, r0, lsl #16
87805100:	08000008 	stmdaeq	r0, {r3}
	...
87805110:	38000038 	stmdacc	r0, {r3, r4, r5}
87805114:	00380000 	eorseq	r0, r8, r0
	...
87805130:	00000600 	andeq	r0, r0, r0, lsl #12
87805134:	7000001c 	andvc	r0, r0, ip, lsl r0
87805138:	00800100 	addeq	r0, r0, r0, lsl #2
8780513c:	3800000e 	stmdacc	r0, {r1, r2, r3}
87805140:	00c00000 	sbceq	r0, r0, r0
87805144:	1c000007 	stcne	0, cr0, [r0], {7}
87805148:	00300000 	eorseq	r0, r0, r0
	...
87805154:	ff01807f 			; <UNDEFINED> instruction: 0xff01807f
87805158:	708003e0 	addvc	r0, r0, r0, ror #7
8780515c:	04180006 	ldreq	r0, [r8], #-6
87805160:	00040800 	andeq	r0, r4, r0, lsl #16
87805164:	18000608 	stmdane	r0, {r3, r9, sl}
87805168:	01708003 	cmneq	r0, r3
8780516c:	7f00e0ff 	svcvc	0x0000e0ff
87805170:	00000080 	andeq	r0, r0, r0, lsl #1
87805174:	00000000 	andeq	r0, r0, r0
87805178:	00010000 	andeq	r0, r1, r0
8780517c:	08000108 	stmdaeq	r0, {r3, r8}
87805180:	03080001 	movweq	r0, #32769	; 0x8001
87805184:	ff07f8ff 			; <UNDEFINED> instruction: 0xff07f8ff
87805188:	080000f8 	stmdaeq	r0, {r3, r4, r5, r6, r7}
8780518c:	00080000 	andeq	r0, r8, r0
87805190:	00000800 	andeq	r0, r0, r0, lsl #16
87805194:	00000000 	andeq	r0, r0, r0
87805198:	01000000 	mrseq	r0, (UNDEF: 0)
8780519c:	c00238c0 	andgt	r3, r2, r0, asr #17
878051a0:	98000458 	stmdals	r0, {r3, r4, r6, sl}
878051a4:	04180104 	ldreq	r0, [r8], #-260	; 0x104
878051a8:	04041802 	streq	r1, [r4], #-2050	; 0x802
878051ac:	181c0618 	ldmdane	ip, {r3, r4, r9, sl}
878051b0:	0118f803 	tsteq	r8, r3, lsl #16
878051b4:	0000f8e0 	andeq	pc, r0, r0, ror #17
878051b8:	00000000 	andeq	r0, r0, r0
878051bc:	01000000 	mrseq	r0, (UNDEF: 0)
878051c0:	c003e0c0 	andgt	lr, r3, r0, asr #1
878051c4:	080004f0 	stmdaeq	r0, {r4, r5, r6, r7, sl}
878051c8:	04080804 	streq	r0, [r8], #-2052	; 0x804
878051cc:	18060808 	stmdane	r6, {r3, fp}
878051d0:	18f40308 	ldmne	r4!, {r3, r8, r9}^
878051d4:	00f0e701 	rscseq	lr, r0, r1, lsl #14
878051d8:	0000e001 	andeq	lr, r0, r1
	...
878051e4:	0d000003 	stceq	0, cr0, [r0, #-12]
878051e8:	00110000 	andseq	r0, r1, r0
878051ec:	00006100 	andeq	r6, r0, r0, lsl #2
878051f0:	01030881 	smlabbeq	r3, r1, r8, r0
878051f4:	f8ff0708 			; <UNDEFINED> instruction: 0xf8ff0708
878051f8:	00f8ff0f 	rscseq	pc, r8, pc, lsl #30
878051fc:	01000801 	tsteq	r0, r1, lsl #16
87805200:	00000008 	andeq	r0, r0, r8
87805204:	00000000 	andeq	r0, r0, r0
87805208:	fc07e000 	stc2	0, cr14, [r7], {-0}
8780520c:	080806d0 	stmdaeq	r8, {r4, r6, r7, r9, sl}
87805210:	06081006 	streq	r1, [r8], -r6
87805214:	10060810 	andne	r0, r6, r0, lsl r8
87805218:	38180608 	ldmdacc	r8, {r3, r9, sl}
8780521c:	06f00f06 	ldrbteq	r0, [r0], r6, lsl #30
87805220:	0000c007 	andeq	ip, r0, r7
	...
8780522c:	ff01803f 			; <UNDEFINED> instruction: 0xff01803f
87805230:	308403e0 	addcc	r0, r4, r0, ror #7
87805234:	04180802 	ldreq	r0, [r8], #-2050	; 0x802
87805238:	10040810 	andne	r0, r4, r0, lsl r8
8780523c:	08100408 	ldmdaeq	r0, {r3, sl}
87805240:	03101807 	tsteq	r0, #458752	; 0x70000
87805244:	0700f00f 	streq	pc, [r0, -pc]
87805248:	000000c0 	andeq	r0, r0, r0, asr #1
8780524c:	00000000 	andeq	r0, r0, r0
87805250:	c0030000 	andgt	r0, r3, r0
87805254:	00000700 	andeq	r0, r0, r0, lsl #14
87805258:	06000006 	streq	r0, [r0], -r6
8780525c:	0706f800 	streq	pc, [r6, -r0, lsl #16]
87805260:	001806f8 			; <UNDEFINED> instruction: 0x001806f8
87805264:	0700e006 	streq	lr, [r0, -r6]
87805268:	00060000 	andeq	r0, r6, r0
8780526c:	00000000 	andeq	r0, r0, r0
87805270:	01000000 	mrseq	r0, (UNDEF: 0)
87805274:	f703e0e1 			; <UNDEFINED> instruction: 0xf703e0e1
87805278:	103406f0 	ldrshtne	r0, [r4], -r0
8780527c:	04081804 	streq	r1, [r8], #-2052	; 0x804
87805280:	0c040818 	stceq	8, cr0, [r4], {24}
87805284:	080c0408 	stmdaeq	ip, {r3, sl}
87805288:	03181606 	tsteq	r8, #6291456	; 0x600000
8780528c:	c101f0f3 	strdgt	pc, [r1, -r3]
87805290:	000000e0 	andeq	r0, r0, r0, ror #1
87805294:	00000000 	andeq	r0, r0, r0
87805298:	fc0300f8 	stc2	0, cr0, [r3], {248}	; 0xf8
8780529c:	38060330 	stmdacc	r6, {r4, r5, r8, r9}
878052a0:	04080204 	streq	r0, [r8], #-516	; 0x204
878052a4:	02040802 	andeq	r0, r4, #131072	; 0x20000
878052a8:	10040408 	andne	r0, r4, r8, lsl #8
878052ac:	01f00803 	mvnseq	r0, r3, lsl #16
878052b0:	7f00c0ff 	svcvc	0x0000c0ff
	...
878052c8:	70003870 	andvc	r3, r0, r0, ror r8
878052cc:	38700038 	ldmdacc	r0!, {r3, r4, r5}^
	...
878052ec:	30001a30 	andcc	r1, r0, r0, lsr sl
878052f0:	0000001c 	andeq	r0, r0, ip, lsl r0
	...
87805304:	08000000 	stmdaeq	r0, {}	; <UNPREDICTABLE>
87805308:	00140000 	andseq	r0, r4, r0
8780530c:	00002200 	andeq	r2, r0, r0, lsl #4
87805310:	80000041 	andhi	r0, r0, r1, asr #32
87805314:	40000180 	andmi	r0, r0, r0, lsl #3
87805318:	04200002 	strteq	r0, [r0], #-2
8780531c:	00081000 	andeq	r1, r8, r0
87805320:	00000008 	andeq	r0, r0, r8
87805324:	00000000 	andeq	r0, r0, r0
87805328:	21000021 	tstcs	r0, r1, lsr #32
8780532c:	00210000 	eoreq	r0, r1, r0
87805330:	00002100 	andeq	r2, r0, r0, lsl #2
87805334:	21000021 	tstcs	r0, r1, lsr #32
87805338:	00210000 	eoreq	r0, r1, r0
8780533c:	00002100 	andeq	r2, r0, r0, lsl #2
87805340:	21000021 	tstcs	r0, r1, lsr #32
	...
8780534c:	00080000 	andeq	r0, r8, r0
87805350:	10000408 	andne	r0, r0, r8, lsl #8
87805354:	01200002 	teqeq	r0, r2
87805358:	80004000 	andhi	r4, r0, r0
8780535c:	00410080 	subeq	r0, r1, r0, lsl #1
87805360:	00002200 	andeq	r2, r0, r0, lsl #4
87805364:	08000014 	stmdaeq	r0, {r2, r4}
87805368:	00000000 	andeq	r0, r0, r0
8780536c:	03000000 	movweq	r0, #0
87805370:	c00400c0 	andgt	r0, r4, r0, asr #1
87805374:	00000400 	andeq	r0, r0, r0, lsl #8
87805378:	08380008 	ldmdaeq	r8!, {r3}
8780537c:	0808380f 	stmdaeq	r8, {r0, r1, r2, r3, fp, ip, sp}
87805380:	00100838 	andseq	r0, r0, r8, lsr r8
87805384:	0700300c 	streq	r3, [r0, -ip]
87805388:	c00300e0 	andgt	r0, r3, r0, ror #1
	...
87805394:	ff00803f 			; <UNDEFINED> instruction: 0xff00803f
87805398:	708003e0 	addvc	r0, r0, r0, ror #7
8780539c:	06100f02 	ldreq	r0, [r0], -r2, lsl #30
878053a0:	c0048870 	andgt	r8, r4, r0, ror r8
878053a4:	08830488 	stmeq	r3, {r3, r7, sl}
878053a8:	02887f04 	addeq	r7, r8, #4, 30
878053ac:	010390c0 	smlabteq	r3, r0, r0, r9
878053b0:	40fe0020 	rscsmi	r0, lr, r0, lsr #32
878053b4:	00080000 	andeq	r0, r8, r0
878053b8:	01001800 	tsteq	r0, r0, lsl #16
878053bc:	083e00f8 	ldmdaeq	lr!, {r3, r4, r5, r6, r7}
878053c0:	0700c201 	streq	ip, [r0, -r1, lsl #4]
878053c4:	e2070002 	and	r0, r7, #2
878053c8:	00fe0000 	rscseq	r0, lr, r0
878053cc:	00c81f00 	sbceq	r1, r8, r0, lsl #30
878053d0:	0000f801 	andeq	pc, r0, r1, lsl #16
878053d4:	08000038 	stmdaeq	r0, {r3, r4, r5}
878053d8:	07080004 	streq	r0, [r8, -r4]
878053dc:	ff07f8ff 			; <UNDEFINED> instruction: 0xff07f8ff
878053e0:	080804f8 	stmdaeq	r8, {r3, r4, r5, r6, r7, sl}
878053e4:	04080804 	streq	r0, [r8], #-2052	; 0x804
878053e8:	08040808 	stmdaeq	r4, {r3, fp}
878053ec:	08180608 	ldmdaeq	r8, {r3, r9, sl}
878053f0:	0118f403 	tsteq	r8, r3, lsl #8
878053f4:	0100f0e7 	smlatteq	r0, r7, r0, pc	; <UNPREDICTABLE>
878053f8:	000000e0 	andeq	r0, r0, r0, ror #1
878053fc:	00000000 	andeq	r0, r0, r0
87805400:	ff01803f 			; <UNDEFINED> instruction: 0xff01803f
87805404:	708003e0 	addvc	r0, r0, r0, ror #7
87805408:	04180002 	ldreq	r0, [r8], #-2
8780540c:	00040800 	andeq	r0, r4, r0, lsl #16
87805410:	08000408 	stmdaeq	r0, {r3, sl}
87805414:	06100004 	ldreq	r0, [r0], -r4
87805418:	80072000 	andhi	r2, r7, r0
8780541c:	000000c0 	andeq	r0, r0, r0, asr #1
87805420:	07080004 	streq	r0, [r8, -r4]
87805424:	ff07f8ff 			; <UNDEFINED> instruction: 0xff07f8ff
87805428:	080004f8 	stmdaeq	r0, {r3, r4, r5, r6, r7, sl}
8780542c:	04080004 	streq	r0, [r8], #-4
87805430:	00040800 	andeq	r0, r4, r0, lsl #16
87805434:	10000218 	andne	r0, r0, r8, lsl r2
87805438:	01708003 	cmneq	r0, r3
8780543c:	7f00e0ff 	svcvc	0x0000e0ff
87805440:	00000080 	andeq	r0, r0, r0, lsl #1
87805444:	07080004 	streq	r0, [r8, -r4]
87805448:	ff07f8ff 			; <UNDEFINED> instruction: 0xff07f8ff
8780544c:	080804f8 	stmdaeq	r8, {r3, r4, r5, r6, r7, sl}
87805450:	04080804 	streq	r0, [r8], #-2052	; 0x804
87805454:	08040808 	stmdaeq	r4, {r3, fp}
87805458:	083e0408 	ldmdaeq	lr!, {r3, sl}
8780545c:	06080004 	streq	r0, [r8], -r4
87805460:	00011800 	andeq	r1, r1, r0, lsl #16
87805464:	00000060 	andeq	r0, r0, r0, rrx
87805468:	07080004 	streq	r0, [r8, -r4]
8780546c:	ff07f8ff 			; <UNDEFINED> instruction: 0xff07f8ff
87805470:	080804f8 	stmdaeq	r8, {r3, r4, r5, r6, r7, sl}
87805474:	04000804 	streq	r0, [r0], #-2052	; 0x804
87805478:	08040008 	stmdaeq	r4, {r3}
8780547c:	003e0400 	eorseq	r0, lr, r0, lsl #8
87805480:	06000006 	streq	r0, [r0], -r6
87805484:	80010000 	andhi	r0, r1, r0
	...
87805490:	ff01803f 			; <UNDEFINED> instruction: 0xff01803f
87805494:	708003e0 	addvc	r0, r0, r0, ror #7
87805498:	04180006 	ldreq	r0, [r8], #-6
8780549c:	02040800 	andeq	r0, r4, #0, 16
878054a0:	08020408 	stmdaeq	r2, {r3, sl}
878054a4:	07f00302 	ldrbeq	r0, [r0, r2, lsl #6]!
878054a8:	0200f083 	andeq	pc, r0, #131	; 0x83
878054ac:	00020000 	andeq	r0, r2, r0
878054b0:	07080004 	streq	r0, [r8, -r4]
878054b4:	ff07f8ff 			; <UNDEFINED> instruction: 0xff07f8ff
878054b8:	080804f8 	stmdaeq	r8, {r3, r4, r5, r6, r7, sl}
878054bc:	00000800 	andeq	r0, r0, r0, lsl #16
878054c0:	08000008 	stmdaeq	r0, {r3}
878054c4:	00080000 	andeq	r0, r8, r0
878054c8:	07080804 	streq	r0, [r8, -r4, lsl #16]
878054cc:	ff07f8ff 			; <UNDEFINED> instruction: 0xff07f8ff
878054d0:	080004f8 	stmdaeq	r0, {r3, r4, r5, r6, r7, sl}
878054d4:	00000000 	andeq	r0, r0, r0
878054d8:	00040000 	andeq	r0, r4, r0
878054dc:	08000408 	stmdaeq	r0, {r3, sl}
878054e0:	07080004 	streq	r0, [r8, -r4]
878054e4:	ff07f8ff 			; <UNDEFINED> instruction: 0xff07f8ff
878054e8:	080004f8 	stmdaeq	r0, {r3, r4, r5, r6, r7, sl}
878054ec:	04080004 	streq	r0, [r8], #-4
878054f0:	00000800 	andeq	r0, r0, r0, lsl #16
	...
878054fc:	00000600 	andeq	r0, r0, r0, lsl #12
87805500:	01000007 	tsteq	r0, r7
87805504:	04010004 	streq	r0, [r1], #-4
87805508:	00040100 	andeq	r0, r4, r0, lsl #2
8780550c:	feff0703 	cdp2	7, 15, cr0, cr15, cr3, {0}
87805510:	04fcff07 	ldrbteq	pc, [ip], #3847	; 0xf07	; <UNPREDICTABLE>
87805514:	00040000 	andeq	r0, r4, r0
87805518:	00000400 	andeq	r0, r0, r0, lsl #8
8780551c:	07080004 	streq	r0, [r8, -r4]
87805520:	ff07f8ff 			; <UNDEFINED> instruction: 0xff07f8ff
87805524:	080c04f8 	stmdaeq	ip, {r3, r4, r5, r6, r7, sl}
87805528:	00001800 	andeq	r1, r0, r0, lsl #16
8780552c:	c704003e 	smladxgt	r4, lr, r0, r0
87805530:	c8030580 	stmdagt	r3, {r7, r8, sl}
87805534:	04f80006 	ldrbteq	r0, [r8], #6
87805538:	00043800 	andeq	r3, r4, r0, lsl #16
8780553c:	08000018 	stmdaeq	r0, {r3, r4}
87805540:	07080004 	streq	r0, [r8, -r4]
87805544:	ff07f8ff 			; <UNDEFINED> instruction: 0xff07f8ff
87805548:	080004f8 	stmdaeq	r0, {r3, r4, r5, r6, r7, sl}
8780554c:	00080000 	andeq	r0, r8, r0
87805550:	00000800 	andeq	r0, r0, r0, lsl #16
87805554:	08000008 	stmdaeq	r0, {r3}
87805558:	00080000 	andeq	r0, r8, r0
8780555c:	00001800 	andeq	r1, r0, r0, lsl #16
87805560:	00000060 	andeq	r0, r0, r0, rrx
87805564:	07080004 	streq	r0, [r8, -r4]
87805568:	8007f8ff 	strdhi	pc, [r7], -pc	; <UNPREDICTABLE>
8780556c:	00fc0708 	rscseq	r0, ip, r8, lsl #14
87805570:	00c07f00 	sbceq	r7, r0, r0, lsl #30
87805574:	0700f803 	streq	pc, [r0, -r3, lsl #16]
87805578:	007800c0 	rsbseq	r0, r8, r0, asr #1
8780557c:	07088007 	streq	r8, [r8, -r7]
87805580:	ff07f8ff 			; <UNDEFINED> instruction: 0xff07f8ff
87805584:	080004f8 	stmdaeq	r0, {r3, r4, r5, r6, r7, sl}
87805588:	07080004 	streq	r0, [r8, -r4]
8780558c:	0007f8ff 	strdeq	pc, [r7], -pc	; <UNPREDICTABLE>
87805590:	00c00308 	sbceq	r0, r0, r8, lsl #6
87805594:	0000e000 	andeq	lr, r0, r0
87805598:	1e000038 	mcrne	0, 0, r0, cr0, cr8, {1}
8780559c:	00070000 	andeq	r0, r7, r0
878055a0:	04c00100 	strbeq	r0, [r0], #256	; 0x100
878055a4:	ff07f000 			; <UNDEFINED> instruction: 0xff07f000
878055a8:	000004f8 	strdeq	r0, [r0], -r8
878055ac:	00000000 	andeq	r0, r0, r0
878055b0:	ff01807f 			; <UNDEFINED> instruction: 0xff01807f
878055b4:	708003e0 	addvc	r0, r0, r0, ror #7
878055b8:	04180006 	ldreq	r0, [r8], #-6
878055bc:	00040800 	andeq	r0, r4, r0, lsl #16
878055c0:	18000608 	stmdane	r0, {r3, r9, sl}
878055c4:	01300003 	teqeq	r0, r3
878055c8:	7f00e0ff 	svcvc	0x0000e0ff
878055cc:	00000080 	andeq	r0, r0, r0, lsl #1
878055d0:	07080004 	streq	r0, [r8, -r4]
878055d4:	ff07f8ff 			; <UNDEFINED> instruction: 0xff07f8ff
878055d8:	080404f8 	stmdaeq	r4, {r3, r4, r5, r6, r7, sl}
878055dc:	04000404 	streq	r0, [r0], #-1028	; 0x404
878055e0:	04040004 	streq	r0, [r4], #-4
878055e4:	00040400 	andeq	r0, r4, r0, lsl #8
878055e8:	03000c06 	movweq	r0, #3078	; 0xc06
878055ec:	f00100f8 			; <UNDEFINED> instruction: 0xf00100f8
	...
878055f8:	ff01807f 			; <UNDEFINED> instruction: 0xff01807f
878055fc:	708003e0 	addvc	r0, r0, r0, ror #7
87805600:	04880006 	streq	r0, [r8], #6
87805604:	00048800 	andeq	r8, r4, r0, lsl #16
87805608:	3c0006c8 	stccc	6, cr0, [r0], {200}	; 0xc8
8780560c:	013e0003 	teqeq	lr, r3
87805610:	7f00e6ff 	svcvc	0x0000e6ff
87805614:	00000084 	andeq	r0, r0, r4, lsl #1
87805618:	07080004 	streq	r0, [r8, -r4]
8780561c:	ff07f8ff 			; <UNDEFINED> instruction: 0xff07f8ff
87805620:	080804f8 	stmdaeq	r8, {r3, r4, r5, r6, r7, sl}
87805624:	04000804 	streq	r0, [r0], #-2052	; 0x804
87805628:	0f04000c 	svceq	0x0004000c
8780562c:	c00b0400 	andgt	r0, fp, r0, lsl #8
87805630:	03f01006 	mvnseq	r1, #6
87805634:	e00138f0 	strd	r3, [r1], -r0
87805638:	08000008 	stmdaeq	r0, {r3}
8780563c:	01000000 	mrseq	r0, (UNDEF: 0)
87805640:	f003f8e0 			; <UNDEFINED> instruction: 0xf003f8e0
87805644:	10300630 	eorsne	r0, r0, r0, lsr r6
87805648:	04081804 	streq	r1, [r8], #-2052	; 0x804
8780564c:	0c040818 	stceq	8, cr0, [r4], {24}
87805650:	080c0408 	stmdaeq	ip, {r3, sl}
87805654:	02180602 	andseq	r0, r8, #2097152	; 0x200000
87805658:	8107f007 	tsthi	r7, r7
8780565c:	000000e0 	andeq	r0, r0, r0, ror #1
87805660:	06008001 	streq	r8, [r0], -r1
87805664:	00040000 	andeq	r0, r4, r0
87805668:	00000400 	andeq	r0, r0, r0, lsl #8
8780566c:	07080004 	streq	r0, [r8, -r4]
87805670:	ff07f8ff 			; <UNDEFINED> instruction: 0xff07f8ff
87805674:	080004f8 	stmdaeq	r0, {r3, r4, r5, r6, r7, sl}
87805678:	04000004 	streq	r0, [r0], #-4
8780567c:	00060000 	andeq	r0, r6, r0
87805680:	00800100 	addeq	r0, r0, r0, lsl #2
87805684:	07000004 	streq	r0, [r0, -r4]
87805688:	ff07e0ff 			; <UNDEFINED> instruction: 0xff07e0ff
8780568c:	180004f0 	stmdane	r0, {r4, r5, r6, r7, sl}
87805690:	00080000 	andeq	r0, r8, r0
87805694:	00000800 	andeq	r0, r0, r0, lsl #16
87805698:	08000008 	stmdaeq	r0, {r3}
8780569c:	04080000 	streq	r0, [r8], #-0
878056a0:	ff071000 			; <UNDEFINED> instruction: 0xff071000
878056a4:	000004e0 	andeq	r0, r0, r0, ror #9
878056a8:	06000004 	streq	r0, [r0], -r4
878056ac:	e0070000 	and	r0, r7, r0
878056b0:	00fe0700 	rscseq	r0, lr, r0, lsl #14
878056b4:	00e01f04 	rsceq	r1, r0, r4, lsl #30
878056b8:	0000f801 	andeq	pc, r0, r1, lsl #16
878056bc:	e0010038 	and	r0, r1, r8, lsr r0
878056c0:	07003e04 	streq	r3, [r0, -r4, lsl #28]
878056c4:	000600c0 	andeq	r0, r6, r0, asr #1
878056c8:	00000400 	andeq	r0, r0, r0, lsl #8
878056cc:	07000004 	streq	r0, [r0, -r4]
878056d0:	ff0700e0 			; <UNDEFINED> instruction: 0xff0700e0
878056d4:	f81f04c0 			; <UNDEFINED> instruction: 0xf81f04c0
878056d8:	07c00700 	strbeq	r0, [r0, r0, lsl #14]
878056dc:	ff0700f8 			; <UNDEFINED> instruction: 0xff0700f8
878056e0:	f83f0480 			; <UNDEFINED> instruction: 0xf83f0480
878056e4:	04c00700 	strbeq	r0, [r0], #1792	; 0x700
878056e8:	000700f8 	strdeq	r0, [r7], -r8
878056ec:	00000400 	andeq	r0, r0, r0, lsl #8
878056f0:	04000000 	streq	r0, [r0], #-0
878056f4:	00060800 	andeq	r0, r6, r0, lsl #16
878056f8:	78c00718 	stmiavc	r0, {r3, r4, r8, r9, sl}^
878056fc:	00c8f105 	sbceq	pc, r8, r5, lsl #2
87805700:	1f00003e 	svcne	0x0000003e
87805704:	e8630480 	stmda	r3!, {r7, sl}^
87805708:	06f88007 	ldrbteq	r8, [r8], r7
8780570c:	00041800 	andeq	r1, r4, r0, lsl #16
87805710:	00000008 	andeq	r0, r0, r8
87805714:	06000004 	streq	r0, [r0], -r4
87805718:	80070000 	andhi	r0, r7, r0
8780571c:	08e00700 	stmiaeq	r0!, {r8, r9, sl}^
87805720:	00087c04 	andeq	r7, r8, r4, lsl #24
87805724:	0700f81f 	smuadeq	r0, pc, r8	; <UNPREDICTABLE>
87805728:	081800f8 	ldmdaeq	r8, {r3, r4, r5, r6, r7}
8780572c:	0708e004 	streq	lr, [r8, -r4]
87805730:	00060000 	andeq	r0, r6, r0
87805734:	00000400 	andeq	r0, r0, r0, lsl #8
87805738:	01000000 	mrseq	r0, (UNDEF: 0)
8780573c:	00060800 	andeq	r0, r6, r0, lsl #16
87805740:	f8000438 			; <UNDEFINED> instruction: 0xf8000438
87805744:	04e80304 	strbteq	r0, [r8], #772	; 0x304
87805748:	7c04080f 	stcvc	8, cr0, [r4], {15}
8780574c:	08f00508 	ldmeq	r0!, {r3, r8, sl}^
87805750:	0708c007 	streq	ip, [r8, -r7]
87805754:	00041800 	andeq	r1, r4, r0, lsl #16
87805758:	00000060 	andeq	r0, r0, r0, rrx
	...
87805768:	3f000000 	svccc	0x00000000
8780576c:	0020feff 	strdeq	pc, [r0], -pc	; <UNPREDICTABLE>
87805770:	02002002 	andeq	r2, r0, #2
87805774:	20020020 	andcs	r0, r2, r0, lsr #32
87805778:	00200200 	eoreq	r0, r0, r0, lsl #4
8780577c:	00000002 	andeq	r0, r0, r2
87805780:	00000000 	andeq	r0, r0, r0
87805784:	00080000 	andeq	r0, r8, r0
87805788:	00000700 	andeq	r0, r0, r0, lsl #14
8780578c:	0000c000 	andeq	ip, r0, r0
87805790:	06000038 			; <UNDEFINED> instruction: 0x06000038
87805794:	c0010000 	andgt	r0, r1, r0
87805798:	00300000 	eorseq	r0, r0, r0
8780579c:	00000e00 	andeq	r0, r0, r0, lsl #28
878057a0:	00000001 	andeq	r0, r0, r1
878057a4:	00000000 	andeq	r0, r0, r0
878057a8:	00200000 	eoreq	r0, r0, r0
878057ac:	02002002 	andeq	r2, r0, #2
878057b0:	20020020 	andcs	r0, r2, r0, lsr #32
878057b4:	00200200 	eoreq	r0, r0, r0, lsl #4
878057b8:	feff3f02 	cdp2	15, 15, cr3, cr15, cr2, {0}
	...
878057d0:	00000800 	andeq	r0, r0, r0, lsl #16
878057d4:	30000010 	andcc	r0, r0, r0, lsl r0
878057d8:	00200000 	eoreq	r0, r0, r0
878057dc:	00003000 	andeq	r3, r0, r0
878057e0:	08000010 	stmdaeq	r0, {r4}
	...
878057ec:	00010000 	andeq	r0, r1, r0
878057f0:	00000100 	andeq	r0, r0, r0, lsl #2
878057f4:	01000001 	tsteq	r0, r1
878057f8:	00010000 	andeq	r0, r1, r0
878057fc:	00000100 	andeq	r0, r0, r0, lsl #2
87805800:	01000001 	tsteq	r0, r1
87805804:	00010000 	andeq	r0, r1, r0
87805808:	00000100 	andeq	r0, r0, r0, lsl #2
8780580c:	01000001 	tsteq	r0, r1
	...
87805818:	00002000 	andeq	r2, r0, r0
8780581c:	10000020 	andne	r0, r0, r0, lsr #32
87805820:	00100000 	andseq	r0, r0, r0
	...
87805838:	1900f000 	stmdbne	r0, {ip, sp, lr, pc}
8780583c:	181b00f8 	ldmdane	fp, {r3, r4, r5, r6, r7}
87805840:	00082200 	andeq	r2, r8, r0, lsl #4
87805844:	24000826 	strcs	r0, [r0], #-2086	; 0x826
87805848:	10240008 	eorne	r0, r4, r8
8780584c:	00f83f00 	rscseq	r3, r8, r0, lsl #30
87805850:	0000f81f 	andeq	pc, r0, pc, lsl r8	; <UNPREDICTABLE>
87805854:	18000008 	stmdane	r0, {r3}
87805858:	04000000 	streq	r0, [r0], #-0
8780585c:	ff070000 			; <UNDEFINED> instruction: 0xff070000
87805860:	f0ff0ff8 			; <UNDEFINED> instruction: 0xf0ff0ff8
87805864:	00181800 	andseq	r1, r8, r0, lsl #16
87805868:	20000810 	andcs	r0, r0, r0, lsl r8
8780586c:	08200008 	stmdaeq	r0!, {r3}
87805870:	00183000 	andseq	r3, r8, r0
87805874:	0f00f01f 	svceq	0x0000f01f
87805878:	000000c0 	andeq	r0, r0, r0, asr #1
8780587c:	00000000 	andeq	r0, r0, r0
87805880:	1f00c007 	svcne	0x0000c007
87805884:	301800f0 	ldrshcc	r0, [r8], -r0	; <UNPREDICTABLE>
87805888:	00082000 	andeq	r2, r8, r0
8780588c:	20000820 	andcs	r0, r0, r0, lsr #16
87805890:	083c0008 	ldmdaeq	ip!, {r3}
87805894:	00101c00 	andseq	r1, r0, r0, lsl #24
87805898:	00006000 	andeq	r6, r0, r0
	...
878058a4:	1f00c007 	svcne	0x0000c007
878058a8:	183800f0 	ldmdane	r8!, {r4, r5, r6, r7}
878058ac:	00082000 	andeq	r2, r8, r0
878058b0:	20000820 	andcs	r0, r0, r0, lsr #16
878058b4:	10100408 	andsne	r0, r0, r8, lsl #8
878058b8:	0ff8ff07 	svceq	0x00f8ff07
878058bc:	0000f0ff 	strdeq	pc, [r0], -pc	; <UNPREDICTABLE>
878058c0:	00000010 	andeq	r0, r0, r0, lsl r0
878058c4:	00000000 	andeq	r0, r0, r0
878058c8:	07000000 	streq	r0, [r0, -r0]
878058cc:	f01f00c0 			; <UNDEFINED> instruction: 0xf01f00c0
878058d0:	00301200 	eorseq	r1, r0, r0, lsl #4
878058d4:	22001822 	andcs	r1, r0, #2228224	; 0x220000
878058d8:	08220008 	stmdaeq	r2!, {r3}
878058dc:	00083200 	andeq	r3, r8, r0, lsl #4
878058e0:	0e00101e 	mcreq	0, 0, r1, cr0, cr14, {0}
878058e4:	00000020 	andeq	r0, r0, r0, lsr #32
878058e8:	00000000 	andeq	r0, r0, r0
878058ec:	20000020 	andcs	r0, r0, r0, lsr #32
878058f0:	08200008 	stmdaeq	r0!, {r3}
878058f4:	03f8ff01 	mvnseq	pc, #1, 30
878058f8:	2006f8ff 	strdcs	pc, [r6], -pc	; <UNPREDICTABLE>
878058fc:	08200408 	stmdaeq	r0!, {r3, sl}
87805900:	07082004 	streq	r2, [r8, -r4]
87805904:	00030020 	andeq	r0, r3, r0, lsr #32
	...
87805910:	0e000e00 	cdpeq	14, 0, cr0, cr0, cr0, {0}
87805914:	f31f006e 	vhadd.u16	q0, <illegal reg q7.5>, q15
87805918:	00b13100 	adcseq	r3, r1, r0, lsl #2
8780591c:	2000b120 	andcs	fp, r0, r0, lsr #2
87805920:	913100b1 	ldrhls	r0, [r1, -r1]!
87805924:	00131f00 	andseq	r1, r3, r0, lsl #30
87805928:	20001e2e 	andcs	r1, r0, lr, lsr #28
8780592c:	0030000e 	eorseq	r0, r0, lr
87805930:	04000000 	streq	r0, [r0], #-0
87805934:	ff070800 			; <UNDEFINED> instruction: 0xff070800
87805938:	f8ff0ff8 			; <UNDEFINED> instruction: 0xf8ff0ff8
8780593c:	00081000 	andeq	r1, r8, r0
87805940:	20000020 	andcs	r0, r0, r0, lsr #32
87805944:	08200000 	stmdaeq	r0!, {}	; <UNPREDICTABLE>
87805948:	00f83f00 	rscseq	r3, r8, r0, lsl #30
8780594c:	0000f81f 	andeq	pc, r0, pc, lsl r8	; <UNPREDICTABLE>
87805950:	00000008 	andeq	r0, r0, r8
87805954:	00000000 	andeq	r0, r0, r0
87805958:	20000000 	andcs	r0, r0, r0
8780595c:	08200008 	stmdaeq	r0!, {r3}
87805960:	06082000 	streq	r2, [r8], -r0
87805964:	3f06f83f 	svccc	0x0006f83f
87805968:	080000f8 	stmdaeq	r0, {r3, r4, r5, r6, r7}
8780596c:	00080000 	andeq	r0, r8, r0
87805970:	00000800 	andeq	r0, r0, r0, lsl #16
	...
87805980:	03000003 	movweq	r0, #3
87805984:	00012000 	andeq	r2, r1, r0
87805988:	20000120 	andcs	r0, r0, r0, lsr #2
8780598c:	fe3f0603 	cdp2	6, 3, cr0, cr15, cr3, {0}
87805990:	00fc3f06 	rscseq	r3, ip, r6, lsl #30
	...
8780599c:	04000000 	streq	r0, [r0], #-0
878059a0:	ff070800 			; <UNDEFINED> instruction: 0xff070800
878059a4:	f8ff0ff8 			; <UNDEFINED> instruction: 0xf8ff0ff8
878059a8:	00880100 	addeq	r0, r8, r0, lsl #2
878059ac:	2f000003 	svccs	0x00000003
878059b0:	f83800c0 			; <UNDEFINED> instruction: 0xf83800c0
878059b4:	00382000 	eorseq	r2, r8, r0
878059b8:	00000820 	andeq	r0, r0, r0, lsr #16
878059bc:	00000008 	andeq	r0, r0, r8
878059c0:	00000000 	andeq	r0, r0, r0
878059c4:	00040000 	andeq	r0, r4, r0
878059c8:	08000408 	stmdaeq	r0, {r3, sl}
878059cc:	07080004 	streq	r0, [r8, -r4]
878059d0:	ff0ff8ff 			; <UNDEFINED> instruction: 0xff0ff8ff
878059d4:	080000f8 	stmdaeq	r0, {r3, r4, r5, r6, r7}
878059d8:	00080000 	andeq	r0, r8, r0
878059dc:	00000800 	andeq	r0, r0, r0, lsl #16
878059e0:	00000000 	andeq	r0, r0, r0
878059e4:	00082000 	andeq	r2, r8, r0
878059e8:	3f00f83f 	svccc	0x0000f83f
878059ec:	081000f8 	ldmdaeq	r0, {r3, r4, r5, r6, r7}
878059f0:	00002000 	andeq	r2, r0, r0
878059f4:	3f00f83f 	svccc	0x0000f83f
878059f8:	081000f8 	ldmdaeq	r0, {r3, r4, r5, r6, r7}
878059fc:	00002000 	andeq	r2, r0, r0
87805a00:	3f00f83f 	svccc	0x0000f83f
87805a04:	080000f8 	stmdaeq	r0, {r3, r4, r5, r6, r7}
87805a08:	00000000 	andeq	r0, r0, r0
87805a0c:	3f000820 	svccc	0x00000820
87805a10:	f83f00f8 			; <UNDEFINED> instruction: 0xf83f00f8
87805a14:	00081000 	andeq	r1, r8, r0
87805a18:	20000010 	andcs	r0, r0, r0, lsl r0
87805a1c:	08200000 	stmdaeq	r0!, {}	; <UNPREDICTABLE>
87805a20:	00f83f00 	rscseq	r3, r8, r0, lsl #30
87805a24:	0000f81f 	andeq	pc, r0, pc, lsl r8	; <UNPREDICTABLE>
87805a28:	00000008 	andeq	r0, r0, r8
87805a2c:	00000000 	andeq	r0, r0, r0
87805a30:	0f00c007 	svceq	0x0000c007
87805a34:	301800f0 	ldrshcc	r0, [r8], -r0	; <UNPREDICTABLE>
87805a38:	00083000 	andeq	r3, r8, r0
87805a3c:	20000820 	andcs	r0, r0, r0, lsr #16
87805a40:	08300008 	ldmdaeq	r0!, {r3}
87805a44:	00301800 	eorseq	r1, r0, r0, lsl #16
87805a48:	0700f00f 	streq	pc, [r0, -pc]
87805a4c:	000000c0 	andeq	r0, r0, r0, asr #1
87805a50:	00000000 	andeq	r0, r0, r0
87805a54:	3f000120 	svccc	0x00000120
87805a58:	ff3f00ff 			; <UNDEFINED> instruction: 0xff3f00ff
87805a5c:	00111000 	andseq	r1, r1, r0
87805a60:	20000920 	andcs	r0, r0, r0, lsr #18
87805a64:	08200008 	stmdaeq	r0!, {r3}
87805a68:	00383000 	eorseq	r3, r8, r0
87805a6c:	0f00f01f 	svceq	0x0000f01f
87805a70:	000000c0 	andeq	r0, r0, r0, asr #1
87805a74:	00000000 	andeq	r0, r0, r0
87805a78:	1f00c007 	svcne	0x0000c007
87805a7c:	183800f0 	ldmdane	r8!, {r4, r5, r6, r7}
87805a80:	00082000 	andeq	r2, r8, r0
87805a84:	20000820 	andcs	r0, r0, r0, lsr #16
87805a88:	11100009 	tstne	r0, r9
87805a8c:	00ff1f00 	rscseq	r1, pc, r0, lsl #30
87805a90:	0000ff3f 	andeq	pc, r0, pc, lsr pc	; <UNPREDICTABLE>
87805a94:	00000001 	andeq	r0, r0, r1
87805a98:	00082000 	andeq	r2, r8, r0
87805a9c:	20000820 	andcs	r0, r0, r0, lsr #16
87805aa0:	f83f0008 			; <UNDEFINED> instruction: 0xf83f0008
87805aa4:	00f83f00 	rscseq	r3, r8, r0, lsl #30
87805aa8:	10000808 	andne	r0, r0, r8, lsl #16
87805aac:	08200008 	stmdaeq	r0!, {r3}
87805ab0:	00002000 	andeq	r2, r0, r0
87805ab4:	30000030 	andcc	r0, r0, r0, lsr r0
	...
87805ac0:	0c000000 	stceq	0, cr0, [r0], {-0}
87805ac4:	181e0078 	ldmdane	lr, {r3, r4, r5, r6}
87805ac8:	00083300 	andeq	r3, r8, r0, lsl #6
87805acc:	21000823 	tstcs	r0, r3, lsr #16
87805ad0:	88210008 	stmdahi	r1!, {r3}
87805ad4:	00982100 	addseq	r2, r8, r0, lsl #2
87805ad8:	3800f030 	stmdacc	r0, {r4, r5, ip, sp, lr, pc}
87805adc:	00000060 	andeq	r0, r0, r0, rrx
87805ae0:	00000000 	andeq	r0, r0, r0
87805ae4:	20000020 	andcs	r0, r0, r0, lsr #32
87805ae8:	00200000 	eoreq	r0, r0, r0
87805aec:	03f0ff00 	mvnseq	pc, #0, 30
87805af0:	2000f8ff 	strdcs	pc, [r0], -pc	; <UNPREDICTABLE>
87805af4:	08200008 	stmdaeq	r0!, {r3}
87805af8:	00082000 	andeq	r2, r8, r0
87805afc:	00003000 	andeq	r3, r0, r0
	...
87805b08:	3f000020 	svccc	0x00000020
87805b0c:	f87f00f0 			; <UNDEFINED> instruction: 0xf87f00f0
87805b10:	00180000 	andseq	r0, r8, r0
87805b14:	00000800 	andeq	r0, r0, r0, lsl #16
87805b18:	10200008 	eorne	r0, r0, r8
87805b1c:	00f83f00 	rscseq	r3, r8, r0, lsl #30
87805b20:	0000f07f 	andeq	pc, r0, pc, ror r0	; <UNPREDICTABLE>
87805b24:	00000010 	andeq	r0, r0, r0, lsl r0
87805b28:	00000000 	andeq	r0, r0, r0
87805b2c:	30000020 	andcc	r0, r0, r0, lsr #32
87805b30:	003c0000 	eorseq	r0, ip, r0
87805b34:	00803f00 	addeq	r3, r0, r0, lsl #30
87805b38:	0000f023 	andeq	pc, r0, r3, lsr #32
87805b3c:	70000078 	andvc	r0, r0, r8, ror r0
87805b40:	00802300 	addeq	r2, r0, r0, lsl #6
87805b44:	3000003c 	andcc	r0, r0, ip, lsr r0
87805b48:	00200000 	eoreq	r0, r0, r0
87805b4c:	00002000 	andeq	r2, r0, r0
87805b50:	3f00003c 	svccc	0x0000003c
87805b54:	f82300e0 			; <UNDEFINED> instruction: 0xf82300e0
87805b58:	00e00000 	rsceq	r0, r0, r0
87805b5c:	3e000027 	cdpcc	0, 0, cr0, cr0, cr7, {1}
87805b60:	e03f0000 	eors	r0, pc, r0
87805b64:	00f82100 	rscseq	r2, r8, r0, lsl #2
87805b68:	3e00e001 	cdpcc	0, 0, cr14, cr0, cr1, {0}
87805b6c:	00200000 	eoreq	r0, r0, r0
87805b70:	00000000 	andeq	r0, r0, r0
87805b74:	20000820 	andcs	r0, r0, r0, lsr #16
87805b78:	38380008 	ldmdacc	r8!, {r3}
87805b7c:	00683e00 	rsbeq	r3, r8, r0, lsl #28
87805b80:	03008027 	movweq	r8, #39	; 0x27
87805b84:	f82c00c8 			; <UNDEFINED> instruction: 0xf82c00c8
87805b88:	00383800 	eorseq	r3, r8, r0, lsl #16
87805b8c:	20001820 	andcs	r1, r0, r0, lsr #16
87805b90:	00000008 	andeq	r0, r0, r8
87805b94:	00000000 	andeq	r0, r0, r0
87805b98:	30000020 	andcc	r0, r0, r0, lsr #32
87805b9c:	013c0003 	teqeq	ip, r3
87805ba0:	00833f00 	addeq	r3, r3, r0, lsl #30
87805ba4:	0000ec23 	andeq	lr, r0, r3, lsr #24
87805ba8:	80230070 	eorhi	r0, r3, r0, ror r0
87805bac:	00003c00 	andeq	r3, r0, r0, lsl #24
87805bb0:	20000020 	andcs	r0, r0, r0, lsr #32
	...
87805bbc:	38000000 	stmdacc	r0, {}	; <UNPREDICTABLE>
87805bc0:	38200008 	stmdacc	r0!, {r3}
87805bc4:	00f82000 	rscseq	r2, r8, r0
87805bc8:	2f00e823 	svccs	0x0000e823
87805bcc:	083e0088 	ldmdaeq	lr!, {r3, r7}
87805bd0:	00083800 	andeq	r3, r8, r0, lsl #16
87805bd4:	00001820 	andeq	r1, r0, r0, lsr #16
87805bd8:	00000070 	andeq	r0, r0, r0, ror r0
	...
87805bec:	14000008 	strne	r0, [r0], #-8
87805bf0:	fcf71f00 	ldc2l	15, cr1, [r7]
87805bf4:	20060030 	andcs	r0, r6, r0, lsr r0
87805bf8:	00000200 	andeq	r0, r0, r0, lsl #4
	...
87805c10:	ffff0000 			; <UNDEFINED> instruction: 0xffff0000
87805c14:	000000ff 	strdeq	r0, [r0], -pc	; <UNPREDICTABLE>
	...
87805c28:	00200000 	eoreq	r0, r0, r0
87805c2c:	06003002 	streq	r3, [r0], -r2
87805c30:	00fcf71f 	rscseq	pc, ip, pc, lsl r7	; <UNPREDICTABLE>
87805c34:	08000014 	stmdaeq	r0, {r2, r4}
	...
87805c48:	18000000 	stmdane	r0, {}	; <UNPREDICTABLE>
87805c4c:	00600000 	rsbeq	r0, r0, r0
87805c50:	00004000 	andeq	r4, r0, r0
87805c54:	20000040 	andcs	r0, r0, r0, asr #32
87805c58:	00100000 	andseq	r0, r0, r0
87805c5c:	00000800 	andeq	r0, r0, r0, lsl #16
87805c60:	04000004 	streq	r0, [r0], #-4
87805c64:	000c0000 	andeq	r0, ip, r0
87805c68:	00001000 	andeq	r1, r0, r0

87805c6c <asc2_1608>:
	...
87805c80:	cc1f0000 	ldcgt	0, cr0, [pc], {-0}
87805c84:	00000c00 	andeq	r0, r0, r0, lsl #24
87805c88:	00000000 	andeq	r0, r0, r0
87805c8c:	00080000 	andeq	r0, r8, r0
87805c90:	00600030 	rsbeq	r0, r0, r0, lsr r0
87805c94:	00300008 	eorseq	r0, r0, r8
87805c98:	00000060 	andeq	r0, r0, r0, rrx
87805c9c:	fc032002 	stc2	0, cr2, [r3], {2}
87805ca0:	2002201e 	andcs	r2, r2, lr, lsl r0
87805ca4:	201efc03 	andscs	pc, lr, r3, lsl #24
87805ca8:	00002002 	andeq	r2, r0, r2
87805cac:	180e0000 	stmdane	lr, {}	; <UNPREDICTABLE>
87805cb0:	ff3f0411 			; <UNDEFINED> instruction: 0xff3f0411
87805cb4:	780c8410 	stmdavc	ip, {r4, sl, pc}
87805cb8:	00000000 	andeq	r0, r0, r0
87805cbc:	8410000f 	ldrhi	r0, [r0], #-15
87805cc0:	c000380f 	andgt	r3, r0, pc, lsl #16
87805cc4:	84187807 	ldrhi	r7, [r8], #-2055	; 0x807
87805cc8:	00007800 	andeq	r7, r0, r0, lsl #16
87805ccc:	840f7800 	strhi	r7, [pc], #-2048	; 87805cd4 <asc2_1608+0x68>
87805cd0:	2411c410 	ldrcs	ip, [r1], #-1040	; 0x410
87805cd4:	e400980e 	str	r9, [r0], #-2062	; 0x80e
87805cd8:	08008400 	stmdaeq	r0, {sl, pc}
87805cdc:	00680008 	rsbeq	r0, r8, r8
87805ce0:	00000070 	andeq	r0, r0, r0, ror r0
	...
87805cf0:	e0070000 	and	r0, r7, r0
87805cf4:	04201818 	strteq	r1, [r0], #-2072	; 0x818
87805cf8:	00000240 	andeq	r0, r0, r0, asr #4
87805cfc:	02400000 	subeq	r0, r0, #0
87805d00:	18180420 	ldmdane	r8, {r5, sl}
87805d04:	0000e007 	andeq	lr, r0, r7
87805d08:	00000000 	andeq	r0, r0, r0
87805d0c:	40024002 	andmi	r4, r2, r2
87805d10:	f00f8001 			; <UNDEFINED> instruction: 0xf00f8001
87805d14:	40028001 	andmi	r8, r2, r1
87805d18:	00004002 	andeq	r4, r0, r2
87805d1c:	80008000 	andhi	r8, r0, r0
87805d20:	f80f8000 			; <UNDEFINED> instruction: 0xf80f8000
87805d24:	80008000 	andhi	r8, r0, r0
87805d28:	00008000 	andeq	r8, r0, r0
87805d2c:	0d000100 	stfeqs	f0, [r0, #-0]
87805d30:	00000e00 	andeq	r0, r0, r0, lsl #28
	...
87805d3c:	80000000 	andhi	r0, r0, r0
87805d40:	80008000 	andhi	r8, r0, r0
87805d44:	80008000 	andhi	r8, r0, r0
87805d48:	80008000 	andhi	r8, r0, r0
87805d4c:	0c000000 	stceq	0, cr0, [r0], {-0}
87805d50:	00000c00 	andeq	r0, r0, r0, lsl #24
	...
87805d5c:	06000000 	streq	r0, [r0], -r0
87805d60:	60001800 	andvs	r1, r0, r0, lsl #16
87805d64:	00068001 	andeq	r8, r6, r1
87805d68:	00200018 	eoreq	r0, r0, r8, lsl r0
87805d6c:	f0070000 			; <UNDEFINED> instruction: 0xf0070000
87805d70:	04100808 	ldreq	r0, [r0], #-2056	; 0x808
87805d74:	08080410 	stmdaeq	r8, {r4, sl}
87805d78:	0000f007 	andeq	pc, r0, r7
87805d7c:	04080000 	streq	r0, [r8], #-0
87805d80:	fc1f0408 	ldc2	4, cr0, [pc], {8}
87805d84:	04000400 	streq	r0, [r0], #-1024	; 0x400
87805d88:	00000000 	andeq	r0, r0, r0
87805d8c:	0c0e0000 	stceq	0, cr0, [lr], {-0}
87805d90:	24101410 	ldrcs	r1, [r0], #-1040	; 0x410
87805d94:	84114410 	ldrhi	r4, [r1], #-1040	; 0x410
87805d98:	00000c0e 	andeq	r0, r0, lr, lsl #24
87805d9c:	180c0000 	stmdane	ip, {}	; <UNPREDICTABLE>
87805da0:	04110410 	ldreq	r0, [r1], #-1040	; 0x410
87805da4:	88120411 	ldmdahi	r2, {r0, r4, sl}
87805da8:	0000700c 	andeq	r7, r0, ip
87805dac:	e0000000 	and	r0, r0, r0
87805db0:	24042003 	strcs	r2, [r4], #-3
87805db4:	fc1f2408 	ldc2	4, cr2, [pc], {8}
87805db8:	00002400 	andeq	r2, r0, r0, lsl #8
87805dbc:	981f0000 	ldmdals	pc, {}	; <UNPREDICTABLE>
87805dc0:	04118410 	ldreq	r8, [r1], #-1040	; 0x410
87805dc4:	88100411 	ldmdahi	r0, {r0, r4, sl}
87805dc8:	00007010 	andeq	r7, r0, r0, lsl r0
87805dcc:	f0070000 			; <UNDEFINED> instruction: 0xf0070000
87805dd0:	04118808 	ldreq	r8, [r1], #-2056	; 0x808
87805dd4:	88180411 	ldmdahi	r8, {r0, r4, sl}
87805dd8:	00007000 	andeq	r7, r0, r0
87805ddc:	001c0000 	andseq	r0, ip, r0
87805de0:	fc100010 	ldc2	0, cr0, [r0], {16}
87805de4:	001c0013 	andseq	r0, ip, r3, lsl r0
87805de8:	00000010 	andeq	r0, r0, r0, lsl r0
87805dec:	380e0000 	stmdacc	lr, {}	; <UNPREDICTABLE>
87805df0:	84104411 	ldrhi	r4, [r0], #-1041	; 0x411
87805df4:	44118410 	ldrmi	r8, [r1], #-1040	; 0x410
87805df8:	0000380e 	andeq	r3, r0, lr, lsl #16
87805dfc:	00070000 	andeq	r0, r7, r0
87805e00:	44108c08 	ldrmi	r8, [r0], #-3080	; 0xc08
87805e04:	88084410 	stmdahi	r8, {r4, sl, lr}
87805e08:	0000f007 	andeq	pc, r0, r7
87805e0c:	00000000 	andeq	r0, r0, r0
87805e10:	0c030000 	stceq	0, cr0, [r3], {-0}
87805e14:	00000c03 	andeq	r0, r0, r3, lsl #24
	...
87805e20:	06010100 	streq	r0, [r1], -r0, lsl #2
	...
87805e2c:	80000000 	andhi	r0, r0, r0
87805e30:	20024001 	andcs	r4, r2, r1
87805e34:	08081004 	stmdaeq	r8, {r2, ip}
87805e38:	00000410 	andeq	r0, r0, r0, lsl r4
87805e3c:	20022002 	andcs	r2, r2, r2
87805e40:	20022002 	andcs	r2, r2, r2
87805e44:	20022002 	andcs	r2, r2, r2
87805e48:	00002002 	andeq	r2, r0, r2
87805e4c:	04100000 	ldreq	r0, [r0], #-0
87805e50:	10040808 	andne	r0, r4, r8, lsl #16
87805e54:	40012002 	andmi	r2, r1, r2
87805e58:	00008000 	andeq	r8, r0, r0
87805e5c:	000e0000 	andeq	r0, lr, r0
87805e60:	0c100012 	ldceq	0, cr0, [r0], {18}
87805e64:	80106c10 	andshi	r6, r0, r0, lsl ip
87805e68:	0000000f 	andeq	r0, r0, pc
87805e6c:	180ce003 	stmdane	ip, {r0, r1, sp, lr, pc}
87805e70:	2414e413 	ldrcs	lr, [r4], #-1043	; 0x413
87805e74:	2808c417 	stmdacs	r8, {r0, r1, r2, r4, sl, lr, pc}
87805e78:	0000d007 	andeq	sp, r0, r7
87805e7c:	3c000400 	cfstrscc	mvf0, [r0], {-0}
87805e80:	401cc403 	andsmi	ip, ip, r3, lsl #8
87805e84:	e4004007 	str	r4, [r0], #-7
87805e88:	04001c00 	streq	r1, [r0], #-3072	; 0xc00
87805e8c:	fc1f0410 	ldc2	4, cr0, [pc], {16}
87805e90:	04110411 	ldreq	r0, [r1], #-1041	; 0x411
87805e94:	880e0411 	stmdahi	lr, {r0, r4, sl}
87805e98:	00007000 	andeq	r7, r0, r0
87805e9c:	180ce003 	stmdane	ip, {r0, r1, sp, lr, pc}
87805ea0:	04100410 	ldreq	r0, [r0], #-1040	; 0x410
87805ea4:	08100410 	ldmdaeq	r0, {r4, sl}
87805ea8:	0000101c 	andeq	r1, r0, ip, lsl r0
87805eac:	fc1f0410 	ldc2	4, cr0, [pc], {16}
87805eb0:	04100410 	ldreq	r0, [r0], #-1040	; 0x410
87805eb4:	08080410 	stmdaeq	r8, {r4, sl}
87805eb8:	0000f007 	andeq	pc, r0, r7
87805ebc:	fc1f0410 	ldc2	4, cr0, [pc], {16}
87805ec0:	04110411 	ldreq	r0, [r1], #-1041	; 0x411
87805ec4:	0410c417 	ldreq	ip, [r0], #-1047	; 0x417
87805ec8:	00001808 	andeq	r1, r0, r8, lsl #16
87805ecc:	fc1f0410 	ldc2	4, cr0, [pc], {16}
87805ed0:	00110411 	andseq	r0, r1, r1, lsl r4
87805ed4:	0010c017 	andseq	ip, r0, r7, lsl r0
87805ed8:	00000008 	andeq	r0, r0, r8
87805edc:	180ce003 	stmdane	ip, {r0, r1, sp, lr, pc}
87805ee0:	04100410 	ldreq	r0, [r0], #-1040	; 0x410
87805ee4:	781c4410 	ldmdavc	ip, {r4, sl, lr}
87805ee8:	00004000 	andeq	r4, r0, r0
87805eec:	fc1f0410 	ldc2	4, cr0, [pc], {16}
87805ef0:	80008410 	andhi	r8, r0, r0, lsl r4
87805ef4:	84108000 	ldrhi	r8, [r0], #-0
87805ef8:	0410fc1f 	ldreq	pc, [r0], #-3103	; 0xc1f
87805efc:	04100000 	ldreq	r0, [r0], #-0
87805f00:	fc1f0410 	ldc2	4, cr0, [pc], {16}
87805f04:	04100410 	ldreq	r0, [r0], #-1040	; 0x410
87805f08:	00000000 	andeq	r0, r0, r0
87805f0c:	01000300 	mrseq	r0, LR_irq
87805f10:	01100110 	tsteq	r0, r0, lsl r1
87805f14:	0010fe1f 	andseq	pc, r0, pc, lsl lr	; <UNPREDICTABLE>
87805f18:	00000010 	andeq	r0, r0, r0, lsl r0
87805f1c:	fc1f0410 	ldc2	4, cr0, [pc], {16}
87805f20:	80030411 	andhi	r0, r3, r1, lsl r4
87805f24:	1c186414 	cfldrsne	mvf6, [r8], {20}
87805f28:	00000410 	andeq	r0, r0, r0, lsl r4
87805f2c:	fc1f0410 	ldc2	4, cr0, [pc], {16}
87805f30:	04000410 	streq	r0, [r0], #-1040	; 0x410
87805f34:	04000400 	streq	r0, [r0], #-1024	; 0x400
87805f38:	00000c00 	andeq	r0, r0, r0, lsl #24
87805f3c:	fc1f0410 	ldc2	4, cr0, [pc], {16}
87805f40:	fc00001f 	stc2	0, cr0, [r0], {31}
87805f44:	fc1f001f 	ldc2	0, cr0, [pc], {31}
87805f48:	00000410 	andeq	r0, r0, r0, lsl r4
87805f4c:	fc1f0410 	ldc2	4, cr0, [pc], {16}
87805f50:	0003040c 	andeq	r0, r3, ip, lsl #8
87805f54:	1810e000 	ldmdane	r0, {sp, lr, pc}
87805f58:	0010fc1f 	andseq	pc, r0, pc, lsl ip	; <UNPREDICTABLE>
87805f5c:	0808f007 	stmdaeq	r8, {r0, r1, r2, ip, sp, lr, pc}
87805f60:	04100410 	ldreq	r0, [r0], #-1040	; 0x410
87805f64:	08080410 	stmdaeq	r8, {r4, sl}
87805f68:	0000f007 	andeq	pc, r0, r7
87805f6c:	fc1f0410 	ldc2	4, cr0, [pc], {16}
87805f70:	80108410 	andshi	r8, r0, r0, lsl r4
87805f74:	80108010 	andshi	r8, r0, r0, lsl r0
87805f78:	0000000f 	andeq	r0, r0, pc
87805f7c:	1808f007 	stmdane	r8, {r0, r1, r2, ip, sp, lr, pc}
87805f80:	24102410 	ldrcs	r2, [r0], #-1040	; 0x410
87805f84:	0a081c10 	beq	87a0cfcc <__bss_end+0x202ed4>
87805f88:	0000f207 	andeq	pc, r0, r7, lsl #4
87805f8c:	fc1f0410 	ldc2	4, cr0, [pc], {16}
87805f90:	00110411 	andseq	r0, r1, r1, lsl r4
87805f94:	3011c011 	andscc	ip, r1, r1, lsl r0
87805f98:	04000c0e 	streq	r0, [r0], #-3086	; 0xc0e
87805f9c:	1c0e0000 	stcne	0, cr0, [lr], {-0}
87805fa0:	84100411 	ldrhi	r0, [r0], #-1041	; 0x411
87805fa4:	44108410 	ldrmi	r8, [r0], #-1040	; 0x410
87805fa8:	0000381c 	andeq	r3, r0, ip, lsl r8
87805fac:	00100018 	andseq	r0, r0, r8, lsl r0
87805fb0:	fc1f0410 	ldc2	4, cr0, [pc], {16}
87805fb4:	00100410 	andseq	r0, r0, r0, lsl r4
87805fb8:	00000018 	andeq	r0, r0, r8, lsl r0
87805fbc:	f81f0010 			; <UNDEFINED> instruction: 0xf81f0010
87805fc0:	04000410 	streq	r0, [r0], #-1040	; 0x410
87805fc4:	04100400 	ldreq	r0, [r0], #-1024	; 0x400
87805fc8:	0010f81f 	andseq	pc, r0, pc, lsl r8	; <UNPREDICTABLE>
87805fcc:	001e0010 	andseq	r0, lr, r0, lsl r0
87805fd0:	1c00e011 	stcne	0, cr14, [r0], {17}
87805fd4:	80137000 	andshi	r7, r3, r0
87805fd8:	0010001c 	andseq	r0, r0, ip, lsl r0
87805fdc:	3c10c01f 	ldccc	0, cr12, [r0], {31}
87805fe0:	001fe000 	andseq	lr, pc, r0
87805fe4:	3c10e000 	ldccc	0, cr14, [r0], {-0}
87805fe8:	0000c01f 	andeq	ip, r0, pc, lsl r0
87805fec:	0c180410 	cfldrseq	mvf0, [r8], {16}
87805ff0:	c0013416 	andgt	r3, r1, r6, lsl r4
87805ff4:	3416c001 	ldrcc	ip, [r6], #-1
87805ff8:	04100c18 	ldreq	r0, [r0], #-3096	; 0xc18
87805ffc:	001c0010 	andseq	r0, ip, r0, lsl r0
87806000:	fc000413 	stc2	4, cr0, [r0], {19}
87806004:	001c0413 	andseq	r0, ip, r3, lsl r4
87806008:	00000010 	andeq	r0, r0, r0, lsl r0
8780600c:	1c100408 	cfldrsne	mvf0, [r0], {8}
87806010:	84106410 	ldrhi	r6, [r0], #-1040	; 0x410
87806014:	041c0413 	ldreq	r0, [ip], #-1043	; 0x413
87806018:	00001810 	andeq	r1, r0, r0, lsl r8
8780601c:	00000000 	andeq	r0, r0, r0
87806020:	fe7f0000 	cdp2	0, 7, cr0, cr15, cr0, {0}
87806024:	02400240 	subeq	r0, r0, #64, 4
87806028:	00000240 	andeq	r0, r0, r0, asr #4
8780602c:	00300000 	eorseq	r0, r0, r0
87806030:	8003000c 	andhi	r0, r3, ip
87806034:	1c006000 	stcne	0, cr6, [r0], {-0}
87806038:	00000300 	andeq	r0, r0, r0, lsl #6
8780603c:	02400000 	subeq	r0, r0, #0
87806040:	02400240 	subeq	r0, r0, #64, 4
87806044:	0000fe7f 	andeq	pc, r0, pc, ror lr	; <UNPREDICTABLE>
	...
87806050:	00400020 	subeq	r0, r0, r0, lsr #32
87806054:	00400040 	subeq	r0, r0, r0, asr #32
87806058:	00000020 	andeq	r0, r0, r0, lsr #32
8780605c:	01000100 	mrseq	r0, (UNDEF: 16)
87806060:	01000100 	mrseq	r0, (UNDEF: 16)
87806064:	01000100 	mrseq	r0, (UNDEF: 16)
87806068:	01000100 	mrseq	r0, (UNDEF: 16)
8780606c:	00400000 	subeq	r0, r0, r0
87806070:	00200040 	eoreq	r0, r0, r0, asr #32
	...
8780607c:	98000000 	stmdals	r0, {}	; <UNPREDICTABLE>
87806080:	44012401 	strmi	r2, [r1], #-1025	; 0x401
87806084:	44014401 	strmi	r4, [r1], #-1025	; 0x401
87806088:	0400fc00 	streq	pc, [r0], #-3072	; 0xc00
8780608c:	fc1f0010 	ldc2	0, cr0, [pc], {16}
87806090:	04018800 	streq	r8, [r1], #-2048	; 0x800
87806094:	88000401 	stmdahi	r0, {r0, sl}
87806098:	00007000 	andeq	r7, r0, r0
8780609c:	70000000 	andvc	r0, r0, r0
878060a0:	04018800 	streq	r8, [r1], #-2048	; 0x800
878060a4:	04010401 	streq	r0, [r1], #-1025	; 0x401
878060a8:	00008800 	andeq	r8, r0, r0, lsl #16
878060ac:	70000000 	andvc	r0, r0, r0
878060b0:	04018800 	streq	r8, [r1], #-2048	; 0x800
878060b4:	08110401 	ldmdaeq	r1, {r0, sl}
878060b8:	0400fc1f 	streq	pc, [r0], #-3103	; 0xc1f
878060bc:	f8000000 			; <UNDEFINED> instruction: 0xf8000000
878060c0:	44014401 	strmi	r4, [r1], #-1025	; 0x401
878060c4:	44014401 	strmi	r4, [r1], #-1025	; 0x401
878060c8:	0000c800 	andeq	ip, r0, r0, lsl #16
878060cc:	04010000 	streq	r0, [r1], #-0
878060d0:	fc0f0401 	stc2	4, cr0, [pc], {1}
878060d4:	04110411 	ldreq	r0, [r1], #-1041	; 0x411
878060d8:	00180011 	andseq	r0, r8, r1, lsl r0
878060dc:	d6000000 	strle	r0, [r0], -r0
878060e0:	29012901 	stmdbcs	r1, {r0, r8, fp, sp}
878060e4:	c9012901 	stmdbgt	r1, {r0, r8, fp, sp}
878060e8:	00000601 	andeq	r0, r0, r1, lsl #12
878060ec:	fc1f0410 	ldc2	4, cr0, [pc], {16}
878060f0:	00018400 	andeq	r8, r1, r0, lsl #8
878060f4:	04010001 	streq	r0, [r1], #-1
878060f8:	0400fc00 	streq	pc, [r0], #-3072	; 0xc00
878060fc:	04010000 	streq	r0, [r1], #-0
87806100:	fc190419 	ldc2	4, cr0, [r9], {25}
87806104:	04000400 	streq	r0, [r0], #-1024	; 0x400
87806108:	00000000 	andeq	r0, r0, r0
8780610c:	03000000 	movweq	r0, #0
87806110:	01010100 	mrseq	r0, (UNDEF: 17)
87806114:	fe190119 	mrc2	1, 0, r0, cr9, cr9, {0}
87806118:	00000000 	andeq	r0, r0, r0
8780611c:	fc1f0410 	ldc2	4, cr0, [pc], {16}
87806120:	40002400 	andmi	r2, r0, r0, lsl #8
87806124:	0c01b401 	cfstrseq	mvf11, [r1], {1}
87806128:	00000401 	andeq	r0, r0, r1, lsl #8
8780612c:	04100000 	ldreq	r0, [r0], #-0
87806130:	fc1f0410 	ldc2	4, cr0, [pc], {16}
87806134:	04000400 	streq	r0, [r0], #-1024	; 0x400
87806138:	00000000 	andeq	r0, r0, r0
8780613c:	fc010401 	stc2	4, cr0, [r1], {1}
87806140:	00010401 	andeq	r0, r1, r1, lsl #8
87806144:	0401fc01 	streq	pc, [r1], #-3073	; 0xc01
87806148:	fc000001 	stc2	0, cr0, [r0], {1}
8780614c:	fc010401 	stc2	4, cr0, [r1], {1}
87806150:	00018400 	andeq	r8, r1, r0, lsl #8
87806154:	04010001 	streq	r0, [r1], #-1
87806158:	0400fc00 	streq	pc, [r0], #-3072	; 0xc00
8780615c:	f8000000 			; <UNDEFINED> instruction: 0xf8000000
87806160:	04010401 	streq	r0, [r1], #-1025	; 0x401
87806164:	04010401 	streq	r0, [r1], #-1025	; 0x401
87806168:	0000f800 	andeq	pc, r0, r0, lsl #16
8780616c:	ff010101 			; <UNDEFINED> instruction: 0xff010101
87806170:	04018500 	streq	r8, [r1], #-1280	; 0x500
87806174:	88000401 	stmdahi	r0, {r0, sl}
87806178:	00007000 	andeq	r7, r0, r0
8780617c:	70000000 	andvc	r0, r0, r0
87806180:	04018800 	streq	r8, [r1], #-2048	; 0x800
87806184:	05010401 	streq	r0, [r1, #-1025]	; 0x401
87806188:	0100ff01 	tsteq	r0, r1, lsl #30
8780618c:	04010401 	streq	r0, [r1], #-1025	; 0x401
87806190:	8400fc01 	strhi	pc, [r0], #-3073	; 0xc01
87806194:	00010401 	andeq	r0, r1, r1, lsl #8
87806198:	00008001 	andeq	r8, r0, r1
8780619c:	cc000000 	stcgt	0, cr0, [r0], {-0}
878061a0:	24012401 	strcs	r2, [r1], #-1025	; 0x401
878061a4:	24012401 	strcs	r2, [r1], #-1025	; 0x401
878061a8:	00009801 	andeq	r9, r0, r1, lsl #16
878061ac:	00010000 	andeq	r0, r1, r0
878061b0:	f8070001 			; <UNDEFINED> instruction: 0xf8070001
878061b4:	04010401 	streq	r0, [r1], #-1025	; 0x401
878061b8:	00000000 	andeq	r0, r0, r0
878061bc:	f8010001 			; <UNDEFINED> instruction: 0xf8010001
878061c0:	04000400 	streq	r0, [r0], #-1024	; 0x400
878061c4:	08010400 	stmdaeq	r1, {sl}
878061c8:	0400fc01 	streq	pc, [r0], #-3073	; 0xc01
878061cc:	80010001 	andhi	r0, r1, r1
878061d0:	0c007001 	stceq	0, cr7, [r0], {1}
878061d4:	60011000 	andvs	r1, r1, r0
878061d8:	00018001 	andeq	r8, r1, r1
878061dc:	0c01f001 	stceq	0, cr15, [r1], {1}
878061e0:	c0013000 	andgt	r3, r1, r0
878061e4:	0c013000 	stceq	0, cr3, [r1], {-0}
878061e8:	0001f001 	andeq	pc, r1, r1
878061ec:	04010000 	streq	r0, [r1], #-0
878061f0:	74008c01 	strvc	r8, [r0], #-3073	; 0xc01
878061f4:	8c017001 	stchi	0, cr7, [r1], {1}
878061f8:	00000401 	andeq	r0, r0, r1, lsl #8
878061fc:	81010101 	tsthi	r1, r1, lsl #2
87806200:	0e007101 	adfeqs	f7, f0, f1
87806204:	60011800 	andvs	r1, r1, r0, lsl #16
87806208:	00018001 	andeq	r8, r1, r1
8780620c:	84010000 	strhi	r0, [r1], #-0
87806210:	34010c01 	strcc	r0, [r1], #-3073	; 0xc01
87806214:	84014401 	strhi	r4, [r1], #-1025	; 0x401
87806218:	00000c01 	andeq	r0, r0, r1, lsl #24
	...
87806224:	fc3e0001 	ldc2	0, cr0, [lr], #-4
87806228:	02400240 	subeq	r0, r0, #64, 4
	...
87806234:	0000ffff 	strdeq	pc, [r0], -pc	; <UNPREDICTABLE>
87806238:	00000000 	andeq	r0, r0, r0
8780623c:	02400000 	subeq	r0, r0, #0
87806240:	fc3e0240 	ldc2	2, cr0, [lr], #-256	; 0xffffff00
87806244:	00000001 	andeq	r0, r0, r1
87806248:	00000000 	andeq	r0, r0, r0
8780624c:	00600000 	rsbeq	r0, r0, r0
87806250:	00800080 	addeq	r0, r0, r0, lsl #1
87806254:	00400040 	subeq	r0, r0, r0, asr #32
87806258:	00200020 	eoreq	r0, r0, r0, lsr #32

8780625c <asc2_3216>:
	...
878062f4:	c000f007 	andgt	pc, r0, r7
878062f8:	e0e1ff07 	rsc	pc, r1, r7, lsl #30
878062fc:	e001f007 	and	pc, r1, r7
87806300:	c0000000 	andgt	r0, r0, r0
	...
87806364:	00002000 	andeq	r2, r0, r0
87806368:	0000c001 	andeq	ip, r0, r1
8780636c:	00008007 	andeq	r8, r0, r7
87806370:	0000001f 	andeq	r0, r0, pc, lsl r0
87806374:	0000001e 	andeq	r0, r0, lr, lsl r0
87806378:	0000201c 	andeq	r2, r0, ip, lsl r0
8780637c:	0000c001 	andeq	ip, r0, r1
87806380:	00008007 	andeq	r8, r0, r7
87806384:	0000001f 	andeq	r0, r0, pc, lsl r0
87806388:	0000001e 	andeq	r0, r0, lr, lsl r0
8780638c:	0000001c 	andeq	r0, r0, ip, lsl r0
	...
878063e0:	000c1800 	andeq	r1, ip, r0, lsl #16
878063e4:	000c1800 	andeq	r1, ip, r0, lsl #16
878063e8:	e00f1800 	and	r1, pc, r0, lsl #16
878063ec:	00fc1f00 	rscseq	r1, ip, r0, lsl #30
878063f0:	000cf803 	andeq	pc, ip, r3, lsl #16
878063f4:	000c1800 	andeq	r1, ip, r0, lsl #16
878063f8:	000c1800 	andeq	r1, ip, r0, lsl #16
878063fc:	000c1800 	andeq	r1, ip, r0, lsl #16
87806400:	000c1800 	andeq	r1, ip, r0, lsl #16
87806404:	e00f1800 	and	r1, pc, r0, lsl #16
87806408:	00fc1f00 	rscseq	r1, ip, r0, lsl #30
8780640c:	000cf803 	andeq	pc, ip, r3, lsl #16
87806410:	000c1800 	andeq	r1, ip, r0, lsl #16
87806414:	000c1800 	andeq	r1, ip, r0, lsl #16
	...
87806464:	80070000 	andhi	r0, r7, r0
87806468:	c0077800 	andgt	r7, r7, r0, lsl #16
8780646c:	4006fc00 	andmi	pc, r6, r0, lsl #24
87806470:	20000e01 	andcs	r0, r0, r1, lsl #28
87806474:	20000703 	andcs	r0, r0, r3, lsl #14
87806478:	20800302 	addcs	r0, r0, r2, lsl #6
8780647c:	fcffff0f 	ldc2l	15, cr15, [pc], #60	; 878064c0 <asc2_3216+0x264>
87806480:	20c00102 	sbccs	r0, r0, r2, lsl #2
87806484:	60e00002 	rscvs	r0, r0, r2
87806488:	40703001 	rsbsmi	r3, r0, r1
8780648c:	803ff001 	eorshi	pc, pc, r1
87806490:	001ff000 	andseq	pc, pc, r0
	...
878064dc:	0000fe00 	andeq	pc, r0, r0, lsl #28
878064e0:	0000ff01 	andeq	pc, r0, r1, lsl #30
878064e4:	00800103 	addeq	r0, r0, r3, lsl #2
878064e8:	60800002 	addvs	r0, r0, r2
878064ec:	c0810103 	addgt	r0, r1, r3, lsl #2
878064f0:	0007ff01 	andeq	pc, r7, r1, lsl #30
878064f4:	0018fe00 	andseq	pc, r8, r0, lsl #28
878064f8:	00e00000 	rsceq	r0, r0, r0
878064fc:	00bf0300 	adcseq	r0, pc, r0, lsl #6
87806500:	c0ff0c00 	rscsgt	r0, pc, r0, lsl #24
87806504:	60807100 	addvs	r7, r0, r0, lsl #2
87806508:	2000c101 	andcs	ip, r0, r1, lsl #2
8780650c:	60800103 	addvs	r0, r0, r3, lsl #2
87806510:	c0ff0000 	rscsgt	r0, pc, r0
87806514:	003f0000 	eorseq	r0, pc, r0
	...
8780655c:	001f0000 	andseq	r0, pc, r0
87806560:	c07f0000 	rsbsgt	r0, pc, r0
87806564:	c0c0fc00 	sbcgt	pc, r0, r0, lsl #24
87806568:	6080ff01 	addvs	pc, r0, r1, lsl #30
8780656c:	20e00303 	rsccs	r0, r0, r3, lsl #6
87806570:	20780202 	rsbscs	r0, r8, r2, lsl #4
87806574:	201e0602 	andscs	r0, lr, r2, lsl #12
87806578:	4007fc03 	andmi	pc, r7, r3, lsl #24
8780657c:	8003f001 	andhi	pc, r3, r1
87806580:	c0030100 	andgt	r0, r3, r0, lsl #2
87806584:	601c0100 	andsvs	r0, ip, r0, lsl #2
87806588:	20e00100 	rsccs	r0, r0, r0, lsl #2
8780658c:	20000100 	andcs	r0, r0, r0, lsl #2
87806590:	40000100 	andmi	r0, r0, r0, lsl #2
87806594:	80010000 	andhi	r0, r1, r0
	...
878065e0:	00002000 	andeq	r2, r0, r0
878065e4:	0000601c 	andeq	r6, r0, ip, lsl r0
878065e8:	0000401c 	andeq	r4, r0, ip, lsl r0
878065ec:	0000801f 	andeq	r8, r0, pc, lsl r0
878065f0:	0000000f 	andeq	r0, r0, pc
	...
87806678:	00f80700 	rscseq	r0, r8, r0, lsl #14
8780667c:	00ff3f00 	rscseq	r3, pc, r0, lsl #30
87806680:	c0077800 	andgt	r7, r7, r0, lsl #16
87806684:	e000c001 	and	ip, r0, r1
87806688:	30000003 	andcc	r0, r0, r3
8780668c:	08000004 	stmdaeq	r0, {r2}
87806690:	04000008 	streq	r0, [r0], #-8
87806694:	02000010 	andeq	r0, r0, #16
	...
878066e0:	02000010 	andeq	r0, r0, #16
878066e4:	04000008 	streq	r0, [r0], #-8
878066e8:	08000004 	stmdaeq	r0, {r2}
878066ec:	30000003 	andcc	r0, r0, r3
878066f0:	e000c001 	and	ip, r0, r1
878066f4:	c0077800 	andgt	r7, r7, r0, lsl #16
878066f8:	00ff3f00 	rscseq	r3, pc, r0, lsl #30
878066fc:	00f80700 	rscseq	r0, r8, r0, lsl #14
	...
87806764:	00180c00 	andseq	r0, r8, r0, lsl #24
87806768:	00380e00 	eorseq	r0, r8, r0, lsl #28
8780676c:	00380e00 	eorseq	r0, r8, r0, lsl #28
87806770:	00300600 	eorseq	r0, r0, r0, lsl #12
87806774:	00600300 	rsbeq	r0, r0, r0, lsl #6
87806778:	80436100 	subhi	r6, r3, r0, lsl #2
8780677c:	80ffff00 	rscshi	pc, pc, r0, lsl #30
87806780:	00436100 	subeq	r6, r3, r0, lsl #2
87806784:	00600300 	rsbeq	r0, r0, r0, lsl #6
87806788:	00300600 	eorseq	r0, r0, r0, lsl #12
8780678c:	00380e00 	eorseq	r0, r8, r0, lsl #28
87806790:	00380e00 	eorseq	r0, r8, r0, lsl #28
87806794:	00180c00 	andseq	r0, r8, r0, lsl #24
	...
878067e4:	00800000 	addeq	r0, r0, r0
878067e8:	00800000 	addeq	r0, r0, r0
878067ec:	00800000 	addeq	r0, r0, r0
878067f0:	00800000 	addeq	r0, r0, r0
878067f4:	00800000 	addeq	r0, r0, r0
878067f8:	00800000 	addeq	r0, r0, r0
878067fc:	00ff7f00 	rscseq	r7, pc, r0, lsl #30
87806800:	00800000 	addeq	r0, r0, r0
87806804:	00800000 	addeq	r0, r0, r0
87806808:	00800000 	addeq	r0, r0, r0
8780680c:	00800000 	addeq	r0, r0, r0
87806810:	00800000 	addeq	r0, r0, r0
87806814:	00800000 	addeq	r0, r0, r0
	...
87806860:	01000000 	mrseq	r0, (UNDEF: 0)
87806864:	e3000000 	movw	r0, #0
87806868:	e2000000 	and	r0, r0, #0
8780686c:	fc000000 	stc2	0, cr0, [r0], {-0}
87806870:	78000000 	stmdavc	r0, {}	; <UNPREDICTABLE>
	...
878068e0:	00800000 	addeq	r0, r0, r0
878068e4:	00800000 	addeq	r0, r0, r0
878068e8:	00800000 	addeq	r0, r0, r0
878068ec:	00800000 	addeq	r0, r0, r0
878068f0:	00800000 	addeq	r0, r0, r0
878068f4:	00800000 	addeq	r0, r0, r0
878068f8:	00800000 	addeq	r0, r0, r0
878068fc:	00800000 	addeq	r0, r0, r0
87806900:	00800000 	addeq	r0, r0, r0
87806904:	00800000 	addeq	r0, r0, r0
87806908:	00800000 	addeq	r0, r0, r0
8780690c:	00800000 	addeq	r0, r0, r0
87806910:	00800000 	addeq	r0, r0, r0
87806914:	00800000 	addeq	r0, r0, r0
	...
87806964:	c0000000 	andgt	r0, r0, r0
87806968:	e0010000 	and	r0, r1, r0
8780696c:	e0010000 	and	r0, r1, r0
87806970:	c0000000 	andgt	r0, r0, r0
	...
878069e0:	0c000000 	stceq	0, cr0, [r0], {-0}
878069e4:	38000000 	stmdacc	r0, {}	; <UNPREDICTABLE>
878069e8:	e0000000 	and	r0, r0, r0
878069ec:	80030000 	andhi	r0, r3, r0
878069f0:	000e0000 	andeq	r0, lr, r0
878069f4:	00380000 	eorseq	r0, r8, r0
878069f8:	00e00000 	rsceq	r0, r0, r0
878069fc:	00800300 	addeq	r0, r0, r0, lsl #6
87806a00:	00000e00 	andeq	r0, r0, r0, lsl #28
87806a04:	00003800 	andeq	r3, r0, r0, lsl #16
87806a08:	0000e000 	andeq	lr, r0, r0
87806a0c:	00008003 	andeq	r8, r0, r3
87806a10:	0000000e 	andeq	r0, r0, lr
87806a14:	00000018 	andeq	r0, r0, r8, lsl r0
	...
87806a64:	00f80f00 	rscseq	r0, r8, r0, lsl #30
87806a68:	00ff7f00 	rscseq	r7, pc, r0, lsl #30
87806a6c:	8007f000 	andhi	pc, r7, r0
87806a70:	c0008001 	andgt	r8, r0, r1
87806a74:	60000003 	andvs	r0, r0, r3
87806a78:	20000002 	andcs	r0, r0, r2
87806a7c:	20000002 	andcs	r0, r0, r2
87806a80:	20000002 	andcs	r0, r0, r2
87806a84:	60000003 	andvs	r0, r0, r3
87806a88:	c0008001 	andgt	r8, r0, r1
87806a8c:	8003e000 	andhi	lr, r3, r0
87806a90:	00ff7f00 	rscseq	r7, pc, r0, lsl #30
87806a94:	00f80f00 	rscseq	r0, r8, r0, lsl #30
	...
87806ae8:	20008000 	andcs	r8, r0, r0
87806aec:	20008000 	andcs	r8, r0, r0
87806af0:	20008000 	andcs	r8, r0, r0
87806af4:	60008000 	andvs	r8, r0, r0
87806af8:	e0ffff01 	rscs	pc, pc, r1, lsl #30
87806afc:	e0ffff03 	rscs	pc, pc, r3, lsl #30
87806b00:	60000000 	andvs	r0, r0, r0
87806b04:	20000000 	andcs	r0, r0, r0
87806b08:	20000000 	andcs	r0, r0, r0
87806b0c:	20000000 	andcs	r0, r0, r0
	...
87806b64:	e0007800 	and	r7, r0, r0, lsl #16
87806b68:	60019800 	andvs	r9, r1, r0, lsl #16
87806b6c:	60020001 	andvs	r0, r2, r1
87806b70:	60040002 	andvs	r0, r4, r2
87806b74:	60080002 	andvs	r0, r8, r2
87806b78:	60100002 	andsvs	r0, r0, r2
87806b7c:	60200002 	eorvs	r0, r0, r2
87806b80:	60400002 	subvs	r0, r0, r2
87806b84:	60800003 	addvs	r0, r0, r3
87806b88:	60008301 	andvs	r8, r0, r1, lsl #6
87806b8c:	e000fe01 	and	pc, r0, r1, lsl #28
87806b90:	80077c00 	andhi	r7, r7, r0, lsl #24
	...
87806be4:	8007f000 	andhi	pc, r7, r0
87806be8:	c007f001 	andgt	pc, r7, r1
87806bec:	40000001 	andmi	r0, r0, r1
87806bf0:	20000002 	andcs	r0, r0, r2
87806bf4:	20000102 	andcs	r0, r0, r2, lsl #2
87806bf8:	20000102 	andcs	r0, r0, r2, lsl #2
87806bfc:	20000102 	andcs	r0, r0, r2, lsl #2
87806c00:	20800303 	addcs	r0, r0, r3, lsl #6
87806c04:	40808601 	addmi	r8, r0, r1, lsl #12
87806c08:	c0c0fc01 	sbcgt	pc, r0, r1, lsl #24
87806c0c:	807f7800 	rsbshi	r7, pc, r0, lsl #16
87806c10:	001e0000 	andseq	r0, lr, r0
	...
87806c60:	00080000 	andeq	r0, r8, r0
87806c64:	00380000 	eorseq	r0, r8, r0
87806c68:	00480000 	subeq	r0, r8, r0
87806c6c:	00880100 	addeq	r0, r8, r0, lsl #2
87806c70:	00080600 	andeq	r0, r8, r0, lsl #12
87806c74:	10080c00 	andne	r0, r8, r0, lsl #24
87806c78:	10083000 	andne	r3, r8, r0
87806c7c:	10084000 	andne	r4, r8, r0
87806c80:	f0ffff01 			; <UNDEFINED> instruction: 0xf0ffff01
87806c84:	f0ffff03 			; <UNDEFINED> instruction: 0xf0ffff03
87806c88:	f0ffff03 			; <UNDEFINED> instruction: 0xf0ffff03
87806c8c:	10080000 	andne	r0, r8, r0
87806c90:	10080000 	andne	r0, r8, r0
87806c94:	10080000 	andne	r0, r8, r0
	...
87806ce4:	80070000 	andhi	r0, r7, r0
87806ce8:	40861f00 	addmi	r1, r6, r0, lsl #30
87806cec:	2000e103 	andcs	lr, r0, r3, lsl #2
87806cf0:	20000203 	andcs	r0, r0, r3, lsl #4
87806cf4:	20000403 	andcs	r0, r0, r3, lsl #8
87806cf8:	20000403 	andcs	r0, r0, r3, lsl #8
87806cfc:	20000403 	andcs	r0, r0, r3, lsl #8
87806d00:	20000403 	andcs	r0, r0, r3, lsl #8
87806d04:	40000603 	andmi	r0, r0, r3, lsl #12
87806d08:	c0010303 	andgt	r0, r1, r3, lsl #6
87806d0c:	80ff0103 	rscshi	r0, pc, r3, lsl #2
87806d10:	007e0003 	rsbseq	r0, lr, r3
	...
87806d64:	00fc0700 	rscseq	r0, ip, r0, lsl #14
87806d68:	00ff3f00 	rscseq	r3, pc, r0, lsl #30
87806d6c:	80c37000 	sbchi	r7, r3, r0
87806d70:	c0808100 	addgt	r8, r0, r0, lsl #2
87806d74:	60000101 	andvs	r0, r0, r1, lsl #2
87806d78:	20000203 	andcs	r0, r0, r3, lsl #4
87806d7c:	20000202 	andcs	r0, r0, r2, lsl #4
87806d80:	20000202 	andcs	r0, r0, r2, lsl #4
87806d84:	20000202 	andcs	r0, r0, r2, lsl #4
87806d88:	40000302 	andmi	r0, r0, r2, lsl #6
87806d8c:	c080c101 	addgt	ip, r0, r1, lsl #2
87806d90:	80ffc000 	rscshi	ip, pc, r0
87806d94:	007e0000 	rsbseq	r0, lr, r0
	...
87806de4:	0000f000 	andeq	pc, r0, r0
87806de8:	0000c003 	andeq	ip, r0, r3
87806dec:	00008003 	andeq	r8, r0, r3
87806df0:	00000003 	andeq	r0, r0, r3
87806df4:	e0070003 	and	r0, r7, r3
87806df8:	e03f0003 	eors	r0, pc, r3
87806dfc:	00c00103 	sbceq	r0, r0, r3, lsl #2
87806e00:	00000603 	andeq	r0, r0, r3, lsl #12
87806e04:	00001803 	andeq	r1, r0, r3, lsl #16
87806e08:	00006003 	andeq	r6, r0, r3
87806e0c:	00008003 	andeq	r8, r0, r3
87806e10:	00000003 	andeq	r0, r0, r3
	...
87806e60:	001f0000 	andseq	r0, pc, r0
87806e64:	803f7800 	eorshi	r7, pc, r0, lsl #16
87806e68:	c060fc00 	rsbgt	pc, r0, r0, lsl #24
87806e6c:	40c08e01 	sbcmi	r8, r0, r1, lsl #28
87806e70:	20800703 	addcs	r0, r0, r3, lsl #14
87806e74:	20000302 	andcs	r0, r0, r2, lsl #6
87806e78:	20800102 	addcs	r0, r0, r2, lsl #2
87806e7c:	20800102 	addcs	r0, r0, r2, lsl #2
87806e80:	20c00102 	sbccs	r0, r0, r2, lsl #2
87806e84:	40e00103 	rscmi	r0, r0, r3, lsl #2
87806e88:	c0708601 	rsbsgt	r8, r0, r1, lsl #12
87806e8c:	803ffc00 	eorshi	pc, pc, r0, lsl #24
87806e90:	001f7800 	andseq	r7, pc, r0, lsl #16
	...
87806ee0:	00003f00 	andeq	r3, r0, r0, lsl #30
87806ee4:	c081ff00 	addgt	pc, r1, r0, lsl #30
87806ee8:	c0c1c001 	sbcgt	ip, r1, r1
87806eec:	20600001 	rsbcs	r0, r0, r1
87806ef0:	20200002 	eorcs	r0, r0, r2
87806ef4:	20200002 	eorcs	r0, r0, r2
87806ef8:	20200002 	eorcs	r0, r0, r2
87806efc:	60200002 	eorvs	r0, r0, r2
87806f00:	c0400002 	subgt	r0, r0, r2
87806f04:	80c10001 	sbchi	r0, r1, r1
87806f08:	008fc100 	addeq	ip, pc, r0, lsl #2
87806f0c:	00fe7f00 	rscseq	r7, lr, r0, lsl #30
87806f10:	00f01f00 	rscseq	r1, r0, r0, lsl #30
	...
87806f74:	c0000300 	andgt	r0, r0, r0, lsl #6
87806f78:	e0810700 	add	r0, r1, r0, lsl #14
87806f7c:	e0810700 	add	r0, r1, r0, lsl #14
87806f80:	c0000300 	andgt	r0, r0, r0, lsl #6
	...
87806ff4:	66000600 	strvs	r0, [r0], -r0, lsl #12
87806ff8:	78000600 	stmdavc	r0, {r9, sl}
	...
87807064:	00800000 	addeq	r0, r0, r0
87807068:	00c00100 	sbceq	r0, r0, r0, lsl #2
8780706c:	00600300 	rsbeq	r0, r0, r0, lsl #6
87807070:	00300600 	eorseq	r0, r0, r0, lsl #12
87807074:	00180c00 	andseq	r0, r8, r0, lsl #24
87807078:	000c1800 	andeq	r1, ip, r0, lsl #16
8780707c:	00063000 	andeq	r3, r6, r0
87807080:	00036000 	andeq	r6, r3, r0
87807084:	8001c000 	andhi	ip, r1, r0
87807088:	40000001 	andmi	r0, r0, r1
8780708c:	20000002 	andcs	r0, r0, r2
87807090:	10000004 	andne	r0, r0, r4
	...
878070e0:	00100400 	andseq	r0, r0, r0, lsl #8
878070e4:	00100400 	andseq	r0, r0, r0, lsl #8
878070e8:	00100400 	andseq	r0, r0, r0, lsl #8
878070ec:	00100400 	andseq	r0, r0, r0, lsl #8
878070f0:	00100400 	andseq	r0, r0, r0, lsl #8
878070f4:	00100400 	andseq	r0, r0, r0, lsl #8
878070f8:	00100400 	andseq	r0, r0, r0, lsl #8
878070fc:	00100400 	andseq	r0, r0, r0, lsl #8
87807100:	00100400 	andseq	r0, r0, r0, lsl #8
87807104:	00100400 	andseq	r0, r0, r0, lsl #8
87807108:	00100400 	andseq	r0, r0, r0, lsl #8
8780710c:	00100400 	andseq	r0, r0, r0, lsl #8
87807110:	00100400 	andseq	r0, r0, r0, lsl #8
87807114:	00100400 	andseq	r0, r0, r0, lsl #8
	...
87807164:	10000004 	andne	r0, r0, r4
87807168:	20000002 	andcs	r0, r0, r2
8780716c:	40000001 	andmi	r0, r0, r1
87807170:	8001c000 	andhi	ip, r1, r0
87807174:	00036000 	andeq	r6, r3, r0
87807178:	00063000 	andeq	r3, r6, r0
8780717c:	000c1800 	andeq	r1, ip, r0, lsl #16
87807180:	00180c00 	andseq	r0, r8, r0, lsl #24
87807184:	00300600 	eorseq	r0, r0, r0, lsl #12
87807188:	00600300 	rsbeq	r0, r0, r0, lsl #6
8780718c:	00c00100 	sbceq	r0, r0, r0, lsl #2
87807190:	00800000 	addeq	r0, r0, r0
	...
878071e4:	00007800 	andeq	r7, r0, r0, lsl #16
878071e8:	0000f801 	andeq	pc, r0, r1, lsl #16
878071ec:	00003802 	andeq	r3, r0, r2, lsl #16
878071f0:	00000002 	andeq	r0, r0, r2
878071f4:	c0000004 	andgt	r0, r0, r4
878071f8:	e0790004 	rsbs	r0, r9, r4
878071fc:	e0810004 	add	r0, r1, r4
87807200:	c0000104 	andgt	r0, r0, r4, lsl #2
87807204:	00000304 	andeq	r0, r0, r4, lsl #6
87807208:	00000202 	andeq	r0, r0, r2, lsl #4
8780720c:	00000603 	andeq	r0, r0, r3, lsl #12
87807210:	0000fc01 	andeq	pc, r0, r1, lsl #24
87807214:	0000f800 	andeq	pc, r0, r0, lsl #16
	...
87807260:	00f80f00 	rscseq	r0, r8, r0, lsl #30
87807264:	00fe3f00 	rscseq	r3, lr, r0, lsl #30
87807268:	80077000 	andhi	r7, r7, r0
8780726c:	c000c000 	andgt	ip, r0, r0
87807270:	40f80101 	rscsmi	r0, r8, r1, lsl #2
87807274:	20fc0703 	rscscs	r0, ip, r3, lsl #14
87807278:	20041e02 	andcs	r1, r4, r2, lsl #28
8780727c:	20083002 	andcs	r3, r8, r2
87807280:	20302002 	eorscs	r2, r0, r2
87807284:	20fc3f02 	rscscs	r3, ip, r2, lsl #30
87807288:	40043f01 	andmi	r3, r4, r1, lsl #30
8780728c:	c00c8001 	andgt	r8, ip, r1
87807290:	8031e000 	eorshi	lr, r1, r0
87807294:	00c21f00 	sbceq	r1, r2, r0, lsl #30
	...
878072dc:	20000000 	andcs	r0, r0, r0
878072e0:	60000000 	andvs	r0, r0, r0
878072e4:	e0030000 	and	r0, r3, r0
878072e8:	203e0000 	eorscs	r0, lr, r0
878072ec:	20e00300 	rsccs	r0, r0, r0, lsl #6
878072f0:	00203e00 	eoreq	r3, r0, r0, lsl #28
878072f4:	0020e003 	eoreq	lr, r0, r3
878072f8:	00208003 	eoreq	r8, r0, r3
878072fc:	0020fc07 	eoreq	pc, r0, r7, lsl #24
87807300:	00e03f00 	rsceq	r3, r0, r0, lsl #30
87807304:	20fe0300 	rscscs	r0, lr, r0, lsl #6
87807308:	e03f0000 	eors	r0, pc, r0
8780730c:	e0010000 	and	r0, r1, r0
87807310:	20000000 	andcs	r0, r0, r0
87807314:	20000000 	andcs	r0, r0, r0
	...
87807360:	20000002 	andcs	r0, r0, r2
87807364:	20000002 	andcs	r0, r0, r2
87807368:	e0ffff03 	rscs	pc, pc, r3, lsl #30
8780736c:	e0ffff03 	rscs	pc, pc, r3, lsl #30
87807370:	20000102 	andcs	r0, r0, r2, lsl #2
87807374:	20000102 	andcs	r0, r0, r2, lsl #2
87807378:	20000102 	andcs	r0, r0, r2, lsl #2
8780737c:	20000102 	andcs	r0, r0, r2, lsl #2
87807380:	20000102 	andcs	r0, r0, r2, lsl #2
87807384:	20000303 	andcs	r0, r0, r3, lsl #6
87807388:	60808601 	addvs	r8, r0, r1, lsl #12
8780738c:	c0c0fc01 	sbcgt	pc, r0, r1, lsl #24
87807390:	807ff800 	rsbshi	pc, pc, r0, lsl #16
87807394:	001f0000 	andseq	r0, pc, r0
	...
878073e0:	00f80700 	rscseq	r0, r8, r0, lsl #14
878073e4:	00ff3f00 	rscseq	r3, pc, r0, lsl #30
878073e8:	80077000 	andhi	r7, r7, r0
878073ec:	c000c000 	andgt	ip, r0, r0
878073f0:	40000001 	andmi	r0, r0, r1
878073f4:	20000003 	andcs	r0, r0, r3
878073f8:	20000002 	andcs	r0, r0, r2
878073fc:	20000002 	andcs	r0, r0, r2
87807400:	20000002 	andcs	r0, r0, r2
87807404:	20000002 	andcs	r0, r0, r2
87807408:	40000001 	andmi	r0, r0, r1
8780740c:	c0008001 	andgt	r8, r0, r1
87807410:	8001c003 	andhi	ip, r1, r3
87807414:	00063000 	andeq	r3, r6, r0
	...
87807460:	20000002 	andcs	r0, r0, r2
87807464:	20000002 	andcs	r0, r0, r2
87807468:	e0ffff03 	rscs	pc, pc, r3, lsl #30
8780746c:	e0ffff03 	rscs	pc, pc, r3, lsl #30
87807470:	20000002 	andcs	r0, r0, r2
87807474:	20000002 	andcs	r0, r0, r2
87807478:	20000002 	andcs	r0, r0, r2
8780747c:	20000002 	andcs	r0, r0, r2
87807480:	60000003 	andvs	r0, r0, r3
87807484:	40000001 	andmi	r0, r0, r1
87807488:	c0008001 	andgt	r8, r0, r1
8780748c:	8007f000 	andhi	pc, r7, r0
87807490:	00fe7f00 	rscseq	r7, lr, r0, lsl #30
87807494:	00f80f00 	rscseq	r0, r8, r0, lsl #30
	...
878074e0:	20000002 	andcs	r0, r0, r2
878074e4:	20000002 	andcs	r0, r0, r2
878074e8:	e0ffff03 	rscs	pc, pc, r3, lsl #30
878074ec:	e0ffff03 	rscs	pc, pc, r3, lsl #30
878074f0:	20000102 	andcs	r0, r0, r2, lsl #2
878074f4:	20000102 	andcs	r0, r0, r2, lsl #2
878074f8:	20000102 	andcs	r0, r0, r2, lsl #2
878074fc:	20000102 	andcs	r0, r0, r2, lsl #2
87807500:	20000102 	andcs	r0, r0, r2, lsl #2
87807504:	20800302 	addcs	r0, r0, r2, lsl #6
87807508:	20e00f02 	rsccs	r0, r0, r2, lsl #30
8780750c:	60000003 	andvs	r0, r0, r3
87807510:	e000c003 	and	ip, r0, r3
87807514:	00036000 	andeq	r6, r3, r0
	...
87807560:	20000002 	andcs	r0, r0, r2
87807564:	20000002 	andcs	r0, r0, r2
87807568:	e0ffff03 	rscs	pc, pc, r3, lsl #30
8780756c:	e0ffff03 	rscs	pc, pc, r3, lsl #30
87807570:	20000102 	andcs	r0, r0, r2, lsl #2
87807574:	20000102 	andcs	r0, r0, r2, lsl #2
87807578:	00000102 	andeq	r0, r0, r2, lsl #2
8780757c:	00000102 	andeq	r0, r0, r2, lsl #2
87807580:	00000102 	andeq	r0, r0, r2, lsl #2
87807584:	00000102 	andeq	r0, r0, r2, lsl #2
87807588:	00800302 	addeq	r0, r0, r2, lsl #6
8780758c:	00e00f03 	rsceq	r0, r0, r3, lsl #30
87807590:	00000003 	andeq	r0, r0, r3
87807594:	0000c003 	andeq	ip, r0, r3
87807598:	00006000 	andeq	r6, r0, r0
	...
878075e0:	00f80700 	rscseq	r0, r8, r0, lsl #14
878075e4:	00fe3f00 	rscseq	r3, lr, r0, lsl #30
878075e8:	80077000 	andhi	r7, r7, r0
878075ec:	c001c001 	andgt	ip, r1, r1
878075f0:	40000001 	andmi	r0, r0, r1
878075f4:	20000003 	andcs	r0, r0, r3
878075f8:	20000002 	andcs	r0, r0, r2
878075fc:	20000002 	andcs	r0, r0, r2
87807600:	20000002 	andcs	r0, r0, r2
87807604:	20200001 	eorcs	r0, r0, r1
87807608:	40200001 	eormi	r0, r0, r1
8780760c:	803fc003 	eorshi	ip, pc, r3
87807610:	803f3000 	eorshi	r3, pc, r0
87807614:	00200000 	eoreq	r0, r0, r0
87807618:	00200000 	eoreq	r0, r0, r0
	...
8780765c:	20000002 	andcs	r0, r0, r2
87807660:	20000002 	andcs	r0, r0, r2
87807664:	e0ffff03 	rscs	pc, pc, r3, lsl #30
87807668:	e0ffff03 	rscs	pc, pc, r3, lsl #30
8780766c:	20800002 	addcs	r0, r0, r2
87807670:	20800002 	addcs	r0, r0, r2
87807674:	00800000 	addeq	r0, r0, r0
87807678:	00800000 	addeq	r0, r0, r0
8780767c:	00800000 	addeq	r0, r0, r0
87807680:	20800002 	addcs	r0, r0, r2
87807684:	20800002 	addcs	r0, r0, r2
87807688:	e0ffff03 	rscs	pc, pc, r3, lsl #30
8780768c:	e0ffff03 	rscs	pc, pc, r3, lsl #30
87807690:	20000002 	andcs	r0, r0, r2
87807694:	20000002 	andcs	r0, r0, r2
	...
878076e8:	20000002 	andcs	r0, r0, r2
878076ec:	20000002 	andcs	r0, r0, r2
878076f0:	20000002 	andcs	r0, r0, r2
878076f4:	20000002 	andcs	r0, r0, r2
878076f8:	e0ffff03 	rscs	pc, pc, r3, lsl #30
878076fc:	e0ffff03 	rscs	pc, pc, r3, lsl #30
87807700:	20000002 	andcs	r0, r0, r2
87807704:	20000002 	andcs	r0, r0, r2
87807708:	20000002 	andcs	r0, r0, r2
8780770c:	20000002 	andcs	r0, r0, r2
	...
87807760:	0e000000 	cdpeq	0, 0, cr0, cr0, cr0, {0}
87807764:	0f000000 	svceq	0x00000000
87807768:	0f000000 	svceq	0x00000000
8780776c:	01000000 	mrseq	r0, (UNDEF: 0)
87807770:	01000002 	tsteq	r0, r2
87807774:	01000002 	tsteq	r0, r2
87807778:	03000002 	movweq	r0, #2
8780777c:	06000002 	streq	r0, [r0], -r2
87807780:	fcffff03 	ldc2l	15, cr15, [pc], #12	; 87807794 <asc2_3216+0x1538>
87807784:	f8ffff03 			; <UNDEFINED> instruction: 0xf8ffff03
87807788:	00000002 	andeq	r0, r0, r2
8780778c:	00000002 	andeq	r0, r0, r2
87807790:	00000002 	andeq	r0, r0, r2
87807794:	00000002 	andeq	r0, r0, r2
	...
878077e0:	20000002 	andcs	r0, r0, r2
878077e4:	20000002 	andcs	r0, r0, r2
878077e8:	e0ffff03 	rscs	pc, pc, r3, lsl #30
878077ec:	e0ffff03 	rscs	pc, pc, r3, lsl #30
878077f0:	20c00002 	sbccs	r0, r0, r2
878077f4:	20000102 	andcs	r0, r0, r2, lsl #2
878077f8:	00800700 	addeq	r0, r0, r0, lsl #14
878077fc:	00e00f00 	rsceq	r0, r0, r0, lsl #30
87807800:	00f83000 	rscseq	r3, r8, r0
87807804:	203e6002 	eorscs	r6, lr, r2
87807808:	200f8003 	andcs	r8, pc, r3
8780780c:	e0030003 	and	r0, r3, r3
87807810:	e0000002 	and	r0, r0, r2
87807814:	20000002 	andcs	r0, r0, r2
87807818:	20000000 	andcs	r0, r0, r0
	...
87807860:	20000002 	andcs	r0, r0, r2
87807864:	20000002 	andcs	r0, r0, r2
87807868:	e0ffff03 	rscs	pc, pc, r3, lsl #30
8780786c:	e0ffff03 	rscs	pc, pc, r3, lsl #30
87807870:	20000002 	andcs	r0, r0, r2
87807874:	20000002 	andcs	r0, r0, r2
87807878:	20000000 	andcs	r0, r0, r0
8780787c:	20000000 	andcs	r0, r0, r0
87807880:	20000000 	andcs	r0, r0, r0
87807884:	20000000 	andcs	r0, r0, r0
87807888:	20000000 	andcs	r0, r0, r0
8780788c:	60000000 	andvs	r0, r0, r0
87807890:	e0000000 	and	r0, r0, r0
87807894:	00030000 	andeq	r0, r3, r0
	...
878078dc:	20000002 	andcs	r0, r0, r2
878078e0:	20000002 	andcs	r0, r0, r2
878078e4:	e0ffff03 	rscs	pc, pc, r3, lsl #30
878078e8:	2000e003 	andcs	lr, r0, r3
878078ec:	2000ff03 	andcs	pc, r0, r3, lsl #30
878078f0:	00f01f00 	rscseq	r1, r0, r0, lsl #30
878078f4:	80ff0100 	rscshi	r0, pc, r0, lsl #2
878078f8:	e00f0000 	and	r0, pc, r0
878078fc:	001e0000 	andseq	r0, lr, r0
87807900:	00e00300 	rsceq	r0, r0, r0, lsl #6
87807904:	20003e00 	andcs	r3, r0, r0, lsl #28
87807908:	2000e003 	andcs	lr, r0, r3
8780790c:	e0ffff03 	rscs	pc, pc, r3, lsl #30
87807910:	e0ffff03 	rscs	pc, pc, r3, lsl #30
87807914:	20000002 	andcs	r0, r0, r2
87807918:	20000002 	andcs	r0, r0, r2
	...
8780795c:	20000002 	andcs	r0, r0, r2
87807960:	20000002 	andcs	r0, r0, r2
87807964:	e0ffff03 	rscs	pc, pc, r3, lsl #30
87807968:	20008003 	andcs	r8, r0, r3
8780796c:	2000f003 	andcs	pc, r0, r3
87807970:	0000fc00 	andeq	pc, r0, r0, lsl #24
87807974:	00001f00 	andeq	r1, r0, r0, lsl #30
87807978:	00c00700 	sbceq	r0, r0, r0, lsl #14
8780797c:	00f00100 	rscseq	r0, r0, r0, lsl #2
87807980:	007c0000 	rsbseq	r0, ip, r0
87807984:	801f0002 	andshi	r0, pc, r2
87807988:	e0070002 	and	r0, r7, r2
8780798c:	e0ffff03 	rscs	pc, pc, r3, lsl #30
87807990:	00000002 	andeq	r0, r0, r2
87807994:	00000002 	andeq	r0, r0, r2
	...
878079e0:	00f80f00 	rscseq	r0, r8, r0, lsl #30
878079e4:	00fe3f00 	rscseq	r3, lr, r0, lsl #30
878079e8:	8007f000 	andhi	pc, r7, r0
878079ec:	c0008001 	andgt	r8, r0, r1
878079f0:	40000001 	andmi	r0, r0, r1
878079f4:	20000002 	andcs	r0, r0, r2
878079f8:	20000002 	andcs	r0, r0, r2
878079fc:	20000002 	andcs	r0, r0, r2
87807a00:	20000002 	andcs	r0, r0, r2
87807a04:	40000001 	andmi	r0, r0, r1
87807a08:	c0008001 	andgt	r8, r0, r1
87807a0c:	8003f000 	andhi	pc, r3, r0
87807a10:	00fe3f00 	rscseq	r3, lr, r0, lsl #30
87807a14:	00f80f00 	rscseq	r0, r8, r0, lsl #30
	...
87807a60:	20000002 	andcs	r0, r0, r2
87807a64:	20000002 	andcs	r0, r0, r2
87807a68:	e0ffff03 	rscs	pc, pc, r3, lsl #30
87807a6c:	e0ffff03 	rscs	pc, pc, r3, lsl #30
87807a70:	20800002 	addcs	r0, r0, r2
87807a74:	20800002 	addcs	r0, r0, r2
87807a78:	00800002 	addeq	r0, r0, r2
87807a7c:	00800002 	addeq	r0, r0, r2
87807a80:	00800002 	addeq	r0, r0, r2
87807a84:	00800002 	addeq	r0, r0, r2
87807a88:	00800103 	addeq	r0, r0, r3, lsl #2
87807a8c:	00008301 	andeq	r8, r0, r1, lsl #6
87807a90:	0000fe00 	andeq	pc, r0, r0, lsl #28
87807a94:	00007c00 	andeq	r7, r0, r0, lsl #24
	...
87807ae0:	00f80f00 	rscseq	r0, r8, r0, lsl #30
87807ae4:	00ff7f00 	rscseq	r7, pc, r0, lsl #30
87807ae8:	8003f000 	andhi	pc, r3, r0
87807aec:	c0018001 	andgt	r8, r1, r1
87807af0:	40060001 	andmi	r0, r6, r1
87807af4:	20040002 	andcs	r0, r4, r2
87807af8:	20040002 	andcs	r0, r4, r2
87807afc:	20060002 	andcs	r0, r6, r2
87807b00:	e0030002 	and	r0, r3, r2
87807b04:	f8000001 			; <UNDEFINED> instruction: 0xf8000001
87807b08:	5c008001 	stcpl	0, cr8, [r0], {1}
87807b0c:	8c03e000 	stchi	0, cr14, [r3], {-0}
87807b10:	0cff3f00 	ldcleq	15, cr3, [pc]	; 87807b18 <asc2_3216+0x18bc>
87807b14:	18fc0f00 	ldmne	ip!, {r8, r9, sl, fp}^
	...
87807b60:	20000002 	andcs	r0, r0, r2
87807b64:	20000002 	andcs	r0, r0, r2
87807b68:	e0ffff03 	rscs	pc, pc, r3, lsl #30
87807b6c:	e0ffff03 	rscs	pc, pc, r3, lsl #30
87807b70:	20000102 	andcs	r0, r0, r2, lsl #2
87807b74:	20000102 	andcs	r0, r0, r2, lsl #2
87807b78:	00800102 	addeq	r0, r0, r2, lsl #2
87807b7c:	00e00102 	rsceq	r0, r0, r2, lsl #2
87807b80:	00fc0102 	rscseq	r0, ip, r2, lsl #2
87807b84:	803f0303 	eorshi	r0, pc, r3, lsl #6
87807b88:	e0078601 	and	r8, r7, r1, lsl #12
87807b8c:	e000fc01 	and	pc, r0, r1, lsl #24
87807b90:	2000f800 	andcs	pc, r0, r0, lsl #16
87807b94:	20000000 	andcs	r0, r0, r0
	...
87807be4:	00067800 	andeq	r7, r6, r0, lsl #16
87807be8:	e001fe00 	and	pc, r1, r0, lsl #28
87807bec:	c0008601 	andgt	r8, r0, r1, lsl #12
87807bf0:	40000303 	andmi	r0, r0, r3, lsl #6
87807bf4:	20000302 	andcs	r0, r0, r2, lsl #6
87807bf8:	20800102 	addcs	r0, r0, r2, lsl #2
87807bfc:	20800102 	addcs	r0, r0, r2, lsl #2
87807c00:	20c00102 	sbccs	r0, r0, r2, lsl #2
87807c04:	20c00002 	sbccs	r0, r0, r2
87807c08:	60e00001 	rscvs	r0, r0, r1
87807c0c:	c0708001 	rsbsgt	r8, r0, r1
87807c10:	803fe003 	eorshi	lr, pc, r3
87807c14:	001f0000 	andseq	r0, pc, r0
	...
87807c60:	00006000 	andeq	r6, r0, r0
87807c64:	00008003 	andeq	r8, r0, r3
87807c68:	00000003 	andeq	r0, r0, r3
87807c6c:	00000002 	andeq	r0, r0, r2
87807c70:	20000002 	andcs	r0, r0, r2
87807c74:	20000002 	andcs	r0, r0, r2
87807c78:	e0ffff03 	rscs	pc, pc, r3, lsl #30
87807c7c:	e0ffff03 	rscs	pc, pc, r3, lsl #30
87807c80:	20000002 	andcs	r0, r0, r2
87807c84:	20000002 	andcs	r0, r0, r2
87807c88:	00000002 	andeq	r0, r0, r2
87807c8c:	00000002 	andeq	r0, r0, r2
87807c90:	00008003 	andeq	r8, r0, r3
87807c94:	0000e000 	andeq	lr, r0, r0
	...
87807cdc:	00000002 	andeq	r0, r0, r2
87807ce0:	00000002 	andeq	r0, r0, r2
87807ce4:	00ffff03 	rscseq	pc, pc, r3, lsl #30
87807ce8:	c0ffff03 	rscsgt	pc, pc, r3, lsl #30
87807cec:	40000002 	andmi	r0, r0, r2
87807cf0:	60000002 	andvs	r0, r0, r2
87807cf4:	20000000 	andcs	r0, r0, r0
87807cf8:	20000000 	andcs	r0, r0, r0
87807cfc:	20000000 	andcs	r0, r0, r0
87807d00:	20000000 	andcs	r0, r0, r0
87807d04:	40000002 	andmi	r0, r0, r2
87807d08:	80000002 	andhi	r0, r0, r2
87807d0c:	00ffff03 	rscseq	pc, pc, r3, lsl #30
87807d10:	00000002 	andeq	r0, r0, r2
87807d14:	00000002 	andeq	r0, r0, r2
	...
87807d60:	00000002 	andeq	r0, r0, r2
87807d64:	00000002 	andeq	r0, r0, r2
87807d68:	0000c003 	andeq	ip, r0, r3
87807d6c:	0000fc03 	andeq	pc, r0, r3, lsl #24
87807d70:	00c03f02 	sbceq	r3, r0, r2, lsl #30
87807d74:	00f80300 	rscseq	r0, r8, r0, lsl #6
87807d78:	807f0000 	rsbshi	r0, pc, r0
87807d7c:	e0070000 	and	r0, r7, r0
87807d80:	80070000 	andhi	r0, r7, r0
87807d84:	00780000 	rsbseq	r0, r8, r0
87807d88:	00c00302 	sbceq	r0, r0, r2, lsl #6
87807d8c:	00003c02 	andeq	r3, r0, r2, lsl #24
87807d90:	0000c003 	andeq	ip, r0, r3
87807d94:	00000002 	andeq	r0, r0, r2
87807d98:	00000002 	andeq	r0, r0, r2
	...
87807ddc:	00000002 	andeq	r0, r0, r2
87807de0:	0000c003 	andeq	ip, r0, r3
87807de4:	0080ff03 	addeq	pc, r0, r3, lsl #30
87807de8:	00fe3f02 	rscseq	r3, lr, r2, lsl #30
87807dec:	e07f0002 	rsbs	r0, pc, r2
87807df0:	000f0000 	andeq	r0, pc, r0
87807df4:	00f00002 	rscseq	r0, r0, r2
87807df8:	0000ef03 	andeq	lr, r0, r3, lsl #30
87807dfc:	0080ff03 	addeq	pc, r0, r3, lsl #30
87807e00:	00fe0f02 	rscseq	r0, lr, r2, lsl #30
87807e04:	e03f0000 	eors	r0, pc, r0
87807e08:	001f0000 	andseq	r0, pc, r0
87807e0c:	00e00702 	rsceq	r0, r0, r2, lsl #14
87807e10:	0000f803 	andeq	pc, r0, r3, lsl #16
87807e14:	00000003 	andeq	r0, r0, r3
87807e18:	00000002 	andeq	r0, r0, r2
	...
87807e60:	20000002 	andcs	r0, r0, r2
87807e64:	20000002 	andcs	r0, r0, r2
87807e68:	e0008003 	and	r8, r0, r3
87807e6c:	2003f003 	andcs	pc, r3, r3
87807e70:	200cfc02 	andcs	pc, ip, r2, lsl #24
87807e74:	00301f02 	eorseq	r1, r0, r2, lsl #30
87807e78:	00c00700 	sbceq	r0, r0, r0, lsl #14
87807e7c:	00f00700 	rscseq	r0, r0, r0, lsl #14
87807e80:	007c1802 	rsbseq	r1, ip, r2, lsl #16
87807e84:	201f6002 	andscs	r6, pc, r2
87807e88:	e0038003 	and	r8, r3, r3
87807e8c:	e0000002 	and	r0, r0, r2
87807e90:	20000002 	andcs	r0, r0, r2
87807e94:	20000000 	andcs	r0, r0, r0
	...
87807ee0:	00000002 	andeq	r0, r0, r2
87807ee4:	00000003 	andeq	r0, r0, r3
87807ee8:	0000c003 	andeq	ip, r0, r3
87807eec:	0000f803 	andeq	pc, r0, r3, lsl #16
87807ef0:	20003e02 	andcs	r3, r0, r2, lsl #28
87807ef4:	20c00f02 	sbccs	r0, r0, r2, lsl #30
87807ef8:	e0ff0100 	rscs	r0, pc, r0, lsl #2
87807efc:	e07f0000 	rsbs	r0, pc, r0
87807f00:	20800300 	addcs	r0, r0, r0, lsl #6
87807f04:	20001c02 	andcs	r1, r0, r2, lsl #24
87807f08:	00007002 	andeq	r7, r0, r2
87807f0c:	00008003 	andeq	r8, r0, r3
87807f10:	00000002 	andeq	r0, r0, r2
87807f14:	00000002 	andeq	r0, r0, r2
	...
87807f60:	20000000 	andcs	r0, r0, r0
87807f64:	e0006000 	and	r6, r0, r0
87807f68:	e0038003 	and	r8, r3, r3
87807f6c:	a00f0003 	andge	r0, pc, r3
87807f70:	203e0002 	eorscs	r0, lr, r2
87807f74:	20f80002 	rscscs	r0, r8, r2
87807f78:	20e00302 	rsccs	r0, r0, r2, lsl #6
87807f7c:	20800f02 	addcs	r0, r0, r2, lsl #30
87807f80:	20003e02 	andcs	r3, r0, r2, lsl #28
87807f84:	20007802 	andcs	r7, r0, r2, lsl #16
87807f88:	6000e003 	andvs	lr, r0, r3
87807f8c:	e0008003 	and	r8, r0, r3
87807f90:	00030002 	andeq	r0, r3, r2
	...
87807ff4:	fcffff1f 	ldc2l	15, cr15, [pc], #124	; 87808078 <asc2_3216+0x1e1c>
87807ff8:	04000010 	streq	r0, [r0], #-16
87807ffc:	04000010 	streq	r0, [r0], #-16
87808000:	04000010 	streq	r0, [r0], #-16
87808004:	04000010 	streq	r0, [r0], #-16
87808008:	04000010 	streq	r0, [r0], #-16
8780800c:	04000010 	streq	r0, [r0], #-16
87808010:	04000010 	streq	r0, [r0], #-16
	...
87808068:	00000007 	andeq	r0, r0, r7
8780806c:	0000c003 	andeq	ip, r0, r3
87808070:	00007800 	andeq	r7, r0, r0, lsl #16
87808074:	00001e00 	andeq	r1, r0, r0, lsl #28
87808078:	00c00300 	sbceq	r0, r0, r0, lsl #6
8780807c:	00f00000 	rscseq	r0, r0, r0
87808080:	001e0000 	andseq	r0, lr, r0
87808084:	80070000 	andhi	r0, r7, r0
87808088:	f0000000 			; <UNDEFINED> instruction: 0xf0000000
8780808c:	3c000000 	stccc	0, cr0, [r0], {-0}
87808090:	06000000 	streq	r0, [r0], -r0
	...
878080e4:	04000010 	streq	r0, [r0], #-16
878080e8:	04000010 	streq	r0, [r0], #-16
878080ec:	04000010 	streq	r0, [r0], #-16
878080f0:	04000010 	streq	r0, [r0], #-16
878080f4:	04000010 	streq	r0, [r0], #-16
878080f8:	04000010 	streq	r0, [r0], #-16
878080fc:	04000010 	streq	r0, [r0], #-16
87808100:	fcffff1f 	ldc2l	15, cr15, [pc], #124	; 87808184 <asc2_3216+0x1f28>
	...
8780816c:	00000002 	andeq	r0, r0, r2
87808170:	00000004 	andeq	r0, r0, r4
87808174:	00000008 	andeq	r0, r0, r8
87808178:	00000018 	andeq	r0, r0, r8, lsl r0
8780817c:	00000010 	andeq	r0, r0, r0, lsl r0
87808180:	00000018 	andeq	r0, r0, r8, lsl r0
87808184:	00000018 	andeq	r0, r0, r8, lsl r0
87808188:	00000004 	andeq	r0, r0, r4
8780818c:	00000002 	andeq	r0, r0, r2
	...
878081dc:	01000000 	mrseq	r0, (UNDEF: 0)
878081e0:	01000000 	mrseq	r0, (UNDEF: 0)
878081e4:	01000000 	mrseq	r0, (UNDEF: 0)
878081e8:	01000000 	mrseq	r0, (UNDEF: 0)
878081ec:	01000000 	mrseq	r0, (UNDEF: 0)
878081f0:	01000000 	mrseq	r0, (UNDEF: 0)
878081f4:	01000000 	mrseq	r0, (UNDEF: 0)
878081f8:	01000000 	mrseq	r0, (UNDEF: 0)
878081fc:	01000000 	mrseq	r0, (UNDEF: 0)
87808200:	01000000 	mrseq	r0, (UNDEF: 0)
87808204:	01000000 	mrseq	r0, (UNDEF: 0)
87808208:	01000000 	mrseq	r0, (UNDEF: 0)
8780820c:	01000000 	mrseq	r0, (UNDEF: 0)
87808210:	01000000 	mrseq	r0, (UNDEF: 0)
87808214:	01000000 	mrseq	r0, (UNDEF: 0)
87808218:	01000000 	mrseq	r0, (UNDEF: 0)
	...
87808268:	00000010 	andeq	r0, r0, r0, lsl r0
8780826c:	00000010 	andeq	r0, r0, r0, lsl r0
87808270:	00000010 	andeq	r0, r0, r0, lsl r0
87808274:	00000018 	andeq	r0, r0, r8, lsl r0
87808278:	00000008 	andeq	r0, r0, r8
8780827c:	00000004 	andeq	r0, r0, r4
	...
878082e0:	80030000 	andhi	r0, r3, r0
878082e4:	c08f0100 	addgt	r0, pc, r0, lsl #2
878082e8:	608c0300 	addvs	r0, ip, r0, lsl #6
878082ec:	20180600 	andscs	r0, r8, r0, lsl #12
878082f0:	20100400 	andscs	r0, r0, r0, lsl #8
878082f4:	20100400 	andscs	r0, r0, r0, lsl #8
878082f8:	20200400 	eorcs	r0, r0, r0, lsl #8
878082fc:	40200400 	eormi	r0, r0, r0, lsl #8
87808300:	40200600 	eormi	r0, r0, r0, lsl #12
87808304:	c0ff0300 	rscsgt	r0, pc, r0, lsl #6
87808308:	e0ff0100 	rscs	r0, pc, r0, lsl #2
8780830c:	20000000 	andcs	r0, r0, r0
87808310:	20000000 	andcs	r0, r0, r0
87808314:	c0000000 	andgt	r0, r0, r0
	...
87808360:	00000002 	andeq	r0, r0, r2
87808364:	00000002 	andeq	r0, r0, r2
87808368:	e0ffff03 	rscs	pc, pc, r3, lsl #30
8780836c:	c0ffff07 	rscsgt	pc, pc, r7, lsl #30
87808370:	c0800100 	addgt	r0, r0, r0, lsl #2
87808374:	60000200 	andvs	r0, r0, r0, lsl #4
87808378:	20000200 	andcs	r0, r0, r0, lsl #4
8780837c:	20000400 	andcs	r0, r0, r0, lsl #8
87808380:	20000400 	andcs	r0, r0, r0, lsl #8
87808384:	20000400 	andcs	r0, r0, r0, lsl #8
87808388:	40000600 	andmi	r0, r0, r0, lsl #12
8780838c:	c0000300 	andgt	r0, r0, r0, lsl #6
87808390:	80ff0100 	rscshi	r0, pc, r0, lsl #2
87808394:	00fe0000 	rscseq	r0, lr, r0
	...
878083e4:	007e0000 	rsbseq	r0, lr, r0
878083e8:	80ff0100 	rscshi	r0, pc, r0, lsl #2
878083ec:	c0810300 	addgt	r0, r1, r0, lsl #6
878083f0:	40000200 	andmi	r0, r0, r0, lsl #4
878083f4:	20000600 	andcs	r0, r0, r0, lsl #12
878083f8:	20000400 	andcs	r0, r0, r0, lsl #8
878083fc:	20000400 	andcs	r0, r0, r0, lsl #8
87808400:	20000400 	andcs	r0, r0, r0, lsl #8
87808404:	20000600 	andcs	r0, r0, r0, lsl #12
87808408:	40c00300 	sbcmi	r0, r0, r0, lsl #6
8780840c:	80c00100 	sbchi	r0, r0, r0, lsl #2
87808410:	00030000 	andeq	r0, r3, r0
	...
87808464:	007e0000 	rsbseq	r0, lr, r0
87808468:	80ff0100 	rscshi	r0, pc, r0, lsl #2
8780846c:	c0800300 	addgt	r0, r0, r0, lsl #6
87808470:	60000600 	andvs	r0, r0, r0, lsl #12
87808474:	20000400 	andcs	r0, r0, r0, lsl #8
87808478:	20000400 	andcs	r0, r0, r0, lsl #8
8780847c:	20000400 	andcs	r0, r0, r0, lsl #8
87808480:	40000402 	andmi	r0, r0, r2, lsl #8
87808484:	80000202 	andhi	r0, r0, r2, lsl #4
87808488:	e0ffff03 	rscs	pc, pc, r3, lsl #30
8780848c:	c0ffff07 	rscsgt	pc, pc, r7, lsl #30
87808490:	40000000 	andmi	r0, r0, r0
87808494:	40000000 	andmi	r0, r0, r0
	...
878084e4:	007e0000 	rsbseq	r0, lr, r0
878084e8:	80ff0100 	rscshi	r0, pc, r0, lsl #2
878084ec:	c0110300 	andsgt	r0, r1, r0, lsl #6
878084f0:	40100200 	andsmi	r0, r0, r0, lsl #4
878084f4:	60100400 	andsvs	r0, r0, r0, lsl #8
878084f8:	20100400 	andscs	r0, r0, r0, lsl #8
878084fc:	20100400 	andscs	r0, r0, r0, lsl #8
87808500:	20100400 	andscs	r0, r0, r0, lsl #8
87808504:	20100600 	andscs	r0, r0, r0, lsl #12
87808508:	40100300 	andsmi	r0, r0, r0, lsl #6
8780850c:	c0f00100 	rscsgt	r0, r0, r0, lsl #2
87808510:	00710000 	rsbseq	r0, r1, r0
	...
87808564:	00000400 	andeq	r0, r0, r0, lsl #8
87808568:	20000400 	andcs	r0, r0, r0, lsl #8
8780856c:	20000400 	andcs	r0, r0, r0, lsl #8
87808570:	20000400 	andcs	r0, r0, r0, lsl #8
87808574:	e0ff7f00 	rscs	r7, pc, r0, lsl #30
87808578:	e0ffff01 	rscs	pc, pc, r1, lsl #30
8780857c:	20000401 	andcs	r0, r0, r1, lsl #8
87808580:	20000403 	andcs	r0, r0, r3, lsl #8
87808584:	20000402 	andcs	r0, r0, r2, lsl #8
87808588:	20000402 	andcs	r0, r0, r2, lsl #8
8780858c:	00000402 	andeq	r0, r0, r2, lsl #8
87808590:	00000002 	andeq	r0, r0, r2
87808594:	0000c001 	andeq	ip, r0, r1
87808598:	0000c001 	andeq	ip, r0, r1
	...
878085e4:	1c000000 	stcne	0, cr0, [r0], {-0}
878085e8:	3ee30000 	cdpcc	0, 14, cr0, cr3, cr0, {0}
878085ec:	c2ff0300 	rscsgt	r0, pc, #0, 6
878085f0:	c30c0200 	movwgt	r0, #49664	; 0xc200
878085f4:	c1040400 	tstgt	r4, r0, lsl #8
878085f8:	c1040400 	tstgt	r4, r0, lsl #8
878085fc:	c1040400 	tstgt	r4, r0, lsl #8
87808600:	c1040400 	tstgt	r4, r0, lsl #8
87808604:	c10c0600 	tstgt	ip, r0, lsl #12
87808608:	c3f80300 	mvnsgt	r0, #0, 6
8780860c:	62f00500 	rscsvs	r0, r0, #0, 10
87808610:	7e000600 	cfmadd32vc	mvax0, mvfx0, mvfx0, mvfx0
87808614:	3c000600 	stccc	6, cr0, [r0], {-0}
	...
87808660:	20000002 	andcs	r0, r0, r2
87808664:	20000002 	andcs	r0, r0, r2
87808668:	e0ffff03 	rscs	pc, pc, r3, lsl #30
8780866c:	e0ffff07 	rscs	pc, pc, r7, lsl #30
87808670:	20000100 	andcs	r0, r0, r0, lsl #2
87808674:	20000200 	andcs	r0, r0, r0, lsl #4
87808678:	00000600 	andeq	r0, r0, r0, lsl #12
8780867c:	00000400 	andeq	r0, r0, r0, lsl #8
87808680:	00000400 	andeq	r0, r0, r0, lsl #8
87808684:	20000400 	andcs	r0, r0, r0, lsl #8
87808688:	20000600 	andcs	r0, r0, r0, lsl #12
8780868c:	e0ff0300 	rscs	r0, pc, r0, lsl #6
87808690:	e0ff0100 	rscs	r0, pc, r0, lsl #2
87808694:	20000000 	andcs	r0, r0, r0
87808698:	20000000 	andcs	r0, r0, r0
	...
878086e8:	20000400 	andcs	r0, r0, r0, lsl #8
878086ec:	20000400 	andcs	r0, r0, r0, lsl #8
878086f0:	20000400 	andcs	r0, r0, r0, lsl #8
878086f4:	20000400 	andcs	r0, r0, r0, lsl #8
878086f8:	e0ff8703 	rscs	r8, pc, r3, lsl #14
878086fc:	e0ff8f03 	rscs	r8, pc, r3, lsl #30
87808700:	20008003 	andcs	r8, r0, r3
87808704:	20000000 	andcs	r0, r0, r0
87808708:	20000000 	andcs	r0, r0, r0
8780870c:	20000000 	andcs	r0, r0, r0
	...
87808768:	06000000 	streq	r0, [r0], -r0
8780876c:	07000000 	streq	r0, [r0, -r0]
87808770:	01000000 	mrseq	r0, (UNDEF: 0)
87808774:	01000000 	mrseq	r0, (UNDEF: 0)
87808778:	01000400 	tsteq	r0, r0, lsl #8
8780877c:	01000400 	tsteq	r0, r0, lsl #8
87808780:	03000400 	movweq	r0, #1024	; 0x400
87808784:	06000400 	streq	r0, [r0], -r0, lsl #8
87808788:	fcff8703 	ldc2l	7, cr8, [pc], #12	; 8780879c <asc2_3216+0x2540>
8780878c:	f8ff8f03 			; <UNDEFINED> instruction: 0xf8ff8f03
87808790:	00008003 	andeq	r8, r0, r3
	...
878087e0:	20000002 	andcs	r0, r0, r2
878087e4:	20000002 	andcs	r0, r0, r2
878087e8:	e0ffff03 	rscs	pc, pc, r3, lsl #30
878087ec:	e0ffff07 	rscs	pc, pc, r7, lsl #30
878087f0:	20080000 	andcs	r0, r8, r0
878087f4:	20100000 	andscs	r0, r0, r0
878087f8:	00300000 	eorseq	r0, r0, r0
878087fc:	00fc0000 	rscseq	r0, ip, r0
87808800:	008e0500 	addeq	r0, lr, r0, lsl #10
87808804:	a0070700 	andge	r0, r7, r0, lsl #14
87808808:	e0010600 	and	r0, r1, r0, lsl #12
8780880c:	e0000400 	and	r0, r0, r0, lsl #8
87808810:	20000400 	andcs	r0, r0, r0, lsl #8
87808814:	20000000 	andcs	r0, r0, r0
	...
87808868:	20000002 	andcs	r0, r0, r2
8780886c:	20000002 	andcs	r0, r0, r2
87808870:	20000002 	andcs	r0, r0, r2
87808874:	20000002 	andcs	r0, r0, r2
87808878:	e0ffff03 	rscs	pc, pc, r3, lsl #30
8780887c:	e0ffff07 	rscs	pc, pc, r7, lsl #30
87808880:	20000000 	andcs	r0, r0, r0
87808884:	20000000 	andcs	r0, r0, r0
87808888:	20000000 	andcs	r0, r0, r0
8780888c:	20000000 	andcs	r0, r0, r0
	...
878088e0:	20000400 	andcs	r0, r0, r0, lsl #8
878088e4:	e0ff0700 	rscs	r0, pc, r0, lsl #14
878088e8:	e0ff0f00 	rscs	r0, pc, r0, lsl #30
878088ec:	20000200 	andcs	r0, r0, r0, lsl #4
878088f0:	00000400 	andeq	r0, r0, r0, lsl #8
878088f4:	20000400 	andcs	r0, r0, r0, lsl #8
878088f8:	e0ff0700 	rscs	r0, pc, r0, lsl #14
878088fc:	e0ff0300 	rscs	r0, pc, r0, lsl #6
87808900:	20000200 	andcs	r0, r0, r0, lsl #4
87808904:	00000400 	andeq	r0, r0, r0, lsl #8
87808908:	20000400 	andcs	r0, r0, r0, lsl #8
8780890c:	e0ff0700 	rscs	r0, pc, r0, lsl #14
87808910:	e0ff0300 	rscs	r0, pc, r0, lsl #6
87808914:	20000000 	andcs	r0, r0, r0
	...
87808960:	20000400 	andcs	r0, r0, r0, lsl #8
87808964:	20000400 	andcs	r0, r0, r0, lsl #8
87808968:	e0ff0700 	rscs	r0, pc, r0, lsl #14
8780896c:	e0ff0f00 	rscs	r0, pc, r0, lsl #30
87808970:	20000100 	andcs	r0, r0, r0, lsl #2
87808974:	20000200 	andcs	r0, r0, r0, lsl #4
87808978:	00000200 	andeq	r0, r0, r0, lsl #4
8780897c:	00000400 	andeq	r0, r0, r0, lsl #8
87808980:	00000400 	andeq	r0, r0, r0, lsl #8
87808984:	20000400 	andcs	r0, r0, r0, lsl #8
87808988:	20000600 	andcs	r0, r0, r0, lsl #12
8780898c:	e0ff0300 	rscs	r0, pc, r0, lsl #6
87808990:	e0ff0100 	rscs	r0, pc, r0, lsl #2
87808994:	20000000 	andcs	r0, r0, r0
87808998:	20000000 	andcs	r0, r0, r0
	...
878089e4:	007e0000 	rsbseq	r0, lr, r0
878089e8:	80ff0000 	rscshi	r0, pc, r0
878089ec:	c0810300 	addgt	r0, r1, r0, lsl #6
878089f0:	40000200 	andmi	r0, r0, r0, lsl #4
878089f4:	20000600 	andcs	r0, r0, r0, lsl #12
878089f8:	20000400 	andcs	r0, r0, r0, lsl #8
878089fc:	20000400 	andcs	r0, r0, r0, lsl #8
87808a00:	20000400 	andcs	r0, r0, r0, lsl #8
87808a04:	20000600 	andcs	r0, r0, r0, lsl #12
87808a08:	40000200 	andmi	r0, r0, r0, lsl #4
87808a0c:	c0810300 	addgt	r0, r1, r0, lsl #6
87808a10:	80ff0100 	rscshi	r0, pc, r0, lsl #2
87808a14:	007e0000 	rsbseq	r0, lr, r0
	...
87808a60:	01000400 	tsteq	r0, r0, lsl #8
87808a64:	01000400 	tsteq	r0, r0, lsl #8
87808a68:	ffff0700 			; <UNDEFINED> instruction: 0xffff0700
87808a6c:	ffff0f00 			; <UNDEFINED> instruction: 0xffff0f00
87808a70:	c1000100 	mrsgt	r0, (UNDEF: 16)
87808a74:	41000200 	mrsmi	r0, R8_usr
87808a78:	20000400 	andcs	r0, r0, r0, lsl #8
87808a7c:	20000400 	andcs	r0, r0, r0, lsl #8
87808a80:	20000400 	andcs	r0, r0, r0, lsl #8
87808a84:	20000400 	andcs	r0, r0, r0, lsl #8
87808a88:	40000600 	andmi	r0, r0, r0, lsl #12
87808a8c:	c0010300 	andgt	r0, r1, r0, lsl #6
87808a90:	80ff0100 	rscshi	r0, pc, r0, lsl #2
87808a94:	007e0000 	rsbseq	r0, lr, r0
	...
87808ae4:	007e0000 	rsbseq	r0, lr, r0
87808ae8:	80ff0100 	rscshi	r0, pc, r0, lsl #2
87808aec:	c0800300 	addgt	r0, r0, r0, lsl #6
87808af0:	60000200 	andvs	r0, r0, r0, lsl #4
87808af4:	20000400 	andcs	r0, r0, r0, lsl #8
87808af8:	20000400 	andcs	r0, r0, r0, lsl #8
87808afc:	20000400 	andcs	r0, r0, r0, lsl #8
87808b00:	20000400 	andcs	r0, r0, r0, lsl #8
87808b04:	41000200 	mrsmi	r0, R8_usr
87808b08:	c1000300 	mrsgt	r0, LR_irq
87808b0c:	ffff0300 			; <UNDEFINED> instruction: 0xffff0300
87808b10:	ffff0700 			; <UNDEFINED> instruction: 0xffff0700
87808b14:	01000000 	mrseq	r0, (UNDEF: 0)
87808b18:	01000000 	mrseq	r0, (UNDEF: 0)
	...
87808b60:	20000400 	andcs	r0, r0, r0, lsl #8
87808b64:	20000400 	andcs	r0, r0, r0, lsl #8
87808b68:	20000400 	andcs	r0, r0, r0, lsl #8
87808b6c:	20000400 	andcs	r0, r0, r0, lsl #8
87808b70:	e0ff0f00 	rscs	r0, pc, r0, lsl #30
87808b74:	e0ff0f00 	rscs	r0, pc, r0, lsl #30
87808b78:	20c00000 	sbccs	r0, r0, r0
87808b7c:	20000100 	andcs	r0, r0, r0, lsl #2
87808b80:	20000200 	andcs	r0, r0, r0, lsl #4
87808b84:	20000600 	andcs	r0, r0, r0, lsl #12
87808b88:	00000400 	andeq	r0, r0, r0, lsl #8
87808b8c:	00000400 	andeq	r0, r0, r0, lsl #8
87808b90:	00000700 	andeq	r0, r0, r0, lsl #14
87808b94:	00000300 	andeq	r0, r0, r0, lsl #6
	...
87808be4:	e0030000 	and	r0, r3, r0
87808be8:	e0c00100 	sbc	r0, r0, r0, lsl #2
87808bec:	40e00300 	rscmi	r0, r0, r0, lsl #6
87808bf0:	20300600 	eorscs	r0, r0, r0, lsl #12
87808bf4:	20300400 	eorscs	r0, r0, r0, lsl #8
87808bf8:	20180400 	andscs	r0, r8, r0, lsl #8
87808bfc:	20180400 	andscs	r0, r8, r0, lsl #8
87808c00:	20180400 	andscs	r0, r8, r0, lsl #8
87808c04:	200c0400 	andcs	r0, ip, r0, lsl #8
87808c08:	600c0200 	andvs	r0, ip, r0, lsl #4
87808c0c:	c0070300 	andgt	r0, r7, r0, lsl #6
87808c10:	80830700 	addhi	r0, r3, r0, lsl #14
	...
87808c64:	00000400 	andeq	r0, r0, r0, lsl #8
87808c68:	00000400 	andeq	r0, r0, r0, lsl #8
87808c6c:	00000400 	andeq	r0, r0, r0, lsl #8
87808c70:	00000c00 	andeq	r0, r0, r0, lsl #24
87808c74:	80ff1f00 	rscshi	r1, pc, r0, lsl #30
87808c78:	c0ffff00 	rscsgt	pc, pc, r0, lsl #30
87808c7c:	60000400 	andvs	r0, r0, r0, lsl #8
87808c80:	20000400 	andcs	r0, r0, r0, lsl #8
87808c84:	20000400 	andcs	r0, r0, r0, lsl #8
87808c88:	20000400 	andcs	r0, r0, r0, lsl #8
87808c8c:	40000400 	andmi	r0, r0, r0, lsl #8
87808c90:	80010000 	andhi	r0, r1, r0
	...
87808ce0:	00000400 	andeq	r0, r0, r0, lsl #8
87808ce4:	00000400 	andeq	r0, r0, r0, lsl #8
87808ce8:	80ff0700 	rscshi	r0, pc, r0, lsl #14
87808cec:	c0ff0f00 	rscsgt	r0, pc, r0, lsl #30
87808cf0:	60000000 	andvs	r0, r0, r0
87808cf4:	20000000 	andcs	r0, r0, r0
87808cf8:	20000000 	andcs	r0, r0, r0
87808cfc:	20000000 	andcs	r0, r0, r0
87808d00:	20000000 	andcs	r0, r0, r0
87808d04:	40000400 	andmi	r0, r0, r0, lsl #8
87808d08:	80000400 	andhi	r0, r0, r0, lsl #8
87808d0c:	e0ff0700 	rscs	r0, pc, r0, lsl #14
87808d10:	c0ff0f00 	rscsgt	r0, pc, r0, lsl #30
87808d14:	40000000 	andmi	r0, r0, r0
87808d18:	40000000 	andmi	r0, r0, r0
	...
87808d60:	00000400 	andeq	r0, r0, r0, lsl #8
87808d64:	00000400 	andeq	r0, r0, r0, lsl #8
87808d68:	00800700 	addeq	r0, r0, r0, lsl #14
87808d6c:	00f00700 	rscseq	r0, r0, r0, lsl #14
87808d70:	00fe0400 	rscseq	r0, lr, r0, lsl #8
87808d74:	c01f0400 	andsgt	r0, pc, r0, lsl #8
87808d78:	e0030000 	and	r0, r3, r0
87808d7c:	80030000 	andhi	r0, r3, r0
87808d80:	001c0000 	andseq	r0, ip, r0
87808d84:	00600400 	rsbeq	r0, r0, r0, lsl #8
87808d88:	00800700 	addeq	r0, r0, r0, lsl #14
87808d8c:	00000600 	andeq	r0, r0, r0, lsl #12
87808d90:	00000400 	andeq	r0, r0, r0, lsl #8
	...
87808ddc:	00000400 	andeq	r0, r0, r0, lsl #8
87808de0:	00000600 	andeq	r0, r0, r0, lsl #12
87808de4:	00c00700 	sbceq	r0, r0, r0, lsl #14
87808de8:	00fc0700 	rscseq	r0, ip, r0, lsl #14
87808dec:	803f0400 	eorshi	r0, pc, r0, lsl #8
87808df0:	e0030000 	and	r0, r3, r0
87808df4:	800f0400 	andhi	r0, pc, r0, lsl #8
87808df8:	00f00600 	rscseq	r0, r0, r0, lsl #12
87808dfc:	00f00700 	rscseq	r0, r0, r0, lsl #14
87808e00:	80ff0700 	rscshi	r0, pc, r0, lsl #14
87808e04:	e00f0400 	and	r0, pc, r0, lsl #8
87808e08:	80030000 	andhi	r0, r3, r0
87808e0c:	003c0400 	eorseq	r0, ip, r0, lsl #8
87808e10:	00c00700 	sbceq	r0, r0, r0, lsl #14
87808e14:	00000600 	andeq	r0, r0, r0, lsl #12
87808e18:	00000400 	andeq	r0, r0, r0, lsl #8
	...
87808e60:	20000000 	andcs	r0, r0, r0
87808e64:	20000400 	andcs	r0, r0, r0, lsl #8
87808e68:	60000400 	andvs	r0, r0, r0, lsl #8
87808e6c:	e0000700 	and	r0, r0, r0, lsl #14
87808e70:	20830700 	addcs	r0, r3, r0, lsl #14
87808e74:	00e60700 	rsceq	r0, r6, r0, lsl #14
87808e78:	00f80400 	rscseq	r0, r8, r0, lsl #8
87808e7c:	003c0000 	eorseq	r0, ip, r0
87808e80:	205e0400 	subscs	r0, lr, r0, lsl #8
87808e84:	a0870500 	addge	r0, r7, r0, lsl #10
87808e88:	e0010600 	and	r0, r1, r0, lsl #12
87808e8c:	60000400 	andvs	r0, r0, r0, lsl #8
87808e90:	20000400 	andcs	r0, r0, r0, lsl #8
87808e94:	20000000 	andcs	r0, r0, r0
	...
87808ee0:	00000400 	andeq	r0, r0, r0, lsl #8
87808ee4:	03000400 	movweq	r0, #1024	; 0x400
87808ee8:	03000700 	movweq	r0, #1792	; 0x700
87808eec:	01e00700 	mvneq	r0, r0, lsl #14
87808ef0:	01f80400 	mvnseq	r0, r0, lsl #8
87808ef4:	021f0400 	andseq	r0, pc, #0, 8
87808ef8:	fc070000 	stc2	0, cr0, [r7], {-0}
87808efc:	e0000000 	and	r0, r0, r0
87808f00:	00070000 	andeq	r0, r7, r0
87808f04:	00380400 	eorseq	r0, r8, r0, lsl #8
87808f08:	00c00700 	sbceq	r0, r0, r0, lsl #14
87808f0c:	00000600 	andeq	r0, r0, r0, lsl #12
87808f10:	00000400 	andeq	r0, r0, r0, lsl #8
87808f14:	00000400 	andeq	r0, r0, r0, lsl #8
	...
87808f64:	60800700 	addvs	r0, r0, r0, lsl #14
87808f68:	e0000600 	and	r0, r0, r0, lsl #12
87808f6c:	e0030400 	and	r0, r3, r0, lsl #8
87808f70:	a0070400 	andge	r0, r7, r0, lsl #8
87808f74:	200e0400 	andcs	r0, lr, r0, lsl #8
87808f78:	203c0400 	eorscs	r0, ip, r0, lsl #8
87808f7c:	20700400 	rsbscs	r0, r0, r0, lsl #8
87808f80:	20e00500 	rsccs	r0, r0, r0, lsl #10
87808f84:	20800700 	addcs	r0, r0, r0, lsl #14
87808f88:	60000700 	andvs	r0, r0, r0, lsl #14
87808f8c:	e0000400 	and	r0, r0, r0, lsl #8
87808f90:	80030000 	andhi	r0, r3, r0
	...
87808ff8:	00800000 	addeq	r0, r0, r0
87808ffc:	00800000 	addeq	r0, r0, r0
87809000:	00400100 	subeq	r0, r0, r0, lsl #2
87809004:	f83ffe07 			; <UNDEFINED> instruction: 0xf83ffe07
87809008:	04000008 	streq	r0, [r0], #-8
8780900c:	02000010 	andeq	r0, r0, #16
87809010:	02000010 	andeq	r0, r0, #16
	...
8780907c:	ffffffff 			; <UNDEFINED> instruction: 0xffffffff
	...
878090e4:	02000010 	andeq	r0, r0, #16
878090e8:	02000010 	andeq	r0, r0, #16
878090ec:	04000008 	streq	r0, [r0], #-8
878090f0:	f83ffe07 			; <UNDEFINED> instruction: 0xf83ffe07
878090f4:	00400100 	subeq	r0, r0, r0, lsl #2
878090f8:	00800000 	addeq	r0, r0, r0
878090fc:	00800000 	addeq	r0, r0, r0
	...
87809160:	00000018 	andeq	r0, r0, r8, lsl r0
87809164:	00000030 	andeq	r0, r0, r0, lsr r0
87809168:	00000040 	andeq	r0, r0, r0, asr #32
8780916c:	00000040 	andeq	r0, r0, r0, asr #32
87809170:	00000040 	andeq	r0, r0, r0, asr #32
87809174:	00000020 	andeq	r0, r0, r0, lsr #32
87809178:	00000030 	andeq	r0, r0, r0, lsr r0
8780917c:	00000008 	andeq	r0, r0, r8
87809180:	00000004 	andeq	r0, r0, r4
87809184:	00000002 	andeq	r0, r0, r2
87809188:	00000002 	andeq	r0, r0, r2
8780918c:	00000002 	andeq	r0, r0, r2
87809190:	0000000c 	andeq	r0, r0, ip
87809194:	00000018 	andeq	r0, r0, r8, lsl r0
	...
878091dc:	2044434c 	subcs	r4, r4, ip, asr #6
878091e0:	253d4449 	ldrcs	r4, [sp, #-1097]!	; 0x449
878091e4:	0a0d5823 	beq	87b5f278 <__bss_end+0x355180>
878091e8:	00000000 	andeq	r0, r0, r0

878091ec <.LANCHOR0>:
878091ec:	00000000 	andeq	r0, r0, r0
878091f0:	003b001f 	eorseq	r0, fp, pc, lsl r0
878091f4:	0078005a 	rsbseq	r0, r8, sl, asr r0
878091f8:	00b50097 	umlalseq	r0, r5, r7, r0
878091fc:	1f1c1f00 	svcne	0x001c1f00
87809200:	1f1e1f1e 	svcne	0x001e1f1e
87809204:	1e1f1e1f 	mrcne	14, 0, r1, cr15, cr15, {0}
87809208:	0000001f 	andeq	r0, r0, pc, lsl r0
8780920c:	32337061 	eorscc	r7, r3, #97	; 0x61
87809210:	20633631 	rsbcs	r3, r3, r1, lsr r6
87809214:	74737973 	ldrbtvc	r7, [r3], #-2419	; 0x973
87809218:	63206d65 	teqvs	r0, #6464	; 0x1940
8780921c:	69666e6f 	stmdbvs	r6!, {r0, r1, r2, r3, r5, r6, r9, sl, fp, sp, lr}^
87809220:	65722067 	ldrbvs	r2, [r2, #-103]!	; 0x67
87809224:	25203a67 	strcs	r3, [r0, #-2663]!	; 0xa67
87809228:	00000063 	andeq	r0, r0, r3, rrx
8780922c:	324d4349 	subcc	r4, sp, #603979777	; 0x24000001
87809230:	59475f30 	stmdbpl	r7, {r4, r5, r8, r9, sl, fp, ip, lr}^
87809234:	435f4f52 	cmpmi	pc, #328	; 0x148
87809238:	49464e4f 	stmdbmi	r6, {r0, r1, r2, r3, r6, r9, sl, fp, lr}^
8780923c:	203d2047 	eorscs	r2, sp, r7, asr #32
87809240:	0d782325 	ldcleq	3, cr2, [r8, #-148]!	; 0xffffff6c
87809244:	0000000a 	andeq	r0, r0, sl

87809248 <digits.7611>:
87809248:	33323130 	teqcc	r2, #48, 2
8780924c:	37363534 			; <UNDEFINED> instruction: 0x37363534
87809250:	42413938 	submi	r3, r1, #56, 18	; 0xe0000
87809254:	46454443 	strbmi	r4, [r5], -r3, asr #8
87809258:	4c554e3c 	mrrcmi	14, 3, r4, r5, cr12
8780925c:	00003e4c 	andeq	r3, r0, ip, asr #28

Disassembly of section .ARM.exidx:

87809260 <.ARM.exidx>:
87809260:	7fffb304 	svcvc	0x00ffb304
87809264:	00000001 	andeq	r0, r0, r1

Disassembly of section .data:

87809268 <backclor>:
87809268:	000000ff 	strdeq	r0, [r0], -pc	; <UNPREDICTABLE>
8780926c:	0000ff00 	andeq	pc, r0, r0, lsl #30
87809270:	00ff0000 	rscseq	r0, pc, r0
87809274:	0000ffff 	strdeq	pc, [r0], -pc	; <UNPREDICTABLE>
87809278:	00ffff00 	rscseq	pc, pc, r0, lsl #30
8780927c:	008080ff 	strdeq	r8, [r0], pc	; <UNPREDICTABLE>
87809280:	00000080 	andeq	r0, r0, r0, lsl #1
87809284:	00ffffff 	ldrshteq	pc, [pc], #255	; <UNPREDICTABLE>
87809288:	00000000 	andeq	r0, r0, r0
8780928c:	00ffa500 	rscseq	sl, pc, r0, lsl #10

87809290 <release.7470>:
87809290:	00000001 	andeq	r0, r0, r1

87809294 <_ctype>:
87809294:	08080808 	stmdaeq	r8, {r3, fp}
87809298:	08080808 	stmdaeq	r8, {r3, fp}
8780929c:	28282808 	stmdacs	r8!, {r3, fp, sp}
878092a0:	08082828 	stmdaeq	r8, {r3, r5, fp, sp}
878092a4:	08080808 	stmdaeq	r8, {r3, fp}
878092a8:	08080808 	stmdaeq	r8, {r3, fp}
878092ac:	08080808 	stmdaeq	r8, {r3, fp}
878092b0:	08080808 	stmdaeq	r8, {r3, fp}
878092b4:	101010a0 	andsne	r1, r0, r0, lsr #1
878092b8:	10101010 	andsne	r1, r0, r0, lsl r0
878092bc:	10101010 	andsne	r1, r0, r0, lsl r0
878092c0:	10101010 	andsne	r1, r0, r0, lsl r0
878092c4:	04040404 	streq	r0, [r4], #-1028	; 0x404
878092c8:	04040404 	streq	r0, [r4], #-1028	; 0x404
878092cc:	10100404 	andsne	r0, r0, r4, lsl #8
878092d0:	10101010 	andsne	r1, r0, r0, lsl r0
878092d4:	41414110 	cmpmi	r1, r0, lsl r1
878092d8:	01414141 	cmpeq	r1, r1, asr #2
878092dc:	01010101 	tsteq	r1, r1, lsl #2
878092e0:	01010101 	tsteq	r1, r1, lsl #2
878092e4:	01010101 	tsteq	r1, r1, lsl #2
878092e8:	01010101 	tsteq	r1, r1, lsl #2
878092ec:	10010101 	andne	r0, r1, r1, lsl #2
878092f0:	10101010 	andsne	r1, r0, r0, lsl r0
878092f4:	42424210 	submi	r4, r2, #16, 4
878092f8:	02424242 	subeq	r4, r2, #536870916	; 0x20000004
878092fc:	02020202 	andeq	r0, r2, #536870912	; 0x20000000
87809300:	02020202 	andeq	r0, r2, #536870912	; 0x20000000
87809304:	02020202 	andeq	r0, r2, #536870912	; 0x20000000
87809308:	02020202 	andeq	r0, r2, #536870912	; 0x20000000
8780930c:	10020202 	andne	r0, r2, r2, lsl #4
87809310:	08101010 	ldmdaeq	r0, {r4, ip}
	...
87809334:	101010a0 	andsne	r1, r0, r0, lsr #1
87809338:	10101010 	andsne	r1, r0, r0, lsl r0
8780933c:	10101010 	andsne	r1, r0, r0, lsl r0
87809340:	10101010 	andsne	r1, r0, r0, lsl r0
87809344:	10101010 	andsne	r1, r0, r0, lsl r0
87809348:	10101010 	andsne	r1, r0, r0, lsl r0
8780934c:	10101010 	andsne	r1, r0, r0, lsl r0
87809350:	10101010 	andsne	r1, r0, r0, lsl r0
87809354:	01010101 	tsteq	r1, r1, lsl #2
87809358:	01010101 	tsteq	r1, r1, lsl #2
8780935c:	01010101 	tsteq	r1, r1, lsl #2
87809360:	01010101 	tsteq	r1, r1, lsl #2
87809364:	01010101 	tsteq	r1, r1, lsl #2
87809368:	10010101 	andne	r0, r1, r1, lsl #2
8780936c:	01010101 	tsteq	r1, r1, lsl #2
87809370:	02010101 	andeq	r0, r1, #1073741824	; 0x40000000
87809374:	02020202 	andeq	r0, r2, #536870912	; 0x20000000
87809378:	02020202 	andeq	r0, r2, #536870912	; 0x20000000
8780937c:	02020202 	andeq	r0, r2, #536870912	; 0x20000000
87809380:	02020202 	andeq	r0, r2, #536870912	; 0x20000000
87809384:	02020202 	andeq	r0, r2, #536870912	; 0x20000000
87809388:	10020202 	andne	r0, r2, r2, lsl #4
8780938c:	02020202 	andeq	r0, r2, #536870912	; 0x20000000
87809390:	02020202 	andeq	r0, r2, #536870912	; 0x20000000

Disassembly of section .bss:

87809394 <__bss_start>:
	...

87809894 <irqNesting>:
87809894:	00000000 	andeq	r0, r0, r0

87809898 <state.7480>:
	...

87809899 <state.7433>:
	...

8780989a <state.7484>:
	...

8780989c <g_pcOutBuf>:
	...

87809c9c <g_pcInBuf>:
	...

8780a09c <tftlcd_dev>:
	...

8780a0bc <icm20608_dev>:
	...

8780a0f4 <___strtok>:
8780a0f4:	00000000 	andeq	r0, r0, r0

Disassembly of section .ARM.attributes:

00000000 <.ARM.attributes>:
   0:	00003041 	andeq	r3, r0, r1, asr #32
   4:	61656100 	cmnvs	r5, r0, lsl #2
   8:	01006962 	tsteq	r0, r2, ror #18
   c:	00000026 	andeq	r0, r0, r6, lsr #32
  10:	412d3705 	teqmi	sp, r5, lsl #14
  14:	070a0600 	streq	r0, [sl, -r0, lsl #12]
  18:	09010841 	stmdbeq	r1, {r0, r6, fp}
  1c:	12040a02 	andne	r0, r4, #8192	; 0x2000
  20:	15011404 	strne	r1, [r1, #-1028]	; 0x404
  24:	18031701 	stmdane	r3, {r0, r8, r9, sl, ip}
  28:	1b021a01 	blne	86834 <shift+0x86834>
  2c:	22011c03 	andcs	r1, r1, #768	; 0x300
  30:	地址 0x0000000000000030 越界。


Disassembly of section .comment:

00000000 <.comment>:
   0:	3a434347 	bcc	10d0d24 <shift+0x10d0d24>
   4:	694c2820 	stmdbvs	ip, {r5, fp, sp}^
   8:	6f72616e 	svcvs	0x0072616e
   c:	43434720 	movtmi	r4, #14112	; 0x3720
  10:	392e3420 	stmdbcc	lr!, {r5, sl, ip, sp}
  14:	3130322d 	teqcc	r0, sp, lsr #4
  18:	31302e37 	teqcc	r0, r7, lsr lr
  1c:	2e342029 	cdpcs	0, 3, cr2, cr4, cr9, {1}
  20:	00342e39 	eorseq	r2, r4, r9, lsr lr

Disassembly of section .debug_frame:

00000000 <.debug_frame>:
   0:	0000000c 	andeq	r0, r0, ip
   4:	ffffffff 			; <UNDEFINED> instruction: 0xffffffff
   8:	7c010001 	stcvc	0, cr0, [r1], {1}
   c:	000d0c0e 	andeq	r0, sp, lr, lsl #24
  10:	0000000c 	andeq	r0, r0, ip
  14:	00000000 	andeq	r0, r0, r0
  18:	878042b1 			; <UNDEFINED> instruction: 0x878042b1
  1c:	0000025c 	andeq	r0, r0, ip, asr r2
  20:	0000000c 	andeq	r0, r0, ip
  24:	ffffffff 			; <UNDEFINED> instruction: 0xffffffff
  28:	7c020001 	stcvc	0, cr0, [r2], {1}
  2c:	000d0c0e 	andeq	r0, sp, lr, lsl #24
  30:	00000018 	andeq	r0, r0, r8, lsl r0
  34:	00000020 	andeq	r0, r0, r0, lsr #32
  38:	87804528 	strhi	r4, [r0, r8, lsr #10]
  3c:	00000030 	andeq	r0, r0, r0, lsr r0
  40:	8e100e50 	mrchi	14, 0, r0, cr0, cr0, {2}
  44:	0ece4703 	cdpeq	7, 12, cr4, cr14, cr3, {0}
  48:	00000010 	andeq	r0, r0, r0, lsl r0
  4c:	0000000c 	andeq	r0, r0, ip
  50:	ffffffff 			; <UNDEFINED> instruction: 0xffffffff
  54:	7c020001 	stcvc	0, cr0, [r2], {1}
  58:	000d0c0e 	andeq	r0, sp, lr, lsl #24
  5c:	00000020 	andeq	r0, r0, r0, lsr #32
  60:	0000004c 	andeq	r0, r0, ip, asr #32
  64:	87804564 	strhi	r4, [r0, r4, ror #10]
  68:	00000116 	andeq	r0, r0, r6, lsl r1
  6c:	841c0e42 	ldrhi	r0, [ip], #-3650	; 0xe42
  70:	86068507 	strhi	r8, [r6], -r7, lsl #10
  74:	88048705 	stmdahi	r4, {r0, r2, r8, r9, sl, pc}
  78:	8e028903 	cdphi	9, 0, cr8, cr2, cr3, {0}
  7c:	00000001 	andeq	r0, r0, r1

Disassembly of section .debug_line:

00000000 <.debug_line>:
   0:	00000100 	andeq	r0, r0, r0, lsl #2
   4:	00c70002 	sbceq	r0, r7, r2
   8:	01020000 	mrseq	r0, (UNDEF: 2)
   c:	000d0efb 	strdeq	r0, [sp], -fp
  10:	01010101 	tsteq	r1, r1, lsl #2
  14:	01000000 	mrseq	r0, (UNDEF: 0)
  18:	2f010000 	svccs	0x00010000
  1c:	656d6f68 	strbvs	r6, [sp, #-3944]!	; 0xf68
  20:	7763742f 	strbvc	r7, [r3, -pc, lsr #8]!
  24:	75622d67 	strbvc	r2, [r2, #-3431]!	; 0xd67
  28:	73646c69 	cmnvc	r4, #26880	; 0x6900
  2c:	6576616c 	ldrbvs	r6, [r6, #-364]!	; 0x16c
  30:	726f772f 	rsbvc	r7, pc, #12320768	; 0xbc0000
  34:	6170736b 	cmnvs	r0, fp, ror #6
  38:	742f6563 	strtvc	r6, [pc], #-1379	; 40 <shift+0x40>
  3c:	2d677763 	stclcs	7, cr7, [r7, #-396]!	; 0xfffffe74
  40:	656b616d 	strbvs	r6, [fp, #-365]!	; 0x16d
  44:	6c65722d 	sfmvs	f7, 2, [r5], #-180	; 0xffffff4c
  48:	65736165 	ldrbvs	r6, [r3, #-357]!	; 0x165
  4c:	62616c2f 	rsbvs	r6, r1, #12032	; 0x2f00
  50:	642f6c65 	strtvs	r6, [pc], #-3173	; 58 <shift+0x58>
  54:	656b636f 	strbvs	r6, [fp, #-879]!	; 0x36f
  58:	72742d72 	rsbsvc	r2, r4, #7296	; 0x1c80
  5c:	79747375 	ldmdbvc	r4!, {r0, r2, r4, r5, r6, r8, r9, ip, sp, lr}^
  60:	646d612d 	strbtvs	r6, [sp], #-301	; 0x12d
  64:	742d3436 	strtvc	r3, [sp], #-1078	; 0x436
  68:	2d677763 	stclcs	7, cr7, [r7, #-396]!	; 0xfffffe74
  6c:	6c697562 	cfstr64vs	mvdx7, [r9], #-392	; 0xfffffe78
  70:	61742f64 	cmnvs	r4, r4, ror #30
  74:	74656772 	strbtvc	r6, [r5], #-1906	; 0x772
  78:	6d72612f 	ldfvse	f6, [r2, #-188]!	; 0xffffff44
  7c:	6e696c2d 	cdpvs	12, 6, cr6, cr9, cr13, {1}
  80:	672d7875 			; <UNDEFINED> instruction: 0x672d7875
  84:	6165756e 	cmnvs	r5, lr, ror #10
  88:	66686962 	strbtvs	r6, [r8], -r2, ror #18
  8c:	616e732f 	cmnvs	lr, pc, lsr #6
  90:	6f687370 	svcvs	0x00687370
  94:	672f7374 			; <UNDEFINED> instruction: 0x672f7374
  98:	6c2d6363 	stcvs	3, cr6, [sp], #-396	; 0xfffffe74
  9c:	72616e69 	rsbvc	r6, r1, #1680	; 0x690
  a0:	2e342d6f 	cdpcs	13, 3, cr2, cr4, cr15, {3}
  a4:	30322d39 	eorscc	r2, r2, r9, lsr sp
  a8:	302e3731 	eorcc	r3, lr, r1, lsr r7
  ac:	696c2f31 	stmdbvs	ip!, {r0, r4, r5, r8, r9, sl, fp, sp}^
  b0:	63636762 	cmnvs	r3, #25690112	; 0x1880000
  b4:	6e6f632f 	cdpvs	3, 6, cr6, cr15, cr15, {1}
  b8:	2f676966 	svccs	0x00676966
  bc:	006d7261 	rsbeq	r7, sp, r1, ror #4
  c0:	62696c00 	rsbvs	r6, r9, #0, 24
  c4:	6e756631 	mrcvs	6, 3, r6, cr5, cr1, {1}
  c8:	532e7363 	teqpl	lr, #-1946157055	; 0x8c000001
  cc:	00000100 	andeq	r0, r0, r0, lsl #2
  d0:	02050000 	andeq	r0, r5, #0
  d4:	878042b0 			; <UNDEFINED> instruction: 0x878042b0
  d8:	0107cf03 	tsteq	r7, r3, lsl #30
  dc:	2f212121 	svccs	0x00212121
  e0:	30212f21 	eorcc	r2, r1, r1, lsr #30
  e4:	14029102 	strne	r9, [r2], #-258	; 0x102
  e8:	21212221 	teqcs	r1, r1, lsr #4
  ec:	2f4c2221 	svccs	0x004c2221
  f0:	207aeb03 	rsbscs	lr, sl, r3, lsl #22
  f4:	5805af03 	stmdapl	r5, {r0, r1, r8, r9, sl, fp, sp, pc}
  f8:	2f2f2121 	svccs	0x002f2121
  fc:	022f2f2f 	eoreq	r2, pc, #47, 30	; 0xbc
 100:	01010001 	tsteq	r1, r1
 104:	000000dd 	ldrdeq	r0, [r0], -sp
 108:	00c30002 	sbceq	r0, r3, r2
 10c:	01020000 	mrseq	r0, (UNDEF: 2)
 110:	000d0efb 	strdeq	r0, [sp], -fp
 114:	01010101 	tsteq	r1, r1, lsl #2
 118:	01000000 	mrseq	r0, (UNDEF: 0)
 11c:	2f010000 	svccs	0x00010000
 120:	656d6f68 	strbvs	r6, [sp, #-3944]!	; 0xf68
 124:	7763742f 	strbvc	r7, [r3, -pc, lsr #8]!
 128:	75622d67 	strbvc	r2, [r2, #-3431]!	; 0xd67
 12c:	73646c69 	cmnvc	r4, #26880	; 0x6900
 130:	6576616c 	ldrbvs	r6, [r6, #-364]!	; 0x16c
 134:	726f772f 	rsbvc	r7, pc, #12320768	; 0xbc0000
 138:	6170736b 	cmnvs	r0, fp, ror #6
 13c:	742f6563 	strtvc	r6, [pc], #-1379	; 144 <shift+0x144>
 140:	2d677763 	stclcs	7, cr7, [r7, #-396]!	; 0xfffffe74
 144:	656b616d 	strbvs	r6, [fp, #-365]!	; 0x16d
 148:	6c65722d 	sfmvs	f7, 2, [r5], #-180	; 0xffffff4c
 14c:	65736165 	ldrbvs	r6, [r3, #-357]!	; 0x165
 150:	62616c2f 	rsbvs	r6, r1, #12032	; 0x2f00
 154:	642f6c65 	strtvs	r6, [pc], #-3173	; 15c <shift+0x15c>
 158:	656b636f 	strbvs	r6, [fp, #-879]!	; 0x36f
 15c:	72742d72 	rsbsvc	r2, r4, #7296	; 0x1c80
 160:	79747375 	ldmdbvc	r4!, {r0, r2, r4, r5, r6, r8, r9, ip, sp, lr}^
 164:	646d612d 	strbtvs	r6, [sp], #-301	; 0x12d
 168:	742d3436 	strtvc	r3, [sp], #-1078	; 0x436
 16c:	2d677763 	stclcs	7, cr7, [r7, #-396]!	; 0xfffffe74
 170:	6c697562 	cfstr64vs	mvdx7, [r9], #-392	; 0xfffffe78
 174:	61742f64 	cmnvs	r4, r4, ror #30
 178:	74656772 	strbtvc	r6, [r5], #-1906	; 0x772
 17c:	6d72612f 	ldfvse	f6, [r2, #-188]!	; 0xffffff44
 180:	6e696c2d 	cdpvs	12, 6, cr6, cr9, cr13, {1}
 184:	672d7875 			; <UNDEFINED> instruction: 0x672d7875
 188:	6165756e 	cmnvs	r5, lr, ror #10
 18c:	66686962 	strbtvs	r6, [r8], -r2, ror #18
 190:	616e732f 	cmnvs	lr, pc, lsr #6
 194:	6f687370 	svcvs	0x00687370
 198:	672f7374 			; <UNDEFINED> instruction: 0x672f7374
 19c:	6c2d6363 	stcvs	3, cr6, [sp], #-396	; 0xfffffe74
 1a0:	72616e69 	rsbvc	r6, r1, #1680	; 0x690
 1a4:	2e342d6f 	cdpcs	13, 3, cr2, cr4, cr15, {3}
 1a8:	30322d39 	eorscc	r2, r2, r9, lsr sp
 1ac:	302e3731 	eorcc	r3, lr, r1, lsr r7
 1b0:	696c2f31 	stmdbvs	ip!, {r0, r4, r5, r8, r9, sl, fp, sp}^
 1b4:	63636762 	cmnvs	r3, #25690112	; 0x1880000
 1b8:	6e6f632f 	cdpvs	3, 6, cr6, cr15, cr15, {1}
 1bc:	2f676966 	svccs	0x00676966
 1c0:	006d7261 	rsbeq	r7, sp, r1, ror #4
 1c4:	61706200 	cmnvs	r0, r0, lsl #4
 1c8:	532e6962 	teqpl	lr, #1605632	; 0x188000
 1cc:	00000100 	andeq	r0, r0, r0, lsl #2
 1d0:	02050000 	andeq	r0, r5, #0
 1d4:	87804528 	strhi	r4, [r0, r8, lsr #10]
 1d8:	0101fd03 	tsteq	r1, r3, lsl #26
 1dc:	592f4cbc 	stmdbpl	pc!, {r2, r3, r4, r5, r7, sl, fp, lr}	; <UNPREDICTABLE>
 1e0:	01000102 	tsteq	r0, r2, lsl #2
 1e4:	0000e301 	andeq	lr, r0, r1, lsl #6
 1e8:	c7000200 	strgt	r0, [r0, -r0, lsl #4]
 1ec:	02000000 	andeq	r0, r0, #0
 1f0:	0d0efb01 	vstreq	d15, [lr, #-4]
 1f4:	01010100 	mrseq	r0, (UNDEF: 17)
 1f8:	00000001 	andeq	r0, r0, r1
 1fc:	01000001 	tsteq	r0, r1
 200:	6d6f682f 	stclvs	8, cr6, [pc, #-188]!	; 14c <shift+0x14c>
 204:	63742f65 	cmnvs	r4, #404	; 0x194
 208:	622d6777 	eorvs	r6, sp, #31195136	; 0x1dc0000
 20c:	646c6975 	strbtvs	r6, [ip], #-2421	; 0x975
 210:	76616c73 			; <UNDEFINED> instruction: 0x76616c73
 214:	6f772f65 	svcvs	0x00772f65
 218:	70736b72 	rsbsvc	r6, r3, r2, ror fp
 21c:	2f656361 	svccs	0x00656361
 220:	67776374 			; <UNDEFINED> instruction: 0x67776374
 224:	6b616d2d 	blvs	185b6e0 <shift+0x185b6e0>
 228:	65722d65 	ldrbvs	r2, [r2, #-3429]!	; 0xd65
 22c:	7361656c 	cmnvc	r1, #108, 10	; 0x1b000000
 230:	616c2f65 	cmnvs	ip, r5, ror #30
 234:	2f6c6562 	svccs	0x006c6562
 238:	6b636f64 	blvs	18dbfd0 <shift+0x18dbfd0>
 23c:	742d7265 	strtvc	r7, [sp], #-613	; 0x265
 240:	74737572 	ldrbtvc	r7, [r3], #-1394	; 0x572
 244:	6d612d79 	stclvs	13, cr2, [r1, #-484]!	; 0xfffffe1c
 248:	2d343664 	ldccs	6, cr3, [r4, #-400]!	; 0xfffffe70
 24c:	67776374 			; <UNDEFINED> instruction: 0x67776374
 250:	6975622d 	ldmdbvs	r5!, {r0, r2, r3, r5, r9, sp, lr}^
 254:	742f646c 	strtvc	r6, [pc], #-1132	; 25c <shift+0x25c>
 258:	65677261 	strbvs	r7, [r7, #-609]!	; 0x261
 25c:	72612f74 	rsbvc	r2, r1, #116, 30	; 0x1d0
 260:	696c2d6d 	stmdbvs	ip!, {r0, r2, r3, r5, r6, r8, sl, fp, sp}^
 264:	2d78756e 	cfldr64cs	mvdx7, [r8, #-440]!	; 0xfffffe48
 268:	65756e67 	ldrbvs	r6, [r5, #-3687]!	; 0xe67
 26c:	68696261 	stmdavs	r9!, {r0, r5, r6, r9, sp, lr}^
 270:	6e732f66 	cdpvs	15, 7, cr2, cr3, cr6, {3}
 274:	68737061 	ldmdavs	r3!, {r0, r5, r6, ip, sp, lr}^
 278:	2f73746f 	svccs	0x0073746f
 27c:	2d636367 	stclcs	3, cr6, [r3, #-412]!	; 0xfffffe64
 280:	616e696c 	cmnvs	lr, ip, ror #18
 284:	342d6f72 	strtcc	r6, [sp], #-3954	; 0xf72
 288:	322d392e 	eorcc	r3, sp, #753664	; 0xb8000
 28c:	2e373130 	mrccs	1, 1, r3, cr7, cr0, {1}
 290:	6c2f3130 	stfvss	f3, [pc], #-192	; 1d8 <shift+0x1d8>
 294:	63676269 	cmnvs	r7, #-1879048186	; 0x90000006
 298:	6f632f63 	svcvs	0x00632f63
 29c:	6769666e 	strbvs	r6, [r9, -lr, ror #12]!
 2a0:	6d72612f 	ldfvse	f6, [r2, #-188]!	; 0xffffff44
 2a4:	696c0000 	stmdbvs	ip!, {}^	; <UNPREDICTABLE>
 2a8:	75663162 	strbvc	r3, [r6, #-354]!	; 0x162
 2ac:	2e73636e 	cdpcs	3, 7, cr6, cr3, cr14, {3}
 2b0:	00010053 	andeq	r0, r1, r3, asr r0
 2b4:	05000000 	streq	r0, [r0, #-0]
 2b8:	80455802 	subhi	r5, r5, r2, lsl #16
 2bc:	0ab00387 	beq	fec010e0 <__bss_end+0x773f6fe8>
 2c0:	032f2101 	teqeq	pc, #1073741824	; 0x40000000
 2c4:	022e77bb 	eoreq	r7, lr, #49020928	; 0x2ec0000
 2c8:	01010001 	tsteq	r1, r1
 2cc:	00000113 	andeq	r0, r0, r3, lsl r1
 2d0:	00c70002 	sbceq	r0, r7, r2
 2d4:	01020000 	mrseq	r0, (UNDEF: 2)
 2d8:	000d0efb 	strdeq	r0, [sp], -fp
 2dc:	01010101 	tsteq	r1, r1, lsl #2
 2e0:	01000000 	mrseq	r0, (UNDEF: 0)
 2e4:	2f010000 	svccs	0x00010000
 2e8:	656d6f68 	strbvs	r6, [sp, #-3944]!	; 0xf68
 2ec:	7763742f 	strbvc	r7, [r3, -pc, lsr #8]!
 2f0:	75622d67 	strbvc	r2, [r2, #-3431]!	; 0xd67
 2f4:	73646c69 	cmnvc	r4, #26880	; 0x6900
 2f8:	6576616c 	ldrbvs	r6, [r6, #-364]!	; 0x16c
 2fc:	726f772f 	rsbvc	r7, pc, #12320768	; 0xbc0000
 300:	6170736b 	cmnvs	r0, fp, ror #6
 304:	742f6563 	strtvc	r6, [pc], #-1379	; 30c <shift+0x30c>
 308:	2d677763 	stclcs	7, cr7, [r7, #-396]!	; 0xfffffe74
 30c:	656b616d 	strbvs	r6, [fp, #-365]!	; 0x16d
 310:	6c65722d 	sfmvs	f7, 2, [r5], #-180	; 0xffffff4c
 314:	65736165 	ldrbvs	r6, [r3, #-357]!	; 0x165
 318:	62616c2f 	rsbvs	r6, r1, #12032	; 0x2f00
 31c:	642f6c65 	strtvs	r6, [pc], #-3173	; 324 <shift+0x324>
 320:	656b636f 	strbvs	r6, [fp, #-879]!	; 0x36f
 324:	72742d72 	rsbsvc	r2, r4, #7296	; 0x1c80
 328:	79747375 	ldmdbvc	r4!, {r0, r2, r4, r5, r6, r8, r9, ip, sp, lr}^
 32c:	646d612d 	strbtvs	r6, [sp], #-301	; 0x12d
 330:	742d3436 	strtvc	r3, [sp], #-1078	; 0x436
 334:	2d677763 	stclcs	7, cr7, [r7, #-396]!	; 0xfffffe74
 338:	6c697562 	cfstr64vs	mvdx7, [r9], #-392	; 0xfffffe78
 33c:	61742f64 	cmnvs	r4, r4, ror #30
 340:	74656772 	strbtvc	r6, [r5], #-1906	; 0x772
 344:	6d72612f 	ldfvse	f6, [r2, #-188]!	; 0xffffff44
 348:	6e696c2d 	cdpvs	12, 6, cr6, cr9, cr13, {1}
 34c:	672d7875 			; <UNDEFINED> instruction: 0x672d7875
 350:	6165756e 	cmnvs	r5, lr, ror #10
 354:	66686962 	strbtvs	r6, [r8], -r2, ror #18
 358:	616e732f 	cmnvs	lr, pc, lsr #6
 35c:	6f687370 	svcvs	0x00687370
 360:	672f7374 			; <UNDEFINED> instruction: 0x672f7374
 364:	6c2d6363 	stcvs	3, cr6, [sp], #-396	; 0xfffffe74
 368:	72616e69 	rsbvc	r6, r1, #1680	; 0x690
 36c:	2e342d6f 	cdpcs	13, 3, cr2, cr4, cr15, {3}
 370:	30322d39 	eorscc	r2, r2, r9, lsr sp
 374:	302e3731 	eorcc	r3, lr, r1, lsr r7
 378:	696c2f31 	stmdbvs	ip!, {r0, r4, r5, r8, r9, sl, fp, sp}^
 37c:	63636762 	cmnvs	r3, #25690112	; 0x1880000
 380:	696c0000 	stmdbvs	ip!, {}^	; <UNPREDICTABLE>
 384:	63636762 	cmnvs	r3, #25690112	; 0x1880000
 388:	00632e32 	rsbeq	r2, r3, r2, lsr lr
 38c:	6c000001 	stcvs	0, cr0, [r0], {1}
 390:	63676269 	cmnvs	r7, #-1879048186	; 0x90000006
 394:	682e3263 	stmdavs	lr!, {r0, r1, r5, r6, r9, ip, sp}
 398:	00000100 	andeq	r0, r0, r0, lsl #2
 39c:	02050000 	andeq	r0, r5, #0
 3a0:	87804564 	strhi	r4, [r0, r4, ror #10]
 3a4:	0107b003 	tsteq	r7, r3
 3a8:	200c032e 	andcs	r0, ip, lr, lsr #6
 3ac:	03207403 	teqeq	r0, #50331648	; 0x3000000
 3b0:	74033c0c 	strvc	r3, [r3], #-3084	; 0xc0c
 3b4:	0b03212e 	bleq	c8874 <shift+0xc8874>
 3b8:	4c4b223c 	sfmmi	f2, 2, [fp], {60}	; 0x3c
 3bc:	6803f921 	stmdavs	r3, {r0, r5, r8, fp, ip, sp, lr, pc}
 3c0:	3c18033c 	ldccc	3, cr0, [r8], {60}	; 0x3c
 3c4:	81212d23 	teqhi	r1, r3, lsr #26
 3c8:	86523032 			; <UNDEFINED> instruction: 0x86523032
 3cc:	33304d29 	teqcc	r0, #2624	; 0xa40
 3d0:	214921b9 	strhcs	r2, [r9, #-25]	; 0xffffffe7
 3d4:	21320821 	teqcs	r2, r1, lsr #16
 3d8:	2e550330 	mrccs	3, 2, r0, cr5, cr0, {1}
 3dc:	05024b49 	streq	r4, [r2, #-2889]	; 0xb49
 3e0:	地址 0x00000000000003e0 越界。


Disassembly of section .debug_info:

00000000 <.debug_info>:
   0:	000001bb 			; <UNDEFINED> instruction: 0x000001bb
   4:	00000002 	andeq	r0, r0, r2
   8:	01040000 	mrseq	r0, (UNDEF: 4)
   c:	00000000 	andeq	r0, r0, r0
  10:	878042b0 			; <UNDEFINED> instruction: 0x878042b0
  14:	87804526 	strhi	r4, [r0, r6, lsr #10]
  18:	6d6f682f 	stclvs	8, cr6, [pc, #-188]!	; ffffff64 <__bss_end+0x787f5e6c>
  1c:	63742f65 	cmnvs	r4, #404	; 0x194
  20:	622d6777 	eorvs	r6, sp, #31195136	; 0x1dc0000
  24:	646c6975 	strbtvs	r6, [ip], #-2421	; 0x975
  28:	76616c73 			; <UNDEFINED> instruction: 0x76616c73
  2c:	6f772f65 	svcvs	0x00772f65
  30:	70736b72 	rsbsvc	r6, r3, r2, ror fp
  34:	2f656361 	svccs	0x00656361
  38:	67776374 			; <UNDEFINED> instruction: 0x67776374
  3c:	6b616d2d 	blvs	185b4f8 <shift+0x185b4f8>
  40:	65722d65 	ldrbvs	r2, [r2, #-3429]!	; 0xd65
  44:	7361656c 	cmnvc	r1, #108, 10	; 0x1b000000
  48:	616c2f65 	cmnvs	ip, r5, ror #30
  4c:	2f6c6562 	svccs	0x006c6562
  50:	6b636f64 	blvs	18dbde8 <shift+0x18dbde8>
  54:	742d7265 	strtvc	r7, [sp], #-613	; 0x265
  58:	74737572 	ldrbtvc	r7, [r3], #-1394	; 0x572
  5c:	6d612d79 	stclvs	13, cr2, [r1, #-484]!	; 0xfffffe1c
  60:	2d343664 	ldccs	6, cr3, [r4, #-400]!	; 0xfffffe70
  64:	67776374 			; <UNDEFINED> instruction: 0x67776374
  68:	6975622d 	ldmdbvs	r5!, {r0, r2, r3, r5, r9, sp, lr}^
  6c:	742f646c 	strtvc	r6, [pc], #-1132	; 74 <shift+0x74>
  70:	65677261 	strbvs	r7, [r7, #-609]!	; 0x261
  74:	72612f74 	rsbvc	r2, r1, #116, 30	; 0x1d0
  78:	696c2d6d 	stmdbvs	ip!, {r0, r2, r3, r5, r6, r8, sl, fp, sp}^
  7c:	2d78756e 	cfldr64cs	mvdx7, [r8, #-440]!	; 0xfffffe48
  80:	65756e67 	ldrbvs	r6, [r5, #-3687]!	; 0xe67
  84:	68696261 	stmdavs	r9!, {r0, r5, r6, r9, sp, lr}^
  88:	6e732f66 	cdpvs	15, 7, cr2, cr3, cr6, {3}
  8c:	68737061 	ldmdavs	r3!, {r0, r5, r6, ip, sp, lr}^
  90:	2f73746f 	svccs	0x0073746f
  94:	2d636367 	stclcs	3, cr6, [r3, #-412]!	; 0xfffffe64
  98:	616e696c 	cmnvs	lr, ip, ror #18
  9c:	342d6f72 	strtcc	r6, [sp], #-3954	; 0xf72
  a0:	322d392e 	eorcc	r3, sp, #753664	; 0xb8000
  a4:	2e373130 	mrccs	1, 1, r3, cr7, cr0, {1}
  a8:	6c2f3130 	stfvss	f3, [pc], #-192	; fffffff0 <__bss_end+0x787f5ef8>
  ac:	63676269 	cmnvs	r7, #-1879048186	; 0x90000006
  b0:	6f632f63 	svcvs	0x00632f63
  b4:	6769666e 	strbvs	r6, [r9, -lr, ror #12]!
  b8:	6d72612f 	ldfvse	f6, [r2, #-188]!	; 0xffffff44
  bc:	62696c2f 	rsbvs	r6, r9, #12032	; 0x2f00
  c0:	6e756631 	mrcvs	6, 3, r6, cr5, cr1, {1}
  c4:	532e7363 	teqpl	lr, #-1946157055	; 0x8c000001
  c8:	6f682f00 	svcvs	0x00682f00
  cc:	742f656d 	strtvc	r6, [pc], #-1389	; d4 <shift+0xd4>
  d0:	2d677763 	stclcs	7, cr7, [r7, #-396]!	; 0xfffffe74
  d4:	6c697562 	cfstr64vs	mvdx7, [r9], #-392	; 0xfffffe78
  d8:	616c7364 	cmnvs	ip, r4, ror #6
  dc:	772f6576 			; <UNDEFINED> instruction: 0x772f6576
  e0:	736b726f 	cmnvc	fp, #-268435450	; 0xf0000006
  e4:	65636170 	strbvs	r6, [r3, #-368]!	; 0x170
  e8:	7763742f 	strbvc	r7, [r3, -pc, lsr #8]!
  ec:	616d2d67 	cmnvs	sp, r7, ror #26
  f0:	722d656b 	eorvc	r6, sp, #448790528	; 0x1ac00000
  f4:	61656c65 	cmnvs	r5, r5, ror #24
  f8:	6c2f6573 	cfstr32vs	mvfx6, [pc], #-460	; ffffff34 <__bss_end+0x787f5e3c>
  fc:	6c656261 	sfmvs	f6, 2, [r5], #-388	; 0xfffffe7c
 100:	636f642f 	cmnvs	pc, #788529152	; 0x2f000000
 104:	2d72656b 	cfldr64cs	mvdx6, [r2, #-428]!	; 0xfffffe54
 108:	73757274 	cmnvc	r5, #116, 4	; 0x40000007
 10c:	612d7974 	teqvs	sp, r4, ror r9
 110:	3436646d 	ldrtcc	r6, [r6], #-1133	; 0x46d
 114:	7763742d 	strbvc	r7, [r3, -sp, lsr #8]!
 118:	75622d67 	strbvc	r2, [r2, #-3431]!	; 0xd67
 11c:	2f646c69 	svccs	0x00646c69
 120:	67726174 			; <UNDEFINED> instruction: 0x67726174
 124:	612f7465 	teqvs	pc, r5, ror #8
 128:	6c2d6d72 	stcvs	13, cr6, [sp], #-456	; 0xfffffe38
 12c:	78756e69 	ldmdavc	r5!, {r0, r3, r5, r6, r9, sl, fp, sp, lr}^
 130:	756e672d 	strbvc	r6, [lr, #-1837]!	; 0x72d
 134:	69626165 	stmdbvs	r2!, {r0, r2, r5, r6, r8, sp, lr}^
 138:	5f2f6668 	svcpl	0x002f6668
 13c:	6c697562 	cfstr64vs	mvdx7, [r9], #-392	; 0xfffffe78
 140:	75622f64 	strbvc	r2, [r2, #-3940]!	; 0xf64
 144:	73646c69 	cmnvc	r4, #26880	; 0x6900
 148:	3638782f 	ldrtcc	r7, [r8], -pc, lsr #16
 14c:	2d34365f 	ldccs	6, cr3, [r4, #-380]!	; 0xfffffe84
 150:	6e6b6e75 	mcrvs	14, 3, r6, cr11, cr5, {3}
 154:	2d6e776f 	stclcs	7, cr7, [lr, #-444]!	; 0xfffffe44
 158:	756e696c 	strbvc	r6, [lr, #-2412]!	; 0x96c
 15c:	6e672d78 	mcrvs	13, 3, r2, cr7, cr8, {3}
 160:	72612f75 	rsbvc	r2, r1, #468	; 0x1d4
 164:	696c2d6d 	stmdbvs	ip!, {r0, r2, r3, r5, r6, r8, sl, fp, sp}^
 168:	2d78756e 	cfldr64cs	mvdx7, [r8, #-440]!	; 0xfffffe48
 16c:	65756e67 	ldrbvs	r6, [r5, #-3687]!	; 0xe67
 170:	68696261 	stmdavs	r9!, {r0, r5, r6, r9, sp, lr}^
 174:	63672f66 	cmnvs	r7, #408	; 0x198
 178:	696c2d63 	stmdbvs	ip!, {r0, r1, r5, r6, r8, sl, fp, sp}^
 17c:	6f72616e 	svcvs	0x0072616e
 180:	392e342d 	stmdbcc	lr!, {r0, r2, r3, r5, sl, ip, sp}
 184:	3130322d 	teqcc	r0, sp, lsr #4
 188:	31302e37 	teqcc	r0, r7, lsr lr
 18c:	6174732d 	cmnvs	r4, sp, lsr #6
 190:	2f326567 	svccs	0x00326567
 194:	2d6d7261 	sfmcs	f7, 2, [sp, #-388]!	; 0xfffffe7c
 198:	756e696c 	strbvc	r6, [lr, #-2412]!	; 0x96c
 19c:	6e672d78 	mcrvs	13, 3, r2, cr7, cr8, {3}
 1a0:	62616575 	rsbvs	r6, r1, #490733568	; 0x1d400000
 1a4:	2f666869 	svccs	0x00666869
 1a8:	6762696c 	strbvs	r6, [r2, -ip, ror #18]!
 1ac:	47006363 	strmi	r6, [r0, -r3, ror #6]
 1b0:	4120554e 	teqmi	r0, lr, asr #10
 1b4:	2e322053 	mrccs	0, 1, r2, cr2, cr3, {2}
 1b8:	302e3432 	eorcc	r3, lr, r2, lsr r4
 1bc:	b7800100 	strlt	r0, [r0, r0, lsl #2]
 1c0:	02000001 	andeq	r0, r0, #1
 1c4:	00001400 	andeq	r1, r0, r0, lsl #8
 1c8:	04010400 	streq	r0, [r1], #-1024	; 0x400
 1cc:	28000001 	stmdacs	r0, {r0}
 1d0:	58878045 	stmpl	r7, {r0, r2, r6, pc}
 1d4:	2f878045 	svccs	0x00878045
 1d8:	656d6f68 	strbvs	r6, [sp, #-3944]!	; 0xf68
 1dc:	7763742f 	strbvc	r7, [r3, -pc, lsr #8]!
 1e0:	75622d67 	strbvc	r2, [r2, #-3431]!	; 0xd67
 1e4:	73646c69 	cmnvc	r4, #26880	; 0x6900
 1e8:	6576616c 	ldrbvs	r6, [r6, #-364]!	; 0x16c
 1ec:	726f772f 	rsbvc	r7, pc, #12320768	; 0xbc0000
 1f0:	6170736b 	cmnvs	r0, fp, ror #6
 1f4:	742f6563 	strtvc	r6, [pc], #-1379	; 1fc <shift+0x1fc>
 1f8:	2d677763 	stclcs	7, cr7, [r7, #-396]!	; 0xfffffe74
 1fc:	656b616d 	strbvs	r6, [fp, #-365]!	; 0x16d
 200:	6c65722d 	sfmvs	f7, 2, [r5], #-180	; 0xffffff4c
 204:	65736165 	ldrbvs	r6, [r3, #-357]!	; 0x165
 208:	62616c2f 	rsbvs	r6, r1, #12032	; 0x2f00
 20c:	642f6c65 	strtvs	r6, [pc], #-3173	; 214 <shift+0x214>
 210:	656b636f 	strbvs	r6, [fp, #-879]!	; 0x36f
 214:	72742d72 	rsbsvc	r2, r4, #7296	; 0x1c80
 218:	79747375 	ldmdbvc	r4!, {r0, r2, r4, r5, r6, r8, r9, ip, sp, lr}^
 21c:	646d612d 	strbtvs	r6, [sp], #-301	; 0x12d
 220:	742d3436 	strtvc	r3, [sp], #-1078	; 0x436
 224:	2d677763 	stclcs	7, cr7, [r7, #-396]!	; 0xfffffe74
 228:	6c697562 	cfstr64vs	mvdx7, [r9], #-392	; 0xfffffe78
 22c:	61742f64 	cmnvs	r4, r4, ror #30
 230:	74656772 	strbtvc	r6, [r5], #-1906	; 0x772
 234:	6d72612f 	ldfvse	f6, [r2, #-188]!	; 0xffffff44
 238:	6e696c2d 	cdpvs	12, 6, cr6, cr9, cr13, {1}
 23c:	672d7875 			; <UNDEFINED> instruction: 0x672d7875
 240:	6165756e 	cmnvs	r5, lr, ror #10
 244:	66686962 	strbtvs	r6, [r8], -r2, ror #18
 248:	616e732f 	cmnvs	lr, pc, lsr #6
 24c:	6f687370 	svcvs	0x00687370
 250:	672f7374 			; <UNDEFINED> instruction: 0x672f7374
 254:	6c2d6363 	stcvs	3, cr6, [sp], #-396	; 0xfffffe74
 258:	72616e69 	rsbvc	r6, r1, #1680	; 0x690
 25c:	2e342d6f 	cdpcs	13, 3, cr2, cr4, cr15, {3}
 260:	30322d39 	eorscc	r2, r2, r9, lsr sp
 264:	302e3731 	eorcc	r3, lr, r1, lsr r7
 268:	696c2f31 	stmdbvs	ip!, {r0, r4, r5, r8, r9, sl, fp, sp}^
 26c:	63636762 	cmnvs	r3, #25690112	; 0x1880000
 270:	6e6f632f 	cdpvs	3, 6, cr6, cr15, cr15, {1}
 274:	2f676966 	svccs	0x00676966
 278:	2f6d7261 	svccs	0x006d7261
 27c:	62617062 	rsbvs	r7, r1, #98	; 0x62
 280:	00532e69 	subseq	r2, r3, r9, ror #28
 284:	6d6f682f 	stclvs	8, cr6, [pc, #-188]!	; 1d0 <shift+0x1d0>
 288:	63742f65 	cmnvs	r4, #404	; 0x194
 28c:	622d6777 	eorvs	r6, sp, #31195136	; 0x1dc0000
 290:	646c6975 	strbtvs	r6, [ip], #-2421	; 0x975
 294:	76616c73 			; <UNDEFINED> instruction: 0x76616c73
 298:	6f772f65 	svcvs	0x00772f65
 29c:	70736b72 	rsbsvc	r6, r3, r2, ror fp
 2a0:	2f656361 	svccs	0x00656361
 2a4:	67776374 			; <UNDEFINED> instruction: 0x67776374
 2a8:	6b616d2d 	blvs	185b764 <shift+0x185b764>
 2ac:	65722d65 	ldrbvs	r2, [r2, #-3429]!	; 0xd65
 2b0:	7361656c 	cmnvc	r1, #108, 10	; 0x1b000000
 2b4:	616c2f65 	cmnvs	ip, r5, ror #30
 2b8:	2f6c6562 	svccs	0x006c6562
 2bc:	6b636f64 	blvs	18dc054 <shift+0x18dc054>
 2c0:	742d7265 	strtvc	r7, [sp], #-613	; 0x265
 2c4:	74737572 	ldrbtvc	r7, [r3], #-1394	; 0x572
 2c8:	6d612d79 	stclvs	13, cr2, [r1, #-484]!	; 0xfffffe1c
 2cc:	2d343664 	ldccs	6, cr3, [r4, #-400]!	; 0xfffffe70
 2d0:	67776374 			; <UNDEFINED> instruction: 0x67776374
 2d4:	6975622d 	ldmdbvs	r5!, {r0, r2, r3, r5, r9, sp, lr}^
 2d8:	742f646c 	strtvc	r6, [pc], #-1132	; 2e0 <shift+0x2e0>
 2dc:	65677261 	strbvs	r7, [r7, #-609]!	; 0x261
 2e0:	72612f74 	rsbvc	r2, r1, #116, 30	; 0x1d0
 2e4:	696c2d6d 	stmdbvs	ip!, {r0, r2, r3, r5, r6, r8, sl, fp, sp}^
 2e8:	2d78756e 	cfldr64cs	mvdx7, [r8, #-440]!	; 0xfffffe48
 2ec:	65756e67 	ldrbvs	r6, [r5, #-3687]!	; 0xe67
 2f0:	68696261 	stmdavs	r9!, {r0, r5, r6, r9, sp, lr}^
 2f4:	625f2f66 	subsvs	r2, pc, #408	; 0x198
 2f8:	646c6975 	strbtvs	r6, [ip], #-2421	; 0x975
 2fc:	6975622f 	ldmdbvs	r5!, {r0, r1, r2, r3, r5, r9, sp, lr}^
 300:	2f73646c 	svccs	0x0073646c
 304:	5f363878 	svcpl	0x00363878
 308:	752d3436 	strvc	r3, [sp, #-1078]!	; 0x436
 30c:	6f6e6b6e 	svcvs	0x006e6b6e
 310:	6c2d6e77 	stcvs	14, cr6, [sp], #-476	; 0xfffffe24
 314:	78756e69 	ldmdavc	r5!, {r0, r3, r5, r6, r9, sl, fp, sp, lr}^
 318:	756e672d 	strbvc	r6, [lr, #-1837]!	; 0x72d
 31c:	6d72612f 	ldfvse	f6, [r2, #-188]!	; 0xffffff44
 320:	6e696c2d 	cdpvs	12, 6, cr6, cr9, cr13, {1}
 324:	672d7875 			; <UNDEFINED> instruction: 0x672d7875
 328:	6165756e 	cmnvs	r5, lr, ror #10
 32c:	66686962 	strbtvs	r6, [r8], -r2, ror #18
 330:	6363672f 	cmnvs	r3, #12320768	; 0xbc0000
 334:	6e696c2d 	cdpvs	12, 6, cr6, cr9, cr13, {1}
 338:	2d6f7261 	sfmcs	f7, 2, [pc, #-388]!	; 1bc <shift+0x1bc>
 33c:	2d392e34 	ldccs	14, cr2, [r9, #-208]!	; 0xffffff30
 340:	37313032 			; <UNDEFINED> instruction: 0x37313032
 344:	2d31302e 	ldccs	0, cr3, [r1, #-184]!	; 0xffffff48
 348:	67617473 			; <UNDEFINED> instruction: 0x67617473
 34c:	612f3265 	teqvs	pc, r5, ror #4
 350:	6c2d6d72 	stcvs	13, cr6, [sp], #-456	; 0xfffffe38
 354:	78756e69 	ldmdavc	r5!, {r0, r3, r5, r6, r9, sl, fp, sp, lr}^
 358:	756e672d 	strbvc	r6, [lr, #-1837]!	; 0x72d
 35c:	69626165 	stmdbvs	r2!, {r0, r2, r5, r6, r8, sp, lr}^
 360:	6c2f6668 	stcvs	6, cr6, [pc], #-416	; 1c8 <shift+0x1c8>
 364:	63676269 	cmnvs	r7, #-1879048186	; 0x90000006
 368:	4e470063 	cdpmi	0, 4, cr0, cr7, cr3, {3}
 36c:	53412055 	movtpl	r2, #4181	; 0x1055
 370:	322e3220 	eorcc	r3, lr, #32, 4
 374:	00302e34 	eorseq	r2, r0, r4, lsr lr
 378:	01bb8001 			; <UNDEFINED> instruction: 0x01bb8001
 37c:	00020000 	andeq	r0, r2, r0
 380:	00000028 	andeq	r0, r0, r8, lsr #32
 384:	01e50104 	mvneq	r0, r4, lsl #2
 388:	45580000 	ldrbmi	r0, [r8, #-0]
 38c:	45648780 	strbmi	r8, [r4, #-1920]!	; 0x780
 390:	682f8780 	stmdavs	pc!, {r7, r8, r9, sl, pc}	; <UNPREDICTABLE>
 394:	2f656d6f 	svccs	0x00656d6f
 398:	67776374 			; <UNDEFINED> instruction: 0x67776374
 39c:	6975622d 	ldmdbvs	r5!, {r0, r2, r3, r5, r9, sp, lr}^
 3a0:	6c73646c 	cfldrdvs	mvd6, [r3], #-432	; 0xfffffe50
 3a4:	2f657661 	svccs	0x00657661
 3a8:	6b726f77 	blvs	1c9c18c <shift+0x1c9c18c>
 3ac:	63617073 	cmnvs	r1, #115	; 0x73
 3b0:	63742f65 	cmnvs	r4, #404	; 0x194
 3b4:	6d2d6777 	stcvs	7, cr6, [sp, #-476]!	; 0xfffffe24
 3b8:	2d656b61 	fstmdbxcs	r5!, {d22-d69}	;@ Deprecated
 3bc:	656c6572 	strbvs	r6, [ip, #-1394]!	; 0x572
 3c0:	2f657361 	svccs	0x00657361
 3c4:	6562616c 	strbvs	r6, [r2, #-364]!	; 0x16c
 3c8:	6f642f6c 	svcvs	0x00642f6c
 3cc:	72656b63 	rsbvc	r6, r5, #101376	; 0x18c00
 3d0:	7572742d 	ldrbvc	r7, [r2, #-1069]!	; 0x42d
 3d4:	2d797473 	cfldrdcs	mvd7, [r9, #-460]!	; 0xfffffe34
 3d8:	36646d61 	strbtcc	r6, [r4], -r1, ror #26
 3dc:	63742d34 	cmnvs	r4, #52, 26	; 0xd00
 3e0:	622d6777 	eorvs	r6, sp, #31195136	; 0x1dc0000
 3e4:	646c6975 	strbtvs	r6, [ip], #-2421	; 0x975
 3e8:	7261742f 	rsbvc	r7, r1, #788529152	; 0x2f000000
 3ec:	2f746567 	svccs	0x00746567
 3f0:	2d6d7261 	sfmcs	f7, 2, [sp, #-388]!	; 0xfffffe7c
 3f4:	756e696c 	strbvc	r6, [lr, #-2412]!	; 0x96c
 3f8:	6e672d78 	mcrvs	13, 3, r2, cr7, cr8, {3}
 3fc:	62616575 	rsbvs	r6, r1, #490733568	; 0x1d400000
 400:	2f666869 	svccs	0x00666869
 404:	70616e73 	rsbvc	r6, r1, r3, ror lr
 408:	746f6873 	strbtvc	r6, [pc], #-2163	; 410 <shift+0x410>
 40c:	63672f73 	cmnvs	r7, #460	; 0x1cc
 410:	696c2d63 	stmdbvs	ip!, {r0, r1, r5, r6, r8, sl, fp, sp}^
 414:	6f72616e 	svcvs	0x0072616e
 418:	392e342d 	stmdbcc	lr!, {r0, r2, r3, r5, sl, ip, sp}
 41c:	3130322d 	teqcc	r0, sp, lsr #4
 420:	31302e37 	teqcc	r0, r7, lsr lr
 424:	62696c2f 	rsbvs	r6, r9, #12032	; 0x2f00
 428:	2f636367 	svccs	0x00636367
 42c:	666e6f63 	strbtvs	r6, [lr], -r3, ror #30
 430:	612f6769 	teqvs	pc, r9, ror #14
 434:	6c2f6d72 	stcvs	13, cr6, [pc], #-456	; 274 <shift+0x274>
 438:	66316269 	ldrtvs	r6, [r1], -r9, ror #4
 43c:	73636e75 	cmnvc	r3, #1872	; 0x750
 440:	2f00532e 	svccs	0x0000532e
 444:	656d6f68 	strbvs	r6, [sp, #-3944]!	; 0xf68
 448:	7763742f 	strbvc	r7, [r3, -pc, lsr #8]!
 44c:	75622d67 	strbvc	r2, [r2, #-3431]!	; 0xd67
 450:	73646c69 	cmnvc	r4, #26880	; 0x6900
 454:	6576616c 	ldrbvs	r6, [r6, #-364]!	; 0x16c
 458:	726f772f 	rsbvc	r7, pc, #12320768	; 0xbc0000
 45c:	6170736b 	cmnvs	r0, fp, ror #6
 460:	742f6563 	strtvc	r6, [pc], #-1379	; 468 <shift+0x468>
 464:	2d677763 	stclcs	7, cr7, [r7, #-396]!	; 0xfffffe74
 468:	656b616d 	strbvs	r6, [fp, #-365]!	; 0x16d
 46c:	6c65722d 	sfmvs	f7, 2, [r5], #-180	; 0xffffff4c
 470:	65736165 	ldrbvs	r6, [r3, #-357]!	; 0x165
 474:	62616c2f 	rsbvs	r6, r1, #12032	; 0x2f00
 478:	642f6c65 	strtvs	r6, [pc], #-3173	; 480 <shift+0x480>
 47c:	656b636f 	strbvs	r6, [fp, #-879]!	; 0x36f
 480:	72742d72 	rsbsvc	r2, r4, #7296	; 0x1c80
 484:	79747375 	ldmdbvc	r4!, {r0, r2, r4, r5, r6, r8, r9, ip, sp, lr}^
 488:	646d612d 	strbtvs	r6, [sp], #-301	; 0x12d
 48c:	742d3436 	strtvc	r3, [sp], #-1078	; 0x436
 490:	2d677763 	stclcs	7, cr7, [r7, #-396]!	; 0xfffffe74
 494:	6c697562 	cfstr64vs	mvdx7, [r9], #-392	; 0xfffffe78
 498:	61742f64 	cmnvs	r4, r4, ror #30
 49c:	74656772 	strbtvc	r6, [r5], #-1906	; 0x772
 4a0:	6d72612f 	ldfvse	f6, [r2, #-188]!	; 0xffffff44
 4a4:	6e696c2d 	cdpvs	12, 6, cr6, cr9, cr13, {1}
 4a8:	672d7875 			; <UNDEFINED> instruction: 0x672d7875
 4ac:	6165756e 	cmnvs	r5, lr, ror #10
 4b0:	66686962 	strbtvs	r6, [r8], -r2, ror #18
 4b4:	75625f2f 	strbvc	r5, [r2, #-3887]!	; 0xf2f
 4b8:	2f646c69 	svccs	0x00646c69
 4bc:	6c697562 	cfstr64vs	mvdx7, [r9], #-392	; 0xfffffe78
 4c0:	782f7364 	stmdavc	pc!, {r2, r5, r6, r8, r9, ip, sp, lr}	; <UNPREDICTABLE>
 4c4:	365f3638 			; <UNDEFINED> instruction: 0x365f3638
 4c8:	6e752d34 	mrcvs	13, 3, r2, cr5, cr4, {1}
 4cc:	776f6e6b 	strbvc	r6, [pc, -fp, ror #28]!
 4d0:	696c2d6e 	stmdbvs	ip!, {r1, r2, r3, r5, r6, r8, sl, fp, sp}^
 4d4:	2d78756e 	cfldr64cs	mvdx7, [r8, #-440]!	; 0xfffffe48
 4d8:	2f756e67 	svccs	0x00756e67
 4dc:	2d6d7261 	sfmcs	f7, 2, [sp, #-388]!	; 0xfffffe7c
 4e0:	756e696c 	strbvc	r6, [lr, #-2412]!	; 0x96c
 4e4:	6e672d78 	mcrvs	13, 3, r2, cr7, cr8, {3}
 4e8:	62616575 	rsbvs	r6, r1, #490733568	; 0x1d400000
 4ec:	2f666869 	svccs	0x00666869
 4f0:	2d636367 	stclcs	3, cr6, [r3, #-412]!	; 0xfffffe64
 4f4:	616e696c 	cmnvs	lr, ip, ror #18
 4f8:	342d6f72 	strtcc	r6, [sp], #-3954	; 0xf72
 4fc:	322d392e 	eorcc	r3, sp, #753664	; 0xb8000
 500:	2e373130 	mrccs	1, 1, r3, cr7, cr0, {1}
 504:	732d3130 	teqvc	sp, #48, 2
 508:	65676174 	strbvs	r6, [r7, #-372]!	; 0x174
 50c:	72612f32 	rsbvc	r2, r1, #50, 30	; 0xc8
 510:	696c2d6d 	stmdbvs	ip!, {r0, r2, r3, r5, r6, r8, sl, fp, sp}^
 514:	2d78756e 	cfldr64cs	mvdx7, [r8, #-440]!	; 0xfffffe48
 518:	65756e67 	ldrbvs	r6, [r5, #-3687]!	; 0xe67
 51c:	68696261 	stmdavs	r9!, {r0, r5, r6, r9, sp, lr}^
 520:	696c2f66 	stmdbvs	ip!, {r1, r2, r5, r6, r8, r9, sl, fp, sp}^
 524:	63636762 	cmnvs	r3, #25690112	; 0x1880000
 528:	554e4700 	strbpl	r4, [lr, #-1792]	; 0x700
 52c:	20534120 	subscs	r4, r3, r0, lsr #2
 530:	34322e32 	ldrtcc	r2, [r2], #-3634	; 0xe32
 534:	0100302e 	tsteq	r0, lr, lsr #32
 538:	00015a80 	andeq	r5, r1, r0, lsl #21
 53c:	3c000400 	cfstrscc	mvf0, [r0], {-0}
 540:	04000000 	streq	r0, [r0], #-0
 544:	00012b01 	andeq	r2, r1, r1, lsl #22
 548:	024f0100 	subeq	r0, pc, #0, 2
 54c:	000d0000 	andeq	r0, sp, r0
 550:	45640000 	strbmi	r0, [r4, #-0]!
 554:	01168780 	tsteq	r6, r0, lsl #15
 558:	02cc0000 	sbceq	r0, ip, #0
 55c:	08020000 	stmdaeq	r2, {}	; <UNPREDICTABLE>
 560:	0000f307 	andeq	pc, r0, r7, lsl #6
 564:	05040300 	streq	r0, [r4, #-768]	; 0x300
 568:	00746e69 	rsbseq	r6, r4, r9, ror #28
 56c:	fd070402 	stc2	4, cr0, [r7, #-8]
 570:	02000000 	andeq	r0, r0, #0
 574:	010a0801 	tsteq	sl, r1, lsl #16
 578:	02020000 	andeq	r0, r2, #0
 57c:	00011807 	andeq	r1, r1, r7, lsl #16
 580:	07040200 	streq	r0, [r4, -r0, lsl #4]
 584:	000000f8 	strdeq	r0, [r0], -r8
 588:	0c060102 	stfeqs	f0, [r6], {2}
 58c:	02000001 	andeq	r0, r0, #1
 590:	02360502 	eorseq	r0, r6, #8388608	; 0x800000
 594:	08020000 	stmdaeq	r2, {}	; <UNPREDICTABLE>
 598:	00022005 	andeq	r2, r2, r5
 59c:	05040200 	streq	r0, [r4, #-512]	; 0x200
 5a0:	00000225 	andeq	r0, r0, r5, lsr #4
 5a4:	17070402 	strne	r0, [r7, -r2, lsl #8]
 5a8:	02000002 	andeq	r0, r0, #2
 5ac:	01130801 	tsteq	r3, r1, lsl #16
 5b0:	2e040000 	cdpcs	0, 0, cr0, cr4, cr0, {0}
 5b4:	02000002 	andeq	r0, r0, #2
 5b8:	00003382 	andeq	r3, r0, r2, lsl #7
 5bc:	02010400 	andeq	r0, r1, #0, 8
 5c0:	86020000 	strhi	r0, [r2], -r0
 5c4:	00000025 	andeq	r0, r0, r5, lsr #32
 5c8:	11040402 	tstne	r4, r2, lsl #8
 5cc:	02000002 	andeq	r0, r0, #2
 5d0:	02090308 	andeq	r0, r9, #8, 6	; 0x20000000
 5d4:	08020000 	stmdaeq	r2, {}	; <UNPREDICTABLE>
 5d8:	00024804 	andeq	r4, r2, r4, lsl #16
 5dc:	03100200 	tsteq	r0, #0, 4
 5e0:	00000240 	andeq	r0, r0, r0, asr #4
 5e4:	00000005 	andeq	r0, r0, r5
 5e8:	03b00100 	movseq	r0, #0, 2
 5ec:	00000084 	andeq	r0, r0, r4, lsl #1
 5f0:	87804564 	strhi	r4, [r0, r4, ror #10]
 5f4:	00000116 	andeq	r0, r0, r6, lsl r1
 5f8:	01579c01 	cmpeq	r7, r1, lsl #24
 5fc:	6e060000 	cdpvs	0, 0, cr0, cr6, cr0, {0}
 600:	03b00100 	movseq	r0, #0, 2
 604:	00000084 	andeq	r0, r0, r4, lsl #1
 608:	00000000 	andeq	r0, r0, r0
 60c:	01006406 	tsteq	r0, r6, lsl #8
 610:	008403b0 			; <UNDEFINED> instruction: 0x008403b0
 614:	00280000 	eoreq	r0, r8, r0
 618:	72060000 	andvc	r0, r6, #0
 61c:	b0010070 	andlt	r0, r1, r0, ror r0
 620:	00015703 	andeq	r5, r1, r3, lsl #14
 624:	00005000 	andeq	r5, r0, r0
 628:	00710700 	rsbseq	r0, r1, r0, lsl #14
 62c:	8403b201 	strhi	fp, [r3], #-513	; 0x201
 630:	70000000 	andvc	r0, r0, r0
 634:	07000000 	streq	r0, [r0, -r0]
 638:	b2010072 	andlt	r0, r1, #114	; 0x72
 63c:	00008403 	andeq	r8, r0, r3, lsl #8
 640:	0000d000 	andeq	sp, r0, r0
 644:	00790700 	rsbseq	r0, r9, r0, lsl #14
 648:	8403b201 	strhi	fp, [r3], #-513	; 0x201
 64c:	28000000 	stmdacs	r0, {}	; <UNPREDICTABLE>
 650:	07000001 	streq	r0, [r0, -r1]
 654:	00317a6c 	eorseq	r7, r1, ip, ror #20
 658:	7903b301 	stmdbvc	r3, {r0, r8, r9, ip, sp, pc}
 65c:	50000000 	andpl	r0, r0, r0
 660:	07000001 	streq	r0, [r0, -r1]
 664:	00327a6c 	eorseq	r7, r2, ip, ror #20
 668:	7903b301 	stmdbvc	r3, {r0, r8, r9, ip, sp, pc}
 66c:	63000000 	movwvs	r0, #0
 670:	07000001 	streq	r0, [r0, -r1]
 674:	b3010069 	movwlt	r0, #4201	; 0x1069
 678:	00007903 	andeq	r7, r0, r3, lsl #18
 67c:	00017600 	andeq	r7, r1, r0, lsl #12
 680:	006b0700 	rsbeq	r0, fp, r0, lsl #14
 684:	7903b301 	stmdbvc	r3, {r0, r8, r9, ip, sp, pc}
 688:	b9000000 	stmdblt	r0, {}	; <UNPREDICTABLE>
 68c:	00000001 	andeq	r0, r0, r1
 690:	00840408 	addeq	r0, r4, r8, lsl #8
 694:	地址 0x0000000000000694 越界。


Disassembly of section .debug_abbrev:

00000000 <.debug_abbrev>:
   0:	10001101 	andne	r1, r0, r1, lsl #2
   4:	12011106 	andne	r1, r1, #-2147483647	; 0x80000001
   8:	1b080301 	blne	200c14 <shift+0x200c14>
   c:	13082508 	movwne	r2, #34056	; 0x8508
  10:	00000005 	andeq	r0, r0, r5
  14:	10001101 	andne	r1, r0, r1, lsl #2
  18:	12011106 	andne	r1, r1, #-2147483647	; 0x80000001
  1c:	1b080301 	blne	200c28 <shift+0x200c28>
  20:	13082508 	movwne	r2, #34056	; 0x8508
  24:	00000005 	andeq	r0, r0, r5
  28:	10001101 	andne	r1, r0, r1, lsl #2
  2c:	12011106 	andne	r1, r1, #-2147483647	; 0x80000001
  30:	1b080301 	blne	200c3c <shift+0x200c3c>
  34:	13082508 	movwne	r2, #34056	; 0x8508
  38:	00000005 	andeq	r0, r0, r5
  3c:	25011101 	strcs	r1, [r1, #-257]	; 0x101
  40:	030b130e 	movweq	r1, #45838	; 0xb30e
  44:	110e1b0e 	tstne	lr, lr, lsl #22
  48:	10061201 	andne	r1, r6, r1, lsl #4
  4c:	02000017 	andeq	r0, r0, #23
  50:	0b0b0024 	bleq	2c00e8 <shift+0x2c00e8>
  54:	0e030b3e 	vmoveq.16	d3[0], r0
  58:	24030000 	strcs	r0, [r3], #-0
  5c:	3e0b0b00 	vmlacc.f64	d0, d11, d0
  60:	0008030b 	andeq	r0, r8, fp, lsl #6
  64:	00160400 	andseq	r0, r6, r0, lsl #8
  68:	0b3a0e03 	bleq	e8387c <shift+0xe8387c>
  6c:	13490b3b 	movtne	r0, #39739	; 0x9b3b
  70:	2e050000 	cdpcs	0, 0, cr0, cr5, cr0, {0}
  74:	03193f01 	tsteq	r9, #1, 30
  78:	3b0b3a0e 	blcc	2ce8b8 <shift+0x2ce8b8>
  7c:	49192705 	ldmdbmi	r9, {r0, r2, r8, r9, sl, sp}
  80:	12011113 	andne	r1, r1, #-1073741820	; 0xc0000004
  84:	97184006 	ldrls	r4, [r8, -r6]
  88:	13011942 	movwne	r1, #6466	; 0x1942
  8c:	05060000 	streq	r0, [r6, #-0]
  90:	3a080300 	bcc	200c98 <shift+0x200c98>
  94:	49053b0b 	stmdbmi	r5, {r0, r1, r3, r8, r9, fp, ip, sp}
  98:	00170213 	andseq	r0, r7, r3, lsl r2
  9c:	00340700 	eorseq	r0, r4, r0, lsl #14
  a0:	0b3a0803 	bleq	e820b4 <shift+0xe820b4>
  a4:	1349053b 	movtne	r0, #38203	; 0x953b
  a8:	00001702 	andeq	r1, r0, r2, lsl #14
  ac:	0b000f08 	bleq	3cd4 <shift+0x3cd4>
  b0:	0013490b 	andseq	r4, r3, fp, lsl #18
	...

Disassembly of section .debug_aranges:

00000000 <.debug_aranges>:
   0:	0000001c 	andeq	r0, r0, ip, lsl r0
   4:	00000002 	andeq	r0, r0, r2
   8:	00040000 	andeq	r0, r4, r0
   c:	00000000 	andeq	r0, r0, r0
  10:	878042b0 			; <UNDEFINED> instruction: 0x878042b0
  14:	00000276 	andeq	r0, r0, r6, ror r2
	...
  20:	0000001c 	andeq	r0, r0, ip, lsl r0
  24:	01bf0002 			; <UNDEFINED> instruction: 0x01bf0002
  28:	00040000 	andeq	r0, r4, r0
  2c:	00000000 	andeq	r0, r0, r0
  30:	87804528 	strhi	r4, [r0, r8, lsr #10]
  34:	00000030 	andeq	r0, r0, r0, lsr r0
	...
  40:	0000001c 	andeq	r0, r0, ip, lsl r0
  44:	037a0002 	cmneq	sl, #2
  48:	00040000 	andeq	r0, r4, r0
  4c:	00000000 	andeq	r0, r0, r0
  50:	87804558 			; <UNDEFINED> instruction: 0x87804558
  54:	0000000c 	andeq	r0, r0, ip
	...
  60:	0000001c 	andeq	r0, r0, ip, lsl r0
  64:	05390002 	ldreq	r0, [r9, #-2]!
  68:	00040000 	andeq	r0, r4, r0
  6c:	00000000 	andeq	r0, r0, r0
  70:	87804564 	strhi	r4, [r0, r4, ror #10]
  74:	00000116 	andeq	r0, r0, r6, lsl r1
	...

Disassembly of section .debug_loc:

00000000 <.debug_loc>:
   0:	00000000 	andeq	r0, r0, r0
   4:	0000000c 	andeq	r0, r0, ip
   8:	93500006 	cmpls	r0, #6
   c:	04935104 	ldreq	r5, [r3], #260	; 0x104
  10:	0000000c 	andeq	r0, r0, ip
  14:	00000116 	andeq	r0, r0, r6, lsl r1
  18:	03f30006 	mvnseq	r0, #6
  1c:	9f2500f5 	svcls	0x002500f5
	...
  2c:	00000014 	andeq	r0, r0, r4, lsl r0
  30:	93520006 	cmpls	r2, #6
  34:	04935304 	ldreq	r5, [r3], #772	; 0x304
  38:	00000014 	andeq	r0, r0, r4, lsl r0
  3c:	00000116 	andeq	r0, r0, r6, lsl r1
  40:	03f30006 	mvnseq	r0, #6
  44:	9f2502f5 	svcls	0x002502f5
	...
  54:	000000fc 	strdeq	r0, [r0], -ip
  58:	00910002 	addseq	r0, r1, r2
  5c:	000000fc 	strdeq	r0, [r0], -ip
  60:	00000116 	andeq	r0, r0, r6, lsl r1
  64:	00910002 	addseq	r0, r1, r2
	...
  74:	00000076 	andeq	r0, r0, r6, ror r0
  78:	089e000a 	ldmeq	lr, {r1, r3}
	...
  84:	00000076 	andeq	r0, r0, r6, ror r0
  88:	000000c0 	andeq	r0, r0, r0, asr #1
  8c:	93500006 	cmpls	r0, #6
  90:	04935104 	ldreq	r5, [r3], #260	; 0x104
  94:	000000ca 	andeq	r0, r0, sl, asr #1
  98:	000000ea 	andeq	r0, r0, sl, ror #1
  9c:	93500006 	cmpls	r0, #6
  a0:	04935104 	ldreq	r5, [r3], #260	; 0x104
  a4:	000000f2 	strdeq	r0, [r0], -r2
  a8:	000000fc 	strdeq	r0, [r0], -ip
  ac:	93500006 	cmpls	r0, #6
  b0:	04935104 	ldreq	r5, [r3], #260	; 0x104
  b4:	000000fc 	strdeq	r0, [r0], -ip
  b8:	00000116 	andeq	r0, r0, r6, lsl r1
  bc:	089e000a 	ldmeq	lr, {r1, r3}
	...
  d0:	0000000a 	andeq	r0, r0, sl
  d4:	00000062 	andeq	r0, r0, r2, rrx
  d8:	93540006 	cmpls	r4, #6
  dc:	04935504 	ldreq	r5, [r3], #1284	; 0x504
  e0:	00000076 	andeq	r0, r0, r6, ror r0
  e4:	00000084 	andeq	r0, r0, r4, lsl #1
  e8:	93540006 	cmpls	r4, #6
  ec:	04935504 	ldreq	r5, [r3], #1284	; 0x504
  f0:	00000092 	muleq	r0, r2, r0
  f4:	000000a0 	andeq	r0, r0, r0, lsr #1
  f8:	93540006 	cmpls	r4, #6
  fc:	04935504 	ldreq	r5, [r3], #1284	; 0x504
 100:	000000a2 	andeq	r0, r0, r2, lsr #1
 104:	000000c8 	andeq	r0, r0, r8, asr #1
 108:	93540006 	cmpls	r4, #6
 10c:	04935504 	ldreq	r5, [r3], #1284	; 0x504
 110:	000000cc 	andeq	r0, r0, ip, asr #1
 114:	00000116 	andeq	r0, r0, r6, lsl r1
 118:	93540006 	cmpls	r4, #6
 11c:	04935504 	ldreq	r5, [r3], #1284	; 0x504
	...
 128:	0000000e 	andeq	r0, r0, lr
 12c:	00000018 	andeq	r0, r0, r8, lsl r0
 130:	93500006 	cmpls	r0, #6
 134:	04935104 	ldreq	r5, [r3], #260	; 0x104
 138:	0000004e 	andeq	r0, r0, lr, asr #32
 13c:	000000ae 	andeq	r0, r0, lr, lsr #1
 140:	93560006 	cmpls	r6, #6
 144:	04935704 	ldreq	r5, [r3], #1796	; 0x704
	...
 150:	0000010c 	andeq	r0, r0, ip, lsl #2
 154:	00000116 	andeq	r0, r0, r6, lsl r1
 158:	00560001 	subseq	r0, r6, r1
 15c:	00000000 	andeq	r0, r0, r0
 160:	2c000000 	stccs	0, cr0, [r0], {-0}
 164:	2e000000 	cdpcs	0, 0, cr0, cr0, cr0, {0}
 168:	01000000 	mrseq	r0, (UNDEF: 0)
 16c:	00005300 	andeq	r5, r0, r0, lsl #6
 170:	00000000 	andeq	r0, r0, r0
 174:	00800000 	addeq	r0, r0, r0
 178:	00920000 	addseq	r0, r2, r0
 17c:	00010000 	andeq	r0, r1, r0
 180:	00009253 	andeq	r9, r0, r3, asr r2
 184:	00009400 	andeq	r9, r0, r0, lsl #8
 188:	73000300 	movwvc	r0, #768	; 0x300
 18c:	00949f7f 	addseq	r9, r4, pc, ror pc
 190:	00a20000 	adceq	r0, r2, r0
 194:	00010000 	andeq	r0, r1, r0
 198:	0000a253 	andeq	sl, r0, r3, asr r2
 19c:	0000a400 	andeq	sl, r0, r0, lsl #8
 1a0:	73000300 	movwvc	r0, #768	; 0x300
 1a4:	00a49f7f 	adceq	r9, r4, pc, ror pc
 1a8:	00b60000 	adcseq	r0, r6, r0
 1ac:	00010000 	andeq	r0, r1, r0
 1b0:	00000053 	andeq	r0, r0, r3, asr r0
 1b4:	00000000 	andeq	r0, r0, r0
 1b8:	00002e00 	andeq	r2, r0, r0, lsl #28
 1bc:	00008200 	andeq	r8, r0, r0, lsl #4
 1c0:	53000100 	movwpl	r0, #256	; 0x100
 1c4:	00000082 	andeq	r0, r0, r2, lsl #1
 1c8:	000000f2 	strdeq	r0, [r0], -r2
 1cc:	005e0001 	subseq	r0, lr, r1
 1d0:	00000000 	andeq	r0, r0, r0
 1d4:	地址 0x00000000000001d4 越界。


Disassembly of section .debug_str:

00000000 <.debug_str>:
   0:	64755f5f 	ldrbtvs	r5, [r5], #-3935	; 0xf5f
   4:	6f6d7669 	svcvs	0x006d7669
   8:	34696464 	strbtcc	r6, [r9], #-1124	; 0x464
   c:	6f682f00 	svcvs	0x00682f00
  10:	742f656d 	strtvc	r6, [pc], #-1389	; 18 <shift+0x18>
  14:	2d677763 	stclcs	7, cr7, [r7, #-396]!	; 0xfffffe74
  18:	6c697562 	cfstr64vs	mvdx7, [r9], #-392	; 0xfffffe78
  1c:	616c7364 	cmnvs	ip, r4, ror #6
  20:	772f6576 			; <UNDEFINED> instruction: 0x772f6576
  24:	736b726f 	cmnvc	fp, #-268435450	; 0xf0000006
  28:	65636170 	strbvs	r6, [r3, #-368]!	; 0x170
  2c:	7763742f 	strbvc	r7, [r3, -pc, lsr #8]!
  30:	616d2d67 	cmnvs	sp, r7, ror #26
  34:	722d656b 	eorvc	r6, sp, #448790528	; 0x1ac00000
  38:	61656c65 	cmnvs	r5, r5, ror #24
  3c:	6c2f6573 	cfstr32vs	mvfx6, [pc], #-460	; fffffe78 <__bss_end+0x787f5d80>
  40:	6c656261 	sfmvs	f6, 2, [r5], #-388	; 0xfffffe7c
  44:	636f642f 	cmnvs	pc, #788529152	; 0x2f000000
  48:	2d72656b 	cfldr64cs	mvdx6, [r2, #-428]!	; 0xfffffe54
  4c:	73757274 	cmnvc	r5, #116, 4	; 0x40000007
  50:	612d7974 	teqvs	sp, r4, ror r9
  54:	3436646d 	ldrtcc	r6, [r6], #-1133	; 0x46d
  58:	7763742d 	strbvc	r7, [r3, -sp, lsr #8]!
  5c:	75622d67 	strbvc	r2, [r2, #-3431]!	; 0xd67
  60:	2f646c69 	svccs	0x00646c69
  64:	67726174 			; <UNDEFINED> instruction: 0x67726174
  68:	612f7465 	teqvs	pc, r5, ror #8
  6c:	6c2d6d72 	stcvs	13, cr6, [sp], #-456	; 0xfffffe38
  70:	78756e69 	ldmdavc	r5!, {r0, r3, r5, r6, r9, sl, fp, sp, lr}^
  74:	756e672d 	strbvc	r6, [lr, #-1837]!	; 0x72d
  78:	69626165 	stmdbvs	r2!, {r0, r2, r5, r6, r8, sp, lr}^
  7c:	5f2f6668 	svcpl	0x002f6668
  80:	6c697562 	cfstr64vs	mvdx7, [r9], #-392	; 0xfffffe78
  84:	75622f64 	strbvc	r2, [r2, #-3940]!	; 0xf64
  88:	73646c69 	cmnvc	r4, #26880	; 0x6900
  8c:	3638782f 	ldrtcc	r7, [r8], -pc, lsr #16
  90:	2d34365f 	ldccs	6, cr3, [r4, #-380]!	; 0xfffffe84
  94:	6e6b6e75 	mcrvs	14, 3, r6, cr11, cr5, {3}
  98:	2d6e776f 	stclcs	7, cr7, [lr, #-444]!	; 0xfffffe44
  9c:	756e696c 	strbvc	r6, [lr, #-2412]!	; 0x96c
  a0:	6e672d78 	mcrvs	13, 3, r2, cr7, cr8, {3}
  a4:	72612f75 	rsbvc	r2, r1, #468	; 0x1d4
  a8:	696c2d6d 	stmdbvs	ip!, {r0, r2, r3, r5, r6, r8, sl, fp, sp}^
  ac:	2d78756e 	cfldr64cs	mvdx7, [r8, #-440]!	; 0xfffffe48
  b0:	65756e67 	ldrbvs	r6, [r5, #-3687]!	; 0xe67
  b4:	68696261 	stmdavs	r9!, {r0, r5, r6, r9, sp, lr}^
  b8:	63672f66 	cmnvs	r7, #408	; 0x198
  bc:	696c2d63 	stmdbvs	ip!, {r0, r1, r5, r6, r8, sl, fp, sp}^
  c0:	6f72616e 	svcvs	0x0072616e
  c4:	392e342d 	stmdbcc	lr!, {r0, r2, r3, r5, sl, ip, sp}
  c8:	3130322d 	teqcc	r0, sp, lsr #4
  cc:	31302e37 	teqcc	r0, r7, lsr lr
  d0:	6174732d 	cmnvs	r4, sp, lsr #6
  d4:	2f326567 	svccs	0x00326567
  d8:	2d6d7261 	sfmcs	f7, 2, [sp, #-388]!	; 0xfffffe7c
  dc:	756e696c 	strbvc	r6, [lr, #-2412]!	; 0x96c
  e0:	6e672d78 	mcrvs	13, 3, r2, cr7, cr8, {3}
  e4:	62616575 	rsbvs	r6, r1, #490733568	; 0x1d400000
  e8:	2f666869 	svccs	0x00666869
  ec:	6762696c 	strbvs	r6, [r2, -ip, ror #18]!
  f0:	6c006363 	stcvs	3, cr6, [r0], {99}	; 0x63
  f4:	20676e6f 	rsbcs	r6, r7, pc, ror #28
  f8:	676e6f6c 	strbvs	r6, [lr, -ip, ror #30]!
  fc:	736e7520 	cmnvc	lr, #32, 10	; 0x8000000
 100:	656e6769 	strbvs	r6, [lr, #-1897]!	; 0x769
 104:	6e692064 	cdpvs	0, 6, cr2, cr9, cr4, {3}
 108:	6e750074 	mrcvs	0, 3, r0, cr5, cr4, {3}
 10c:	6e676973 	mcrvs	9, 3, r6, cr7, cr3, {3}
 110:	63206465 	teqvs	r0, #1694498816	; 0x65000000
 114:	00726168 	rsbseq	r6, r2, r8, ror #2
 118:	726f6873 	rsbvc	r6, pc, #7536640	; 0x730000
 11c:	6e752074 	mrcvs	0, 3, r2, cr5, cr4, {3}
 120:	6e676973 	mcrvs	9, 3, r6, cr7, cr3, {3}
 124:	69206465 	stmdbvs	r0!, {r0, r2, r5, r6, sl, sp, lr}
 128:	4700746e 	strmi	r7, [r0, -lr, ror #8]
 12c:	4320554e 	teqmi	r0, #327155712	; 0x13800000
 130:	392e3420 	stmdbcc	lr!, {r5, sl, ip, sp}
 134:	2d20342e 	cfstrscs	mvf3, [r0, #-184]!	; 0xffffff48
 138:	6372616d 	cmnvs	r2, #1073741851	; 0x4000001b
 13c:	72613d68 	rsbvc	r3, r1, #104, 26	; 0x1a00
 140:	2d37766d 	ldccs	6, cr7, [r7, #-436]!	; 0xfffffe4c
 144:	6d2d2061 	stcvs	0, cr2, [sp, #-388]!	; 0xfffffe7c
 148:	656e7574 	strbvs	r7, [lr, #-1396]!	; 0x574
 14c:	726f633d 	rsbvc	r6, pc, #-201326592	; 0xf4000000
 150:	2d786574 	cfldr64cs	mvdx6, [r8, #-464]!	; 0xfffffe30
 154:	2d203961 	stccs	9, cr3, [r0, #-388]!	; 0xfffffe7c
 158:	6f6c666d 	svcvs	0x006c666d
 15c:	612d7461 	teqvs	sp, r1, ror #8
 160:	683d6962 	ldmdavs	sp!, {r1, r5, r6, r8, fp, sp, lr}
 164:	20647261 	rsbcs	r7, r4, r1, ror #4
 168:	70666d2d 	rsbvc	r6, r6, sp, lsr #26
 16c:	66763d75 			; <UNDEFINED> instruction: 0x66763d75
 170:	2d337670 	ldccs	6, cr7, [r3, #-448]!	; 0xfffffe40
 174:	20363164 	eorscs	r3, r6, r4, ror #2
 178:	68746d2d 	ldmdavs	r4!, {r0, r2, r3, r5, r8, sl, fp, sp, lr}^
 17c:	20626d75 	rsbcs	r6, r2, r5, ror sp
 180:	6c746d2d 	ldclvs	13, cr6, [r4], #-180	; 0xffffff4c
 184:	69642d73 	stmdbvs	r4!, {r0, r1, r4, r5, r6, r8, sl, fp, sp}^
 188:	63656c61 	cmnvs	r5, #24832	; 0x6100
 18c:	6e673d74 	mcrvs	13, 3, r3, cr7, cr4, {3}
 190:	672d2075 			; <UNDEFINED> instruction: 0x672d2075
 194:	20672d20 	rsbcs	r2, r7, r0, lsr #26
 198:	2d20672d 	stccs	7, cr6, [r0, #-180]!	; 0xffffff4c
 19c:	2d20324f 	sfmcs	f3, 4, [r0, #-316]!	; 0xfffffec4
 1a0:	2d20324f 	sfmcs	f3, 4, [r0, #-316]!	; 0xfffffec4
 1a4:	2d20324f 	sfmcs	f3, 4, [r0, #-316]!	; 0xfffffec4
 1a8:	69756266 	ldmdbvs	r5!, {r1, r2, r5, r6, r9, sp, lr}^
 1ac:	6e69646c 	cdpvs	4, 6, cr6, cr9, cr12, {3}
 1b0:	696c2d67 	stmdbvs	ip!, {r0, r1, r2, r5, r6, r8, sl, fp, sp}^
 1b4:	63636762 	cmnvs	r3, #25690112	; 0x1880000
 1b8:	6e662d20 	cdpvs	13, 6, cr2, cr6, cr0, {1}
 1bc:	74732d6f 	ldrbtvc	r2, [r3], #-3439	; 0xd6f
 1c0:	2d6b6361 	stclcs	3, cr6, [fp, #-388]!	; 0xfffffe7c
 1c4:	746f7270 	strbtvc	r7, [pc], #-624	; 1cc <shift+0x1cc>
 1c8:	6f746365 	svcvs	0x00746365
 1cc:	662d2072 			; <UNDEFINED> instruction: 0x662d2072
 1d0:	20434950 	subcs	r4, r3, r0, asr r9
 1d4:	6f6e662d 	svcvs	0x006e662d
 1d8:	6c6e692d 	stclvs	9, cr6, [lr], #-180	; 0xffffff4c
 1dc:	20656e69 	rsbcs	r6, r5, r9, ror #28
 1e0:	7865662d 	stmdavc	r5!, {r0, r2, r3, r5, r9, sl, sp, lr}^
 1e4:	74706563 	ldrbtvc	r6, [r0], #-1379	; 0x563
 1e8:	736e6f69 	cmnvc	lr, #420	; 0x1a4
 1ec:	76662d20 	strbtvc	r2, [r6], -r0, lsr #26
 1f0:	62697369 	rsbvs	r7, r9, #-1543503871	; 0xa4000001
 1f4:	74696c69 	strbtvc	r6, [r9], #-3177	; 0xc69
 1f8:	69683d79 	stmdbvs	r8!, {r0, r3, r4, r5, r6, r8, sl, fp, ip, sp}^
 1fc:	6e656464 	cdpvs	4, 6, cr6, cr5, cr4, {3}
 200:	49445500 	stmdbmi	r4, {r8, sl, ip, lr}^
 204:	65707974 	ldrbvs	r7, [r0, #-2420]!	; 0x974
 208:	6d6f6300 	stclvs	3, cr6, [pc, #-0]	; 210 <shift+0x210>
 20c:	78656c70 	stmdavc	r5!, {r4, r5, r6, sl, fp, sp, lr}^
 210:	6f6c6620 	svcvs	0x006c6620
 214:	73007461 	movwvc	r7, #1121	; 0x461
 218:	74657a69 	strbtvc	r7, [r5], #-2665	; 0xa69
 21c:	00657079 	rsbeq	r7, r5, r9, ror r0
 220:	676e6f6c 	strbvs	r6, [lr, -ip, ror #30]!
 224:	6e6f6c20 	cdpvs	12, 6, cr6, cr15, cr0, {1}
 228:	6e692067 	cdpvs	0, 6, cr2, cr9, cr7, {3}
 22c:	53550074 	cmppl	r5, #116	; 0x74
 230:	70797449 	rsbsvc	r7, r9, r9, asr #8
 234:	68730065 	ldmdavs	r3!, {r0, r2, r5, r6}^
 238:	2074726f 	rsbscs	r7, r4, pc, ror #4
 23c:	00746e69 	rsbseq	r6, r4, r9, ror #28
 240:	706d6f63 	rsbvc	r6, sp, r3, ror #30
 244:	2078656c 	rsbscs	r6, r8, ip, ror #10
 248:	62756f64 	rsbsvs	r6, r5, #100, 30	; 0x190
 24c:	2f00656c 	svccs	0x0000656c
 250:	656d6f68 	strbvs	r6, [sp, #-3944]!	; 0xf68
 254:	7763742f 	strbvc	r7, [r3, -pc, lsr #8]!
 258:	75622d67 	strbvc	r2, [r2, #-3431]!	; 0xd67
 25c:	73646c69 	cmnvc	r4, #26880	; 0x6900
 260:	6576616c 	ldrbvs	r6, [r6, #-364]!	; 0x16c
 264:	726f772f 	rsbvc	r7, pc, #12320768	; 0xbc0000
 268:	6170736b 	cmnvs	r0, fp, ror #6
 26c:	742f6563 	strtvc	r6, [pc], #-1379	; 274 <shift+0x274>
 270:	2d677763 	stclcs	7, cr7, [r7, #-396]!	; 0xfffffe74
 274:	656b616d 	strbvs	r6, [fp, #-365]!	; 0x16d
 278:	6c65722d 	sfmvs	f7, 2, [r5], #-180	; 0xffffff4c
 27c:	65736165 	ldrbvs	r6, [r3, #-357]!	; 0x165
 280:	62616c2f 	rsbvs	r6, r1, #12032	; 0x2f00
 284:	642f6c65 	strtvs	r6, [pc], #-3173	; 28c <shift+0x28c>
 288:	656b636f 	strbvs	r6, [fp, #-879]!	; 0x36f
 28c:	72742d72 	rsbsvc	r2, r4, #7296	; 0x1c80
 290:	79747375 	ldmdbvc	r4!, {r0, r2, r4, r5, r6, r8, r9, ip, sp, lr}^
 294:	646d612d 	strbtvs	r6, [sp], #-301	; 0x12d
 298:	742d3436 	strtvc	r3, [sp], #-1078	; 0x436
 29c:	2d677763 	stclcs	7, cr7, [r7, #-396]!	; 0xfffffe74
 2a0:	6c697562 	cfstr64vs	mvdx7, [r9], #-392	; 0xfffffe78
 2a4:	61742f64 	cmnvs	r4, r4, ror #30
 2a8:	74656772 	strbtvc	r6, [r5], #-1906	; 0x772
 2ac:	6d72612f 	ldfvse	f6, [r2, #-188]!	; 0xffffff44
 2b0:	6e696c2d 	cdpvs	12, 6, cr6, cr9, cr13, {1}
 2b4:	672d7875 			; <UNDEFINED> instruction: 0x672d7875
 2b8:	6165756e 	cmnvs	r5, lr, ror #10
 2bc:	66686962 	strbtvs	r6, [r8], -r2, ror #18
 2c0:	616e732f 	cmnvs	lr, pc, lsr #6
 2c4:	6f687370 	svcvs	0x00687370
 2c8:	672f7374 			; <UNDEFINED> instruction: 0x672f7374
 2cc:	6c2d6363 	stcvs	3, cr6, [sp], #-396	; 0xfffffe74
 2d0:	72616e69 	rsbvc	r6, r1, #1680	; 0x690
 2d4:	2e342d6f 	cdpcs	13, 3, cr2, cr4, cr15, {3}
 2d8:	30322d39 	eorscc	r2, r2, r9, lsr sp
 2dc:	302e3731 	eorcc	r3, lr, r1, lsr r7
 2e0:	696c2f31 	stmdbvs	ip!, {r0, r4, r5, r8, r9, sl, fp, sp}^
 2e4:	63636762 	cmnvs	r3, #25690112	; 0x1880000
 2e8:	62696c2f 	rsbvs	r6, r9, #12032	; 0x2f00
 2ec:	32636367 	rsbcc	r6, r3, #-1677721599	; 0x9c000001
 2f0:	地址 0x00000000000002f0 越界。

